tree
version=v4
num_class=1
num_tree_per_iteration=1
label_index=0
max_feature_idx=137
objective=regression
feature_names=s2 s3 s4 s6 s7 s8 s9 s10 s11 s12 s13 s14 s15 s16 s17 s20 s21 z_s2 z_s3 z_s4 z_s6 z_s7 z_s8 z_s9 z_s10 z_s11 z_s12 z_s13 z_s14 z_s15 z_s16 z_s17 z_s20 z_s21 z_s2_ma5 z_s2_sd5 z_s3_ma5 z_s3_sd5 z_s4_ma5 z_s4_sd5 z_s6_ma5 z_s6_sd5 z_s7_ma5 z_s7_sd5 z_s8_ma5 z_s8_sd5 z_s9_ma5 z_s9_sd5 z_s10_ma5 z_s10_sd5 z_s11_ma5 z_s11_sd5 z_s12_ma5 z_s12_sd5 z_s13_ma5 z_s13_sd5 z_s14_ma5 z_s14_sd5 z_s15_ma5 z_s15_sd5 z_s16_ma5 z_s16_sd5 z_s17_ma5 z_s17_sd5 z_s20_ma5 z_s20_sd5 z_s21_ma5 z_s21_sd5 z_s2_ma20 z_s2_sd20 z_s3_ma20 z_s3_sd20 z_s4_ma20 z_s4_sd20 z_s6_ma20 z_s6_sd20 z_s7_ma20 z_s7_sd20 z_s8_ma20 z_s8_sd20 z_s9_ma20 z_s9_sd20 z_s10_ma20 z_s10_sd20 z_s11_ma20 z_s11_sd20 z_s12_ma20 z_s12_sd20 z_s13_ma20 z_s13_sd20 z_s14_ma20 z_s14_sd20 z_s15_ma20 z_s15_sd20 z_s16_ma20 z_s16_sd20 z_s17_ma20 z_s17_sd20 z_s20_ma20 z_s20_sd20 z_s21_ma20 z_s21_sd20 z_s2_dl20 z_s2_sl20 z_s3_dl20 z_s3_sl20 z_s4_dl20 z_s4_sl20 z_s6_dl20 z_s6_sl20 z_s7_dl20 z_s7_sl20 z_s8_dl20 z_s8_sl20 z_s9_dl20 z_s9_sl20 z_s10_dl20 z_s10_sl20 z_s11_dl20 z_s11_sl20 z_s12_dl20 z_s12_sl20 z_s13_dl20 z_s13_sl20 z_s14_dl20 z_s14_sl20 z_s15_dl20 z_s15_sl20 z_s16_dl20 z_s16_sl20 z_s17_dl20 z_s17_sl20 z_s20_dl20 z_s20_sl20 z_s21_dl20 z_s21_sl20 dataset_id condition_id
feature_infos=[535.48000000000002:645.11000000000001] [1242.6700000000001:1616.9100000000001] [1023.77:1441.49] [5.6699999999999999:21.609999999999999] [136.16999999999999:570.80999999999995] [1914.72:2388.6399999999999] [7984.5100000000002:9244.5900000000001] [0.93000000000000005:1.3200000000000001] [36.039999999999999:48.530000000000001] [128.31:537.49000000000001] [2027.5699999999999:2390.4899999999998] [7845.7799999999997:8293.7199999999993] [8.1562999999999999:11.0669] [0.02:0.029999999999999999] [302:400] [10.16:39.890000000000001] [6.0105000000000004:23.950500000000002] [-3.5898446590329671:5.0707152931483632] [-3.6831352266921273:4.3037412979957788] [-3.8994458221134769:3.9328402918339318] [-8.0503984890132223:0.78157322502830262] [-3.9744006128475369:4.9189051392181531] [-7.4015550554831506:6.5273682238526156] [-2.3648048531995687:8.520354520548862] [-7.8421470362053389:6.3168670927567616] [-3.0050163643906438:3.8739170641165259] [-3.6925733778856009:4.9885561411553834] [-7.2200756845175347:6.4495912301997551] [-3.0534042424561552:8.8673073321172193] [-4.0290830855744613:4.0147050219779761] [-10:2.2832806272306487] [-3.417018488061585:4.3837217325753643] [-4.058607778081857:4.5275183563656709] [-5.2898971838090212:4.3353198390361651] [-2.843570465423082:3.0670104965451293] [0:2.1942603692594456] [-2.8547858034953251:2.8722465777024291] [0:2.029811752089024] [-2.4502313097092445:3.0220248349089265] [0:2.0703775152470159] [-8.0503984890132223:0.78157322502830262] [0:5.0908168599729535] [-2.889767918698396:4.3376167912806842] [0:2.7229538050397224] [-5.0639983224935534:3.2309193774539642] [0:3.1869755447340919] [-2.0857659916892297:7.8827262752936091] [0:2.217429643824457] [-4.3793156449170239:5.3856576474853206] [0:5.9636581858659765] [-2.5007667764597752:2.993570924364291] [0:2.126628137137065] [-2.9685579972496701:4.3905302850502892] [0:2.8042062524876177] [-4.9180363606508468:3.3627816218142881] [0:3.1410114628060257] [-2.6501820396011881:8.0415740053189637] [0:2.3139031069030631] [-3.3154904841678432:2.8227072771986967] [0:1.9013030467718723] [-2.2627508828766612:1.8266245017845191] [0:4.4768052790941493] [-2.6659720789149657:3.1010538597843462] [0:2.2697038573322019] [-2.7748081383584635:3.1515839956243412] [0:2.3691160851195976] [-2.721508908767734:3.4668358021204257] [0:2.666568813453277] [-2.843570465423082:2.3165771638478074] [0:2.1942603692594456] [-2.8547858034953251:2.2621991761146072] [0:2.029811752089024] [-2.4502313097092445:2.4459583996712841] [0:1.6953710011788614] [-7.7191995497366239:0.78157322502830262] [0:5.0908168599729535] [-2.2452023436858162:3.8134665733246615] [0:2.1717506344318203] [-4.5585806504961131:2.766035565781169] [0:2.5270883599900751] [-1.9849962391898968:6.3973794770871812] [0:1.8794860261390096] [-4.3793156449170239:4.9590806721039433] [0:3.8986462473699879] [-2.5007667764597752:2.4137142676807715] [0:1.8857356039365301] [-2.3557210083967903:3.8088883324623621] [0:2.2190908562403981] [-4.6903621418071726:2.7926951626083136] [0:2.6384469607522152] [-2.4133017606814642:6.5427263373559752] [0:1.882331500790279] [-2.9821482125834256:2.4314108102980971] [0:1.7717123213229236] [-0.75924595759044811:1.1416403136153244] [0:2.473007053198172] [-2.6659720789149657:2.2898380383683605] [0:2.0848841303919974] [-2.5435019315534824:2.53500440501639] [0:2.3691160851195976] [-2.3941216776363303:3.2632114431718282] [0:2.666568813453277] [-4.1200791017624834:4.6847045087061394] [-3.1031527735845041:2.8646838127350507] [-4.1476379951995836:4.4967097787220425] [-2.870587308868592:2.7516108307859186] [-3.8656869259137534:3.8679947399123531] [-2.2011168442087521:2.3976166631211981] [-7.1995022469313641:7.1995022469313641] [-7.1995022469313641:7.1995022469313641] [-5.3060244746947349:3.5480771316215822] [-2.1127741021447082:1.7399316135310186] [-6.5072525269713539:7.0436941162414719] [-3.3483920769844788:2.5902655689883187] [-4.2374598204799092:4.2920127283405147] [-1.0086532330057389:0.92820657277860685] [-14.159014128962101:8.3250294200411687] [-5.5135183979256093:4.9590806721039433] [-4.4439060825969241:3.1922271193918741] [-1.9014167021859008:2.3553323690718471] [-5.1228953553301828:3.1971244495940692] [-1.7219092385911461:1.4778591102869534] [-6.1345553410699667:6.8132284149038345] [-3.731327475497856:2.2134993498704878] [-4.6756934756589406:3.9275047140493582] [-0.95391388451281145:0.87302353657779341] [-2.9782665502981001:4.1174468844345471] [-2.5055795934383971:2.2851137124947307] [-10.020827684595847:10.020827684595847] [-0.52211898717424143:2.2832806272306487] [-4.9058500620352348:4.634064549245049] [-2.9484714131767991:2.5965537405310468] [-5.3804490819030644:4.8111367648250303] [-3.3504360984123869:2.8748285277947838] [-5.4284316846534901:4.9753554501915831] [-2.7302932439365346:3.7710977809867572] -1:3:1:2:0 -1:0:5:1:2:4:3
tree_sizes=5670 5782 5793 5798 5796 5834 5837 5800 5810 5868 5861 5864 5849 5861 5881 5864 5846 5844 5872 5884 5871 5906 5906 5905 5899 5867 5907 5919 5916 5916 5904 5914 5943 5894 5905 5908 5939 5935 5929 5899 5922 5912 5941 5881 5942 5920 5909 5881 5850 5993 5855 5934 5848 5918 5892 5878 5926 5876 5915 5945 5922 5904 5868 5899 5908 5941 5871 5925 5922 5905 5921 5967 5856 5912 5900 5814 5903 5902 5909 5925 5864 5938 5889 5836 5891 5930 5908 5870 5887 5846 5843 5915 5866 5862 5817 5847 5868 5854 5928 5816 5803 5833 5866 5820 5839 5868 5836 5877 5803 5767 5809 5834 5786 5799 5744 5822 5817 5763 5830 5860 5719 5791 5858 5858 5846 5869 5738 5797 5890 5843 5872 5757 5869 5770 5707 5723 5788 5873 5816 5804 5801 5800 5782 5807 5825 5778 5791 5737 5828 5718 5801 5731 5778 5727 5792

Tree=0
num_leaves=63
num_cat=2
split_feature=50 46 50 50 125 46 50 136 136 50 46 50 50 50 74 74 106 106 125 127 46 125 38 74 56 80 58 119 50 125 58 40 107 74 80 127 107 125 89 80 50 127 52 87 70 50 127 74 127 100 119 121 106 106 46 38 121 125 107 125 107 68
split_gain=1.38386e+08 1.94245e+07 9.71469e+06 7.47971e+06 2.65537e+06 2.21048e+06 1.45943e+06 1.37416e+06 1.36058e+06 1.33006e+06 1.03107e+06 909164 859697 657021 640958 596143 510479 588624 464260 457312 396605 368765 365996 362371 330844 274929 256831 248788 246123 233534 202442 191121 169700 169168 163768 161756 157181 157069 156885 150457 149475 139769 137943 136788 135191 133536 130691 117553 115923 106615 104911 104283 104212 127363 98606.9 92387.4 91931 90040 88010.3 87676.5 86503.4 86378.1
threshold=0.61830302402507342 0.45099207181086304 1.1148461882170388 -0.23877961111557883 0.019156054877595651 0.49045975859439622 0.35505926321687692 0 1 1.6005819445153648 -0.0066645785739260993 -0.67216910513359485 -0.11669642664993064 0.82587044091575013 0.023354186227540253 0.14168183519534686 1.0000000180025095e-35 -1.0000000180025095e-35 0.033616641321433154 0.019292129539327702 -0.076992452856737434 0.03480494551530626 0.36376664205574155 -0.19005658426402952 1.8078788267293959 -0.21426557522645304 0.6792781205398909 0.021230351395978904 -0.14565304457755898 0.017679798417227905 -0.24156106304313354 0.14169727690597764 0.0087251914443065015 0.16769130680139707 -0.18287971689937474 0.018108068858238503 0.014104402286612902 0.012149486559475 0.038408732111057851 -0.22396037687718004 1.9072031147723787 0.030312053281539356 -0.44098066554034204 0.30730132812307281 -0.56515036348642533 -1.0308358358468899 0.010129584275473502 0.14168183519534686 0.0088891947896672513 -0.51674474404250281 0.019093055953788053 0.021518757332868753 1.0000000180025095e-35 -1.0000000180025095e-35 0.11255096761187795 1.1036243697832158 0.019906653585764354 -0.0035218072497615995 1.0000000180025095e-35 -0.0078367089407460986 0.0030743467202450007 -0.51786211188148523
decision_type=2 2 2 2 2 2 2 1 1 2 2 2 2 2 2 2 2 2 2 2 2 2 2 2 2 2 2 2 2 2 2 2 2 2 2 2 2 2 2 2 2 2 2 2 2 2 2 2 2 2 2 2 2 2 2 2 2 2 2 2 2 2
left_child=1 3 5 11 12 7 10 13 25 24 16 45 44 39 20 29 17 35 28 36 52 -7 34 37 33 60 58 -21 -6 30 51 38 -15 -4 48 -5 -18 -22 -14 46 -11 -24 -17 -16 -3 -1 -2 -46 -10 -27 -38 -12 53 -13 -45 -35 -39 -29 -9 -50 -8 -25
right_child=2 4 9 6 18 21 8 26 22 40 15 14 31 32 43 42 19 -19 -20 27 23 -23 41 61 -26 49 -28 57 -30 -31 -32 -33 -34 55 -36 -37 50 56 -40 -41 -42 -43 -44 54 47 -47 -48 -49 59 -51 -52 -53 -54 -55 -56 -57 -58 -59 -60 -61 -62 -63
leaf_value=91.819110876203055 90.574436848088112 91.083601756425864 86.968076339869796 91.160242205198273 89.448700072732009 87.841090301676118 91.226594730513099 89.273351327311076 90.661193665375706 86.369267974070098 90.645266583390722 91.314131962673869 89.739930965509132 89.326827479852184 91.691667771671106 89.841203461676656 91.125069141157681 91.906392895281627 87.673881329970783 90.459174014470761 90.600882145840771 86.989009457788598 89.167830193631332 91.3468547184128 86.507066371915329 89.545039509786704 87.758891713630902 88.69998455397338 88.398654052698504 89.181270861570724 89.701177109891162 89.839421960457571 88.436159772402959 87.986104749165662 89.138183501571547 90.600396732667946 90.828355360030969 89.993948983903152 88.803650153184876 89.411593475292989 85.973484024854784 88.18115408654009 90.993179496234049 91.358971717732757 90.024314352481156 91.632434934460463 89.63814126964175 90.959050949815506 88.762171775800198 90.468261859892976 90.14122368627892 89.471314693934147 91.128996196225145 91.917953315051037 90.19581317557963 87.320263652167455 88.826130441512177 89.916784252592592 88.389751036089351 90.056139277262048 90.70281491847561 90.819756402509725
leaf_weight=18550 1027 712 3731 6338 712 3331 1418 354 669 4536 1475 3479 594 859 9549 290 4903 2652 2097 1745 660 2052 1540 1235 2421 554 2230 316 2581 839 1531 1064 1417 683 508 1620 2478 421 1813 847 5032 468 2501 1949 1298 19811 585 454 172 718 716 217 4548 1166 201 2196 281 293 1382 548 1775 2097
leaf_count=18550 1027 712 3731 6338 712 3331 1418 354 669 4536 1475 3479 594 859 9549 290 4903 2652 2097 1745 660 2052 1540 1235 2421 554 2230 316 2581 839 1531 1064 1417 683 508 1620 2478 421 1813 847 5032 468 2501 1949 1298 19811 585 454 172 718 716 217 4548 1166 201 2196 281 293 1382 548 1775 2097
internal_value=90.1833 91.0216 87.322 91.2434 89.0588 88.3127 90.67 88.8054 90.0909 86.5719 90.8436 91.5687 89.7884 89.3862 91.3379 90.3109 91.017 91.2613 88.2554 90.7689 91.1082 87.5163 89.4103 90.7343 87.0071 90.6867 88.1191 90.1555 88.6257 89.9243 90.1178 89.2814 88.7723 87.1903 89.9064 91.0463 90.9473 90.0471 89.0347 89.9512 86.1611 88.9379 90.8735 91.6105 90.5026 91.7227 90.2347 90.2665 90.1873 90.0662 90.6743 90.4947 91.2991 91.4657 91.2502 87.4782 89.5265 89.2854 88.5699 89.747 90.9354 91.0151
internal_weight=144239 111556 32683 100231 11325 14084 36284 8701 8370 18599 27914 63947 5935 4735 25586 6853 21061 10610 5390 10451 13887 5383 3905 4694 9031 4465 3966 2354 3293 4062 3223 3471 2276 6610 1897 7958 8097 1362 2407 2459 9568 2008 2791 11699 2464 38361 1612 1752 1389 1272 3194 1692 9193 4645 2150 2879 702 609 1736 720 3193 3332
internal_count=144239 111556 32683 100231 11325 14084 36284 8701 8370 18599 27914 63947 5935 4735 25586 6853 21061 10610 5390 10451 13887 5383 3905 4694 9031 4465 3966 2354 3293 4062 3223 3471 2276 6610 1897 7958 8097 1362 2407 2459 9568 2008 2791 11699 2464 38361 1612 1752 1389 1272 3194 1692 9193 4645 2150 2879 702 609 1736 720 3193 3332
cat_boundaries=0 1 2
cat_threshold=12 12
is_linear=0
shrinkage=1


Tree=1
num_leaves=63
num_cat=3
split_feature=50 46 50 50 46 125 136 50 107 50 50 50 136 50 74 74 125 115 46 93 80 125 74 50 28 125 80 50 121 126 93 115 80 107 80 38 126 38 119 107 58 50 107 79 46 126 125 46 93 111 50 50 58 124 125 90 136 62 74 45 115 96
split_gain=1.25239e+08 1.59903e+07 1.09712e+07 5.78695e+06 2.64709e+06 2.3618e+06 1.51167e+06 1.32541e+06 1.17222e+06 891969 753906 717570 678277 619325 506977 439127 427142 398777 387837 368066 476566 340434 366317 336477 332653 240841 231619 222135 221395 219790 209044 192759 190548 177093 155244 154081 153289 152257 140702 138881 138479 137146 135760 131590 127504 125758 124395 122922 116753 114520 110445 106876 104175 100528 120692 93891.2 92890.6 90086.9 86952.8 82346.6 79643.9 76937.2
threshold=0.56083897391042004 0.43287901001596674 1.0874041652743121 -0.312269280378561 0.49045975859439622 0.018025783838359302 0 1.6005819445153648 0.0054898053309264004 0.26515828893923366 0.82587044091575013 -0.19157828218434622 1 -0.78547601078374008 -0.19005658426402952 0.023354186227540253 0.031358551188946711 0.032410740349900553 0.013714626088514502 0.39315708618600814 -0.41790194474713366 0.013162695102936153 -0.11032793490870839 0.78744962134995744 1.8296071061610599 -0.0060495372244530497 -0.16188772326123316 -0.010870845078228797 0.019906653585764354 0.13188319825719277 0.37396642528000246 0.015252455983039101 -0.18835805768320937 0.032470511734688706 -0.21426557522645304 -0.51394942151938483 -1.0000000180025095e-35 0.89228303762224237 0.014833396990602302 0.012303486012914653 -0.14266571049999141 1.9072031147723787 0.010053277741746101 0.33555449692731915 0.24112384992342148 1.0000000180025095e-35 0.012149486559475 0.6534292791608779 0.38004551748249232 0.024673654251444205 0.34376309057825888 1.3082775187714428 0.2533499002421456 -0.042577130366764894 -0.011699796772888548 -0.081241541972539785 2 0.21712408034311217 0.18426300567369083 0.032846692296984704 0.056525323969409208 0.018992608921431755
decision_type=2 2 2 2 2 2 1 2 2 2 2 2 1 2 2 2 2 2 2 2 2 2 2 2 2 2 2 2 2 2 2 2 2 2 2 2 2 2 2 2 2 2 2 2 2 2 2 2 2 2 2 2 2 2 2 2 1 2 2 2 2 2
left_child=1 3 4 13 6 11 10 24 18 14 32 47 34 -1 49 21 27 58 29 44 53 35 28 42 33 -14 52 -7 -23 36 46 48 39 51 -11 -15 -5 -12 55 -2 -40 -9 -8 -17 57 -38 -20 -3 -13 -10 -31 -4 -27 54 -21 -22 -52 -16 -6 -36 -19 -32
right_child=2 5 7 8 17 16 23 41 9 12 37 31 25 15 19 43 -18 60 30 20 38 22 -24 -25 -26 26 -28 -29 -30 50 61 -33 -34 -35 59 -37 45 -39 40 -41 -42 -43 -44 -45 -46 -47 -48 -49 -50 -51 56 -53 -54 -55 -56 -57 -58 -59 -60 -61 -62 -63
leaf_value=1.4977914911825927 0.44491024585071337 0.71505157684010978 -2.3814540597287457 0.97221227792469112 -2.2695415355842834 -0.75081484173135449 -0.96649443772254573 -3.6199840222188295 -0.28779197637284987 0.60287015277461586 -0.87923700373187286 -0.032367781528161575 -1.5093630411745054 1.2546683562799634 1.0708639585963731 1.483181991367529 -2.2537230871106182 -2.7529524097536098 0.90130727043641468 -0.73625907853797634 0.47492220718666672 0.33887702992719881 1.0823187257358156 -2.2832982112389124 -3.4684781150590904 0.34704917725576806 -1.212460861719497 -1.640752102170022 -1.0418205291522245 0.83809726109187199 0.19207897489551795 -1.0839765136895729 -0.69082390112363234 -3.1318107615377944 0.38319799063360926 0.91256281817074358 1.6509051022043826 -1.7182988624404012 0.16430201525531407 -0.34056553917962157 -0.75250778262968643 -3.9990188426501647 -1.7241408236345088 1.0295193146319679 0.29276036990831728 0.98447636808673655 0.011307714287678169 -0.053861103054245879 -0.89080930098433186 -1.5452347960504818 0.71656872509312597 -2.8793847142759548 -0.48638850062429634 0.98268283272205947 0.62548175520653659 -0.18216843093440732 -0.18554977714235388 0.55559847722883882 -1.6959059690103349 -0.59593186557714672 -3.35385098071038 -0.57879157688294069
leaf_weight=31740 1437 1438 2326 5579 2257 1047 990 4505 686 1868 1068 1116 764 7832 4184 9773 2199 1826 1673 189 1472 989 1376 2078 2632 650 736 2123 411 4665 880 1725 984 2637 361 5677 1973 1095 711 925 979 5075 1468 1911 811 1104 513 814 614 246 587 2008 886 2208 1170 862 544 1064 934 530 790 512
leaf_count=31740 1437 1438 2326 5579 2257 1047 990 4505 686 1868 1068 1116 764 7832 4184 9773 2199 1826 1673 189 1472 989 1376 2078 2632 650 736 2123 411 4665 880 1725 984 2637 361 5677 1973 1095 711 925 979 5075 1468 1911 811 1104 513 814 614 246 587 2008 886 2208 1170 862 544 1064 934 530 790 512
internal_value=0.000776177 0.835364 -2.60034 1.03866 -1.62701 -0.965501 -1.13575 -3.40467 0.559873 0.300039 -0.57547 -0.257322 -0.224716 1.34663 0.508581 1.17509 -1.71826 -2.4768 0.853531 0.585617 0.353655 1.00727 0.502965 -1.81095 -2.98955 -0.738963 -0.483156 -1.34682 -0.0664563 0.968917 0.387472 -0.709968 -0.106234 -2.80873 0.342597 1.1109 1.12847 -1.304 -0.0193415 0.137304 -0.366797 -3.82078 -1.41899 1.40898 0.87623 1.4118 0.692446 0.437123 -0.33704 -0.619692 0.730628 -2.61215 -0.133697 0.774439 0.436101 0.232243 0.287354 0.966397 -2.10164 -0.199225 -2.93442 -0.0914596
internal_weight=144227 109192 35035 98116 15852 11076 10045 19183 38407 20377 5509 5707 5795 59709 14582 27969 5369 5807 18030 13650 7591 16285 2776 4536 9603 3036 2272 3170 1400 14452 3578 3455 3346 6971 2759 13509 8656 2163 4024 2362 1690 9580 2458 11684 6059 3077 2186 2252 1730 932 5796 4334 1536 3567 1359 2334 1131 5248 3191 891 2616 1392
internal_count=144227 109192 35035 98116 15852 11076 10045 19183 38407 20377 5509 5707 5795 59709 14582 27969 5369 5807 18030 13650 7591 16285 2776 4536 9603 3036 2272 3170 1400 14452 3578 3455 3346 6971 2759 13509 8656 2163 4024 2362 1690 9580 2458 11684 6059 3077 2186 2252 1730 932 5796 4334 1536 3567 1359 2334 1131 5248 3191 891 2616 1392
cat_boundaries=0 1 2 3
cat_threshold=12 12 12
is_linear=0
shrinkage=0.05


Tree=2
num_leaves=63
num_cat=3
split_feature=50 46 50 50 125 23 80 50 136 40 127 50 50 40 50 50 121 93 50 100 136 58 125 80 46 90 115 125 121 38 136 106 106 107 23 38 46 107 38 54 92 50 127 121 107 70 127 70 38 113 107 56 125 114 121 118 118 125 38 125 40 125
split_gain=1.13054e+08 1.68412e+07 6.98419e+06 6.80865e+06 1.86624e+06 1.63728e+06 1.39336e+06 1.08101e+06 1.01122e+06 849261 759332 740199 640055 624895 599116 577606 480921 463250 451259 417566 374904 294569 241422 237701 231978 212491 211060 196493 193491 190977 266611 171220 173888 164414 161658 161416 149447 143477 139313 137747 134196 127800 124110 123822 118017 116371 115785 108045 106357 105320 103094 102772 101285 136895 106625 99172.5 108437 99130.7 98140.2 97838.1 95074 92724
threshold=0.65025809461840944 0.51125932020902176 1.2513385004024238 -0.14565304457755898 0.024028863317292353 0.98371676018432919 -0.20904206878757622 -0.60688352714022076 0 0.14169727690597764 0.0080634493314807026 -0.086743684436170837 0.86541130381863063 -0.17846697081684793 1.6740550848984457 0.26515828893923366 0.014371852104843052 0.39834232886048299 0.2542480979627994 -0.50726506756661982 1 0.88325608198157868 -0.0076286597217435489 -0.062946973996482927 1.6042352624188572 -0.42594901558717618 0.015252455983039101 0.040283279165406409 0.022455220088369202 0.36376664205574155 2 1.0000000180025095e-35 -1.0000000180025095e-35 0.017636537789921702 2.222014769692326 -0.79134003802665009 0.14716223618821478 0.017390320976527852 0.40835052970792513 -0.022037146600621046 0.21717480395830843 0.040555469972334952 0.0062465794693042009 -0.0061092648298330986 0.024402149538143902 -0.66934736548432605 -0.0040553689135302993 0.54412324143825297 0.68425206581452591 0.0091678205541320511 0.012539252654101702 0.11935666320226897 0.012942237957757801 0.029981541826226105 0.022455220088369202 0.010234345440976853 -1.0000000180025095e-35 0.016745683929637753 0.2516372842528386 -0.0043928794183316989 0.054891798858814157 -0.0029962379187012497
decision_type=2 2 2 2 2 2 2 2 1 2 2 2 2 2 2 2 2 2 2 2 1 2 2 2 2 2 2 2 2 2 1 2 2 2 2 2 2 2 2 2 2 2 2 2 2 2 2 2 2 2 2 2 2 2 2 2 2 2 2 2 2 2
left_child=1 3 5 7 11 8 10 35 12 18 29 45 23 16 34 31 39 36 28 -11 59 48 -22 42 -7 -19 -13 41 44 55 -31 32 -12 47 -4 -1 -15 -20 -24 -9 -32 -6 -2 61 -8 -3 -27 -14 -10 58 -48 -30 -37 -54 -55 56 -5 -18 -21 -17 -38 -33
right_child=2 4 14 6 27 24 9 13 21 19 15 26 33 17 -16 20 57 25 37 49 22 -23 38 -25 -26 46 -28 -29 51 30 40 43 -34 -35 -36 52 60 -39 -40 -41 -42 -43 -44 -45 -46 -47 50 -49 -50 -51 -52 -53 53 54 -56 -57 -58 -59 -60 -61 -62 -63
leaf_value=1.445751340405816 0.18434152901411693 0.99485041422131892 -2.9280545546835759 0.9787603401074958 -1.2099291562313337 -2.325452406889077 0.088135353327747037 1.134262934810359 -1.4635678569789552 -0.45132556912436206 0.63255172802570547 -0.59078836387938416 -0.57930816467223545 1.3468338556704467 -3.6724984573925603 -0.22901301708440297 -0.133748629994448 1.1066112432270061 -0.66757403892170286 0.90169624460254827 -1.5274784323662365 -2.5250532596991162 0.017083288066132598 -1.2317732153569951 -3.0065261573690356 0.95304843075563517 -1.3382943156409013 -2.463023856704468 0.97999896574020395 0.83664457937908931 0.67595775335487251 -0.7856139488518239 1.5717100758580851 -1.9798927912385673 -3.4891005318879076 1.2931150107023259 0.40246958715046111 -1.4610205110584025 -0.938527884221522 0.23917662030624365 -0.52694061848570761 -1.9655525396987323 -0.62710922016791615 0.55988600559509993 -0.55652251804563035 -0.062072932845953444 0.71375968206890616 -1.5094848023488918 -2.0516088277257962 -0.1615418806993415 0.25355813305028102 -1.4263894351473467 1.3020780467265767 0.64613084938020515 -1.180496013249186 0.81015108986422968 1.5295052719116211 -1.1030747454063561 0.34049656264607892 0.61022098346096498 1.100208117330377 0.25083089414491971
leaf_weight=27501 935 298 5679 2860 796 2655 3168 1060 1552 1124 1834 1549 445 10145 8447 500 584 4236 1269 2451 576 2082 1029 850 2363 2343 2419 1454 50 2201 345 364 674 1448 1659 12975 663 1034 606 723 707 1884 950 1645 915 2066 3012 1046 1524 371 2042 394 1066 867 88 4389 1300 481 1142 1137 1852 530
leaf_count=27501 935 298 5679 2860 796 2655 3168 1060 1552 1124 1834 1549 445 10145 8447 500 584 4236 1269 2451 576 2082 1029 850 2363 2343 2419 1454 50 2201 345 364 674 1448 1659 12975 663 1034 606 723 707 1884 950 1645 915 2066 3012 1046 1524 371 2042 394 1066 867 88 4389 1300 481 1142 1137 1852 530
internal_value=0.0003287 0.741611 -2.64094 0.93714 -1.16871 -1.89954 0.34096 1.21636 -1.55366 -0.0897103 0.588954 -0.629223 -1.08621 0.969854 -3.38539 0.240106 0.269156 1.052 -0.454004 0.399309 -0.221331 -2.06178 -0.644303 -0.537624 -2.64617 0.824225 -1.04649 -1.99503 -0.164127 0.851876 0.525816 0.59192 0.884941 -1.60041 -3.0549 1.37379 1.2613 -1.02382 -0.337107 0.771309 -0.131207 -1.74112 -0.224612 0.302477 -0.0563324 0.0711602 0.662512 -1.23187 -1.75491 0.640508 0.527822 -1.1554 1.24183 0.912581 0.477813 0.975946 1.15087 -0.571538 0.723324 0.351739 0.916271 -0.171167
internal_weight=144354 112719 31635 102253 10466 15850 32615 69638 10832 11918 20697 6332 5674 27141 15785 8895 2848 24293 6830 5088 3848 5158 2211 2735 5018 11633 3968 4134 4527 11802 3253 5047 2508 2939 7338 42497 12660 2303 1635 1783 1052 2680 1885 2539 4083 2364 7397 1491 3076 3964 5054 444 14996 2021 955 8549 4160 1065 3593 1637 2515 894
internal_count=144354 112719 31635 102253 10466 15850 32615 69638 10832 11918 20697 6332 5674 27141 15785 8895 2848 24293 6830 5088 3848 5158 2211 2735 5018 11633 3968 4134 4527 11802 3253 5047 2508 2939 7338 42497 12660 2303 1635 1783 1052 2680 1885 2539 4083 2364 7397 1491 3076 3964 5054 444 14996 2021 955 8549 4160 1065 3593 1637 2515 894
cat_boundaries=0 1 2 3
cat_threshold=12 12 12
is_linear=0
shrinkage=0.05


Tree=3
num_leaves=63
num_cat=3
split_feature=50 46 50 50 125 74 107 50 50 70 50 50 74 136 90 74 125 46 121 136 46 107 120 125 120 50 50 115 50 90 136 93 46 127 68 74 40 62 87 46 121 112 89 119 127 126 52 126 126 50 125 131 118 50 107 107 119 74 125 93 123 38
split_gain=1.01994e+08 1.52448e+07 6.336e+06 5.63968e+06 2.25337e+06 1.45182e+06 1.13731e+06 928796 778407 719696 709059 629359 627904 615089 459257 453721 425189 424657 413010 384000 336837 247062 227028 234478 227058 226614 212304 205620 197418 196536 196317 192618 157731 150706 145492 150949 144948 144669 134767 133462 114767 133553 112889 110831 110217 109631 107383 107212 130848 107020 102680 102116 101651 101623 97445.9 91296.6 87615.9 86451.6 157691 86179.7 84978.8 83284.3
threshold=0.65025809461840944 0.43287901001596674 1.2226231007759762 -0.14565304457755898 0.018025783838359302 0.14168183519534686 0.0054898053309264004 -0.60688352714022076 0.39043050499094301 0.60054650721708935 -0.010870845078228797 1.6389659308332021 -0.17705366130512287 0 -0.27295074693600047 0.14168183519534686 0.032446809068750554 1.4667974750244173 0.014371852104843052 1 -0.057993183617626697 0.011635815212554251 -1.0000000180025095e-35 -0.011364082672706497 1.0000000180025095e-35 0.86541130381863063 -0.14565304457755898 0.030588251906929504 0.41423472831671998 -0.42594901558717618 2 0.38167377465777813 2.0119547460272895 0.030312053281539356 -0.59557140201541381 0.14168183519534686 0.14694424286628197 -0.66225541918514785 0.24129434510863942 0.19235974644032158 0.012090692545193351 1.0000000180025095e-35 0.038408732111057851 0.024949890144253004 0.016951776734006056 0.14435148507989218 -0.47226193086558138 0.024206897094869104 -1.0000000180025095e-35 0.84591650862709511 0.014296275087594101 0.0017076308579913504 0.069502549767060565 1.9528206039979057 0.037774197127948654 0.025919141179191852 0.0075800417546836004 -0.35247497716221671 0.013162695102936153 0.40944178441939261 0.0024726897238231504 1.0000000180025095e-35
decision_type=2 2 2 2 2 2 2 2 2 2 2 2 2 1 2 2 2 2 2 1 2 2 2 2 2 2 2 2 2 2 1 2 2 2 2 2 2 2 2 2 2 2 2 2 2 2 2 2 2 2 2 2 2 2 2 2 2 2 2 2 2 2
left_child=1 3 5 7 10 17 20 37 14 21 34 32 18 52 22 51 26 25 38 40 28 39 23 56 -24 55 -6 49 45 -21 -30 -22 54 -15 -3 -36 42 -1 -9 -7 -14 -42 -12 -23 -25 -5 -17 48 -31 -11 -20 -16 -10 -13 -4 -2 -8 58 -39 -59 -43 -18
right_child=2 4 11 6 16 9 8 12 13 27 36 53 19 33 15 46 61 -19 50 29 31 43 24 44 -26 -27 -28 -29 30 47 -32 -33 -34 -35 35 -37 -38 57 -40 -41 41 60 -44 -45 -46 -47 -48 -49 -50 -51 -52 -53 -54 -55 -56 -57 -58 59 -60 -61 -62 -63
leaf_value=1.3723706570400331 -1.4783071482850558 0.86868760357150343 -2.5729764677339535 1.0504998918442643 -0.57022459785119728 -0.085161288807526353 0.087343264043782703 1.0108288823948157 0.48164237886445949 -0.93696916053503632 -0.41372979931049952 -3.3000934716728736 1.2815079491095436 -0.8333454459251437 -0.057490797787957064 -0.66537081916695062 -1.564081500271554 -2.7907882040850063 0.013343293592333794 1.0694258813902999 0.55092757462237962 -0.84348309414852451 1.5158763258862304 0.56784741773881064 0.59449044543810647 -2.2742014094345162 -1.4937269898137262 -2.6033911471382831 0.7457364739195983 0.69365545910894244 -0.1974632134255333 -0.24119981904205115 -3.2551115228941789 -1.7796783790702548 -0.18659388019085521 0.70116635880556455 -0.31844739341628958 1.1056094525783864 0.22091907128755017 -1.2370475798029625 1.2815171254090236 0.68805548710186248 -1.2794281691856417 -1.6737132555956338 -0.094732359412970937 0.69605139396673954 0.59833653504593654 0.45573104891843796 1.4722398112562702 -1.7437914180464329 -0.96929639124563483 -0.65852586999896678 -0.20184439292479311 -3.6355818588299806 -3.0243770480087395 -2.0307710805123738 -1.5212356257615454 1.3606603333467513 0.020110033818092937 1.0919329484701528 -0.47535325299296949 -2.2903686688154514
leaf_weight=28396 1979 728 3826 5525 792 1411 132 1267 1010 526 499 4501 10441 1729 1068 184 494 2215 488 4540 1851 1157 871 2323 2878 3400 2905 598 1477 2723 876 1311 1777 556 1717 664 948 1520 941 306 765 530 1535 616 860 3605 1946 3578 673 1880 584 2089 1179 4528 1739 1202 236 5947 429 5987 223 1964
leaf_count=28396 1979 728 3826 5525 792 1411 132 1267 1010 526 499 4501 10441 1729 1068 184 494 2215 488 4540 1851 1157 871 2323 2878 3400 2905 598 1477 2723 876 1311 1777 556 1717 664 948 1520 941 306 765 530 1535 616 860 3605 1946 3578 673 1880 584 2089 1179 4528 1739 1202 236 5947 429 5987 223 1964
internal_value=0.00292493 0.70577 -2.50522 0.908269 -0.960028 -1.77332 0.356249 1.16181 0.0788015 -1.20629 -0.278224 -3.18878 0.93125 -0.487678 0.280154 -0.0747354 -1.63474 -2.19196 0.283246 1.0218 0.679467 -0.717942 0.537182 0.250678 0.808555 -1.9904 -1.29589 -1.77364 0.805298 0.81269 0.396922 0.222503 -2.84499 -1.05898 0.250112 0.0609797 -0.829062 1.3077 0.674187 -0.290448 1.22143 0.816223 -1.06705 -1.13193 0.388828 0.910545 0.489171 0.646723 0.847951 -1.5674 -0.521975 -0.455198 0.112999 -3.46834 -2.71403 -1.68707 -0.944245 1.17542 0.866677 1.22585 0.343513 -2.1444
internal_weight=144645 112984 31661 100738 12246 15290 31706 69032 17061 6494 6091 16371 26753 4474 12587 5287 6155 8796 3280 23473 14645 3490 7300 3551 3749 6581 3697 3004 11483 11514 2353 3162 7342 2285 3109 2381 2982 42279 2208 1717 11959 1518 2034 1773 3183 9130 2130 6974 3396 2406 1072 3157 2189 9029 5565 3181 368 13883 1949 11934 753 2458
internal_count=144645 112984 31661 100738 12246 15290 31706 69032 17061 6494 6091 16371 26753 4474 12587 5287 6155 8796 3280 23473 14645 3490 7300 3551 3749 6581 3697 3004 11483 11514 2353 3162 7342 2285 3109 2381 2982 42279 2208 1717 11959 1518 2034 1773 3183 9130 2130 6974 3396 2406 1072 3157 2189 9029 5565 3181 368 13883 1949 11934 753 2458
cat_boundaries=0 1 2 3
cat_threshold=12 12 12
is_linear=0
shrinkage=0.05


Tree=4
num_leaves=63
num_cat=0
split_feature=50 46 50 50 125 80 50 119 40 106 106 50 127 38 38 50 115 115 46 92 125 40 46 93 107 127 38 121 107 125 50 115 93 50 125 127 38 120 120 121 46 46 93 80 121 50 93 77 127 40 127 127 50 46 38 38 127 120 125 125 121 46
split_gain=9.19022e+07 1.17768e+07 8.16581e+06 4.19777e+06 1.87076e+06 1.85001e+06 1.30377e+06 943279 879212 640280 690764 630283 529553 498951 474639 374229 331685 314413 295452 288880 262188 275413 245437 243925 236627 230520 211500 228826 187264 174879 173394 172997 137230 135355 134782 133058 121664 121604 158007 119741 112449 109952 106100 98189 98009.4 96015.5 93296 91480.8 90516.8 90413.5 88944 88264.1 87272.6 86681.3 85557.3 84477.8 83792.5 83141.8 110263 82171 81915.9 75617.6
threshold=0.56083897391042004 0.41545822676858574 1.0154352149331298 -0.312269280378561 0.018778701827964556 0.31359573422312742 1.4932634673399765 0.013036272887825702 0.14169727690597764 1.0000000180025095e-35 -1.0000000180025095e-35 -0.22907075252397072 0.020877264719187456 0.36376664205574155 -0.63396485934319358 0.75193365526345934 0.029753406014842203 0.030588251906929504 1.6822133766960647 -0.14207015897135947 0.012149486559475 -0.12511528505012273 0.088719094102392815 0.40374582524433772 0.0048234380564038002 0.022183036067965404 0.19912198746052731 0.019906653585764354 0.024105030590111206 -0.0062125795697698999 1.8671827062089423 0.019046254554134202 0.39142804511174384 -0.11669642664993064 0.012149486559475 0.029272050274541255 0.73750205106582079 -0.016470944827210645 1.0000000180025095e-35 0.019906653585764354 0.12952825466286674 0.6534292791608779 0.37396642528000246 -0.22396037687718004 0.012660524261976802 -1.0077905075094686 0.40561806000643225 0.31973638891546197 0.010129584275473502 0.14169727690597764 0.010575440142518452 0.0044588311071216509 0.33259470655654649 0.027940860509245952 0.057353252329756362 0.3064487623489825 0.0070391428323554007 0.25628638892709305 0.016152794380576155 -0.0065369264608449986 -0.0073256654677514993 2.5471100496579884
decision_type=2 2 2 2 2 2 2 2 2 2 2 2 2 2 2 2 2 2 2 2 2 2 2 2 2 2 2 2 2 2 2 2 2 2 2 2 2 2 2 2 2 2 2 2 2 2 2 2 2 2 2 2 2 2 2 2 2 2 2 2 2 2
left_child=1 3 5 14 11 8 18 13 24 10 25 41 26 22 45 48 33 47 28 20 32 39 37 43 -2 40 27 -11 49 -14 61 42 -16 -6 46 -26 -17 50 -39 -22 54 -3 44 -15 -13 -1 -24 -7 -10 -4 -5 -38 -25 -23 -9 -31 -34 -47 -59 -27 -28 -8
right_child=2 4 6 7 16 17 30 9 15 12 -12 31 29 23 19 36 -18 -19 -20 -21 21 53 34 52 35 59 60 -29 -30 55 -32 -33 56 -35 -36 -37 51 38 -40 -41 -42 -43 -44 -45 -46 57 -48 -49 -50 -51 -52 -53 -54 -55 -56 -57 -58 58 -60 -61 -62 -63
leaf_value=1.3437108942392071 -0.7839439996848615 0.66923880805602454 -2.2556597915955954 0.85642285277193775 -0.52874161621813742 -1.4643401054169698 -2.9400392982952535 0.72064483872901552 0.29887956086608691 0.40545780866225511 1.4798523449239898 0.18429245346687381 -1.553386435394486 0.70539480915208896 1.155023711121739 -0.37123386284601034 -1.9086239681169037 -2.4850025732463283 -2.8878958832242545 1.2669014614158836 0.12879119838140288 1.0369962886825941 0.7748348514530069 0.099279815664778226 -1.3928276352064906 -1.2411940833181143 -0.82630152099074872 -0.93744697258524268 -2.51704233176849 -0.27570848079782845 -3.4169938288301909 -1.0450706331761279 0.97410007438388524 -1.3258802743406159 -0.20268234493794726 -2.1071452925858138 -0.5791732384776227 1.3820287188135334 0.88574447740457962 -1.0326524936388888 -0.09595842129410298 -0.05598066690640572 -0.77812014384810746 0.06973015914750573 -0.64085161838922589 1.2352503371636459 0.012399220947710385 -2.033920000871285 -0.35521500783427279 -1.7471855768222739 0.47903593942565198 -1.4053321154712692 -0.56781128687393201 0.29076471617978833 0.19053173750303587 -1.1533243117427143 0.63742165606353907 1.0594276963288656 0.11641763245203476 -0.17044210190735917 -0.11644275874285913 -3.4245563834263728
leaf_weight=18684 1212 1584 1750 4648 729 1687 4626 2319 1490 3939 1504 1027 600 2168 4961 880 2516 2303 2567 5806 724 1204 1587 1153 2164 240 589 345 3553 959 5648 1417 3918 1976 737 933 495 2146 6348 320 848 780 929 844 554 16001 537 1211 820 1747 2351 932 853 575 1133 384 3498 3408 341 707 1311 975
leaf_count=18684 1212 1584 1750 4648 729 1687 4626 2319 1490 3939 1504 1027 600 2168 4961 880 2516 2303 2567 5806 724 1204 1587 1153 2164 240 589 345 3553 959 5648 1417 3918 1976 737 933 495 2146 6348 320 848 780 929 844 554 16001 537 1211 820 1747 2351 932 853 575 1133 384 3498 3408 341 707 1311 975
internal_value=0.00228471 0.716835 -2.2276 0.895081 -0.795742 -1.29933 -2.85607 0.4865 -0.862568 0.175293 0.535178 -0.215084 -0.12366 0.684607 1.15801 -0.383169 -1.4954 -2.04891 -2.42862 0.966888 0.852291 0.417474 0.805402 0.242781 -1.37623 0.264396 0.102576 0.297311 -2.26139 -0.843702 -3.22151 -0.603387 0.951466 -1.11105 0.379918 -1.60802 -0.833613 0.883974 1.01113 -0.227207 0.419924 0.429953 -0.354039 0.527274 -0.104847 1.26246 0.582072 -1.70235 0.0666901 -2.00164 0.729657 -1.11875 -0.184384 0.795803 0.546653 -0.526643 0.815295 1.18559 0.973654 -0.441805 -0.336499 -3.02438
internal_weight=144195 109202 34993 97690 11512 14127 20866 38250 8926 14878 6751 6291 8127 23372 59440 4617 5221 5201 9617 21006 15200 2823 18354 5018 4309 5247 6184 4284 7050 1943 11249 3927 12377 2705 2861 3097 2307 15493 8494 1044 4300 2364 2510 3012 1581 38434 2124 2898 2310 3497 6999 1427 2006 1779 3452 1343 7416 19750 3749 947 1900 5601
internal_count=144195 109202 34993 97690 11512 14127 20866 38250 8926 14878 6751 6291 8127 23372 59440 4617 5221 5201 9617 21006 15200 2823 18354 5018 4309 5247 6184 4284 7050 1943 11249 3927 12377 2705 2861 3097 2307 15493 8494 1044 4300 2364 2510 3012 1581 38434 2124 2898 2310 3497 6999 1427 2006 1779 3452 1343 7416 19750 3749 947 1900 5601
is_linear=0
shrinkage=0.05


Tree=5
num_leaves=63
num_cat=2
split_feature=50 46 50 50 125 74 107 50 50 62 74 50 46 74 50 115 121 93 125 90 74 50 136 50 50 100 90 115 50 127 106 106 56 46 50 40 74 62 127 46 58 89 50 50 118 107 74 127 125 127 125 121 74 136 125 118 125 107 107 36 127 58
split_gain=8.29518e+07 1.23638e+07 5.22303e+06 4.72502e+06 1.81673e+06 1.24652e+06 975546 761381 651501 570536 558074 503280 485867 482551 506681 350989 345886 340031 296747 287467 287111 237014 256617 204590 203798 187823 178767 163217 162577 161523 154312 189323 143338 140877 135431 129223 123543 122799 113906 113896 113232 111199 111141 105631 105578 97490.9 94291.8 92603 90837.5 90597.3 90380.6 90307.8 213353 138760 109356 80698.5 80516.5 80177.6 79329 78538.1 75963.1 72875.5
threshold=0.65025809461840944 0.43287901001596674 1.2226231007759762 -0.14565304457755898 0.019542734409225802 0.14168183519534686 0.016907710758734155 -0.61666937663999588 -0.010870845078228797 0.76793609620921666 -0.17705366130512287 1.6740550848984457 -0.22747730021954046 0.14168183519534686 0.27519272044016696 0.031450836272925504 0.014742669539819403 0.41331532771215512 0.033616641321433154 -0.39626359174928233 0.14168183519534686 0.39043050499094301 0 0.86541130381863063 0.84591650862709511 -0.52703466911229135 -0.0061245176044905985 0.025640698936883654 -0.22907075252397072 0.025595619320486606 1.0000000180025095e-35 -1.0000000180025095e-35 0.10339655322898257 2.0119547460272895 -0.64535767017405454 0.14694424286628197 0.14168183519534686 0.24607715186612458 0.0078586531358480517 0.11255096761187795 0.27966588688270999 0.038408732111057851 -1.0528348651128396 0.35505926321687692 0.19627279460201857 0.0150189743045672 0.089324032954472013 0.023961951406823254 0.0096928933024513515 -0.00082985991765859989 0.017032172955652302 0.0089838949769151018 -0.34460744644779123 1 0.012942237957757801 0.033339632358688857 -0.0029962379187012497 -0.0043329607172583997 0.024105030590111206 0.073884281972314877 0.0080634493314807026 0.95046892570972763
decision_type=2 2 2 2 2 2 2 2 2 2 2 2 2 2 2 2 2 2 2 2 2 2 1 2 2 2 2 2 2 2 2 2 2 2 2 2 2 2 2 2 2 2 2 2 2 2 2 2 2 2 2 2 2 1 2 2 2 2 2 2 2 2
left_child=1 3 5 7 8 15 12 42 34 23 16 33 21 14 19 24 32 39 28 56 43 38 -23 26 -2 -22 57 45 -6 59 31 -19 -9 47 -3 41 -36 -15 -5 -12 -24 -10 -1 50 -21 -11 -41 -4 -18 -32 -14 53 54 -44 -53 -40 -8 -7 -51 -16 -39 -26
right_child=2 4 11 6 18 9 13 10 35 27 17 -13 20 37 29 -17 48 30 -20 44 25 22 40 -25 61 -27 -28 -29 -30 -31 49 -33 -34 -35 36 -37 -38 60 55 46 -42 -43 51 -45 -46 -47 -48 -49 -50 58 -52 52 -54 -55 -56 -57 -58 -59 -60 -61 -62 -63
leaf_value=1.2813482991766589 -1.4648733421129778 0.66577481198500177 -2.3117189596178549 0.93824112255222158 -0.46630173837037198 0.50026535908576897 0.027554519937137908 0.82888009641464766 -0.38489855656247424 -1.0151819192382108 1.1768346610415985 -3.1508102978874053 0.14401936575373614 0.60897830411181142 -0.096463599260926958 -2.4937426510503222 0.28804021026494347 0.73765175441413189 -1.9721457263944016 -0.0064522730026077089 -0.2081045138469742 0.65520997490466504 0.3833147317698572 -1.1213910659647399 -1.8522528714811237 0.66800879137871216 -1.2007995611244873 -2.2617236350712022 -1.3907179693638303 -1.5360639827219857 0.80299532019000164 1.4270967119684759 -0.053390854694104442 -2.9592535102441211 -0.25684211752895819 -0.33818435585053946 0.57299561820493061 0.32917769118258478 0.82119553385510435 0.3581806757549289 -0.60559144808268695 -1.2094604448375366 1.2940330640363462 -0.58613482253532334 -0.71267398905384338 -1.6913815089611803 0.99899961196419884 -2.7158578395489918 -0.77741243620503442 0.51640305569791034 -0.61066848215760716 0.74494183290645788 1.1378733652399118 1.0117348274248847 -0.14025959661073775 0.38367679735895466 0.70696131776402893 -0.30384829626507454 -0.035070084138642744 -0.86752371887685864 -0.36815534330758076 -2.3092390530884903
leaf_weight=17442 2755 1039 3549 6136 575 406 707 1667 536 977 10325 8451 2636 2126 458 2444 268 4007 2273 940 761 2080 452 1429 2181 3119 485 703 2752 755 1907 1325 636 1993 1608 1030 622 905 2091 797 805 1724 10287 895 1211 1173 2052 2360 789 2486 467 1003 3694 8617 535 2125 1138 1311 884 1184 687 1454
leaf_count=17442 2755 1039 3549 6136 575 406 707 1667 536 977 10325 8451 2636 2126 458 2444 268 4007 2273 940 761 2080 452 1429 2181 3119 485 703 2752 755 1907 1325 636 1993 1608 1030 622 905 2091 797 805 1724 10287 895 1211 1173 2052 2360 789 2486 467 1003 3694 8617 535 2125 1138 1311 884 1184 687 1454
internal_value=-0.000596661 0.635465 -2.26115 0.81783 -0.870357 -1.59771 0.312619 1.05072 -0.305626 -1.07124 0.844733 -2.88259 0.502603 -0.0926215 -0.356041 -1.98413 0.241548 0.92995 -1.5318 -0.0112889 0.189771 0.682638 0.316196 -0.655492 -1.78922 0.496173 -0.353145 -1.60036 -1.23095 -0.93077 0.719272 0.908979 0.585231 -2.59574 0.194292 -0.802354 -0.0253807 0.36032 0.800761 1.09961 -0.248021 -1.0139 1.18518 -0.107588 -0.404051 -1.3841 0.819732 -2.47313 -0.507269 0.527589 0.0304392 1.11569 0.931851 1.16657 0.437021 0.600672 0.446614 -0.113708 0.371744 -0.652453 0.0282557 -2.03505
internal_weight=144229 112558 31671 100399 12159 15318 31678 68721 6559 6484 27143 16353 21567 10111 6393 8834 3360 23783 5600 3996 7878 13689 3337 3631 6390 3880 2202 2853 3327 2397 10609 5332 2303 7902 3269 3290 2230 3718 10352 13174 1257 2260 41578 3998 2151 2150 2849 5909 1057 5277 3103 24136 5232 18904 1538 4216 1845 1717 3370 1642 1592 3635
internal_count=144229 112558 31671 100399 12159 15318 31678 68721 6559 6484 27143 16353 21567 10111 6393 8834 3360 23783 5600 3996 7878 13689 3337 3631 6390 3880 2202 2853 3327 2397 10609 5332 2303 7902 3269 3290 2230 3718 10352 13174 1257 2260 41578 3998 2151 2150 2849 5909 1057 5277 3103 24136 5232 18904 1538 4216 1845 1717 3370 1642 1592 3635
cat_boundaries=0 1 2
cat_threshold=12 12
is_linear=0
shrinkage=0.05


Tree=6
num_leaves=63
num_cat=3
split_feature=50 46 50 50 125 28 46 38 136 136 38 118 119 38 50 50 118 74 58 113 125 46 74 58 127 136 115 115 80 119 38 119 121 46 100 127 58 127 50 96 123 121 20 119 90 125 68 125 125 74 70 127 107 121 87 84 119 80 74 58 93 125
split_gain=7.52807e+07 1.12102e+07 4.69204e+06 4.64033e+06 1.15058e+06 1.13196e+06 1.08984e+06 915424 766950 730587 566872 491911 491558 483319 429162 414370 370729 367658 286118 266715 261930 257087 242640 226076 180608 175768 161247 153029 151966 150436 146977 145036 142491 127457 127417 124160 123607 119855 115875 97528 93918.9 95583.8 110364 91385.5 89226 88474.2 87651.7 86089.7 84940.1 84184.4 82645.7 81940.7 80948.8 80294.6 78211.5 77366.5 72742.3 69473.3 67788.8 66315.8 66231.9 65124.9
threshold=0.65025809461840944 0.53137505598855839 -0.23877961111557883 1.2513385004024238 0.024028863317292353 1.0462051587859285 0.19235974644032158 0.36376664205574155 0 1 -0.60790678063419712 1.0000000180025095e-35 0.022743828510905353 0.89228303762224237 -0.058799020193055947 1.7138872682351354 -1.0000000180025095e-35 0.023354186227540253 0.34378763948217989 0.0018112877008727502 -0.012050387439153949 -0.095813361906578423 -0.19005658426402952 0.80828127155641294 0.0099122710038553521 2 0.015252455983039101 0.051377572458703162 -0.062946973996482927 0.017989573358243301 1.0000000180025095e-35 0.0042094857109510513 0.024510323240199354 2.2033805036816152 -0.45194013282624551 0.013627314643313551 0.75601624893665076 0.018402865322702851 0.30934894756794068 -0.76340639070156058 0.0018273406115797001 0.010021471610949103 -0.14518592462598504 0.0022687153259874008 -0.75699092081748154 0.012149486559475 -0.5453246342639485 0.051578151347766457 -0.0080451558914313975 0.16640609321402103 -0.66934736548432605 0.012425378428066952 0.027489183541602954 -0.0050308178002270486 0.35390983708686685 0.38145979893812793 0.021473388418364454 0.033750913525369304 -0.0097547655125725472 0.69098175932957884 0.38973740536125895 0.011954052175189951
decision_type=2 2 2 2 2 2 2 2 1 1 2 2 2 2 2 2 2 2 2 2 2 2 2 2 2 1 2 2 2 2 2 2 2 2 2 2 2 2 2 2 2 2 2 2 2 2 2 2 2 2 2 2 2 2 2 2 2 2 2 2 2 2
left_child=1 2 10 5 14 9 7 11 31 13 39 16 24 28 50 33 37 21 56 25 -14 43 45 52 -13 34 60 -7 36 55 -6 -9 38 49 -8 -22 -2 -4 61 -1 -41 -42 -43 -12 -33 -23 -24 -32 -38 -5 -3 -15 -11 -26 -19 -20 -10 -56 -36 -46 -16 -21
right_child=3 4 6 15 30 27 19 8 18 23 17 12 20 51 26 -17 -18 54 29 32 35 22 46 -25 53 -27 -28 -29 -30 -31 47 44 -34 -35 58 -37 48 -39 -40 40 41 42 -44 -45 59 -47 -48 -49 -50 -51 -52 -53 -54 -55 57 -57 -58 -59 -60 -61 -62 -63
leaf_value=1.1945716592228408 0.38689719209196827 0.86424870415672772 0.74719738572117389 -2.5514901507572687 -1.1027513471935606 -2.0361649194162292 -0.70515299424367694 0.66930073079866181 0.11004516262490448 -1.1906310572795262 0.98950786383641542 0.709014863839736 -1.4417800008652888 -1.1300635785360098 -0.23239741888446885 -3.0143797445571305 1.2975248961771368 1.1003641340887726 -0.26654946002128876 -0.072412468441191077 0.24365467114947609 0.19517894594728488 0.92506262065902745 -2.0291949032443326 -0.014827677566186612 -0.56970382069172265 -1.1403434663699208 -2.6936912260662571 -0.98401311449019513 -1.5998688240252861 -1.6788981217773529 0.55397634031375254 -1.6106756279194678 -2.902788965370485 -0.13266448440416806 -0.42630618349735727 -1.1720158160728467 0.26399403530113497 -1.1939691590610892 1.1196835699188532 0.9753007912330327 -0.038534408585226117 0.94374169455471224 0.65431725586281309 0.18835760358752704 -0.61438108663922719 0.40479104483213996 -2.3356728220748901 -0.27448919377978082 -2.1795654775898132 -0.11074168944787516 -1.6912934734883274 -1.7803023598712606 0.45891265404565007 0.8507903430287419 -1.0184401717638518 -0.73431442764244581 -0.11627814215477382 0.64073206783273107 -0.47864729976814885 -0.97480646698576856 -0.69056059689791327
leaf_weight=24557 587 244 6294 3819 958 3418 277 2360 1213 1832 4047 6570 349 1443 976 7949 3051 9027 627 942 1942 679 1211 2646 1464 889 2294 1194 976 649 2474 750 370 1599 371 1074 333 1612 536 11028 4114 565 579 4087 823 671 2442 625 1265 2529 1990 1184 853 2299 1405 753 323 214 1199 681 434 778
leaf_count=24557 587 244 6294 3819 958 3418 277 2360 1213 1832 4047 6570 349 1443 976 7949 3051 9027 627 942 1942 679 1211 2646 1464 889 2294 1194 976 649 2474 750 370 1599 371 1074 333 1612 536 11028 4114 565 579 4087 823 671 2442 625 1265 2529 1990 1184 853 2299 1405 753 323 214 1199 681 434 778
internal_value=-0.000781669 0.603589 0.758985 -2.15664 -0.995013 -1.54783 0.319643 0.427573 -0.0308026 -1.27467 1.01865 0.579634 0.379888 -0.880299 -0.551589 -2.75913 0.829348 0.82459 -0.580706 -0.341264 -0.14498 0.647618 0.365586 -1.69801 0.550814 0.00421349 -0.881705 -2.20639 -0.465295 -0.972068 -1.64403 0.394483 -0.701213 -2.50382 0.28201 0.00508108 -0.233593 0.648674 -0.552055 1.13165 1.03677 0.862884 0.458614 0.821088 0.108492 -0.207202 0.577265 -1.81136 -0.461521 -2.40332 -0.00425214 -1.38301 -1.37796 0.274603 1.04297 -0.67682 -0.0675122 0.722963 0.457974 -0.113657 -0.460912 -0.352017
internal_weight=144444 112817 102822 31627 9995 15731 38196 32834 8179 11119 64626 24655 13698 5788 5938 15896 10957 23783 3565 5362 3365 13137 5003 5331 10333 2736 3704 4612 3161 2029 4057 4614 2626 7947 1847 3016 2185 7906 2256 40843 16286 5258 1144 8134 2254 1350 3653 3099 1598 6348 2234 2627 2685 3763 10646 1380 1536 1619 1570 1504 1410 1720
internal_count=144444 112817 102822 31627 9995 15731 38196 32834 8179 11119 64626 24655 13698 5788 5938 15896 10957 23783 3565 5362 3365 13137 5003 5331 10333 2736 3704 4612 3161 2029 4057 4614 2626 7947 1847 3016 2185 7906 2256 40843 16286 5258 1144 8134 2254 1350 3653 3099 1598 6348 2234 2627 2685 3763 10646 1380 1536 1619 1570 1504 1410 1720
cat_boundaries=0 1 2 3
cat_threshold=12 12 12
is_linear=0
shrinkage=0.05


Tree=7
num_leaves=63
num_cat=3
split_feature=50 46 50 50 46 125 50 136 119 38 50 38 74 50 38 136 115 58 46 125 74 56 136 113 125 74 50 58 46 90 107 115 121 84 74 90 58 50 125 90 121 62 46 107 125 112 58 93 121 46 126 74 123 91 74 92 46 40 87 89 74 107
split_gain=6.78146e+07 8.68538e+06 6.05319e+06 3.06153e+06 1.4269e+06 1.3703e+06 956860 832276 775951 549408 446248 369790 333556 327304 322046 292092 283093 253281 249151 236619 225204 222700 221009 207452 195152 199115 173030 172234 163126 144757 137153 126504 126119 118446 117308 113141 109976 108528 104154 100074 100013 99495.3 98879.1 95148.8 92737.6 91370.3 90418.5 89438.2 88365.2 86865.3 84709.1 84389.9 80055 79797.1 79409.4 81512.1 76641.7 75417.5 71773.9 71328.1 65639.8 63680.1
threshold=0.56083897391042004 0.41545822676858574 1.0154352149331298 -0.33936438111933037 0.43287901001596674 0.018025783838359302 1.4292929340267899 0 0.0098040895439000502 0.12778049937144242 -0.19157828218434622 0.36376664205574155 0.056148411344787555 0.77076503076846026 -0.7196443309472137 1 0.027543475989872602 0.27080737204323085 0.042750051357112302 0.03480494551530626 0.023354186227540253 1.6437760958759291 2 0.012167954699086452 0.014528005035680301 -0.11032793490870839 1.8671827062089423 0.54584224887370447 0.020602949527568606 -0.27889371195060714 0.032091114286280413 0.018116437957623004 0.023488999473333955 0.37003563432376146 0.054083546022981904 -0.86417855119313358 0.71696651767822661 0.04943652322886416 -0.0062125795697698999 -0.86417855119313358 0.019906653585764354 -0.39851896716054541 0.6534292791608779 0.0054898053309264004 -0.0067086534947232495 0.06317720899824357 -0.13439218698064345 0.39142804511174384 -0.0033131493067329993 -0.20001652027591993 0.21318221769034149 -0.0077857716794602991 0.017431290597954351 0.34372578549220317 0.050690460788595508 0.23393110206336593 2.5471100496579884 0.14169727690597764 0.35390983708686685 0.23385902101609515 0.18426300567369083 0.017636537789921702
decision_type=2 2 2 2 2 2 2 1 2 2 2 2 2 2 2 1 2 2 2 2 2 2 1 2 2 2 2 2 2 2 2 2 2 2 2 2 2 2 2 2 2 2 2 2 2 2 2 2 2 2 2 2 2 2 2 2 2 2 2 2 2 2
left_child=1 3 4 14 7 10 21 13 11 12 42 28 18 43 -1 39 37 29 35 60 24 30 49 -14 41 40 56 61 54 -17 57 47 46 -24 -30 -10 -15 -7 -19 -11 -26 -16 -3 -2 -29 -25 -20 51 -38 -13 -37 -12 -47 -18 55 -5 -8 -4 -22 -36 -6 -9
right_child=2 5 6 8 19 16 26 27 9 15 31 22 23 36 20 17 53 38 32 -21 58 -23 33 45 25 -27 -28 44 34 -31 -32 -33 -34 -35 59 50 48 -39 -40 -41 -42 -43 -44 -45 -46 52 -48 -49 -50 -51 -52 -53 -54 -55 -56 -57 -58 -59 -60 -61 -62 -63
leaf_value=1.1030229984958346 0.40001740070121389 0.58208614232497691 -1.940463559801672 0.74943781161588663 -1.6718007845121434 -0.48606176565995529 -2.4877963141853048 -0.55076351386862299 0.88690463597957736 0.81803705033363028 -0.62775570445212747 0.69136264126145575 0.79854508258077295 0.31294565955260856 0.91889330229226795 0.26181940213009625 -1.4428808431023628 -1.5573273311964559 0.036242015153329157 -2.2384213588165629 1.1061258485007293 -2.4865801276206971 0.10371186608352478 0.58917831112774155 0.12290236160820736 0.78038063623836318 -2.9380904602218614 -1.9867646100981853 0.035150293756873528 -0.6267199658951238 -2.2149755843455967 -0.88772561008817397 -1.2936756252994057 -0.74841828345077277 0.78582036596925275 0.42129919027605189 -1.1853045096878054 -1.1471358277187502 -0.68372024679096577 0.05384440485531973 -0.95085704016742434 0.62835445974865456 -0.095562658997354527 -0.19571562665812947 -1.3237099713234568 0.061755319750724728 -0.89575226696672383 -0.73174304473232921 -0.52383046004640399 0.052178438745715761 -0.051647632009582591 0.19651837149230195 -1.1814066320636369 -2.0427742804003972 0.92372884006778655 0.17165663567121797 -2.9402546194679173 -1.5141090145049758 0.72191895832755948 -0.029602675579207122 -1.1941694316019009 -1.2048972704531971
leaf_weight=33265 1223 1629 2063 4965 2412 1050 5644 829 782 532 447 1977 4818 222 8142 1137 2133 488 1191 1789 8373 2125 1143 357 701 1018 5626 749 1204 768 2193 1410 297 634 1712 2319 1025 1519 1134 2200 314 4618 804 1483 1782 319 333 733 995 727 1600 1017 218 749 7904 696 1122 2086 1422 318 1025 675
leaf_count=33265 1223 1629 2063 4965 2412 1050 5644 829 782 532 447 1977 4818 222 8142 1137 2133 488 1191 1789 8373 2125 1143 357 701 1018 5626 749 1204 768 2193 1410 297 634 1712 2319 1025 1519 1134 2200 314 4618 804 1483 1782 319 333 733 995 727 1600 1017 218 749 7904 696 1122 2086 1422 318 1025 675
internal_value=0.00167221 0.616397 -1.9111 0.76944 -1.11517 -0.683839 -2.45327 -0.732999 0.431745 0.194839 -0.165136 0.637623 0.389771 -0.296027 1.0016 -0.186179 -1.25859 -0.48599 0.145442 -1.77209 0.864387 -2.04358 0.234056 0.668747 0.741255 0.286283 -2.7332 -1.26498 0.745272 -0.0963949 -1.89515 -0.518106 -0.351094 -0.199191 0.426169 0.337783 -0.743387 -0.876942 -0.946556 0.201916 -0.209275 0.813744 0.358153 0.073531 -1.51993 -0.0307719 -0.167402 -0.28089 -0.859479 0.517597 0.22821 -0.0551555 -0.442918 -1.59879 0.821348 0.678402 -2.56283 -1.7261 1.05035 0.658084 -1.52936 -0.844341
internal_weight=144185 109117 35068 97626 14209 11491 20859 8983 39773 18493 6040 21280 12234 4948 57853 6259 5451 3527 6522 5226 24588 8467 4481 5712 14793 2033 12392 4035 16799 1905 6342 3607 1821 1777 3234 4701 2242 2569 1622 2732 1015 12760 2433 2706 2531 894 1524 2197 2020 2704 3919 1464 537 2882 13565 5661 6766 4149 9795 2030 3437 1504
internal_count=144185 109117 35068 97626 14209 11491 20859 8983 39773 18493 6040 21280 12234 4948 57853 6259 5451 3527 6522 5226 24588 8467 4481 5712 14793 2033 12392 4035 16799 1905 6342 3607 1821 1777 3234 4701 2242 2569 1622 2732 1015 12760 2433 2706 2531 894 1524 2197 2020 2704 3919 1464 537 2882 13565 5661 6766 4149 9795 2030 3437 1504
cat_boundaries=0 1 2 3
cat_threshold=12 12 12
is_linear=0
shrinkage=0.05


Tree=8
num_leaves=63
num_cat=4
split_feature=38 46 62 38 119 119 38 125 46 118 84 118 46 62 119 119 74 125 74 125 136 93 127 62 115 96 38 23 111 136 136 92 70 121 74 68 125 136 119 119 74 119 125 90 84 84 127 131 121 84 127 52 111 127 119 79 54 127 81 92 90 74
split_gain=5.99535e+07 7.67074e+06 6.12166e+06 3.09286e+06 1.47579e+06 1.23078e+06 1.13735e+06 771027 626266 557196 455487 452376 414184 405664 387067 323393 295319 360982 293144 259856 244492 239024 205368 193201 187389 183733 182071 171830 157227 154021 144339 153267 143605 125780 103555 103198 100814 100526 96657.4 96449.1 95295 94086.6 91542.6 91497.8 87479.2 85446.7 83834.4 78802.7 76261.7 76064.2 75817.3 73961 75129.6 73510.9 73314.6 71793.4 71163.7 71118.2 70273.9 67048.1 66620.9 63986
threshold=0.50756476879549017 0.53137505598855839 0.81378850922785717 -0.27863255810585469 0.018861219251149055 0.017103355182558056 1.3232495567617601 0.017679798417227905 0.22047034980306554 1.0000000180025095e-35 0.70239136047451034 -1.0000000180025095e-35 0.020602949527568606 -0.66225541918514785 0.036811468851471504 0.022229458935930903 -0.17705366130512287 0.012149486559475 0.15039314810661156 0.014062215657829601 0 0.42961990391603638 0.016128675368317004 0.13253488039377828 0.025640698936883654 1.2844826942156609 -0.091711298118045986 1.5607877337293374 0.022869629357392802 1 2 0.24208730496537953 0.54412324143825297 0.022455220088369202 0.14168183519534686 -0.63123818179199287 -0.0057351452914557498 3 0.033832163533869856 0.0022687153259874008 0.14168183519534686 0.033384769713616508 0.024671680771849305 -0.84350258738054429 0.37003563432376146 -0.048878590696320189 -0.0038412582695520996 0.0082531259530641016 -0.0059798090538969997 0.75507286860258349 0.020877264719187456 0.71020341914202323 0.020127820805426803 0.023961951406823254 0.010156975879172853 0.031674862772160604 0.0054673127043444007 0.013872514819274852 0.3670041458644942 -0.13403682857871882 -0.25636919505325378 -0.089329932966200579
decision_type=2 2 2 2 2 2 2 2 2 2 2 2 2 2 2 2 2 2 2 2 1 2 2 2 2 2 2 2 2 1 1 2 2 2 2 2 2 1 2 2 2 2 2 2 2 2 2 2 2 2 2 2 2 2 2 2 2 2 2 2 2 2
left_child=1 3 4 13 8 12 15 26 10 11 20 53 23 -1 22 27 17 56 38 29 57 51 33 39 45 41 -3 40 -19 61 -25 60 -20 47 55 -23 -24 -12 -6 -5 -4 -8 -10 -37 -22 -9 -45 -11 -41 -42 -16 -18 -53 -7 -48 -28 -15 -2 -17 -31 -32 -14
right_child=2 7 6 5 18 9 25 24 42 14 37 -13 19 16 50 58 21 28 32 -21 44 35 36 30 -26 -27 34 -29 -30 59 31 -33 -34 -35 -36 43 -38 -39 -40 48 49 -43 -44 46 -46 -47 54 -49 -50 -51 -52 52 -54 -55 -56 -57 -58 -59 -60 -61 -62 -63
leaf_value=1.0586335663077246 0.48867128124216602 0.093678626608219864 -1.6359061537959949 0.88239608551440463 -1.533436131431607 0.14583922097226606 -2.1955875922786574 -0.47106278852142136 -0.99488626920391854 0.31757223078657271 -0.62604719264942232 1.2188001212545476 -0.062427208593748895 0.79707632081143487 -0.83517792410073488 -2.0217377808878711 1.0448699534654138 0.098034152632712257 -0.69579788927385799 -0.44082645398482878 -0.0027609096519311195 0.9256121628619467 -1.205389576116942 0.6517101230523874 -1.4956698333370617 -2.7739750287932345 -0.17838935853824731 -2.1090649136031669 -1.0932132848680183 0.26167536475152836 0.56404810860672294 -0.28237246015657397 -1.5081180788413482 -1.0995646219811541 -0.054086277226560592 1.142107587127007 -0.38514151119248852 -1.4632341883800648 -2.0216375107923432 0.35324735283670283 -0.56814439146071682 -2.5772052472889739 -1.6891596390498624 0.78647042414393797 -0.78675152204623999 -1.1321450476693931 0.5858665377103297 -0.1339088054321344 0.73509623526124412 -1.3070393741095945 -1.635116513181873 0.77786745108773747 -0.4587216566411817 -0.60341133248391032 0.17743753639008039 -0.98142345527147179 0.10576193945729687 -0.14112834201457194 -2.468129091348791 -0.4218899934157796 -0.13709609739706818 0.62129753921994024
leaf_weight=31791 2046 1697 1477 7329 2052 1912 3071 812 1383 1933 1160 1187 388 3402 771 3926 12851 1120 1220 1327 612 3525 510 3730 2873 6403 357 960 368 712 1845 1109 982 235 642 701 1411 557 2004 1931 500 3407 723 2325 850 1228 2660 1933 4050 1148 481 747 147 395 1872 1263 418 574 1137 723 415 2898
leaf_count=31791 2046 1697 1477 7329 2052 1912 3071 812 1383 1933 1160 1187 388 3402 771 3926 12851 1120 1220 1327 612 3525 510 3730 2873 6403 357 960 368 712 1845 1109 982 235 642 701 1411 557 2004 1931 500 3407 723 2325 850 1228 2660 1933 4050 1148 481 747 147 395 1872 1263 418 574 1137 723 415 2898
internal_value=0.00140588 0.591494 -1.75986 0.717528 -0.948863 0.357346 -2.28127 -0.817044 -0.494742 -0.0933098 -0.226547 0.425648 0.540763 0.934038 -0.342586 -1.85495 0.802599 0.464084 -1.5225 0.177349 0.0608489 0.874971 -0.17628 0.648457 -1.23546 -2.58403 -0.297796 -1.52399 -0.196575 0.351109 0.437811 0.198468 -1.05806 0.023561 -0.591488 0.702203 -0.602906 -0.909801 -1.77465 0.760807 -1.34425 -2.39629 -1.23323 0.598006 -0.455454 -0.869008 0.542382 0.0918317 0.611814 -1.08286 -1.1425 1.01428 0.574536 0.017554 0.41716 -0.804459 0.72143 0.349359 -2.12198 -0.0821547 0.435298 0.538926
internal_weight=144216 108024 36192 99152 14163 37225 22029 8872 7905 10768 5799 3494 26457 61927 7274 9148 30136 5308 6258 6048 4082 24828 6022 20409 4913 12881 3959 4085 1488 4721 7099 3369 2202 4101 2262 11083 1921 1717 4056 13310 3125 6478 2106 7558 1462 2040 6857 3866 5981 1648 1252 13745 894 2307 4532 1620 3820 2620 5063 1435 2260 3286
internal_count=144216 108024 36192 99152 14163 37225 22029 8872 7905 10768 5799 3494 26457 61927 7274 9148 30136 5308 6258 6048 4082 24828 6022 20409 4913 12881 3959 4085 1488 4721 7099 3369 2202 4101 2262 11083 1921 1717 4056 13310 3125 6478 2106 7558 1462 2040 6857 3866 5981 1648 1252 13745 894 2307 4532 1620 3820 2620 5063 1435 2260 3286
cat_boundaries=0 1 2 3 4
cat_threshold=12 12 12 12
is_linear=0
shrinkage=0.05


Tree=9
num_leaves=63
num_cat=1
split_feature=50 23 50 50 56 125 50 136 118 119 118 62 38 125 50 58 115 74 115 115 107 58 125 107 107 127 36 50 107 50 74 113 107 115 122 115 127 112 62 38 127 125 87 103 103 90 107 121 107 68 107 74 74 50 121 91 103 23 111 74 92 88
split_gain=5.55849e+07 6.26551e+06 5.41208e+06 2.59209e+06 1.27535e+06 1.05404e+06 779764 758538 704919 645457 627664 318998 296511 289808 286150 276408 240444 230825 200064 195787 195163 194141 188685 188377 158451 154639 146790 127519 122380 119109 117314 116523 110554 102518 102075 102020 101717 99765.1 97359.7 95920.8 87847.4 84968.3 84410.8 82629.7 80638 78082.2 73266.1 72967.6 69969.9 66506.6 64679.4 64363.2 62491.6 61539.2 60807.7 59585.9 58572.2 57857.9 57082 54729.7 70008.2 55589.5
threshold=0.53344348147577791 0.54103384219180561 1.0154352149331298 -0.33147869840265226 0.048826423223940062 0.015584661238049002 1.4617707372286459 0 1.0000000180025095e-35 0.026432172017346704 -1.0000000180025095e-35 0.17913677641936884 -0.14665470437787784 0.029375998550659952 -0.8130976831199821 0.79462051510409704 0.028964064160555452 0.023354186227540253 0.013512652303650301 0.036629831189565608 0.026246809155814652 0.54584224887370447 0.010500147550235353 0.020317157563905404 0.029182450534325857 0.021830552995123254 0.49788578264160327 1.9072031147723787 0.024105030590111206 0.040555469972334952 -0.099576420990319145 0.016841313751626102 0.022955559646794303 0.018412981600912103 1.0000000180025095e-35 0.010586086990997451 0.012898263403514501 0.027520112527999605 -0.086743606305933987 -0.51394942151938483 0.017521664008542801 -0.0048072517685160488 0.35390983708686685 0.026871434314002452 0.025113874473867006 -0.21194025599232977 0.015252731934215802 0.019906653585764354 0.012303486012914653 -0.77023714351468808 -0.0035175072289172996 0.14168183519534686 0.15765713426262976 0.18113582766200961 -0.0059798090538969997 0.35183483624679862 0.00028568384892375004 2.6864593538790515 0.018019504979265352 0.096743125747934158 0.29410504016229694 -0.055502214518000595
decision_type=2 2 2 2 2 2 2 1 2 2 2 2 2 2 2 2 2 2 2 2 2 2 2 2 2 2 2 2 2 2 2 2 2 2 2 2 2 2 2 2 2 2 2 2 2 2 2 2 2 2 2 2 2 2 2 2 2 2 2 2 2 2
left_child=1 3 4 14 7 12 19 15 10 11 23 24 49 48 -1 50 29 18 39 28 31 44 -20 33 30 32 -17 57 52 -7 58 43 45 40 -24 -14 -32 -12 -25 -16 59 -23 -19 -11 -9 -13 -28 -36 -6 -3 -2 -51 -4 -22 -38 -18 -52 -8 -10 60 61 -5
right_child=2 5 6 8 13 16 27 21 9 20 37 25 35 -15 17 26 55 42 22 -21 53 41 34 38 -26 -27 46 -29 -30 -31 36 -33 -34 -35 47 -37 54 -39 -40 -41 -42 -43 -44 -45 -46 -47 -48 -49 -50 51 56 -53 -54 -55 -56 -57 -58 -59 -60 -61 -62 -63
leaf_value=1.0084827234656852 0.76225534650301519 1.0357460417712219 -1.7319266790659178 0.79629949259494126 -0.99263264087126246 -0.41386866845672943 -2.2745526667978067 -0.41557473115044347 0.17652982499977801 0.058816983879040011 1.2038604543436464 0.42278871819140201 0.001974590657086208 -1.9237517066389942 0.85657589955491975 -0.054471446568662367 -1.2978469561699537 1.0143520429613626 0.6457031256131569 -2.266215885259657 -0.62697125811571797 -1.7693597807563757 0.43244195816352593 0.47266825492216324 -0.043348394305996379 -0.54553414792098642 -0.4786790049465629 -2.673758541798934 -1.9465371938361882 -1.0484157376171601 0.65852594806910381 -1.2625298242510881 -0.3406781697004575 -0.073677517179706664 -0.18953938223421574 -0.6732454111805839 0.0012647091792029204 0.0034829989487294996 -0.11292083870739862 0.58636766007355212 0.28348244588053984 -1.1481175838218496 0.63226136639093988 -0.63217201809500101 -1.1922193494946984 -0.0500859456616825 -1.1343084297957675 -1.2262404648815028 -1.412197480318115 0.089012538239027245 0.52820963689117206 0.77698342634286144 -1.3027105795264742 -1.4293534937930441 0.47788267950534702 -1.8650896432175863 -0.15368247715877004 -2.6551747616772587 -0.80604505603118692 0.76860177912812444 -0.24317049789898537 0.32788957088489168
leaf_weight=30163 557 321 1724 1344 1663 1306 5580 1004 551 1891 3963 2376 870 2519 8312 1267 1951 9920 1720 2306 472 943 478 1121 1433 1052 985 5083 3359 1705 7375 236 1008 619 598 1567 1031 181 1935 5430 1872 1322 1692 561 501 1380 751 237 2469 1400 525 449 1669 484 1907 607 787 1216 202 4798 291 1198
leaf_count=30163 557 321 1724 1344 1663 1306 5580 1004 551 1891 3963 2376 870 2519 8312 1267 1951 9920 1720 2306 472 943 478 1121 1433 1052 985 5083 3359 1705 7375 236 1008 619 598 1567 1031 181 1935 5430 1872 1322 1692 561 501 1380 751 237 2469 1400 525 449 1669 484 1907 607 787 1216 202 4798 291 1198
internal_value=-0.000861544 0.567623 -1.6956 0.690444 -0.980559 -0.613165 -2.21788 -0.579993 0.376227 0.188104 0.614709 0.30902 -0.0536792 -1.50104 0.90125 -0.166211 -1.076 0.787309 0.668685 -1.86845 -0.419627 -1.11134 0.301139 0.44593 0.451363 0.00311586 -0.463663 -2.48433 -1.7326 -0.773185 0.515426 -0.201407 0.12427 0.549802 -0.150233 -0.432194 0.559416 1.15143 0.101885 0.749806 0.590414 -1.40676 0.958677 -0.0992763 -0.674112 0.249049 -0.762307 -0.483789 -1.24334 0.371409 0.310828 0.256075 -1.5208 -1.0332 0.310628 -1.43245 0.119178 -2.34266 -0.087056 0.665709 0.491449 0.575546
internal_weight=144237 108007 36230 97831 15293 10176 20937 8642 39281 21959 17322 18315 4607 6651 58550 4872 5569 28387 16775 9058 3644 3770 3033 13178 12499 5816 3003 11879 6752 3011 11066 2688 4764 10122 1313 2437 10313 4144 3056 13742 9503 2265 11612 2452 1505 3756 1736 835 4132 2170 1869 1849 3393 956 2938 2558 1312 6796 753 7631 2833 2542
internal_count=144237 108007 36230 97831 15293 10176 20937 8642 39281 21959 17322 18315 4607 6651 58550 4872 5569 28387 16775 9058 3644 3770 3033 13178 12499 5816 3003 11879 6752 3011 11066 2688 4764 10122 1313 2437 10313 4144 3056 13742 9503 2265 11612 2452 1505 3756 1736 835 4132 2170 1869 1849 3393 956 2938 2558 1312 6796 753 7631 2833 2542
cat_boundaries=0 1
cat_threshold=12
is_linear=0
shrinkage=0.05


Tree=10
num_leaves=63
num_cat=1
split_feature=62 62 70 46 119 119 46 62 46 125 106 36 106 125 36 127 119 107 119 127 106 106 107 36 107 93 121 96 36 127 136 92 125 127 46 96 40 111 107 119 68 107 93 115 87 96 58 40 119 127 100 121 93 121 40 121 121 125 40 46 127 58
split_gain=4.88345e+07 5.60973e+06 4.64816e+06 2.21217e+06 1.27484e+06 1.01421e+06 923304 775000 523816 513249 443104 433546 413671 384497 280531 275148 268133 262922 244848 208838 160430 169510 160283 127193 124481 122845 122863 121819 119038 117695 116091 141389 114675 113572 112721 108404 109729 150179 106172 103978 102370 94456.2 93457.8 89818.7 86497.6 83957.2 83021.7 75826.8 74244.2 70331.2 69997.5 69743.4 68333.6 71526.4 87057 67728.4 66893.6 66399.7 65276 61625.3 61604.9 60850.8
threshold=0.49163230410034042 -0.094549662550914529 0.64953114702413373 0.29891262305466176 0.018428465872094204 0.019342872673838152 0.28577990005600623 1.2689441095234673 0.25272544450207179 0.018778701827964556 1.0000000180025095e-35 -0.4043480916520325 -1.0000000180025095e-35 0.012346441738862101 0.39225825081057547 0.024771621342255804 0.0098040895439000502 0.0061186899800436513 0.026758574191973351 0.0088891947896672513 1.0000000180025095e-35 -1.0000000180025095e-35 0.0098313423129427532 0.2902648298958927 0.032846235523234409 0.39142804511174384 0.016466974511260956 -0.57414542904758703 1.4678177225878126 0.016951776734006056 0 0.34054858755994893 0.019941940948243305 0.023221076063857704 1.1185011505662672 -0.76340639070156058 -0.32510608787015466 0.014149969892036351 0.016426325982682052 -0.00061986621577344995 -0.57336839119516059 0.017636537789921702 0.43155849925036655 0.028233476501771802 0.22013780555235199 0.18536324129742557 0.79462051510409704 0.14169727690597764 0.033384769713616508 0.0042615069593392512 -0.43461339962966 0.023488999473333955 0.41534283488589036 0.013998508075783102 -0.10363437777410558 -0.0059798090538969997 -0.013139234264377549 -0.0063765606928521991 -0.047324319718762595 0.53137505598855839 0.0050361542358063009 1.6218765044024879
decision_type=2 2 2 2 2 2 2 2 2 2 2 2 2 2 2 2 2 2 2 2 2 2 2 2 2 2 2 2 2 2 1 2 2 2 2 2 2 2 2 2 2 2 2 2 2 2 2 2 2 2 2 2 2 2 2 2 2 2 2 2 2 2
left_child=1 6 4 5 8 14 11 18 19 25 12 35 33 40 22 24 52 59 41 44 21 -18 -3 -19 45 26 50 -15 61 32 46 -32 -22 -7 -10 -1 37 -37 -21 -24 -8 -4 -38 -11 -2 -12 -16 -42 -25 -41 -5 -29 53 -13 -55 -31 -27 -17 -52 60 -6 -9
right_child=2 3 7 9 17 10 13 28 34 43 15 16 -14 27 30 57 20 23 -20 38 29 -23 39 48 -26 56 -28 51 -30 55 31 -33 -34 -35 -36 36 42 -39 -40 49 47 -43 -44 -45 -46 -47 -48 -49 -50 -51 58 -53 -54 54 -56 -57 -58 -59 -60 -61 -62 -63
leaf_value=0.98574042092314673 0.36911008779337512 0.63762890485507928 -1.2814632044237286 -0.62281903106707837 -0.086766404276965442 0.0085863623168256336 0.8345093214128545 -2.080365582633902 -0.82273975749001083 -0.91344986398729733 -0.038789943916153924 0.92673845739453731 1.2156433947789977 0.45875514868551692 0.47544358923744889 -1.8789645568120716 0.47789406488425973 -1.0966905701463621 -2.0229181476115641 -0.23466087975489436 0.45210166871602059 1.1648601041954476 0.55851596508875456 -1.4930934706936991 -1.1164279479310923 -1.2582474751031083 -0.72168921485585891 -0.37309113210992417 -2.508786189792656 -0.64491245736101366 0.11026904301505065 -0.84635194954856063 -0.71923695121354825 -0.86173994002708543 -1.545965345111548 0.74605066773116624 0.97077672133578874 -0.1470662065492723 -0.92301247056749158 0.37314542124716388 0.085271156562785333 -1.7090914209766437 0.7392280130802894 -1.4055036690130693 -0.20174323880201858 -0.6726521463225249 -0.14597788439922185 0.68061560136288779 -1.915779427840494 -0.053309313467149316 -0.43573967079753467 -1.2647233445493002 0.66153555682045373 -0.16990628664511753 0.84383768405217663 0.12685105424309837 -0.52138422166560427 -1.0403416270210541 0.3354915961833087 -1.2897354379749275 -0.89842415811402321 -2.4443393038533219
leaf_weight=23814 1567 8920 2339 326 370 1711 1380 3886 1605 1871 1502 7609 698 411 1483 408 3474 1096 4430 1355 3555 1211 2544 2100 519 396 699 1691 6073 482 884 686 222 480 811 1819 10174 635 955 1825 1538 2883 7623 1839 1151 801 843 820 2056 2056 345 252 6486 344 551 693 1386 560 1340 477 635 1630
leaf_count=23814 1567 8920 2339 326 370 1711 1380 3886 1605 1871 1502 7609 698 411 1483 408 3474 1096 4430 1355 3555 1211 2544 2100 519 396 699 1691 6073 482 884 686 222 480 811 1819 10174 635 955 1825 1538 2883 7623 1839 1151 801 843 820 2056 2056 345 252 6486 344 551 693 1386 560 1340 477 635 1630
internal_value=0.000287139 0.524798 -1.61248 -0.00645547 -0.911387 0.220011 0.767196 -2.08044 -0.460442 -0.722136 -0.310842 0.819516 0.155616 0.177251 0.404283 -0.666409 0.65149 -1.40988 -1.7495 -0.1697 0.445726 0.655464 0.500482 -1.57584 -0.416897 -0.362684 -0.150654 -0.323305 -2.35606 0.247296 0.025386 -0.305772 0.383254 -0.182083 -1.06551 0.913422 0.828379 0.514947 -0.519239 0.310078 0.492476 -1.51755 0.871597 -1.15735 0.127369 -0.259252 0.249154 0.292304 -1.7022 0.147227 0.0478317 -0.488733 0.783774 0.877006 0.454198 -0.189736 -0.685132 -1.39381 0.177584 -0.821732 -0.599605 -2.18792
internal_weight=144325 108906 35419 34122 14178 25920 74784 21241 7444 8202 6679 68692 2889 6092 19241 3790 24627 6734 9652 5028 9637 4685 15345 5252 2822 4492 2710 2354 11589 4952 3896 1570 3777 2191 2416 44065 20251 2454 2310 6425 3738 5222 17797 3710 2718 2303 2326 2358 4156 3881 2011 1943 14990 8504 895 1175 1782 968 1685 1482 1005 5516
internal_count=144325 108906 35419 34122 14178 25920 74784 21241 7444 8202 6679 68692 2889 6092 19241 3790 24627 6734 9652 5028 9637 4685 15345 5252 2822 4492 2710 2354 11589 4952 3896 1570 3777 2191 2416 44065 20251 2454 2310 6425 3738 5222 17797 3710 2718 2303 2326 2358 4156 3881 2011 1943 14990 8504 895 1175 1782 968 1685 1482 1005 5516
cat_boundaries=0 1
cat_threshold=12
is_linear=0
shrinkage=0.05


Tree=11
num_leaves=63
num_cat=1
split_feature=50 46 50 38 80 125 136 118 50 127 106 106 50 50 125 125 62 125 38 74 121 125 125 127 58 50 93 38 74 50 127 125 34 74 121 121 121 80 74 111 107 93 127 62 125 126 126 113 121 80 87 105 80 94 34 113 127 46 125 62 103 77
split_gain=4.51871e+07 5.60935e+06 4.43253e+06 1.85855e+06 1.0986e+06 1.06337e+06 670407 660165 644867 440709 322260 406280 308731 254437 253571 199881 196178 181255 181007 179456 230182 178880 170352 160322 151290 146285 143905 119830 115303 105068 104095 102413 93052 85916.6 85796.6 84939.7 84387.7 82964.1 82604.6 78976 78127.1 76536.7 75987.5 74618.6 72937.3 72359.8 75678.8 70525.3 68617.8 67999.1 63737.2 61940.9 61263.8 71165.9 58866.7 56360.9 56312.7 56210.3 55899.9 55563.8 55336.6 55161.7
threshold=0.53344348147577791 0.36767049270148516 1.0154352149331298 -0.3758570546538505 0.32679953731779365 0.014528005035680301 0 0.18606116857687985 1.4617707372286459 0.019292129539327702 1.0000000180025095e-35 -1.0000000180025095e-35 0.010430291439417202 0.75193365526345934 0.030332773781917403 0.018025783838359302 -0.66225541918514785 -0.0057351452914557498 0.19912198746052731 -0.17705366130512287 0.012992178220134402 0.032446809068750554 0.036029944498057111 0.025180624892035156 0.65564354548282366 -0.16283322927467928 0.40746106718631175 0.33995635436293808 0.15765713426262976 1.9528206039979057 0.015865751712973605 0.0057427341285072502 -0.36276560266348451 0.046111330687268456 -0.025976373472376395 -0.0096310939981723489 -0.007038117573697599 -0.20904206878757622 0.14412144604211527 0.023753232742879053 1.0000000180025095e-35 0.39142804511174384 0.0031039992757737004 0.018992608921431755 0.015315551401558552 0.011568027316532453 -1.0000000180025095e-35 0.00037939608519895005 0.016969169355891902 -0.42368974492270856 0.21947095747110154 0.020663649995628506 -0.5391854838354474 0.028663172195555555 -0.17364654940295329 0.0030370357133816506 0.015109411610930301 2.5471100496579884 -0.0082550726546175481 0.17913677641936884 0.016631407749643102 0.34156976547017454
decision_type=2 2 2 2 2 2 1 2 2 2 2 2 2 2 2 2 2 2 2 2 2 2 2 2 2 2 2 2 2 2 2 2 2 2 2 2 2 2 2 2 2 2 2 2 2 2 2 2 2 2 2 2 2 10 2 2 2 2 2 2 2 2
left_child=1 3 4 16 6 12 13 10 22 15 11 43 32 37 25 18 -1 54 33 20 50 61 28 27 40 -7 -21 44 -4 57 52 -22 -3 49 -35 -19 -20 42 -34 -17 -8 48 -2 -5 -12 46 -28 -33 -14 -9 -18 -44 53 -15 -11 -27 -45 -10 -26 -37 -42 -6
right_child=2 5 8 7 21 14 24 9 29 17 23 -13 41 30 -16 39 19 35 36 26 31 -23 -24 -25 58 55 45 -29 -30 -31 -32 47 38 34 -36 59 -38 -39 -40 -41 60 -43 51 56 -46 -47 -48 -49 -50 -51 -52 -53 -54 -55 -56 -57 -58 -59 -60 -61 -62 -63
leaf_value=0.91726839802894189 0.61078528063154314 0.57032894324612771 -1.7415408327339552 0.66680812735516204 -1.066950829921353 -0.21704835834401828 -0.20923681365308477 0.53745370488212663 -2.0639080716432869 -0.26273080974307356 0.56728398899817156 1.1352561996507144 -0.036303716296105015 0.39412058274710882 -1.3396168947236908 -0.23013656235400887 0.87732114190076071 -0.59646373983294942 -0.35635515930942052 0.92377135174927061 0.57708359438118684 -1.8051658360324994 -2.0695349681399575 -0.1343513621841875 -1.7607206193080005 -0.6411911782546178 0.66657561142879174 0.11290127878133505 -1.328090084663061 -2.4367341445005639 -1.1080226096593164 0.61150392685212251 -0.15723616369899671 -0.49249727252246328 0.64212741986109467 0.2339137911550293 0.18406726869036191 -0.3028138672202445 0.5364025397327058 -1.4575559210054803 -0.63797238942639189 -0.87203062076760052 0.21510199531254404 0.46962348611679233 0.020274630974859858 0.50658108195136442 1.1137368081500243 -0.58157692655017257 -0.8114383672810711 0.12062413249507201 0.44286792549024301 -0.65344688202907797 -0.58613876484022664 -0.76366184104446311 -1.131943577383155 -1.0615763824463293 0.0066124287829547271 -2.4209665562753329 -1.1744345567979497 -0.33406533059780491 -1.193324405582264 -1.487900602733534
leaf_weight=30587 985 1652 3898 4231 2137 1188 530 1625 6006 263 7806 4204 1051 425 2293 637 1750 692 1006 10157 383 2139 2185 1378 550 1487 3558 2234 2972 4473 652 147 1356 173 4512 1316 2562 821 628 165 951 741 877 2669 661 4470 1289 787 392 2459 1631 268 1135 193 751 1719 871 1350 1559 640 849 1224
leaf_count=30587 985 1652 3898 4231 2137 1188 530 1625 6006 263 7806 4204 1051 425 2293 637 1750 692 1006 10157 383 2139 2185 1378 550 1487 3558 2234 2972 4473 652 147 1356 173 4512 1316 2562 821 628 165 951 741 877 2669 661 4470 1289 787 392 2459 1631 268 1135 193 751 1719 871 1350 1559 640 849 1224
internal_value=0.000653993 0.512474 -1.52892 0.642727 -0.882226 -0.483288 -0.564689 0.387515 -2.00255 0.147023 0.555491 0.739296 0.0108966 -0.186554 -0.913399 0.282217 0.833138 -0.338043 0.33194 0.726679 0.449307 -1.44773 -1.68499 0.373268 -1.01822 -0.690977 0.793594 0.438636 -1.56268 -2.24564 -0.568642 -0.111456 0.293133 0.454106 0.60023 -0.120364 0.0316948 0.124207 0.0623229 -0.48266 -0.742807 -0.458981 0.2888 0.525087 0.52458 0.65168 0.785493 -0.393801 -0.246874 0.286478 0.66774 0.0118085 -0.368028 0.0325478 -0.906497 -0.866594 0.355702 -2.12944 -1.32733 0.048072 -0.899913 -1.22025
internal_weight=144300 108121 36179 95614 15295 12507 9795 40855 20884 16801 24054 11975 5820 5356 6687 13139 54759 3662 12337 24172 4698 5500 9055 12079 4439 4394 19474 10701 6870 11829 2405 1317 3636 8769 4685 2648 3568 2951 1984 802 2330 2184 2130 7771 8467 9317 4847 934 1443 4084 3381 1145 1753 618 1014 3206 3540 7356 2109 1956 1800 3361
internal_count=144300 108121 36179 95614 15295 12507 9795 40855 20884 16801 24054 11975 5820 5356 6687 13139 54759 3662 12337 24172 4698 5500 9055 12079 4439 4394 19474 10701 6870 11829 2405 1317 3636 8769 4685 2648 3568 2951 1984 802 2330 2184 2130 7771 8467 9317 4847 934 1443 4084 3381 1145 1753 618 1014 3206 3540 7356 2109 1956 1800 3361
cat_boundaries=0 1
cat_threshold=12
is_linear=0
shrinkage=0.05


Tree=12
num_leaves=63
num_cat=2
split_feature=50 46 62 38 74 119 115 50 107 74 38 136 38 121 80 118 50 136 50 80 46 46 36 127 74 126 126 121 119 119 46 34 74 38 87 74 113 34 84 123 121 110 113 111 120 120 127 113 80 58 45 119 121 77 118 20 127 46 79 115 77 58
split_gain=4.09732e+07 6.1087e+06 2.64661e+06 2.58038e+06 740031 707465 629183 510774 464052 403216 355682 259976 258435 242439 233888 202407 200804 183080 178383 172060 164630 162447 158896 150588 144990 142815 151913 137658 122882 120019 116879 106842 104053 102183 95436.5 92062.5 90955.9 89771.8 80792 85672.5 101192 99914.6 70272.2 68446.5 68006.8 78032.4 67810.4 65895 65588.4 65029.7 64925.2 64421.6 64283.1 60244.6 59992.2 59746.5 59635.5 57891 62017.5 56876.8 56626.2 55306.8
threshold=0.65025809461840944 0.55377126938539689 -0.094549662550914529 1.1036243697832158 0.15238040732226457 0.0094306096255746524 0.024496463734987952 -0.56206645050508752 0.014543402600393001 -0.11032793490870839 1.5707501806933208 0 0.46871047403451088 0.015564263495855851 0.17116167441757818 0.10634193164153492 0.16043465181842928 1 0.86541130381863063 -0.89574373823801101 1.3388045023253186 -0.10196117246367094 0.31003587756367817 0.00039540472378600007 0.17428686256569328 0.042660935366843358 -1.0000000180025095e-35 -0.014205192169011048 0.034766575783835553 0.011284035956079602 0.12952825466286674 -0.18157006838171372 0.14168183519534686 0.087347250446229055 0.21947095747110154 0.060835862796133358 0.0015547083951123503 0.63557888246211824 -1.1819243148280714 0.0017449057490225503 0.0093838578770823518 0.079323264344070152 0.0011630377096510502 0.023753232742879053 -0.0040293784178203488 1.0000000180025095e-35 0.012898263403514501 0.0012556716540364501 -0.18835805768320937 0.47428854054214542 0.11189083460319886 0.022229458935930903 0.022455220088369202 0.26294024616130501 0.037440927767199754 0.15632840325301459 0.019602306314929051 0.19235974644032158 0.23619077572730648 0.014350299952027452 0.12421415951108421 0.74311323326412193
decision_type=2 2 2 2 2 2 2 2 2 2 2 1 2 2 2 2 2 1 2 2 2 2 2 2 2 2 2 2 2 2 2 2 2 2 2 2 2 2 2 2 2 2 2 2 2 2 2 2 2 2 2 2 2 2 2 2 2 2 2 2 2 2
left_child=1 2 7 4 20 12 16 38 22 13 24 57 21 34 18 25 59 48 61 -13 28 44 30 -21 -5 26 -10 -17 37 -25 54 -31 42 -8 -9 -29 -36 -2 -1 -40 53 -42 -23 -15 -4 -46 -24 -32 -14 -37 -16 -26 -43 -41 -7 -18 -56 -11 -59 -3 -20 -6
right_child=3 6 5 10 14 8 33 9 15 11 -12 19 17 43 50 27 55 -19 60 23 -22 32 46 29 51 -27 -28 35 -30 31 47 -33 -34 -35 36 49 -38 -39 39 40 41 52 -44 -45 45 -47 -48 -49 -50 -51 -52 -53 -54 -55 56 -57 -58 58 -60 -61 -62 -63
leaf_value=0.94060702555964226 -0.82423632008280723 0.10354194828566861 0.45498145089644004 -1.9193491487169418 0.32897973793982715 0.60732066712416399 -0.84856922777229027 0.66730820863406937 -0.12760533300136812 0.84370003648303415 -2.2031387058247858 0.92366721134319496 0.42987696570979533 -0.28770830810289555 -0.84096211798244525 -1.3723643614554724 -0.90773076684228693 -0.49606959558422381 -0.085167033298173933 0.62553298612402841 -1.7093497020565949 0.29252689905161305 -0.017007436465419839 0.45946466915610201 -1.2831981017351364 -0.50549806804663899 1.0590916859601085 -0.7709244441403561 -1.5446103642590014 0.28501271864439087 0.24316105289127188 -0.27867461715521019 0.50275886091174959 -1.3697232175304546 0.48084327372298374 0.2305318038050945 -0.40953621036890819 -1.3067911255635822 0.84617027399193301 0.89819796134937924 0.70890513102631525 0.24534826661560991 -0.2406828245433158 -1.1439110784468298 1.0769326401265928 0.61363415058513315 -0.61674229369689071 -0.4583199927269257 -0.21992447421274225 -0.53128353063040934 -1.4901923501190129 -1.7144138888684464 -0.7366162480834203 0.62469284489350041 0.36512041722131583 -0.34793836696115998 -0.20940288590348285 0.57604445267529492 -1.4662274388890519 -0.33968672199002103 -0.89823621773726769 -0.25163189023191673
leaf_weight=11970 1981 1472 4316 5440 558 1933 1372 1026 732 9969 9067 1819 1598 577 853 602 1605 1220 250 4502 2481 1192 1286 3523 1679 1002 427 1719 1967 1967 622 1468 1975 2991 536 507 617 1877 21506 4057 1377 1147 1283 392 1203 3717 744 725 513 626 702 1789 195 3997 2106 678 575 1708 38 1424 1493 1548
leaf_count=11970 1981 1472 4316 5440 558 1933 1372 1026 732 9969 9067 1819 1598 577 853 602 1605 1220 250 4502 2481 1192 1286 3523 1679 1002 427 1719 1967 1967 622 1468 1975 2991 536 507 617 1877 21506 4057 1377 1147 1283 392 1203 3717 744 725 513 626 702 1789 195 3997 2106 678 575 1708 38 1424 1493 1548
internal_value=-0.000312871 0.446801 0.558908 -1.58862 -1.07196 0.169248 -0.763487 0.723743 -0.0995183 0.557203 -1.98268 0.624371 0.384141 0.0239154 -0.616538 -0.447866 -0.39083 -0.0108206 -0.40746 0.471557 -1.36826 0.48027 0.145254 0.400207 -1.75829 -0.0683406 0.309599 -0.685317 -1.22299 0.254415 0.275365 0.0441123 0.2321 -1.20584 0.316524 -0.540296 0.00437828 -1.05901 0.82966 0.788518 0.673426 0.409686 0.0161196 -0.634077 0.599841 0.726916 -0.236812 -0.134399 0.270685 -0.190383 -1.13406 -1.50564 0.102663 0.762464 0.394991 -0.741485 0.241901 0.796504 0.531596 -0.114399 -0.781617 -0.0977946
internal_weight=144241 112556 103014 31685 13710 30623 9542 72391 13606 28142 17975 24994 17017 3148 5404 5615 5179 3331 3849 13279 8306 13686 7991 11460 8908 2161 1159 3454 5825 6958 5961 3435 4450 4363 2179 2852 1153 3858 44249 32279 10773 2719 2475 969 9236 4920 2030 1347 2111 1133 1555 3468 1342 8054 4614 2283 2681 11715 1746 2896 1743 2106
internal_count=144241 112556 103014 31685 13710 30623 9542 72391 13606 28142 17975 24994 17017 3148 5404 5615 5179 3331 3849 13279 8306 13686 7991 11460 8908 2161 1159 3454 5825 6958 5961 3435 4450 4363 2179 2852 1153 3858 44249 32279 10773 2719 2475 969 9236 4920 2030 1347 2111 1133 1555 3468 1342 8054 4614 2283 2681 11715 1746 2896 1743 2106
cat_boundaries=0 1 2
cat_threshold=12 12
is_linear=0
shrinkage=0.05


Tree=13
num_leaves=63
num_cat=2
split_feature=38 46 38 36 74 119 38 115 46 118 38 127 74 119 46 58 106 106 121 74 136 136 92 125 119 23 46 125 119 125 125 38 118 58 92 122 125 96 121 119 87 103 121 103 115 74 127 36 56 111 96 96 113 127 36 80 125 46 118 122 84 85
split_gain=3.64564e+07 5.02473e+06 3.25213e+06 2.12588e+06 977086 899504 472886 438374 385160 380663 335976 296081 256542 250677 210551 205428 198729 235513 194226 179579 156546 147547 204207 139550 136589 132755 128114 110706 98806.9 98542.3 97414 91655.2 90403.6 84549.4 83480.8 82649.7 147464 77277.3 76385.5 74420.6 71762.3 69986.1 69498.2 69249.9 69124 67440.2 66075.6 65473.6 65138.8 63654.3 58277 57599.5 97844.6 57494.2 55811.5 55307 55297.5 60612.3 53570.6 51855.9 51134.7 51363.8
threshold=0.54890223747536993 0.57677159587334192 1.0270603942265244 -0.17051737928141997 0.14168183519534686 0.012845604605628351 1.4715494751984552 0.024496463734987952 0.25272544450207179 0.16662547605847586 -0.4799063757058783 0.020534059939678453 -0.15692777957437992 0.020041163287812504 0.10502365102157271 0.88325608198157868 1.0000000180025095e-35 -1.0000000180025095e-35 0.014371852104843052 0.17022701384618819 0 1 0.2849913028678584 0.011027482837092801 0.028376282097251956 0.98371676018432919 -0.11412316246734454 0.012149486559475 0.0046056528655700505 -0.008914729865038799 -0.012760087452796399 -0.055196365573566449 0.03164720077954316 -0.33620438384596457 0.56430867063187795 0.010910780429878251 0.018400465494103103 1.3490531729362343 -0.0010712682243094998 0.022743828510905353 0.18047575595212748 0.010562569780865451 0.033814527860299308 0.027927848704189403 0.030588251906929504 0.18278196377235117 0.027800444448171004 0.015754389733857753 0.21950304894157832 0.0015221182368401001 0.24604650749229381 -0.80416580493485934 0.010165355433040901 0.0050361542358063009 0.23211861966101993 -0.39667339296947779 -0.010148232124606449 0.12131011806043142 -1.0000000180025095e-35 -1.0000000180025095e-35 0.3352393789465693 0.39369577348083434
decision_type=2 2 2 2 2 2 2 2 2 2 2 2 2 2 2 2 2 2 2 2 1 1 2 2 2 2 2 2 2 2 2 2 2 2 2 2 2 2 2 2 2 2 2 2 2 2 2 2 2 2 2 2 2 2 2 2 2 2 2 2 2 2
left_child=1 3 4 10 13 14 19 23 15 16 35 24 18 25 21 28 17 -7 48 -4 -14 -5 38 60 41 34 32 31 -6 -13 -17 -16 58 -28 -2 59 51 45 55 -21 49 -11 50 -34 -10 -8 -18 -25 -12 -32 -9 -37 -53 -30 -31 -23 -26 -58 -22 -1 61 -3
right_child=2 7 6 5 8 9 37 42 44 11 12 29 20 -15 27 30 46 -19 -20 39 26 22 -24 47 56 -27 33 -29 53 54 40 -33 43 -35 -36 36 -38 -39 -40 -41 -42 -43 -44 -45 -46 -47 -48 -49 -50 -51 -52 52 -54 -55 -56 -57 57 -59 -60 -61 -62 -63
leaf_value=0.79134866201059317 -0.48498717181807821 0.36698164965137736 -1.7479294292561596 0.65075019628305397 0.51182957430208376 0.15900560682022424 -2.0681418803732754 -0.83458755702075982 -0.80577072037890218 0.20781659107682782 0.5659006328949211 -1.5154134830485468 0.76687514539326029 -1.4577985508218356 0.53304999740646586 -1.4198031494958383 0.0011305228710740437 1.0639264593103477 -0.65515893298956185 -1.0863609151982183 0.60806354886491798 0.46852388857215915 -0.23856836386116187 -0.26750951630830111 -1.3324743190586892 -1.3911130929722899 0.44628283039523986 -0.28953331781554292 0.14557209739156726 -0.37966944934989555 -0.27832157137702301 -0.029857751465068673 0.49690815991195675 -0.12735958622356236 -1.0522614394350553 0.82809921200398551 0.061904489382696021 -2.1975778568046835 0.63014267366688492 -1.5415694312860317 -0.65968686796499998 -0.20720393531388628 -1.5584876561424419 -0.07077376290714886 -1.4734268812032847 -1.7150339425312393 -0.73326999115237901 -0.76143357544766188 -0.31376334647856541 0.78572457716113231 -1.2720285550426036 0.69981945617711228 0.11333854877410343 -0.47681654529646045 -0.99766420203076478 0.099415371815831266 -0.18076373911290775 -0.82949797833451067 1.0018185342500037 0.93540457101978136 -0.75022303539712287 -0.22948850357027439
leaf_weight=16881 1566 758 5435 8855 1065 1947 3440 1890 1203 2221 980 438 8018 4613 1592 264 2314 1140 718 1974 2555 2399 1225 1013 183 1017 1305 1222 883 802 606 1325 2907 1265 1107 9016 843 5102 3469 1647 1073 1872 709 659 572 2228 353 1987 268 183 1275 8393 777 640 671 1759 1002 562 1305 9917 211 689
leaf_count=16881 1566 758 5435 8855 1065 1947 3440 1890 1203 2221 980 438 8018 4613 1592 264 2314 1140 718 1974 2555 2399 1225 1013 183 1017 1305 1222 883 802 606 1325 2907 1265 1107 9016 843 5102 3469 1647 1073 1872 709 659 572 2228 353 1987 268 183 1275 8393 777 640 671 1759 1002 562 1305 9917 211 689
internal_value=0.000742488 0.447199 -1.41389 0.54548 -0.852836 0.232746 -1.83249 -0.718047 -0.39316 -0.0880354 0.713478 -0.316753 0.542377 -1.21208 0.43105 -0.156782 0.220061 0.493184 4.57424e-05 -1.56619 0.601566 0.506098 0.360255 -0.391198 -0.139978 -0.904907 0.467733 0.109989 0.142379 -0.856975 -0.520954 0.277358 0.573505 0.163926 -0.719919 0.788076 0.708391 -2.05641 0.456906 -1.29341 -0.393512 0.0180002 -1.11104 0.392 -1.02093 -1.92934 -0.0960736 -0.594652 0.376998 -0.0315276 -1.01081 0.738359 0.650125 -0.11597 -0.661186 0.312376 -0.510101 -0.413877 0.741185 0.844659 -0.0230655 0.0829679
internal_weight=144308 109690 34618 101158 14792 35351 19826 8532 6489 13505 65807 7751 19980 8303 21846 4714 5754 3087 1966 9056 18014 17707 8852 4658 5840 3690 9996 4139 2588 1911 2126 2917 7426 2570 2673 45827 19029 10770 7627 3621 1862 4093 3874 3566 1775 5668 2667 3000 1248 789 3165 18186 9170 1523 1473 4158 1747 1564 3860 26798 1658 1447
internal_count=144308 109690 34618 101158 14792 35351 19826 8532 6489 13505 65807 7751 19980 8303 21846 4714 5754 3087 1966 9056 18014 17707 8852 4658 5840 3690 9996 4139 2588 1911 2126 2917 7426 2570 2673 45827 19029 10770 7627 3621 1862 4093 3874 3566 1775 5668 2667 3000 1248 789 3165 18186 9170 1523 1473 4158 1747 1564 3860 26798 1658 1447
cat_boundaries=0 1 2
cat_threshold=12 12
is_linear=0
shrinkage=0.05


Tree=14
num_leaves=63
num_cat=2
split_feature=50 46 50 50 115 127 38 115 127 74 50 46 38 125 46 62 122 38 75 46 124 124 74 119 125 107 121 136 121 125 131 103 115 70 87 107 40 136 107 125 74 131 58 107 122 125 103 6 89 125 115 102 100 119 36 121 125 125 113 89 85 123
split_gain=3.35209e+07 5.23656e+06 2.00251e+06 1.86011e+06 1.00887e+06 576511 514302 475025 378358 326362 314750 281912 262500 262045 213336 175426 167488 164300 161470 159366 157816 175891 155075 138231 126614 105783 101092 98995.4 96258.7 96236.9 82506.9 80039.9 79260.2 78971.8 78492.5 75219.1 75067.3 74502.9 72839.8 69814.4 69751.5 68409.6 67975.1 66245.5 64627.4 118346 62158.5 61076.8 59610.2 58969.6 56684.3 56569.7 54777.7 54292 52303 49366.1 49222.9 49130.1 48394.1 47997.4 47937.4 47615.5
threshold=0.68270949457266206 0.36767049270148516 0.1002151137287275 1.2790784226395118 0.019046254554134202 0.010129584275473502 -0.5827957206554758 0.026903411306699102 0.021188986657664052 0.058480425834335506 -0.010870845078228797 0.065400718913717459 -0.11066538613116259 -0.0074356242700820497 -0.10815039791720249 0.81378850922785717 0.27640879434833338 1.6792716928317526 0.08891494356316941 -0.039308649742164192 -1.0000000180025095e-35 1.0000000180025095e-35 0.15039314810661156 0.0016373990218102503 0.031358551188946711 0.00118249865158905 -0.00075591928850214987 0 -0.028645817064950948 0.0049178293897695511 0.0017076308579913504 -0.0077005048275018495 0.051377572458703162 0.51605016842289897 0.14872673223740807 0.019336600757635356 0.14694424286628197 1 0.0023685767057601502 0.013162695102936153 0.16360258417576293 0.0051223196909515505 -0.050630957239175246 0.024105030590111206 0.0093166407996706016 0.019941940948243305 0.00058481067625000007 9062.0050000000028 0.036121442482169759 -0.0023414074528262997 0.016469755694094503 0.10173799194812887 -0.43461339962966 0.024650155368506305 -0.39662343885290868 0.012090692545193351 0.012942237957757801 -0.0070569906523495493 0.0028500996541694504 0.032085015470251707 0.34612256057950708 0.010624204903435802
decision_type=2 2 2 2 2 2 2 2 2 2 2 2 2 2 2 2 2 2 2 2 2 2 2 2 2 2 2 1 2 2 2 2 2 2 2 2 2 1 2 2 2 2 2 2 2 2 2 2 2 2 2 2 2 2 2 2 2 2 2 2 2 2
left_child=1 2 6 7 10 14 44 8 15 11 29 23 39 20 25 22 47 40 42 26 35 -22 -2 -8 58 -4 38 59 -18 -3 -25 -27 -9 53 -20 -7 48 -21 -15 -6 -5 -33 56 -10 -1 50 -40 -11 -12 -43 -46 -32 -38 -24 -53 -52 -13 -56 -14 -16 -39 -30
right_child=3 4 5 17 12 13 9 32 43 16 36 18 24 19 27 -17 28 -19 34 37 21 -23 33 30 -26 31 -28 -29 61 -31 51 41 -34 -35 -36 -37 52 60 46 -41 -42 49 -44 -45 45 -47 -48 -49 -50 -51 55 54 -54 -55 57 -57 -58 -59 -60 -61 -62 -63
leaf_value=0.8081868645789797 -0.87550753860047237 0.57174990156971339 0.61491270445121693 -1.809193788517099 0.11541425505677627 -0.72429475962422618 0.62365685889526723 -1.391923806052946 -1.1337438631328431 0.76532124665559509 -0.061314811564782537 0.41202013363242573 -0.66414369919694671 0.21341566139876489 0.66207455357553457 -1.0340376570469552 -0.76632078397042547 -2.033781302203264 0.34893687977786597 0.044766892585456734 1.1531589717461319 -0.66210058662088567 0.16792970784871361 0.50141363996917054 -1.376109726830629 0.55171357877066385 0.33403060868640666 -0.36489211078620848 0.5549128282749356 0.046145863482638133 0.34939775082383795 0.35781576687031152 -1.8668216626103313 -0.55571819167507719 -0.71903079909804868 -1.5090030503902456 -0.57610906853277066 -0.17917064148863454 0.060574698391374339 -0.58367198291540923 -1.4955125621645913 -0.42076603575639998 -0.47273809497444036 -1.5711885106827115 0.73029304143190832 -0.076936973611932691 -0.52136683104690285 0.50767985484484857 -0.72987946528057535 0.15435840608142071 0.58217425436890824 0.28921425636075737 0.15302190580323158 -0.50246480908030255 -0.81877082494269338 -0.11612079935900682 -0.12026303389761922 -0.045066038346457879 -1.0527643794789951 -0.0078638327147235124 -0.94790720898676128 0.076765126729373301
leaf_weight=24827 1976 1364 3844 5330 511 645 6798 2946 1819 12443 411 1785 1397 1008 444 2720 206 7241 211 407 189 454 993 3732 2220 1741 1899 1482 1308 2409 2663 1829 1252 1498 932 580 396 269 723 1186 2655 736 341 1651 15835 498 1256 2822 1766 1130 858 998 737 434 251 359 574 1124 1878 672 824 865
leaf_count=24827 1976 1364 3844 5330 511 645 6798 2946 1819 12443 411 1785 1397 1008 444 2720 206 7241 211 407 189 454 993 3732 2220 1741 1899 1482 1308 2409 2663 1829 1252 1498 932 580 396 269 723 1186 2655 736 341 1651 15835 498 1256 2822 1766 1130 858 998 737 434 251 359 574 1124 1878 672 824 865
internal_value=0.00151782 0.396003 0.524412 -1.47012 -0.499588 0.0790018 0.637303 -1.08055 -0.909087 0.50124 -0.0760267 0.359757 -0.91673 -0.241972 0.302046 -0.712028 0.656877 -1.8613 -0.0237548 -0.0896021 -0.762869 -0.128533 -0.533317 0.45444 -1.0846 0.414164 0.0487937 -0.0984382 0.266652 0.23616 0.323243 0.272207 -1.53356 -0.302147 -0.521882 -1.09583 -0.431882 -0.540403 -0.132547 -0.373163 -1.7049 0.14051 0.187119 -1.34188 0.756272 0.682832 -0.308763 0.717692 -0.60366 -0.072486 0.70502 0.191207 -0.10182 -0.0359604 0.0136832 0.376186 0.282503 -0.186302 -0.886992 0.256374 -0.751834 0.364578
internal_weight=144352 113837 99562 30515 14275 20132 79430 15289 11091 37053 7083 19409 7192 8254 11878 7621 17644 15226 3843 6386 1868 643 4901 15566 5495 9280 4886 2598 2379 3773 8768 5436 4198 2925 1143 1225 3310 1500 2987 1697 7985 3695 2700 3470 42377 17550 1979 15265 2177 1866 17052 5036 1133 1427 2373 1217 2359 1375 3275 1116 1093 2173
internal_count=144352 113837 99562 30515 14275 20132 79430 15289 11091 37053 7083 19409 7192 8254 11878 7621 17644 15226 3843 6386 1868 643 4901 15566 5495 9280 4886 2598 2379 3773 8768 5436 4198 2925 1143 1225 3310 1500 2987 1697 7985 3695 2700 3470 42377 17550 1979 15265 2177 1866 17052 5036 1133 1427 2373 1217 2359 1375 3275 1116 1093 2173
cat_boundaries=0 1 2
cat_threshold=8 8
is_linear=0
shrinkage=0.05


Tree=15
num_leaves=63
num_cat=1
split_feature=50 46 50 38 74 125 119 38 80 126 38 46 118 62 74 125 50 125 93 118 38 113 89 62 115 119 62 74 127 111 127 119 62 74 80 136 68 115 119 103 46 126 126 100 46 70 126 126 74 113 77 42 119 111 6 121 122 111 92 80 74 56
split_gain=3.02952e+07 3.58089e+06 3.25544e+06 1.19763e+06 837874 717031 435548 433945 368890 271862 231414 221404 210448 193194 195752 228638 177397 161000 160024 154518 142490 130134 125867 125716 113468 112685 107118 102803 100619 97330.2 94666.1 91288.6 88683.5 86997.9 89766.4 82820 100210 82415.9 78308.4 76726.7 73106.4 72509.9 81956.3 70460.1 64502.9 63740.3 62149.3 61897.5 61763.8 57784.9 65538.7 57238.8 54932 54521.3 54256.9 53920 86999.2 58420.6 52680.5 51400.2 49570.9 49494.9
threshold=0.50602033541500246 0.36767049270148516 1.0154352149331298 -0.26164107193408243 0.14168183519534686 0.015584661238049002 0.0090663224878226017 1.4103635442636897 -0.16739078527008758 0.41594411982674628 -0.10085785454259179 1.2777105371592958 1.0000000180025095e-35 -0.66225541918514785 -0.17705366130512287 0.012149486559475 -0.27495829902588881 -0.013146045974934299 0.42961990391603638 -1.0000000180025095e-35 0.75556981226942421 0.019190671004390304 0.062291097383222957 0.23012104296721847 0.034341718112198355 0.032522274088772861 0.6585642848879828 0.060835862796133358 0.031384774663611302 0.022869629357392802 0.0029100527316856506 0.034766575783835553 1.504230583011104 0.066340562506553111 -0.17237782280178898 0 0.17837811309028814 0.010426092576416301 0.035782950911871905 0.011647659043953802 1.6822133766960647 0.011568027316532453 -1.0000000180025095e-35 -0.57951835825174702 0.68207510940872784 0.19426336901624511 0.0059287774284338011 -1.0000000180025095e-35 -0.099576420990319145 0.0016973201432285002 0.1558533339168087 -0.32624927255314851 0.018861219251149055 0.025627501793202404 9062.6550000000007 0.011019775335944103 0.039002211341640954 0.013193975585450952 0.22552318194787471 -0.440864695140744 0.18278196377235117 1.1569044573236569
decision_type=2 2 2 2 2 2 2 2 2 2 2 2 2 2 2 2 2 2 2 2 2 2 2 2 2 2 2 2 2 2 2 2 2 2 2 1 2 2 2 2 2 2 2 2 2 2 2 2 2 2 2 2 2 2 2 2 2 2 2 2 2 2
left_child=1 3 4 13 11 10 23 25 20 12 44 26 19 -1 15 49 61 -11 55 -8 46 27 43 33 53 40 31 38 39 -17 -22 45 60 34 58 -25 -37 -12 59 -19 -4 42 -20 -10 48 -2 47 -6 -3 -15 -51 -29 -48 -18 -35 -16 -57 -58 -5 -14 -9 -7
right_child=2 5 7 6 8 16 9 32 22 17 37 -13 21 14 18 29 24 28 41 -21 30 -23 -24 35 -26 -27 -28 51 -30 -31 -32 -33 -34 54 -36 36 -38 -39 -40 -41 -42 -43 -44 -45 -46 -47 52 -49 -50 50 -52 -53 -54 -55 -56 56 57 -59 -60 -61 -62 -63
leaf_value=0.74972090688028814 -0.18460727011499167 -0.20411128042638305 -1.1106955439832513 0.57693785730857228 0.33620604634722617 0.07664656626342578 0.27217403584793726 -1.8243099672862533 -0.69869843768819206 -1.3015911768658093 0.022590825491806341 -1.4656150657347797 0.28202335908629306 0.69859181391540925 0.78674698858881142 -0.014419490218137827 -0.60909339670769003 0.17406372284690974 0.50274945077423694 0.91962063579949371 0.15421741445232365 -0.95223478132794659 -0.97571825119519817 0.41605136586768188 -1.2272390634827572 -1.565811992297689 -1.1478264343841862 0.0082183949930697709 -0.72689743679156882 -0.98415947651880686 -0.68965555409947565 -1.1274688727394115 -1.9642839965031891 0.68648219634924046 0.075200694330336756 0.30187797292348528 -0.34500336479237592 -0.52899107109775556 -0.86221840521005488 -0.33049189783228283 -1.5819211469724845 0.35599412957431653 0.94205763410934262 0.0072254700267135544 -0.12849621765420191 -0.71982706613815495 0.21568753746539993 1.3260307239188303 0.51118176191895803 0.75068479956369272 0.1187944293138401 0.46769856378083274 -0.44102851923424391 -1.0826040342994392 0.31188031114525366 0.70930461049522531 0.3816233967637111 -0.66256941666800862 0.072377348091724691 -0.20332334859367696 -1.5149114027690167 -0.62186373229988801
leaf_weight=31528 704 350 3744 3605 1047 687 2653 2937 712 343 1089 2141 834 1840 11646 1093 2594 1710 4207 1412 515 319 1838 3051 1635 4343 2481 1089 665 339 937 1128 6491 6829 1713 1400 1046 1791 325 1347 1055 5308 1420 702 703 2651 983 186 2191 586 1369 1795 471 794 1126 1496 350 217 604 1577 2315 402
leaf_count=31528 704 350 3744 3605 1047 687 2653 2937 712 343 1089 2141 834 1840 11646 1093 2594 1710 4207 1412 515 319 1838 3051 1635 4343 2481 1089 665 339 937 1128 6491 6829 1713 1400 1046 1791 325 1347 1055 5308 1420 702 703 2651 983 186 2191 586 1369 1795 471 794 1126 1496 350 217 604 1577 2315 402
internal_value=0.000584737 0.428404 -1.2249 0.53226 -0.699882 -0.376597 0.291515 -1.63959 -0.304372 0.0797695 0.00578149 -1.02094 0.219875 0.663391 0.572271 0.294347 -0.759726 -0.265032 0.631219 0.497068 0.00873655 0.0301484 -0.702882 0.44528 -0.885151 -1.38128 -0.884229 0.08591 -0.169508 -0.243988 -0.390348 -0.738347 -1.84069 0.525442 0.380344 0.242912 0.0251448 -0.320424 -0.133646 -0.0482576 -1.21429 0.48856 0.613611 -0.348233 0.295385 -0.607519 0.224394 0.485523 0.412657 0.497481 0.3082 0.294199 0.00295489 -0.720064 0.633459 0.745012 0.509409 -0.018006 0.504532 -0.0354349 -1.68793 -0.181206
internal_weight=144459 107078 37381 94842 16496 12236 33443 20885 7391 14069 6124 9105 10004 61399 29871 5227 6112 4065 24644 4065 4139 5939 3252 19374 5023 9142 6964 5620 3722 1432 1452 4483 11743 13877 5922 5497 2446 2880 2736 3057 4799 10935 5627 1414 3244 3355 2687 1233 2541 3795 1955 2884 1454 3388 7955 13709 2063 567 4209 2411 5252 1089
internal_count=144459 107078 37381 94842 16496 12236 33443 20885 7391 14069 6124 9105 10004 61399 29871 5227 6112 4065 24644 4065 4139 5939 3252 19374 5023 9142 6964 5620 3722 1432 1452 4483 11743 13877 5922 5497 2446 2880 2736 3057 4799 10935 5627 1414 3244 3355 2687 1233 2541 3795 1955 2884 1454 3388 7955 13709 2063 567 4209 2411 5252 1089
cat_boundaries=0 1
cat_threshold=12
is_linear=0
shrinkage=0.05


Tree=16
num_leaves=63
num_cat=4
split_feature=62 62 38 46 46 119 119 46 125 62 125 38 118 38 119 36 125 118 127 118 119 93 136 74 136 136 96 36 136 125 68 80 121 92 118 115 125 115 68 74 58 125 23 115 121 84 125 36 80 58 127 100 107 74 125 121 121 80 111 123 84 127
split_gain=2.71058e+07 3.11918e+06 2.61172e+06 1.23265e+06 773526 579720 486513 473365 338422 310346 296264 292919 222719 214004 210762 174940 138985 134340 133676 131561 130197 126133 121924 120468 114499 112567 108885 108212 101712 101143 100692 99838.9 96494.9 94992.6 93517.5 87312.8 79438.2 78476.5 77669.4 75532.2 74777.9 72336.5 69670.6 64046.7 63983.2 61342.9 59218.3 59062.3 58336.3 58186.7 57486.4 56262.9 55307.7 53907.8 53840.7 53676.1 51356.9 51344.9 50988.8 48003.2 47600.8 47483.8
threshold=0.49163230410034042 -0.094549662550914529 1.0270603942265244 0.22047034980306554 1.0282967574650779 0.020761609160606102 0.018428465872094204 0.19235974644032158 0.017032172955652302 1.2845481389631304 0.011027482837092801 0.40835052970792513 0.033339632358688857 0.46871047403451088 0.024949890144253004 0.39225825081057547 0.018025783838359302 -1.0000000180025095e-35 0.021188986657664052 0.060501880056624262 0.026432172017346704 0.39142804511174384 0 -0.099576420990319145 1 2 -0.79215239379638269 -0.23033753979334493 3 -0.0091419981779934986 -0.57336839119516059 -0.18287971689937474 0.016466974511260956 0.26734308399513435 -1.0000000180025095e-35 0.017534569773677254 -0.012402557936078298 0.019377394462646354 -0.60310726513005786 0.14168183519534686 0.91583210252225911 0.019941940948243305 0.23580066557462973 0.024496463734987952 -0.016479347246680896 0.68472321930467805 0.019941940948243305 1.4678177225878126 0.63044941462630466 -0.21422451311308663 0.028759203872877805 -0.43461339962966 0.0061186899800436513 0.16360258417576293 -0.0065369264608449986 -0.0058597075741698987 -0.00297489292689425 -0.58375175879661956 -0.0048065493878488496 0.011663706095905151 0.21989068834264544 0.013872514819274852
decision_type=2 2 2 2 2 2 2 2 2 2 2 2 2 2 2 2 2 2 2 2 2 2 1 2 1 1 2 2 1 2 2 2 2 2 2 2 2 2 2 2 2 2 2 2 2 2 2 2 2 2 2 2 2 2 2 2 2 2 2 2 2 2
left_child=1 7 4 5 6 13 15 12 21 20 38 19 17 25 16 42 27 41 52 34 53 32 45 -12 54 -3 -16 -14 60 -21 -25 33 51 56 -7 -18 -28 -10 -9 -40 -30 50 58 -6 -23 -15 59 -11 -32 -33 -1 -5 -8 -4 -13 -29 -27 -56 -2 -38 -17 -31
right_child=2 3 9 8 43 11 18 10 37 47 23 24 14 22 26 28 35 -19 -20 29 -22 44 -24 30 -26 31 36 55 40 61 48 49 -34 -35 -36 -37 46 -39 39 -41 -42 -43 -44 -45 -46 -47 -48 -49 -50 -51 -52 -53 -54 -55 57 -57 -58 -59 -60 -61 -62 -63
leaf_value=0.66831410108514167 -0.12272270973811106 0.52971166329198938 -1.372560462689691 -0.41330691644204259 -0.92978099636574685 -0.034085091300675781 -0.41667528098695289 0.69076457677756931 -0.49379796237658219 -1.6424196257634323 -0.67428420455574445 -0.86844620566107023 0.64962168011809529 0.30033148424774264 0.6046500643578715 0.12202630663715375 0.25059725955794065 0.84444674485107551 -1.2595273265635039 -0.98136144260078972 -1.5571001762587982 -1.157228467174727 -0.40938860488535112 0.61592545099721874 -1.0832121575706546 0.27096632160289291 -0.9764141079038382 0.16725269679136343 -0.027107012179590689 0.080758952029594211 0.043266712385983667 0.31664465863646551 -0.55417028844217497 -0.1205954769754356 0.7620203040550495 -0.84352140049844737 0.21416677770940007 -0.95875645939641019 0.12384855282578702 0.59824523931498352 -0.60908049377850926 0.055124296311632098 -0.42702528137543672 -1.3701833922418576 -0.39697326623698653 -0.35972605078923903 -0.91068228481626012 -1.8777291151983204 -0.5451130371893993 -0.27768384221349662 0.33488386836033263 0.2444086100445409 -0.8648622592276255 -1.0088851404255197 0.75919956503492414 0.50052148260527829 0.58905894363930889 -0.34219972019983552 0.34744951594367918 -0.50635854987961837 -0.89160661988376466 -0.41905134895360141
leaf_weight=22363 948 7650 1802 389 1067 751 1082 2115 1297 4864 810 242 19270 2004 1064 127 802 11378 1682 388 4413 332 1334 563 1150 2387 190 1693 1382 1306 1328 637 643 887 725 236 2222 3022 2165 1370 919 524 630 3648 1663 427 142 5903 617 1165 1372 1981 1892 2345 165 4219 2709 295 1472 258 1316 747
leaf_count=22363 948 7650 1802 389 1067 751 1082 2115 1297 4864 810 242 19270 2004 1064 127 802 11378 1682 388 4413 332 1334 563 1150 2387 190 1693 1382 1306 1328 637 643 887 725 236 2222 3022 2165 1370 919 524 630 3648 1663 427 142 5903 617 1165 1372 1981 1892 2345 165 4219 2709 295 1472 258 1316 747
internal_value=-0.000396092 0.390392 -1.20052 -0.0043599 -0.73153 0.178845 -0.509578 0.571627 -0.494813 -1.59278 0.230867 -0.260675 0.618117 0.310908 0.517967 -0.239768 0.56884 0.702696 -0.903283 -0.015691 -1.36807 -0.215116 -0.0270802 -0.144147 -0.778818 0.393352 0.173826 0.592211 -0.468767 -0.241019 0.0270692 0.258344 -0.0109308 0.356943 0.356956 0.0018381 0.0108117 -0.819129 0.451096 0.307702 -0.258419 0.636211 0.0413373 -1.27052 -0.523492 0.183638 0.0823498 -1.77143 -0.143381 -0.067591 0.64904 0.136454 -0.701803 -1.16691 -0.261018 0.405084 0.440062 0.0528674 0.163266 0.139209 -0.796873 -0.101101
internal_weight=144489 108997 35492 34296 16165 24969 11450 74701 9327 19327 8968 5769 65733 19200 30096 6794 26220 35637 4656 3917 8560 5008 3765 3318 1852 15435 3876 25182 3744 2441 2508 7785 3013 5983 1476 1038 2812 4319 5650 3535 2301 24259 3050 4715 1995 2431 2622 10767 1945 1802 23735 2370 2974 4147 702 5912 5096 460 2420 2480 1443 2053
internal_count=144489 108997 35492 34296 16165 24969 11450 74701 9327 19327 8968 5769 65733 19200 30096 6794 26220 35637 4656 3917 8560 5008 3765 3318 1852 15435 3876 25182 3744 2441 2508 7785 3013 5983 1476 1038 2812 4319 5650 3535 2301 24259 3050 4715 1995 2431 2622 10767 1945 1802 23735 2370 2974 4147 702 5912 5096 460 2420 2480 1443 2053
cat_boundaries=0 1 2 3 4
cat_threshold=12 12 12 3
is_linear=0
shrinkage=0.05


Tree=17
num_leaves=63
num_cat=2
split_feature=50 46 50 36 74 115 50 118 107 80 106 106 50 50 125 62 74 115 113 127 127 125 119 103 136 89 125 125 127 125 58 80 118 34 125 36 74 125 118 120 125 127 107 80 119 107 136 111 87 103 38 23 111 77 123 125 107 115 34 103 84 77
split_gain=2.4714e+07 2.90046e+06 2.65032e+06 979923 668742 660834 458027 371641 308078 277136 208756 220665 206360 186089 178130 159813 149172 138494 126174 119846 115109 114805 107299 101725 100748 97696.1 96004.5 95158 90557 87034 79822.8 79790 77372.7 73411.4 71995.8 71328.5 70339.4 65916 65572.5 59412.6 108960 57211.9 56679.4 56587.1 56066 54064.3 52488.4 51753 51303.1 51060.9 48980.2 48480.4 45441.1 43698.9 47867.6 42467.8 42434.6 41906.9 40589.3 40384.5 40362.9 40242.3
threshold=0.50602033541500246 0.33787934918794099 0.94741007836610447 -0.20047115210169783 0.14168183519534686 0.018116437957623004 1.4292929340267899 0.14742875580366857 0.023524940544117454 -0.16739078527008758 1.0000000180025095e-35 -1.0000000180025095e-35 -0.010870845078228797 -0.19157828218434622 0.027680197490101203 -0.4265025639211833 -0.20418938557684876 0.034341718112198355 0.019190671004390304 0.0048351716408153002 0.023221076063857704 -0.0060495372244530497 0.014833396990602302 0.016631407749643102 0 0.12406765933692872 -0.0045279195217662492 0.011027482837092801 0.0076558146247209507 0.024671680771849305 1.7468173823535105 -0.83725107440051338 1.0000000180025095e-35 -0.4310228343686735 0.023402364655231152 0.47378398340360889 0.14168183519534686 -0.0096251964611980493 -0.0089336400883282489 0.25150386799746255 0.016745683929637753 0.0099122710038553521 0.00118249865158905 0.63044941462630466 0.030920979615049905 0.020072895612905105 1 0.022869629357392802 0.34751359223920675 0.029768095866418254 0.70175093354891482 2.3262482037254846 -0.0070215688515735493 0.17211507435635803 0.0034822752186888504 -0.0080451558914313975 0.024402149538143902 0.017249232244040655 0.13240840594535488 0.01411524304371565 0.61958902963740414 0.12769080511148809
decision_type=2 2 2 2 2 2 2 2 2 2 2 2 2 2 2 2 2 2 2 2 2 2 2 2 1 2 2 2 2 2 2 2 2 2 2 2 2 2 2 2 2 2 2 2 2 2 1 2 2 2 2 2 2 2 2 2 2 2 2 2 2 2
left_child=1 3 4 15 14 12 17 10 18 19 11 56 33 43 23 39 27 20 28 60 42 52 45 35 -18 -11 59 -17 34 -15 51 -26 38 -3 57 -2 -35 -30 -33 -1 -41 -24 61 -7 -34 -12 -39 -42 -14 -23 -28 -8 -10 -29 -55 -25 -5 -9 -48 -21 -6 -4
right_child=2 5 6 7 9 13 30 8 21 25 22 -13 48 29 -16 16 24 -19 -20 26 -22 49 41 55 31 -27 50 53 37 -31 -32 32 44 36 -36 -37 -38 46 -40 40 47 -43 -44 -45 -46 -47 58 -49 -50 -51 -52 -53 -54 54 -56 -57 -58 -59 -60 -61 -62 -63
leaf_value=0.68534604030181823 -0.32217086675978568 0.51101072151347482 0.3301594846194314 0.44278053262137718 0.53390509889917437 0.077624825040537762 -1.4883731996978768 0.40865024930721461 -1.2972533163500024 -0.36481674539099918 0.40603833237951115 0.90449442749370912 -0.22230477732988996 -0.61925170912304617 -1.2996177692873643 0.34102598500837011 0.66498230398539593 -1.5137100618053621 -0.63193267686292531 -0.30839037831539096 -1.3612926301363286 -0.071572065392137618 0.12442432734615481 -1.3842875544504765 0.78269047355300903 -0.97002428193925661 0.28730458012728216 0.47775630155727272 -0.49395045625666784 -1.0437938322562992 -1.8428872726140662 0.39286988344799068 0.26973815779023769 -0.098209908344231142 -0.85920219581481838 -0.79266251385167563 0.47922878583647582 -0.077762260272344036 0.84918092196260442 0.5901850504638374 0.13886085413734406 -0.45177495383250454 -1.0266540197190011 -0.53225396322127005 -0.35547054188627036 0.091066416924424132 0.49831251926802222 -0.98076988162956846 -0.86162749943169925 -0.64567863201590803 -0.33098707359771545 -1.7459943129597921 -0.53243583948190076 -0.20611783976320985 -1.1115630861085195 -0.88425396328667272 0.016416611469833666 -0.10054774745099847 0.051990860717054055 -1.0859277236390044 0.04855667016009417 -0.70813549044232638
leaf_weight=33928 1558 1673 107 5870 1149 849 5904 5682 374 1792 5012 3255 2275 2466 2020 1222 7611 2617 446 335 2599 1780 1033 520 1295 1062 796 125 492 2365 3824 2835 3795 1693 121 1668 766 1785 1090 7735 551 739 4127 689 396 1871 1112 127 364 495 536 2644 404 388 234 2315 648 435 940 333 683 730
leaf_count=33928 1558 1673 107 5870 1149 849 5904 5682 374 1792 5012 3255 2275 2466 2020 1222 7611 2617 446 335 2599 1780 1033 520 1295 1062 796 125 492 2365 3824 2835 3795 1693 121 1668 766 1785 1090 7735 551 739 4127 689 396 1871 1112 127 364 495 536 2644 404 388 234 2315 648 435 940 333 683 730
internal_value=0.000227613 0.386749 -1.10764 0.484184 -0.586927 -0.308988 -1.44861 0.262187 0.0686413 -0.217011 0.40992 0.568289 0.0349084 -0.67459 -0.892985 0.601799 0.481284 -1.2002 0.191846 0.060799 -1.09171 -0.37579 0.231094 -0.757463 0.528945 -0.59002 -0.20682 0.0692604 0.226615 -0.827085 -1.653 0.417776 0.360064 0.255504 0.348549 -0.565438 0.0816673 0.0509097 0.519591 0.655853 0.536911 -0.115875 -0.950567 -0.195591 0.210663 0.32042 0.120774 -0.0708635 -0.310487 -0.196488 0.0385025 -1.56806 -0.900099 -0.375315 -0.546752 -0.975971 0.400393 0.37244 0.292432 -0.695995 0.352959 -0.575402
internal_weight=144285 106966 37319 93826 14767 13140 22552 32494 14066 6686 18428 9773 6771 6369 8081 61332 18991 10180 11013 3832 7563 3053 8655 6061 17022 2854 2000 1969 10567 4831 12372 9411 8116 4132 6238 3226 2459 4329 3925 42341 8413 1772 4964 1538 4191 6883 3837 678 2639 2275 1332 8548 778 747 622 2835 6518 6117 2052 668 1832 837
internal_count=144285 106966 37319 93826 14767 13140 22552 32494 14066 6686 18428 9773 6771 6369 8081 61332 18991 10180 11013 3832 7563 3053 8655 6061 17022 2854 2000 1969 10567 4831 12372 9411 8116 4132 6238 3226 2459 4329 3925 42341 8413 1772 4964 1538 4191 6883 3837 678 2639 2275 1332 8548 778 747 622 2835 6518 6117 2052 668 1832 837
cat_boundaries=0 1 2
cat_threshold=12 2
is_linear=0
shrinkage=0.05


Tree=18
num_leaves=63
num_cat=2
split_feature=50 46 62 36 125 107 50 119 119 127 50 80 62 50 125 106 115 106 119 136 125 70 106 106 127 92 40 106 80 111 50 107 121 125 58 120 115 111 106 50 93 107 127 96 56 121 136 125 40 79 40 125 50 93 131 93 102 68 86 46 77 115
split_gain=2.2386e+07 2.58495e+06 2.38214e+06 876390 660526 516827 407507 339003 252637 230867 206058 193707 188712 174523 156355 140230 129362 125548 124663 122689 120249 112503 107563 90590.9 87404.1 87219.6 82257.1 79768.6 74655.1 71174.9 70871.5 67972.7 67477 72268.4 66727.7 66564 111282 64300.4 63679 62269.4 60855.5 59681.7 58544.1 56839.4 54936.7 53901.1 53536.7 51715 51234.4 50758.8 55113.4 49162.1 49018.9 47568.1 47293.8 45696.4 45281.3 45054.2 46330.1 44860.4 44196.6 43822.1
threshold=0.50602033541500246 0.31177470110339917 0.81378850922785717 -0.10926668366551574 0.012149486559475 0.011635815212554251 1.4292929340267899 0.0098040895439000502 0.025842685481425754 0.0084861028948326513 -0.27495829902588881 -0.20392221410203756 -0.41730225598857429 0.13988474245962293 0.040283279165406409 0.0076362801255016504 0.032410740349900553 -1.0000000180025095e-35 0.0081452632415505016 0 -0.0098790379310436469 0.51605016842289897 0.058243927970229308 0.051160429417197256 0.023606156577312253 0.52365667521003711 0.088839974028336668 -1.0000000180025095e-35 -0.38201746255589714 -0.014941837995381549 -0.4389138824404985 0.023227988217037154 -0.020121909060480097 0.019941940948243305 1.6625301913820454 0.25150386799746255 0.019377394462646354 0.022095051709246857 -1.0000000180025095e-35 0.78744962134995744 0.38973740536125895 0.028484710116106152 0.015594777454455351 -0.81396534026647371 1.0082328863327314 0.027074815392441602 1 -0.0093819283160152481 0.073644802153074021 0.24103810546099416 0.042497604400602705 0.017032172955652302 0.82587044091575013 0.39142804511174384 0.028599115989782053 0.40944178441939261 0.05910070088890796 -0.75543784972629657 -0.019296068245981197 2.5471100496579884 0.12421415951108421 0.022502021915822106
decision_type=2 2 2 2 2 2 2 2 2 2 2 2 2 2 2 2 2 2 2 1 2 2 2 2 2 2 2 2 2 2 2 2 2 2 2 2 2 2 2 2 2 2 2 2 2 2 1 2 2 2 2 2 2 2 2 2 2 2 2 2 2 2
left_child=1 3 5 12 13 11 14 22 21 28 57 19 35 30 24 17 37 47 -14 39 -17 26 27 38 45 -21 -7 -5 -9 -22 -3 54 -25 48 59 55 51 40 61 -2 -12 -31 -10 -38 46 52 -13 -11 -34 50 -32 -37 -4 -15 -24 -1 -30 -6 -59 -8 -41 -20
right_child=2 4 6 7 10 8 34 9 42 15 16 44 18 53 -16 20 -18 -19 23 25 29 -23 31 32 -26 -27 -28 -29 56 41 49 -33 33 -35 -36 36 43 -39 -40 60 -42 -43 -44 -45 -46 -47 -48 -49 -50 -51 -52 -53 -54 -55 -56 -57 -58 58 -60 -61 -62 -63
leaf_value=0.69967009629092325 0.41716071767637042 0.47342608206347264 -0.58877353536065125 0.39883690119207976 0.68581419794900089 -0.71804068566145429 -1.4171263487102181 0.42976774365967263 -0.92651170695610618 -0.87751123245822993 -0.23925359270745036 -0.099193389168527879 0.54683649036930404 -0.14999385439699089 -1.5031638735793194 -1.2572274150131229 -1.0405618102311485 0.81524418674618282 0.37768531504349701 -0.018977167138802833 -0.9254995177994515 -0.83878166257237163 0.37324886555706582 -0.66691169638389325 -1.3049996087793261 -0.84199235666083416 -0.12591864848724516 0.75250099516518676 0.24805175599314519 -0.048555849062361045 -0.089886724429445675 -0.040829156455167173 0.09677120536981082 -0.71720719676518785 -1.725689528971923 0.57521743371580247 0.39970121323307861 -0.87202981354225884 0.74872948436956754 0.70896627878546725 -0.68251181012183038 -0.71563888016334753 -1.3121400362811497 -0.6225617280189053 -0.91148328991238403 -1.280208296337338 -0.6197691182315942 -0.036089960561657794 0.44886879691444248 -0.65956151734984092 0.39429549817858633 0.063617188846319922 -0.96222602460524875 -0.76593610261210465 -0.011778609786813318 0.58454450067586672 -0.11172247980488335 0.52560696733139811 -0.27597586222677745 -1.7171021051899733 -0.32556663560123511 -0.66353872816006731
leaf_weight=20642 1561 2215 1173 6367 175 928 5565 2302 2026 213 1786 859 12579 843 2426 438 1927 428 3565 759 435 2107 4943 239 2288 559 1594 2127 1702 1360 1169 1788 2552 207 4766 7718 237 1123 1360 125 1367 445 1914 319 728 958 1201 1280 1736 209 1182 500 3502 499 951 14799 1799 210 1273 1606 593 104
leaf_count=20642 1561 2215 1173 6367 175 928 5565 2302 2026 213 1786 859 12579 843 2426 438 1927 428 3565 759 435 2107 4943 239 2288 559 1594 2127 1702 1360 1169 1788 2552 207 4766 7718 237 1123 1360 125 1367 445 1914 319 728 958 1201 1280 1736 209 1182 500 3502 499 951 14799 1799 210 1273 1606 593 104
internal_value=0.00201419 0.369145 -1.05402 0.464302 -0.264884 -0.565838 -1.38162 0.221586 -0.819573 -0.00109719 -0.56808 -0.225314 0.561225 0.124754 -1.15196 -0.265696 -0.700428 0.0602912 0.442785 0.0171449 -0.499534 -0.569101 0.364783 0.308722 -1.04439 -0.365269 -0.343797 0.487399 0.208603 -0.351378 0.266339 0.229207 0.151741 0.195269 -1.58068 0.621073 0.497774 -0.547145 0.456495 0.238859 -0.431431 -0.213017 -1.11384 -0.186813 -0.538127 -0.938538 -0.406184 -0.156132 0.239318 0.0871607 0.153543 0.544091 -0.868523 -0.379022 0.311124 0.651597 0.0631806 -0.0729326 -0.162468 -1.48431 -0.14546 0.348171
internal_weight=144351 107113 37238 93135 13978 14954 22284 26578 8569 10402 7861 6385 66557 6117 10347 4599 6203 1921 22342 3597 2678 4629 16176 9763 7921 1318 2522 8494 5803 2240 4775 7682 4734 4495 11937 44215 8774 4276 5029 2279 3153 1805 3940 556 2788 5633 2060 1493 4288 2560 2351 8218 4675 1342 5894 35441 3501 1658 1483 7171 718 3669
internal_count=144351 107113 37238 93135 13978 14954 22284 26578 8569 10402 7861 6385 66557 6117 10347 4599 6203 1921 22342 3597 2678 4629 16176 9763 7921 1318 2522 8494 5803 2240 4775 7682 4734 4495 11937 44215 8774 4276 5029 2279 3153 1805 3940 556 2788 5633 2060 1493 4288 2560 2351 8218 4675 1342 5894 35441 3501 1658 1483 7171 718 3669
cat_boundaries=0 1 2
cat_threshold=12 8
is_linear=0
shrinkage=0.05


Tree=19
num_leaves=63
num_cat=1
split_feature=50 46 38 50 119 46 107 125 50 74 106 106 111 93 127 90 125 136 38 46 62 121 56 115 127 113 127 120 120 36 50 119 125 100 40 113 74 87 115 80 114 125 121 74 103 107 113 113 80 123 121 42 94 95 111 115 50 83 125 111 90 103
split_gain=2.0312e+07 3.38214e+06 1.66077e+06 962317 503002 284853 274220 272356 262415 374657 240962 241626 227413 197220 163873 144577 138629 136596 124382 122650 109526 107898 105055 102402 110154 93629.1 90273.4 85006.4 98097.8 83963.7 82365.1 78821.2 78252 72798.5 77876.6 69927.5 65309.2 65034.5 64535 61525.2 58031.1 95001.9 57844.3 57768.5 57094.3 55111.6 54536.3 54312.2 53910.9 53612.8 79258.8 69914.4 52470.9 52409 51261.8 45286.5 44740.2 43035.6 42970.4 42735.2 41386.4 40488.6
threshold=0.71693406298280771 0.62489316300888942 -0.10085785454259179 1.2790784226395118 0.018428465872094204 -0.0066645785739260993 0.016668055196572905 0.024671680771849305 -0.60688352714022076 -0.11032793490870839 0.014577038861325753 -1.0000000180025095e-35 0.019540700335145753 0.39315708618600814 0.0046541622040517511 -0.81282470166538678 -0.010148232124606449 0 0.75556981226942421 0.17339078780785785 1.504230583011104 -0.0010712682243094998 -0.032895806523790198 0.031450836272925504 0.015865751712973605 0.013134106322062402 0.017521664008542801 -0.010810050543406247 1.0000000180025095e-35 0.33980391323557457 0.070309354985134812 -0.0036552871057359995 -0.010725385231536348 -0.54701614335327109 -0.067345159246231676 0.00032066179336075006 0.081129666766626765 0.24129434510863942 0.056525323969409208 -0.20904206878757622 0.08649295659521701 0.017356476450846103 0.010754924200543652 0.14168183519534686 0.0023149240826236504 0.038302198405588857 0.025632691370479552 0.0015547083951123503 -0.61035857400982352 0.0013951670259210003 0.010498867683111651 0.36638981519518382 0.19166479041303056 0.30555021143436295 -0.0019655831995137496 0.0086002356873823519 0.26515828893923366 0.43657428757894889 -0.0040925400389313993 -0.0037745043153620994 -0.71396663592313814 0.03425664732182486
decision_type=2 2 2 2 2 2 2 2 2 2 2 2 2 2 2 2 2 1 2 2 2 2 2 2 2 2 2 2 2 2 2 2 2 2 2 2 2 2 2 2 2 2 2 2 2 2 2 2 2 2 2 2 10 10 2 2 2 8 2 2 2 2
left_child=1 2 8 6 5 14 19 30 40 12 11 32 22 49 44 -15 -12 33 21 26 45 31 -10 24 -8 29 52 46 -29 36 57 -16 -6 -7 -35 -14 48 -24 56 -34 -1 -42 -43 -32 -4 -5 61 -39 -18 -11 -51 -52 59 -46 58 -53 -9 -3 -33 -2 -44 -17
right_child=3 7 4 20 10 17 23 38 9 13 16 -13 35 15 18 27 25 -19 -20 -21 -22 -23 37 -25 -26 -27 -28 28 -30 -31 43 54 39 34 -36 -37 -38 47 -40 -41 41 42 60 -45 53 -47 -48 -49 -50 50 51 55 -54 -55 -56 -57 -58 -59 -60 -61 -62 -63
leaf_value=0.63713350886930897 -0.39401428153776202 0.12455059497915622 0.57032232027264607 -1.2226110625631255 -1.0398384347843364 -0.4443486168019658 -0.74405134745415813 -0.63517709066524564 0.5083765600429051 0.68564173796461225 -1.1288803787246673 0.80416536902272018 0.35799594527954681 0.73894726774564368 0.32839071684736121 0.21112232841058193 0.22127790560577801 -0.42421553797335199 -0.53966504773723978 -0.88758553653492511 -1.5911134112334329 0.39252218316916915 0.20642167343744089 -1.3356880012162615 -1.1787964689757338 -0.99341341006969985 -0.78214721364392481 0.77767568943707621 0.28950343830007019 -0.64489486273537977 -0.68416989187437172 -0.59931201017566449 0.16968805362783568 -0.35689658074445779 0.29003003599255472 -0.84823864090590662 0.14947829175644436 0.089591102584293397 -1.3893477137834749 -0.36224437955573918 0.54625561089806141 0.3762603140933567 0.56190168024545695 -0.18377691736639348 0.38927390078844087 -1.4933101302049954 -0.68836906656398256 -0.70520398792098549 -0.4945992550233691 0.57785672641074315 0.6411720147793708 0.30065861344020423 -0.93883249865223972 -0.075116162418349633 0.11717268612725221 -0.5797265989522552 -1.0009433523950089 -0.34353451459249862 -0.095180690233100163 0.064057234999815624 -0.69269066641130783 -0.18987582246289472
leaf_weight=26402 985 897 4419 5086 235 566 3099 1446 1342 8234 685 857 139 1895 1566 4495 334 2141 622 2406 7183 3785 1001 2411 2750 521 1155 1321 4657 1118 2137 667 1160 569 2550 886 1183 363 652 1023 15342 498 83 790 4319 2983 199 527 1237 3788 345 235 240 707 1469 386 1982 1085 1154 1054 316 732
leaf_count=26402 985 897 4419 5086 235 566 3099 1446 1342 8234 685 857 139 1895 1566 4495 334 2141 622 2406 7183 3785 1001 2411 2750 521 1155 1321 4657 1118 2137 667 1160 569 2550 886 1183 363 652 1023 15342 498 83 790 4319 2983 199 527 1237 3788 345 235 240 707 1469 386 1982 1085 1154 1054 316 732
internal_value=0.000220587 0.299719 0.378633 -1.17383 0.0834954 0.197594 -0.876076 -0.631489 0.511256 0.399391 -0.251629 0.0827694 -0.0357044 0.469868 0.292669 0.334525 -0.467295 -0.107705 0.14324 -0.613839 -1.4491 0.192397 0.170043 -1.06148 -0.948454 -0.364134 -0.422041 0.267323 0.397378 -0.279461 -0.38058 0.03641 -0.172911 0.0771316 0.172011 -0.684661 -0.131111 -0.070065 -0.93338 -0.0795867 0.591388 0.517013 0.016862 -0.549113 0.439219 -1.32268 0.124036 -0.381035 -0.342401 0.608452 0.474759 0.070481 -0.239538 0.323949 -0.102569 -0.24657 -0.846656 -0.131692 -0.279835 -0.157228 -0.43171 0.154966
internal_weight=144414 115062 106073 29352 32887 24534 14100 8989 73186 30545 8353 3275 4258 26287 18708 13299 5078 5826 9263 5840 15252 8641 3233 8260 5849 4393 3434 11404 5978 3872 4909 4856 2418 3685 3119 1025 2754 1891 4080 2183 42641 16239 897 2927 9445 8069 5426 890 1571 12988 4754 966 2279 5026 3290 621 3428 1982 1821 2039 399 5227
internal_count=144414 115062 106073 29352 32887 24534 14100 8989 73186 30545 8353 3275 4258 26287 18708 13299 5078 5826 9263 5840 15252 8641 3233 8260 5849 4393 3434 11404 5978 3872 4909 4856 2418 3685 3119 1025 2754 1891 4080 2183 42641 16239 897 2927 9445 8069 5426 890 1571 12988 4754 966 2279 5026 3290 621 3428 1982 1821 2039 399 5227
cat_boundaries=0 1
cat_threshold=12
is_linear=0
shrinkage=0.05


Tree=20
num_leaves=63
num_cat=0
split_feature=36 62 62 46 119 46 127 38 125 119 119 38 23 115 84 74 119 123 80 74 107 124 119 107 68 107 125 74 124 28 125 127 68 106 79 40 80 103 127 96 107 113 121 121 93 100 106 34 125 120 58 111 114 121 115 106 124 125 76 121 93 103
split_gain=1.83334e+07 2.20715e+06 1.83013e+06 760509 509209 448829 377330 276856 272917 199169 187142 185264 168784 164885 149574 137186 134402 118434 113955 113507 103549 100591 100018 99488.7 93828.4 86669.5 80243.6 73998.3 70685.5 70064.8 69808.4 68925.1 68565.8 68545.9 66619.9 70520.1 65190.9 63424.3 67986.6 63332.1 62941.6 62765.4 62493.7 60452.1 60323.2 59551.2 56225.9 53083.2 50689.8 49659.9 49383.8 45346.1 63767.2 54772.3 43737 42527.9 40946.4 40514.4 40470.3 39654.2 39084.2 38952.5
threshold=0.47378398340360889 0.018992608921431755 0.81378850922785717 0.28577990005600623 0.020761609160606102 0.19235974644032158 0.015594777454455351 1.4103635442636897 0.010500147550235353 0.020761609160606102 0.0022687153259874008 -0.60790678063419712 0.3656664207220357 0.019046254554134202 0.70239136047451034 0.089324032954472013 0.004786085394745101 0.010624204903435802 -0.90620912821564692 -0.11032793490870839 0.00022790016209295002 -0.028859842030977047 0.029462050292221053 0.010973638726519902 -0.57336839119516059 0.0028447522323042508 -0.0068780274543425992 0.14168183519534686 1.0000000180025095e-35 1.7470364028568095 -0.0063765606928521991 1.0000000180025095e-35 -0.6383928819840059 0.08563201335788026 0.23619077572730648 0.049531845836276255 -0.38676760943304694 -0.0014806691876431998 0.016951776734006056 0.091158479814675855 0.032470511734688706 0.0026803571792694504 -0.019564217729123097 0.0151460709088786 0.35352053046251403 -0.43461339962966 -1.0000000180025095e-35 0.06910102987153717 0.0083486300770848516 -0.010810050543406247 1.7468173823535105 0.0096862673710275023 0.20513629098317379 0.014742669539819403 0.026903411306699102 0.058243927970229308 -1.0000000180025095e-35 -0.0052469663356599491 0.10147264901852517 0.024510323240199354 0.35596153918283141 0.031696328035209061
decision_type=2 2 2 2 2 2 2 2 2 2 2 2 2 2 2 2 2 2 2 2 2 2 2 2 2 2 2 2 2 2 2 2 2 2 2 2 2 2 2 2 2 2 2 2 2 2 2 2 2 2 2 2 2 2 2 2 2 2 2 2 2 2
left_child=1 5 4 6 12 10 16 22 32 33 -1 51 14 27 25 18 -3 -17 39 59 -18 57 29 -6 -21 -2 31 47 56 -4 -27 -22 -7 46 35 -34 -28 -20 43 -13 -35 60 49 58 -26 -29 -8 -5 -45 -19 -9 -12 -53 -54 -14 -40 -23 -11 -39 -10 -15 -16
right_child=2 3 7 13 23 8 9 50 19 21 11 15 54 41 61 17 20 42 37 24 26 28 -24 -25 44 30 36 45 -30 -31 -32 -33 34 40 -36 -37 -38 38 55 -41 -42 -43 -44 48 -46 -47 -48 -49 -50 -51 -52 52 53 -55 -56 -57 -58 -59 -60 -61 -62 -63
leaf_value=0.58790081261042992 0.27733304456003621 0.40458851941466939 -0.84853965786578023 -0.19843496204402566 -0.58386284846181891 0.60932338797784658 0.016373839890296584 -1.3717099555750583 -0.41289830265454852 -1.2819635554268451 0.57370327852270375 0.75995631337146163 -0.48094249252123361 -0.15969105447684206 -0.4345812757759091 0.5483278408676967 0.34386776501115462 -0.95771005373989415 0.29245085814477351 0.5298978802990344 0.027607376774948442 -0.60454587268106863 -1.2646892534633609 -1.0400445490911234 0.18334886428061661 -0.67073306894397156 0.29803207156370143 -0.47989886982825658 -0.52306552910791182 -1.2598047577738325 -0.042992337461019374 -0.76100018414927362 0.099851284992994005 -0.10772524071867809 -0.39925085841473401 0.52701566477533712 -0.1079697638074123 0.025207053023305809 0.043142800428787202 -1.2443499280185235 -0.8396954809639896 -0.8846410444906927 0.24128669596893426 0.31143191294007316 -0.33053367907833886 0.28450905480155914 0.62257304396729629 -0.68300723397226204 -0.6862017811588923 0.27034238628515112 -1.5938349982456927 0.51347326192825793 0.29896304387052586 -0.41339428873911299 -0.91334461646348386 -0.51656325784052093 0.85809303638578838 -0.63933852961632154 0.36132785620702124 -1.0823635693915021 -0.69107964890917284 -1.0343206273439605
leaf_weight=32189 1727 6373 4352 1224 1694 1895 1424 7721 766 559 15023 1018 1643 603 1184 6874 2746 234 3802 638 499 66 4347 4059 882 566 1744 361 796 1359 2036 623 1980 1678 364 1887 2283 1683 595 41 356 2395 1005 192 1620 866 523 1050 378 127 3702 3442 1035 365 908 790 174 437 1914 311 812 351
leaf_count=32189 1727 6373 4352 1224 1694 1895 1424 7721 766 559 15023 1018 1643 603 1184 6874 2746 234 3802 638 499 66 4347 4059 882 566 1744 361 796 1359 2036 623 1980 1678 364 1887 2283 1683 595 41 356 2395 1005 192 1620 866 523 1050 378 127 3702 3442 1035 365 908 790 174 437 1914 311 812 351
internal_value=-0.000422362 0.322425 -0.984313 -0.0638283 -0.54319 0.453917 0.0937782 -1.27526 0.146278 -0.238439 0.498919 0.424557 -0.295343 -0.501035 -0.147647 0.311395 0.233785 0.463826 0.190773 -0.163285 0.0959097 -0.641221 -1.08397 -0.90572 -0.0113618 0.00272277 -0.0363282 -0.253328 -0.296286 -0.946405 -0.179542 -0.410274 0.359374 -0.0328492 0.247425 0.308297 0.0678602 0.135119 0.0273776 0.682358 -0.235838 -0.728652 0.0385962 0.128249 -0.149381 0.0596099 0.17921 -0.422182 -0.350157 -0.525681 -1.4437 0.530816 0.397752 0.113241 -0.634851 -0.276112 0.455867 -1.00001 0.20406 -0.606216 -0.464629 -0.57172
internal_weight=144291 108642 35649 27592 14168 81050 20281 21481 10343 6013 70707 38518 8415 7311 5864 18653 14268 8240 10413 4217 7895 2032 10058 5753 3140 4329 5149 3501 1036 5711 2602 1122 6126 3981 4231 3867 4027 9354 5552 1059 2034 3810 1366 4167 2502 1227 1947 2274 570 361 11423 19865 4842 1400 2551 1385 240 996 3597 1077 1415 1535
internal_count=144291 108642 35649 27592 14168 81050 20281 21481 10343 6013 70707 38518 8415 7311 5864 18653 14268 8240 10413 4217 7895 2032 10058 5753 3140 4329 5149 3501 1036 5711 2602 1122 6126 3981 4231 3867 4027 9354 5552 1059 2034 3810 1366 4167 2502 1227 1947 2274 570 361 11423 19865 4842 1400 2551 1385 240 996 3597 1077 1415 1535
is_linear=0
shrinkage=0.05


Tree=21
num_leaves=63
num_cat=1
split_feature=50 62 46 36 74 115 38 107 36 118 107 121 38 118 125 126 125 38 126 118 34 127 136 121 58 118 107 121 127 80 80 74 113 127 121 125 118 36 107 111 127 125 125 107 127 125 74 38 118 123 121 123 68 74 115 125 125 83 58 131 127 92
split_gain=1.66244e+07 2.00242e+06 1.80429e+06 622020 543614 428355 320155 290189 229281 206173 151808 135642 134385 119028 182128 117510 116943 105594 101249 90433.5 88553.3 86894.9 80097.3 126961 88869.7 77664.9 76970.6 75298.1 73692.9 73422.6 70102.5 69157.3 66946.6 66531.4 62718.8 61768.2 58934.4 58581 56411.9 52270 51864.1 50389.9 50307.2 48837.8 48768.4 46429.3 44950.9 46645.4 44183.8 44098.8 41957.3 41529.3 41473.3 50881.7 40871.8 40584.7 40238.1 40234.3 39589.3 39084.7 38961.6 39542.4
threshold=0.46693770979650978 0.81378850922785717 0.33787934918794099 -0.23033753979334493 0.14168183519534686 0.019046254554134202 1.3530924792124726 0.0091656085019816026 0.57532806575378703 0.09997528563509496 0.026246809155814652 -0.0080557749126585493 -0.24462586393860505 1.0000000180025095e-35 0.018025783838359302 0.036474751031098554 0.030332773781917403 -0.23607118686736131 -0.011823462658793698 -1.0000000180025095e-35 0.40424834862296921 0.024771621342255804 0 0.013656780752309352 -0.63742682293159325 0.12692935097040847 0.00118249865158905 0.019906653585764354 0.0145934331299427 -0.038400491394830691 -0.83725107440051338 0.063392519060103167 0.0029078613689325007 0.027800444448171004 -0.012895714799699797 -0.0093819283160152481 0.46454234476061496 1.5020765111968022 0.010285243580218902 0.016673440029922052 0.023221076063857704 0.0083486300770848516 0.022290725617511806 -0.0057146648896861489 0.012425378428066952 0.020339248882735552 0.089324032954472013 0.77452016900106513 -1.0000000180025095e-35 0.0096976717831023015 -0.010707992879280998 0.029168186707948053 -0.74731748083499661 0.14168183519534686 0.015729293752514754 -0.011699796772888548 0.023402364655231152 0.42826059437400293 0.9327259234543368 -0.0022507540520847495 0.025180624892035156 0.2507835076796508
decision_type=2 2 2 2 2 2 2 2 2 2 2 2 2 2 2 2 2 2 2 2 2 2 1 2 2 2 2 2 2 2 2 2 2 2 2 2 2 2 2 2 2 2 2 2 2 2 2 2 2 2 2 2 2 2 2 2 2 8 2 2 2 2
left_child=2 4 3 13 10 12 16 25 26 15 20 33 52 19 22 18 21 57 -9 42 29 46 23 -15 -24 48 -6 -16 43 60 -26 -13 -19 51 -14 -17 -28 -8 -32 -25 -37 -36 -1 -10 45 -27 -3 -48 54 -33 -40 59 -4 -54 -5 -12 -45 -7 -22 -11 61 -2
right_child=1 6 5 7 8 17 37 9 28 11 55 31 34 14 27 35 -18 32 -20 -21 58 -23 24 39 30 44 36 -29 -30 -31 38 49 -34 -35 41 40 -38 -39 50 -41 -42 -43 -44 56 -46 -47 47 -49 -50 -51 -52 -53 53 -55 -56 -57 -58 -59 -60 -61 -62 -63
leaf_value=0.52017516054003166 0.62952769158615007 -0.93732590996581444 0.65153089763077565 0.41320959180362343 0.37418564276556676 0.24686552557086247 -1.2538291484823778 0.2336908796922928 0.22508528616432458 0.11630404532361563 -1.3949792086900024 -0.16702976077463713 -0.74998117656231367 0.58166343720219316 0.028531460445789931 -0.57489076219694668 -1.2189293178840606 -0.44028108856841713 0.73570261928103431 0.69652014125140482 -0.63588776061733732 -1.1362475317668139 0.48301711214487125 0.2974475411024734 0.68263723699735634 0.34850559000476372 0.098009199481978282 -0.93861947071563923 -0.81135849242054281 -0.63923849798360299 0.29201978202771744 0.28418284241732444 -0.83538048624881922 -1.0655393652263141 0.14182055040106747 0.20609885695996213 -0.38748398294396208 -1.4709234600569721 -0.42943456171007899 -0.33758864661976068 -0.31012155229923866 -0.24315254286312027 -0.14729336127117798 -0.32274020304996243 0.044018974835950048 -0.48161978881335127 -0.26079169341757918 -0.730880076900847 0.58924434080948929 -0.30576822175656826 0.080790782430446142 -1.5175030360759145 0.059157442995096503 0.61077090325738026 -0.015092676478575488 -0.91640372590704711 -1.0389868961798179 -0.35739804308856737 -1.0464580595000512 -0.45464245866449748 -0.54262772383450908 -0.10431332033810883
leaf_weight=21811 252 1801 610 6412 1521 425 6526 2730 365 434 523 2818 406 13093 941 381 3351 1826 1589 9425 2452 1968 6463 1015 694 5271 1824 256 1050 1033 2845 2101 2597 399 1386 2389 951 5932 539 476 611 2198 286 1680 2222 174 691 2233 3714 373 1596 71 1784 546 610 2896 222 783 772 969 323 676
leaf_count=21811 252 1801 610 6412 1521 425 6526 2730 365 434 523 2818 406 13093 941 381 3351 1826 1589 9425 2452 1968 6463 1015 694 5271 1824 256 1050 1033 2845 2101 2597 399 1386 2389 951 5932 539 476 611 2198 286 1680 2222 174 691 2233 3714 373 1596 71 1784 546 610 2896 222 783 772 969 323 676
internal_value=0.000350902 -0.880857 0.327172 0.403367 -0.463195 -0.235195 -1.18786 0.23025 -0.152794 0.0659416 -0.727906 -0.127095 0.0280048 0.500259 0.425076 0.245566 -0.977813 -0.559112 0.418386 0.566846 -0.565457 -0.857093 0.452105 0.531515 0.355953 0.36297 0.0883165 -0.178311 -0.465068 -0.327267 0.211848 0.00232932 -0.672267 -0.492774 -0.160997 0.0248011 -0.0683706 -1.3572 0.14624 0.094713 0.100962 -0.0942762 0.511536 -0.304677 0.241422 0.321978 -0.740822 -0.619789 0.449772 0.195237 -0.0480202 -0.337731 0.284507 0.18842 0.376003 -0.989611 -0.40634 -0.144805 -0.7342 -0.278028 -0.0696591 0.0949625
internal_weight=144311 39042 105269 92708 16540 12561 22502 33268 7613 14865 8927 7165 6930 59440 27918 7700 10044 5631 4319 31522 5508 6693 26721 14584 12137 18403 4296 1197 3317 2284 5674 5292 4423 1873 3990 3381 2775 12458 4980 1491 3000 3584 22097 2267 7667 5445 4725 2924 10736 2474 2135 1474 2940 2330 7022 3419 1902 1208 3224 1403 1251 928
internal_count=144311 39042 105269 92708 16540 12561 22502 33268 7613 14865 8927 7165 6930 59440 27918 7700 10044 5631 4319 31522 5508 6693 26721 14584 12137 18403 4296 1197 3317 2284 5674 5292 4423 1873 3990 3381 2775 12458 4980 1491 3000 3584 22097 2267 7667 5445 4725 2924 10736 2474 2135 1474 2940 2330 7022 3419 1902 1208 3224 1403 1251 928
cat_boundaries=0 1
cat_threshold=12
is_linear=0
shrinkage=0.05


Tree=22
num_leaves=63
num_cat=2
split_feature=36 62 38 46 119 127 115 124 62 119 23 115 121 136 58 125 119 121 121 103 136 80 92 107 110 125 50 114 126 58 123 126 107 110 121 58 74 113 113 131 125 125 110 74 103 58 103 80 56 121 125 34 111 121 74 111 77 119 74 68 103 100
split_gain=1.50231e+07 1.79474e+06 1.49709e+06 794177 404267 357159 264171 335577 242872 224914 213170 193656 171514 149170 157060 123889 121523 109471 106833 101935 97389.4 94999.4 94745.4 88691.5 87535.5 87294.9 83144.1 82007 79019.1 75804.5 102505 74230.7 69045.5 68840.8 62064.7 58619.1 58401.4 58193.5 58150.2 55464.2 52190.2 51259.3 50699.2 49364.4 46238.6 45709.2 43868.3 42753.4 42275.5 42164.6 41278.2 40962.1 40502.6 39750.2 39400.9 37955.9 37749.4 37728.6 37706.7 36001.9 35406.2 35001.8
threshold=0.47378398340360889 -0.094549662550914529 0.89228303762224237 0.25272544450207179 0.021473388418364454 0.010129584275473502 0.014350299952027452 0.13377143822969553 1.3815009636206477 0.019093055953788053 0.37866666511266051 0.022046459920346356 0.018632075786340404 0 -0.38302863171313811 -0.0016375165429257496 0.031698108771334908 -0.0011738306900100498 0.0093838578770823518 0.0026064847979753 1 -0.90620912821564692 0.26734308399513435 0.011839892318719352 -0.011636895550740449 0.012742134796094652 0.20111254886877214 0.0080078900502937519 1.0000000180025095e-35 -0.36448845847730288 0.0011799414772843502 -1.0000000180025095e-35 0.017636537789921702 1.0000000180025095e-35 -0.0051458615214036987 0.79462051510409704 0.14168183519534686 0.0013515474997863504 0.0029078613689325007 0.0032015743950376506 0.0030822021363358502 0.024671680771849305 -0.11666978584609329 0.14412144604211527 0.029021930977246504 -0.95148768912143622 0.0014343092391194002 -0.17237782280178898 -0.4789630413030998 -0.0089676752953104979 -0.004237063117107899 1.34668281630188 -0.0041692014903703485 0.012660524261976802 0.15908022077162667 -0.0060160786502163497 0.29669028514523382 0.004786085394745101 0.046111330687268456 -0.80759675360629835 0.0028923111684007502 -0.44288935530568757
decision_type=2 2 2 2 2 2 2 2 2 2 2 2 2 1 2 2 2 2 2 2 1 2 2 2 2 2 2 2 2 2 2 2 2 2 2 2 2 2 2 2 2 2 2 2 2 2 2 2 2 2 2 2 2 2 2 2 2 2 2 2 2 2
left_child=1 6 4 5 10 19 13 27 16 24 20 26 25 18 45 28 36 21 -1 -3 35 -16 -22 -21 34 -9 37 -8 31 30 -20 -11 52 -26 50 -2 -4 -5 -13 -6 -32 56 49 -39 -35 -15 -34 -19 -14 -25 -7 -38 -23 -29 -28 -17 -12 -47 -44 -27 -41 -56
right_child=2 3 8 11 39 9 7 12 -10 15 41 38 48 14 17 55 -18 47 29 23 22 32 -24 42 33 59 54 53 -30 -31 40 -33 46 44 -36 -37 51 43 -40 60 -42 -43 58 -45 -46 57 -48 -49 -50 -51 -52 -53 -54 -55 61 -57 -58 -59 -60 -61 -62 -63
leaf_value=0.58878380353844351 0.29274933705689249 0.42861589160255653 -1.0271921708791345 0.18725536576978277 -0.54119961681138828 -0.73502139009349821 0.60051210071333472 0.23911256803980907 -1.3372775697464092 -0.57932278040738006 -0.24185468950738842 -0.43244775193006463 0.31397737762596034 0.56264049158473017 0.61748278977830262 -0.39352807112350824 -1.1947051213145723 0.50078736679603553 0.51301251963925176 0.30384251724435346 0.053967298891694715 -0.074745261751274175 -0.58636641383240806 -0.73709393195283246 0.7307967861722493 0.38745577875432091 -0.61260694701291962 0.33334875003975328 -0.95224660598651745 0.50787071857613841 0.44812884115264756 0.75617019661500329 0.028524823558147179 0.24499193365187982 0.072191057145742893 -0.14791181155595537 -0.64145528997791113 -0.39846106176552804 -0.837629519340641 -0.67642233001951257 -0.27233185792197206 -0.86958431744777853 -0.13818753675893214 0.17424868029465698 -0.28397960362691932 0.49553462843907936 -0.53744387933121662 0.11999711785156326 -0.90430691727847279 -0.095699400538032581 -0.16487992971214238 -0.98973369872010153 0.29144237759901909 -0.13379768616027882 -0.53813882074494301 0.098230299630534687 -0.70429604688900804 0.32331231583547215 0.29031153729078407 -0.32433742369046931 -1.0101158265291534 0.14228496488370893
leaf_weight=26751 1764 7096 3375 1418 1297 482 3553 2079 9572 382 1018 1447 79 7768 674 691 4898 3132 1133 5143 983 1454 1401 355 618 201 1389 2330 1187 3596 320 143 577 2212 2029 1319 2831 1341 2282 1099 1172 1152 841 523 508 6308 842 964 722 921 930 1203 1571 566 345 908 779 6413 1318 1529 2873 418
leaf_count=26751 1764 7096 3375 1418 1297 482 3553 2079 9572 382 1018 1447 79 7768 674 691 4898 3132 1133 5143 983 1454 1401 355 618 201 1389 2330 1187 3596 320 143 577 2212 2029 1319 2831 1341 2282 1099 1172 1152 841 523 508 6308 842 964 722 921 930 1203 1571 566 345 908 779 6413 1318 1529 2873 418
internal_value=0.000174838 0.292118 -0.891818 -0.00313039 -0.481632 0.139057 0.431974 0.20667 -1.14838 -0.0929703 -0.266605 -0.402924 -0.119094 0.471729 0.389838 -0.430752 -1.00147 0.218519 0.545216 0.288422 -0.0817881 0.0643398 -0.32099 0.172449 0.0720091 0.0207618 -0.212508 0.43954 -0.726335 0.358749 0.154465 -0.21556 -0.0195528 0.254432 -0.104953 0.103884 -0.873719 -0.0541365 -0.680403 -0.825088 -0.117809 -0.609229 -0.0242773 -0.237771 0.146199 0.467071 -0.307307 0.411168 -0.784152 -0.274144 -0.359503 -0.745317 0.11543 0.242049 -0.45404 -0.114281 -0.442323 0.408713 0.123397 -0.241638 -0.917787 -0.165377
internal_weight=144225 108661 35564 34927 13685 25764 73734 11059 21879 10090 8416 9163 4610 62675 29703 3311 12307 9214 32972 15674 5467 5118 2384 8578 6779 3809 5434 6449 1712 6221 2625 525 4444 3338 3441 3083 7409 3282 3729 5269 1492 2949 3435 1864 2720 20489 1419 4096 801 1276 1412 4034 3025 2896 2152 1599 1797 12721 2159 1730 3972 763
internal_count=144225 108661 35564 34927 13685 25764 73734 11059 21879 10090 8416 9163 4610 62675 29703 3311 12307 9214 32972 15674 5467 5118 2384 8578 6779 3809 5434 6449 1712 6221 2625 525 4444 3338 3441 3083 7409 3282 3729 5269 1492 2949 3435 1864 2720 20489 1419 4096 801 1276 1412 4034 3025 2896 2152 1599 1797 12721 2159 1730 3972 763
cat_boundaries=0 1 2
cat_threshold=12 12
is_linear=0
shrinkage=0.05


Tree=23
num_leaves=63
num_cat=0
split_feature=36 38 50 46 119 125 115 124 38 125 126 127 115 126 127 93 50 125 119 131 90 40 111 127 103 111 113 123 111 103 92 103 123 93 125 103 122 119 124 58 90 89 103 124 69 119 74 38 111 113 120 125 92 46 40 100 111 90 91 74 120 120
split_gain=1.35761e+07 1.56572e+06 1.29416e+06 812920 359052 326816 294591 363877 242870 213268 202074 193479 156692 152993 152588 142277 128935 123822 107869 105337 99368.3 97067.4 93358.8 84495.3 81931.6 78253.2 69876.9 68684.4 72914.8 63774.1 63318.6 59301.2 58030.2 56949.3 56715.1 55752.4 53168.3 53093.4 50142.2 47966.4 47946.5 47617.1 46456 45337.5 43714.2 42630.4 41906.2 43212.2 40876.4 39362.2 39002.1 38561.1 36321.4 36084 33988.7 40024.2 33819.4 33342.6 33307.7 33276 32860.5 33809.5
threshold=0.47378398340360889 -0.10085785454259179 0.88480452816463895 0.25272544450207179 0.022743828510905353 0.024028863317292353 0.013512652303650301 0.031254824783464204 1.4103635442636897 0.013610217884739602 1.0000000180025095e-35 0.019292129539327702 0.019046254554134202 -1.0000000180025095e-35 0.0046541622040517511 0.40944178441939261 -0.82267089530594439 -0.013574270229808097 1.0000000180025095e-35 0.007430014009279051 -0.81282470166538678 0.14169727690597764 0.026708005965413603 -0.0038412582695520996 0.012172499563136902 -0.0020898090123818496 0.024361648823189006 0.0013602646994099502 0.011806466307550051 0.031696328035209061 -0.22505641809683066 0.0023149240826236504 0.0017449057490225503 0.38320052676146971 -0.0067086534947232495 0.01411524304371565 1.0000000180025095e-35 0.019093055953788053 0.024242690806449904 1.7038200229015603 -0.27295074693600047 0.21578791324838967 0.0056725438703291008 0.075969074755567564 0.70626899164806289 0.0098040895439000502 0.089324032954472013 0.38653715874541789 0.014466795511805451 0.0030942977367062001 -0.033409944297656848 -0.012760087452796399 0.08863731615128552 2.5471100496579884 -0.080702603823135988 -0.43461339962966 -0.0081370773399872982 -0.30588438133420565 0.37262994949338463 0.14412144604211527 -0.013558340461412648 1.0000000180025095e-35
decision_type=2 2 2 2 2 2 2 2 2 2 2 2 2 2 2 2 2 2 2 2 2 2 2 2 2 2 2 2 2 2 2 2 2 2 2 2 2 2 2 2 2 2 2 2 2 2 2 2 2 2 2 2 2 2 2 2 2 2 2 2 2 2
left_child=1 6 5 4 14 11 15 36 21 32 13 19 33 34 31 27 -17 -12 57 40 -18 -4 52 -22 51 42 29 -1 -29 45 38 -3 -9 54 -6 59 -8 -13 -30 53 -2 -23 -19 -7 50 -25 47 -33 -34 -14 -26 -20 -11 -10 -5 -56 -36 -16 -45 -21 -31 -62
right_child=2 3 8 12 10 43 7 9 39 22 17 37 49 -15 18 16 20 25 24 35 23 41 -24 26 44 -27 -28 28 30 60 -32 46 48 -35 56 -37 -38 -39 -40 -41 -42 -43 -44 58 -46 -47 -48 -49 -50 -51 -52 -53 -54 -55 55 -57 -58 -59 -60 -61 61 -63
leaf_value=0.57778779301462235 0.21245381890498272 0.49292659575148134 -1.0192634342125544 -0.40221580607056401 -0.67478248221139436 0.044997438440313106 0.56977209982438726 0.35094783241163641 -1.0952268618650041 -0.32804479213682575 -1.3158683977380432 -0.49607700746424177 -0.48199254661072433 0.77474897194050285 0.38926020296830516 0.49354025347030461 0.62679726486435627 -0.26115828554928799 -0.48361270471277784 -0.38242495152158212 0.40309180911413195 -0.63247728151138316 -1.0326430278377758 0.34814914742020775 -0.31004758054975645 -0.045516474682356589 -0.475315328155199 0.49188591060592785 0.36829932185257197 -0.37051338861853833 0.48797009651914769 0.17902407584636959 0.10407085141928694 -0.45352056731332069 -0.34053292920435679 -0.56555446972648693 0.25886174386256194 -0.96680944935244517 -0.22028300423799091 -1.3667168541876507 -0.16725945444521392 -1.0814596384954009 -0.82325564073004076 -0.84120674551055363 -0.53261179548442017 0.10991500718259602 0.34817692489433516 -0.42398477807720925 -0.470023425374684 -0.79812436701739231 0.14570063276946196 0.15990103670693509 0.25119411651764739 -1.3522721056557874 -0.4103813558769992 0.15577157590255233 0.21857525257443169 0.069114001451797719 -1.2334397078232113 0.011188419356264852 0.65482863877794428 -0.097483311342322729
leaf_weight=20730 1776 4727 6950 585 378 122 4189 2235 5724 2231 407 1531 1724 642 2844 11881 1794 602 249 1049 4783 3348 459 3917 1041 1053 433 10045 568 710 1103 1460 1235 1601 411 1678 2047 984 997 4249 1563 717 944 2171 870 3607 3738 373 414 2296 855 3577 308 1793 397 1461 791 1139 721 1100 203 565
leaf_count=20730 1776 4727 6950 585 378 122 4189 2235 5724 2231 407 1531 1724 642 2844 11881 1794 602 249 1049 4783 3348 459 3917 1041 1053 433 10045 568 710 1103 1460 1235 1601 411 1678 2047 984 997 4249 1563 717 944 2171 870 3607 3738 373 414 2296 855 3577 308 1793 397 1461 791 1139 721 1100 203 565
internal_value=0.000176041 0.277538 -0.849041 -0.00269953 0.132866 -0.444496 0.406132 0.191072 -1.07448 -0.0596014 -0.237682 -0.302944 -0.441489 0.123877 0.225676 0.452127 0.368743 -0.504943 0.092271 -0.170523 0.276143 -0.905749 -0.376412 0.231898 -0.0318585 -0.377953 0.145113 0.521674 0.430174 0.174956 0.197827 0.36267 0.18494 -0.221741 -0.140591 -0.349584 0.467714 -0.680252 -0.00666335 -1.23244 0.0347084 -0.71167 -0.604379 -0.899164 -0.239175 0.23394 0.252148 0.0563169 -0.040062 -0.662549 -0.104528 0.118021 -0.257779 -1.15654 -0.0698467 0.0348013 0.0273993 0.297709 -0.938994 -0.180948 -0.125313 0.10137
internal_weight=144095 108619 35476 34165 26101 12695 74454 13118 22781 6882 5228 9681 8064 2222 20873 61336 27893 3006 10575 7166 16012 11015 2998 14218 6592 2599 9435 33443 12713 9002 2668 10298 3884 4044 1580 3827 6236 2515 1565 11766 3339 4065 1546 3014 2766 7524 5571 1833 1649 4020 1896 3826 2539 7517 2443 1858 1202 3983 2892 2149 1478 768
internal_count=144095 108619 35476 34165 26101 12695 74454 13118 22781 6882 5228 9681 8064 2222 20873 61336 27893 3006 10575 7166 16012 11015 2998 14218 6592 2599 9435 33443 12713 9002 2668 10298 3884 4044 1580 3827 6236 2515 1565 11766 3339 4065 1546 3014 2766 7524 5571 1833 1649 4020 1896 3826 2539 7517 2443 1858 1202 3983 2892 2149 1478 768
is_linear=0
shrinkage=0.05


Tree=24
num_leaves=63
num_cat=1
split_feature=62 36 36 119 119 115 46 38 107 125 107 46 118 118 124 125 119 118 136 74 68 46 103 111 68 119 113 119 46 126 90 58 93 119 121 107 68 93 107 50 93 125 121 127 125 127 119 84 125 40 92 93 121 125 115 111 23 107 80 125 77 103
split_gain=1.23539e+07 1.44004e+06 1.13697e+06 627938 308040 279406 276346 227860 206833 174582 143344 125794 124228 121337 114398 113179 96577.3 93881.5 92980.6 89479 83277.3 80682.8 75635.1 73183.8 71769.7 68876 66666.7 63815.7 62282.3 61276.9 67725.2 60698.4 58782.1 57345.4 55197.5 53048.1 52503.5 64165.4 50913 50351.3 49877 47977.8 47303.3 47160.1 42487.9 41994.9 40956.1 40332.3 40177.1 40153 44391.6 40093.7 47678.3 38682.3 38731 42797.4 38024.3 36706.1 37436.4 36617 35142.4 34616.9
threshold=0.49163230410034042 -0.046177084250017091 0.74487126927353831 0.018861219251149055 0.018216252221659155 0.014586415759104352 0.16432145031087944 1.3232495567617601 0.0071970606900251506 0.010673901891241303 0.024402149538143902 1.0282967574650779 0.13330038084678539 1.0000000180025095e-35 0.17369652475141417 0.021771484782367404 0.015032021622921802 -1.0000000180025095e-35 0 -0.099576420990319145 0.23198202971142476 1.6822133766960647 0.0026064847979753 -0.0093033407681651983 -0.57336839119516059 0.033384769713616508 0.01125789363380345 0.018646656549655204 0.072847807043472559 0.18151671562544877 0.047568961453036608 1.0060638527153081 0.3547591208638331 0.050486051333217007 -0.0015900024210928497 -0.016311956957427449 -0.63123818179199287 0.44003619637260377 0.0039481463249156001 2.0455494045625024 0.38652705771738471 0.018025783838359302 -0.023955481615686999 0.026442192744377504 0.011954052175189951 0.031999455782155607 -0.015150223089803648 0.68472321930467805 -0.011023006973213947 0.073644802153074021 0.35006333956173113 0.40561806000643225 0.013998508075783102 -0.011364082672706497 0.026231903607459604 -0.0067348753359300498 -0.12144499946386285 0.00069447124394650015 -0.81983884703477494 -0.011699796772888548 0.18348448808498152 -0.060806760191695543
decision_type=2 2 2 2 2 2 2 2 2 2 2 2 2 2 2 2 2 2 1 2 2 2 2 2 2 2 2 2 2 2 2 2 2 2 2 2 2 2 2 2 2 2 2 2 2 2 2 2 2 2 2 2 2 2 2 2 2 2 2 2 2 2
left_child=1 6 4 5 11 10 13 21 28 36 23 18 29 17 46 16 51 41 31 60 -20 27 61 38 -21 -14 33 -4 35 30 -10 56 -26 57 -12 -5 -8 -38 -3 40 -9 45 -28 -37 -16 -1 -7 49 -29 50 -25 52 -15 -24 55 -55 -2 -18 -59 -60 -11 -6
right_child=2 3 7 8 22 14 9 39 12 19 34 -13 25 15 44 -17 26 -19 20 24 -22 -23 53 47 32 -27 42 48 -30 -31 -32 -33 -34 -35 -36 43 37 -39 -40 -41 -42 -43 -44 -45 -46 -47 -48 -49 -50 -51 -52 -53 -54 54 -56 -57 -58 58 59 -61 -62 -63
leaf_value=0.46066697266291412 0.29060070015893308 0.26416843162532261 -0.57530724667548061 0.51619283550933592 1.1654364061487072 0.60725098117798959 0.50286604294698456 -0.95475446665194674 0.35979616810578291 0.3886801044407644 -0.27218121381265686 -0.7757247459926756 -0.49620199315309776 0.51122649946988774 -0.11438069493253203 -0.41776385510782321 0.41136486746149103 0.61368807513017909 0.023325563925844273 0.47391255600967713 -0.5839382591107638 -1.0707697896336452 -1.1816113702436486 0.28932201274654473 0.23895539494023332 -0.89695394876510803 -1.1214465858506375 -1.2668804449425644 -0.31386675069210612 -0.52401064768108641 -0.42126762345341934 -0.39682029618628917 -0.29372509489375864 -0.91627484539357751 0.13387501999749665 0.08901398699772288 0.35255883605416816 -0.038786055563695861 -0.12143207197528583 -1.3288851122474343 -1.1912404398209639 0.058921340996221594 -0.047951212520754377 -0.61842924173828884 -0.55375976445029684 0.12994681450195708 -0.022312581238821419 -0.20525679754806153 -0.81594331744305304 0.43267866086950318 -0.27535497320344182 0.34253562057410947 0.15084164602729444 -0.86913212209857338 -0.9864658329651711 -0.45037778964804903 -0.0717263261209755 0.52315612878506579 -0.45175574484879411 0.17648645611519334 -0.62257429951291643 -0.44659551338469294
leaf_weight=22326 1649 1814 2975 608 34 308 2215 3546 702 95 1736 856 2645 11036 773 472 3323 10264 880 679 1575 2741 606 3814 788 1803 122 578 1333 771 459 667 1511 101 1616 1431 2779 1681 1621 3344 6006 827 646 282 1909 1003 1602 324 3397 7138 383 9182 1001 1104 1175 1364 1291 751 246 4057 898 1624
leaf_count=22326 1649 1814 2975 608 34 308 2215 3546 702 95 1736 856 2645 11036 773 472 3323 10264 880 679 1575 2741 606 3814 788 1803 122 578 1333 771 459 667 1511 101 1616 1431 2779 1681 1621 3344 6006 827 646 282 1909 1003 1602 324 3397 7138 383 9182 1001 1104 1175 1364 1291 751 246 4057 898 1624
internal_value=0.000665127 0.264098 -0.810753 -0.0113119 -0.434769 0.132473 0.38394 -1.02424 -0.341441 0.147711 0.219352 -0.208337 -0.513238 0.422419 -0.216519 0.350559 0.362463 0.487008 -0.128217 -0.114803 -0.364777 -0.841042 -0.699956 0.285036 0.0222515 -0.658647 0.2276 -0.75044 -0.0414771 -0.178466 0.0510035 0.0337082 -0.111145 0.26801 -0.0764214 0.114962 0.303882 0.205059 0.0822009 -1.16191 -1.10345 0.433181 -0.21848 -0.0274478 -0.427123 0.446448 0.0792087 0.344795 -0.881514 0.360518 0.237792 0.421229 0.481257 -0.811718 -0.750188 -0.637697 0.131497 0.282288 0.197421 0.14057 -0.525828 -0.413538
internal_weight=144487 109075 35412 33072 12825 23038 76003 22587 10034 10646 18446 6918 6380 65357 4592 30937 30465 34420 6062 3971 2455 9691 5907 15094 2978 4448 9246 6950 3654 1932 1161 3607 2299 8478 3352 2321 6675 4460 3435 12896 9552 24156 768 1713 2682 23329 1910 11659 3975 11335 4197 21219 12037 4249 3643 2468 2940 8377 5054 4303 993 1658
internal_count=144487 109075 35412 33072 12825 23038 76003 22587 10034 10646 18446 6918 6380 65357 4592 30937 30465 34420 6062 3971 2455 9691 5907 15094 2978 4448 9246 6950 3654 1932 1161 3607 2299 8478 3352 2321 6675 4460 3435 12896 9552 24156 768 1713 2682 23329 1910 11659 3975 11335 4197 21219 12037 4249 3643 2468 2940 8377 5054 4303 993 1658
cat_boundaries=0 1
cat_threshold=12
is_linear=0
shrinkage=0.05


Tree=25
num_leaves=63
num_cat=0
split_feature=38 23 62 62 74 119 62 125 74 113 119 119 38 115 120 119 36 107 93 112 50 36 112 80 121 125 80 80 111 34 74 87 89 121 34 75 113 119 107 127 74 68 121 80 114 113 34 125 80 90 125 110 74 113 38 102 102 90 103 80 34 127
split_gain=1.12009e+07 1.31979e+06 1.10683e+06 631679 365303 310777 190849 177397 172736 186612 134651 106977 109426 112939 128409 98442.7 93988.7 85055.7 84480.7 76748.4 76462.4 74259.7 70677.7 67095.2 66757.5 63392.6 60755.4 58884.9 57841.8 57012.3 56655.6 52994.5 61881 52362.3 51836.2 51399.3 50942.2 48949.1 48325.8 48076.5 47748.1 47140.2 46303.7 45597.4 43749.7 43729.7 39005.7 38803.8 50808.8 38188.5 46526.7 37730.6 37680.3 37635.2 37125 36425.2 38893.4 34241.6 34222.7 33389.4 33305.4 35342.3
threshold=0.50756476879549017 0.62716203367641332 0.81378850922785717 -0.20809193402326093 0.14168183519534686 0.0096235539418275517 1.2845481389631304 0.024028863317292353 0.089324032954472013 0.0098194368757329505 0.014833396990602302 0.0020546299303448507 -0.86509969431997102 0.017534569773677254 0.13939902618778729 0.033384769713616508 0.024091584634557354 0.032846235523234409 0.39142804511174384 0.044227918401802659 -0.28497884395983369 0.39225825081057547 0.18286206572872901 0.30017118950715971 0.014742669539819403 0.013162695102936153 -0.32864608372122012 -0.90620912821564692 0.019006736954769256 0.91126468643996827 0.052278478186272855 0.19547613716686132 0.039635988098611359 -0.0021156847213007497 0.58082026890129812 0.11928828673650597 0.012167954699086452 0.028376282097251956 -0.0080663985922007995 0.00039540472378600007 0.17971970981995963 -0.38782577420423253 -0.021456714358485899 -0.20904206878757622 0.08649295659521701 0.024361648823189006 0.22625847982164599 -0.0043928794183316989 -0.58375175879661956 0.084382390099590768 -0.0046689318697289489 -0.020341001781180295 -0.12489403243646949 0.0014515895597272501 1.9291894144629651 1.0000000180025095e-35 -1.0000000180025095e-35 -0.86417855119313358 -0.020528112620880945 -0.37691234497502485 -0.80462813457911408 -0.00061569849548184991
decision_type=2 2 2 2 2 2 2 2 2 2 2 2 2 2 2 2 2 2 2 2 2 2 2 2 2 2 2 2 2 2 2 2 2 2 2 2 2 2 2 2 2 2 2 2 2 2 2 2 2 2 2 2 2 2 2 2 2 2 2 2 2 2
left_child=1 3 4 11 15 19 17 20 16 21 23 -1 -13 18 44 34 26 40 24 30 -3 46 51 29 -14 36 -7 -20 -16 -6 55 -22 -33 45 49 -26 -21 -18 -12 43 -4 53 -24 -40 -15 60 -10 -41 -49 50 -2 -11 -9 -28 -8 56 -5 -48 -39 -27 -29 -62
right_child=2 7 6 5 10 8 54 52 9 22 38 12 13 14 28 -17 37 -19 27 25 31 -23 42 -25 35 59 41 33 -30 -31 -32 32 -34 -35 -36 -37 -38 58 39 47 -42 -43 -44 -45 -46 -47 57 48 -50 -51 -52 -53 -54 -55 -56 -57 -58 -59 -60 -61 61 -63
leaf_value=0.47151895108690933 -0.65439256188811767 0.13306057138762234 -0.84223887170199174 0.24899127766790463 0.22915584170576075 0.20059817348618514 -1.0629165419025493 -0.89228926795170538 0.44779577084056443 -0.36932925513363446 0.39910584828534795 0.45830128547321825 0.45821890963832596 0.50038714752646918 -0.19227499445375887 -0.95957362893806664 -0.23746549179160051 -1.0094232946832165 0.62042377736762688 0.25406032985872801 0.0332841949531213 -0.10089391468844944 -1.2453659280132847 -0.4590003324725116 0.3028273188289996 0.32688769422195579 0.35005411526328112 0.40457141062568447 -1.0150519846267487 -0.26805550583803794 0.42932080761061214 -0.0051582284986972813 -0.53570304072815622 0.29449623260303631 -0.72336594132420085 -0.42612594064734682 -0.22819704223881687 0.069784161469433462 0.30607735547086889 -0.89830134525834326 -0.57159204946334929 -0.3458167064610751 -0.42494381739968257 -0.5046137929242368 -0.091029909627715233 -0.56404646897639676 0.57071858320029134 0.21607776660684164 -0.57912743020522062 -0.63453312830625586 -0.09852115035062986 0.37302644360385351 -0.5198479562738525 -0.25454867130190068 -1.2568115801179569 0.09036233409511446 0.69953700039773858 0.05462235612639435 -0.71114193226126554 -0.42103748701707222 0.24187378451999308 -0.079797302441297069
leaf_weight=29007 537 1554 3569 2244 2648 1762 7781 969 3283 320 172 12811 9016 741 515 2010 2534 4076 804 4324 979 1150 238 585 659 189 586 726 365 737 7607 750 2057 4601 2354 382 627 160 341 674 2999 1628 620 353 541 267 408 246 1095 1142 1259 368 2270 459 3616 2759 609 1514 1139 709 1324 2405
leaf_count=29007 537 1554 3569 2244 2648 1762 7781 969 3283 320 172 12811 9016 741 515 2010 2534 4076 804 4324 979 1150 238 585 659 189 586 726 365 737 7607 750 2057 4601 2354 382 627 160 341 674 2999 1628 620 353 541 267 408 246 1095 1142 1259 368 2270 459 3616 2759 609 1514 1139 709 1324 2405
internal_value=0.000529767 0.255682 -0.760684 0.307036 -0.415633 0.13695 -0.982249 -0.339332 -0.0243021 0.142876 -0.153382 0.400443 0.3418 0.275009 -0.068444 -0.661686 -0.18406 -0.830004 0.311798 0.273686 -0.162256 0.262728 -0.349789 0.035449 0.414446 0.122883 -0.0273375 0.209859 -0.53354 0.1209 0.340412 -0.283472 -0.393947 0.174453 -0.548543 0.0353344 0.192987 -0.365396 -0.413591 -0.46519 -0.718659 -0.177589 -0.65252 -0.106277 0.250811 0.0574856 0.343067 -0.588806 -0.433251 -0.40847 -0.264725 0.0277447 -0.63127 0.0844917 -1.12443 0.219897 0.345165 0.164179 -0.614954 -0.263623 0.0947356 0.0344136
internal_weight=144174 107980 36194 99401 14153 35237 22041 8579 16169 7901 6851 64164 35157 22346 2162 7302 8268 10644 20184 19068 5340 6355 1546 3970 10057 5849 4435 10127 880 3385 13219 3786 2807 9323 5292 1041 4951 3833 2881 2709 6568 2673 858 694 1282 4722 5205 2015 1341 2938 1796 688 3239 1045 11397 5612 2853 1922 1299 898 4455 3729
internal_count=144174 107980 36194 99401 14153 35237 22041 8579 16169 7901 6851 64164 35157 22346 2162 7302 8268 10644 20184 19068 5340 6355 1546 3970 10057 5849 4435 10127 880 3385 13219 3786 2807 9323 5292 1041 4951 3833 2881 2709 6568 2673 858 694 1282 4722 5205 2015 1341 2938 1796 688 3239 1045 11397 5612 2853 1922 1299 898 4455 3729
is_linear=0
shrinkage=0.05


Tree=26
num_leaves=63
num_cat=2
split_feature=62 36 36 46 119 107 80 62 118 115 125 114 127 125 119 121 136 58 119 102 125 46 80 102 121 107 125 125 136 107 115 38 121 101 114 68 127 125 107 80 125 119 103 126 58 113 103 119 46 84 82 113 121 127 40 34 113 111 115 74 107 94
split_gain=1.01819e+07 1.37544e+06 847384 467099 343361 229891 221645 212032 182097 159262 197648 164897 132788 126911 116802 104804 100754 95920.4 86283.5 83971 81024.8 73764.8 72331.7 70655 67956.1 67541.1 66766.5 66507 65498.6 62365.5 57617.7 48403.8 47937.1 47803.1 47275.2 46651.2 44511 43801.9 43385.2 47217.8 44216 44870.1 40892.9 39885.2 39440.3 62675.4 39401.6 38808.3 38770.9 38555.1 38238.2 38654.4 37933.7 36837.7 35293.6 35129.1 33445.5 32776.1 32765.4 32655.2 32626.3 31999.7
threshold=0.3716106412169064 0.74487126927353831 -0.12466902187591584 0.22047034980306554 0.024949890144253004 0.0026085835542920001 -0.074942830419495038 1.1544623646152943 0.37240661507883527 0.0099715334049657513 0.011392665902671802 0.015172895924180153 0.0054253447767233015 0.021771484782367404 0.030920979615049905 0.019906653585764354 0 -0.38302863171313811 0.014032085615837802 0.09559660289128856 -0.0039456056537971991 1.0719617967403747 -0.16188772326123316 -1.0000000180025095e-35 -0.017637575066915396 0.00069447124394650015 -0.0065369264608449986 -0.010148232124606449 1 0.0087251914443065015 0.014127760113557751 1.881307202521344 0.0082109816421658526 0.38051301600241555 -1.0000000180025095e-35 -0.79218001814607575 0.026900470458553854 -0.012050387439153949 0.00069447124394650015 -0.88588743015651839 -0.0013961949500629499 0.010908914313263102 -0.048516363357988944 0.14435148507989218 -0.23222029572261491 0.0015888031841757003 0.0037204948968517005 0.028739762562267752 2.5471100496579884 0.63562169690550274 -0.35351231680874967 0.00061596493421415004 -0.0036516474662348498 0.030817409043013905 -0.085597250229635782 0.72298179364858173 0.0017367073584971502 -0.0019655831995137496 0.025051968001907756 0.18891067394970598 -0.015391499476409347 0.095392277144505974
decision_type=2 2 2 2 2 2 2 2 2 2 2 2 2 2 2 2 1 2 2 2 2 2 2 2 2 2 2 2 1 2 2 2 2 2 2 2 2 2 2 2 2 2 2 2 2 2 2 2 2 2 10 2 2 2 2 2 2 2 2 2 2 10
left_child=2 4 9 5 6 43 12 18 19 16 -11 34 33 24 26 35 32 -18 58 23 29 28 38 37 -5 -6 46 -21 54 -14 -26 48 -1 -2 -12 -13 -20 -7 -19 -40 41 -41 -27 -4 45 -34 -10 -45 -9 -35 -37 -52 -29 -44 -8 59 -32 -31 61 -22 -17 -3
right_child=1 7 3 13 25 8 21 31 14 10 11 15 20 -15 -16 60 17 22 36 27 55 -23 -24 -25 30 42 -28 52 -30 57 56 -33 44 49 -36 50 -38 -39 39 40 -42 -43 53 47 -46 -47 -48 -49 -50 -51 51 -53 -54 -55 -56 -57 -58 -59 -60 -61 -62 -63
leaf_value=0.50841727978776363 0.84531320904342222 -0.30475913397111487 0.42211943734912688 -0.81098855399118541 -0.26025477444937084 -0.48760538624994682 -0.65261092599895276 -0.92650889863952046 -0.048031678228476732 0.34996408153158626 0.075866612194811708 0.33986389133782513 -0.11176685400165712 -0.57225523813787305 -0.72550005793617112 0.4384899430925196 0.39726949398546058 0.43733024764150463 -0.75068157770426214 -0.59619343798105606 -0.064564424042356947 -0.7452265401191519 -0.10091866093764904 0.5811428045820084 0.05580524484321308 0.65685532684437931 0.0093919462131245007 -0.12825958562725359 -0.51303737105869274 -1.0445847826694528 -0.045714235981187429 -1.1826752940804466 0.42199873742751742 0.2631637117304933 0.57801652871032461 -0.56799444249884301 -1.023337843496871 0.22278916593292808 0.55252760171030102 0.11424568884848921 0.24828117608592129 -0.49855359027343998 -0.68869380640274025 0.26842289735297892 0.47609209693266852 -0.054359033449666638 -0.74109301033886998 -0.28631830999714347 -1.175574776125506 -0.16606351371951125 0.26972377232111555 -0.21094985020392248 0.18921203942659262 -1.0367141830188635 -0.015501720047003665 -0.34290357968053053 -0.42309915115390162 -0.376891798596868 -0.82252741106652394 0.39362232508538392 -0.82717701440280633 -0.71899311179116909
leaf_weight=21591 284 1630 6310 356 835 231 252 7300 327 11838 805 565 553 2462 898 55 17710 2273 4791 423 1283 1405 1728 1539 2846 51 3222 1557 2099 508 968 4303 1563 2326 1122 473 2177 3577 602 664 1449 543 3369 3775 2836 1237 550 344 1988 675 595 1408 2378 982 1582 695 1492 288 663 558 686 653
leaf_count=21591 284 1630 6310 356 835 231 252 7300 327 11838 805 565 553 2462 898 55 17710 2273 4791 423 1283 1405 1728 1539 2846 51 3222 1557 2099 508 968 4303 1563 2326 1122 473 2177 3577 602 664 1449 543 3369 3775 2836 1237 550 344 1988 675 595 1408 2378 982 1582 695 1492 288 663 558 686 653
internal_value=-0.00113138 -0.664922 0.264712 0.0570214 -0.33263 0.163565 -0.190313 -0.915785 0.0361971 0.363744 0.233429 -0.00821323 -0.00870558 -0.272563 -0.209035 -0.200026 0.407552 0.334394 -0.739955 0.162464 -0.206567 -0.434249 0.181456 0.295242 -0.142248 -0.672537 -0.0958884 -0.000446023 -0.323157 -0.519645 -0.0973791 -1.04404 0.474347 0.225295 0.368245 -0.0700987 -0.835867 0.179695 0.269676 0.152709 0.0620873 -0.161438 -0.750741 0.343118 0.344666 0.211551 -0.482677 0.222093 -0.979819 0.16662 -0.163648 -0.0681636 0.0635949 -0.76724 -0.102485 -0.0400287 -0.2746 -0.803007 -0.513101 0.0743102 -0.733234 -0.423241
internal_weight=144248 41250 102998 33255 17745 25131 12508 23505 14702 69743 17547 5709 7170 8124 4997 3782 52196 24969 9914 9705 3885 5338 7259 5347 5662 5237 4099 4358 3933 1349 5306 13591 27227 3285 1927 3041 6968 3808 5531 3258 2656 1207 4402 10429 5636 2800 877 4119 9288 3001 2476 2003 3935 4351 1834 2536 2460 796 2946 1841 741 2283
internal_count=144248 41250 102998 33255 17745 25131 12508 23505 14702 69743 17547 5709 7170 8124 4997 3782 52196 24969 9914 9705 3885 5338 7259 5347 5662 5237 4099 4358 3933 1349 5306 13591 27227 3285 1927 3041 6968 3808 5531 3258 2656 1207 4402 10429 5636 2800 877 4119 9288 3001 2476 2003 3935 4351 1834 2536 2460 796 2946 1841 741 2283
cat_boundaries=0 1 2
cat_threshold=12 8
is_linear=0
shrinkage=0.05


Tree=27
num_leaves=63
num_cat=1
split_feature=38 46 38 62 74 119 118 74 119 46 113 46 127 125 118 92 103 115 96 119 122 125 113 98 106 54 34 103 105 122 125 121 127 115 121 111 90 106 102 115 119 127 119 11 52 73 106 124 136 123 111 46 70 112 121 111 127 84 93 76 85 121
split_gain=9.19332e+06 1.08092e+06 993673 513142 391641 302896 160578 152082 136744 131830 129345 119396 97439.6 114306 93489.1 92373.3 90345.2 89475.2 79533.8 79048.5 73105.2 132390 65151.7 62596.7 60332.6 59852.3 56734.4 55294.9 54975 54496.8 52270.1 51667 49789.1 49279.2 48274.7 47100.2 44315.1 41762.6 41092.6 39770.8 39268.4 39115.1 38575.9 37717.9 37658.9 37588.6 36970.4 36188.9 36178.1 35648.3 35018.4 34400.4 34021.1 33933.6 33804 31653.8 31501.8 31136.2 31093.5 37148.5 30886.2 30493.2
threshold=0.46871047403451088 0.62489316300888942 0.98063144840090311 -0.32163420549560751 0.14168183519534686 0.021722081150743606 0.086951849837057768 0.056148411344787555 0.033384769713616508 -0.095813361906578423 0.0091678205541320511 -0.052094302740126844 0.0042615069593392512 -0.008914729865038799 -1.0000000180025095e-35 0.24208730496537953 0.012172499563136902 0.015978469378112706 1.1828025544704266 0.029080210759753606 0.015600884536780503 0.018025783838359302 0.0011630377096510502 0.22481380958399674 0.014577038861325753 0.22563499811500207 0.17011421612583222 0.0078633596664009018 0.0096226669828645018 0.31621419283699781 0.0068820956486797509 0.012992178220134402 0.026020916537282904 0.020050482969804505 0.021518757332868753 0.023753232742879053 -0.70584907876367498 1.0000000180025095e-35 0.016672960309871504 0.023960547651603156 -0.0015315568835263997 0.018992213622036954 0.025231857803142053 8140.2350000000006 -0.41811424637576661 0.5135770228651273 -1.0000000180025095e-35 -0.090709617905063836 0 0.021635707931050806 0.014466795511805451 0.87454065935641434 0.29437661759484479 0.14087388232149828 -0.0094512329348857994 -0.0050736669903003488 0.038146981317970605 0.66779501921065543 0.6115624134918195 -0.042336449128804139 0.45254739551082546 -0.0092867020177249491
decision_type=2 2 2 2 2 2 2 2 2 2 2 2 2 2 2 2 2 2 2 2 2 2 2 2 2 2 2 2 2 2 2 2 2 2 2 2 2 2 2 2 2 2 2 2 2 2 2 2 1 2 2 2 2 2 2 2 2 2 2 2 2 2
left_child=1 3 4 20 19 7 14 11 18 12 26 15 57 47 56 38 34 60 32 27 37 33 23 -13 -16 44 -9 52 -18 53 -24 -23 39 42 48 51 -33 46 -5 61 -15 -40 -22 -28 -11 -42 -1 -14 -8 -31 -35 -19 -2 -12 -30 -55 -7 -6 59 -17 -3 -4
right_child=2 17 8 5 9 6 16 10 -10 25 29 22 13 40 24 58 28 35 -20 -21 21 31 30 -25 -26 -27 43 -29 54 49 -32 36 -34 50 -36 -37 -38 -39 41 -41 45 -43 -44 -45 -46 -47 -48 -49 -50 -51 -52 -53 -54 55 -56 -57 -58 -59 -60 -61 -62 -63
leaf_value=0.41321407297575102 -0.049433763125980676 0.016960252032139734 -0.73331294791956436 0.36283481522447858 0.41999475834331457 -0.042807846123688466 0.19761520526202012 0.44195969128545542 -1.0335767447869244 -0.45118866778787831 0.32185212506959426 -0.21324685092848703 -1.1200494261983596 0.39362617195333138 0.5819600147898667 -0.43650274423107827 -0.23729078503106449 -0.15933631032229326 -0.96623217199991829 -0.79921540813406766 0.37413750324894485 0.08119527539950612 0.037337799169254879 0.30969246412934887 -0.2734132123647296 -0.74818603255675875 0.29769307977421466 -0.61478909500295464 -1.0783052277911374 -0.13508869071186391 -0.41276470980870372 0.56969755034740666 -0.89507835259320712 0.1637122149717109 -0.85673220138402384 -0.74802510600714744 -0.75901895317788626 0.35756635931467451 0.23342631729121541 -0.81949069156846732 0.011000875456051695 -0.11458668218664476 0.13499443999918909 -0.061466818856075411 -0.041111199071368072 -0.64395905690700694 0.55010549169286127 -0.25121434575287244 -0.17875975953528955 -0.87325461708643337 -0.56831064044133484 -0.49153210096256095 -0.44338238795489054 -0.43464837244523624 -0.54376923708466818 0.16575360390959648 -1.0049900436566936 -0.042222240579755682 0.4012034140216808 0.25271449074745184 -0.49492100702865516 -0.42366052760099254
leaf_weight=11743 833 1566 1132 4549 1564 1552 1059 9790 9935 1083 1095 959 337 520 1300 897 1190 1114 3710 3233 19060 722 990 1419 245 778 5221 3739 413 538 1851 73 1992 564 188 1237 447 13657 3290 1505 1143 1070 1850 850 1159 271 8504 186 1576 235 230 2594 1602 386 1042 509 90 475 192 250 363 2671
leaf_count=11743 833 1566 1132 4549 1564 1552 1059 9790 9935 1083 1095 959 337 520 1300 897 1190 1114 3710 3233 19060 722 990 1419 245 778 5221 3739 413 538 1851 73 1992 564 188 1237 447 13657 3290 1505 1143 1070 1850 850 1159 271 8504 186 1576 235 230 2594 1602 386 1042 509 90 475 192 250 363 2671
internal_value=0.000243837 0.238223 -0.66886 0.280077 -0.383917 0.149193 -0.11496 0.216256 -0.899085 -0.114821 0.312496 0.100372 0.0568017 -0.155245 0.16714 0.199509 -0.27938 -0.36819 -0.777726 -0.59892 0.378489 0.309568 -0.0942926 0.0988015 0.446318 -0.370322 0.367492 -0.494035 -0.489347 -0.00321034 -0.255918 -0.192488 -0.681923 0.338298 -0.0826525 -0.480858 -0.572488 0.425134 0.257706 -0.601929 0.0221027 0.148019 0.352979 0.247407 -0.239199 -0.114525 0.47071 -0.811056 -0.027424 -0.359499 -0.0483347 -0.39173 -0.308615 0.135187 -0.695497 -0.0931907 -0.0955462 0.312318 -0.187702 -0.286281 -0.0793658 -0.515832
internal_weight=144338 106470 37868 99596 16923 42746 8655 34091 20945 7516 18624 15467 4496 2457 3187 10248 5468 6874 11010 9407 56850 22946 5219 2378 1545 3020 15861 6174 2645 2763 2841 1242 7300 21704 2823 4945 520 33904 8909 5308 1934 4360 20910 6071 2242 1414 20247 523 2635 773 794 3708 2435 1990 1455 895 1642 2039 1339 1147 1929 3803
internal_count=144338 106470 37868 99596 16923 42746 8655 34091 20945 7516 18624 15467 4496 2457 3187 10248 5468 6874 11010 9407 56850 22946 5219 2378 1545 3020 15861 6174 2645 2763 2841 1242 7300 21704 2823 4945 520 33904 8909 5308 1934 4360 20910 6071 2242 1414 20247 523 2635 773 794 3708 2435 1990 1455 895 1642 2039 1339 1147 1929 3803
cat_boundaries=0 1
cat_threshold=12
is_linear=0
shrinkage=0.05


Tree=28
num_leaves=63
num_cat=1
split_feature=62 62 62 107 119 46 119 115 124 121 93 46 125 121 36 118 96 121 58 74 107 107 132 28 122 93 125 119 104 104 105 125 125 110 125 136 84 50 123 121 125 106 121 123 103 110 68 125 56 74 126 124 123 119 85 66 40 119 70 111 90 105
split_gain=8.32739e+06 989120 750215 420610 266174 223546 185407 174858 242192 131847 111750 109762 98135.1 95640.9 92676.3 91639.6 89199.7 96991.2 86119.1 76847.8 71397.2 70663 64059.2 63080.2 58064.3 57078 56267.1 55728.1 52727.3 68258.5 51790.1 50297.4 50105.9 47220.9 46533.8 45319.8 63605.7 42342 41219 40161.3 43350.8 39687 37465.8 36916.9 34532.8 34207 34132.8 32386.8 32145.6 31909.2 31808.9 31063.7 30488.3 30293.1 32254.2 29864.1 43942.8 29110.2 28444.6 28198.2 27362 26521.4
threshold=0.49163230410034042 -0.094549662550914529 0.98155311599936923 0.018608577946079854 0.018216252221659155 0.049952667879166558 0.0073878859925227006 0.012508931469733952 0.17369652475141417 0.017499263941015305 0.40944178441939261 1.1185011505662672 0.015315551401558552 -0.0049136329538475489 1.4678177225878126 0.18606116857687985 -0.72338944945953376 -0.0020048191463849494 0.98680901640261354 0.17022701384618819 0.01119982569144475 0.0061186899800436513 -0.097637758484584683 -0.075378810968581539 0.014866758607420953 0.39142804511174384 0.010500147550235353 0.032936756005738553 0.066419230803181864 -0.0097860930984067489 0.004910699347285101 -0.0057351452914557498 -0.016290964311285749 -0.15957260224401623 -0.011364082672706497 0 0.30256948601976291 0.34376309057825888 0.0011799414772843502 0.0096067770325867028 0.0078099267522541505 0.071624601184069062 0.011281716455095302 0.014905951499548951 0.030518917987161553 0.10150208564404052 -0.79218001814607575 -0.010725385231536348 -0.4789630413030998 0.089324032954472013 0.96936239562626858 -0.12173929139294144 0.0018721170061198002 0.0030405826887588503 0.54716670592524908 -0.58726227876674031 0.029846580175972554 0.031698108771334908 0.25766771203695626 -0.00085422882692989994 -0.16453659590090997 -0.0042708794462471495
decision_type=2 2 2 2 2 2 2 2 2 2 2 2 2 2 2 2 2 2 2 2 2 2 2 2 2 2 2 2 2 2 2 2 2 2 2 1 2 2 2 2 2 2 2 2 2 2 2 2 2 2 2 2 2 2 2 2 2 2 2 2 2 2
left_child=1 7 4 5 11 13 23 10 24 26 38 18 25 22 27 28 -12 20 19 37 53 -6 32 51 -9 55 -10 49 29 -8 -17 33 -3 -22 -23 36 -15 60 -1 -40 -41 -24 -26 58 61 -42 -28 -32 -11 -4 -33 -5 -50 -18 -55 -7 -57 -49 -34 -21 -2 -36
right_child=2 3 14 6 21 12 15 8 9 48 16 -13 -14 35 -16 30 17 -19 -20 59 31 34 41 -25 42 -27 46 -29 -30 -31 47 50 43 -35 44 -37 -38 -39 39 40 45 -43 -44 -45 -46 -47 -48 57 52 -51 -52 -53 -54 54 -56 56 -58 -59 -60 -61 -62 -63
leaf_value=0.46269949141021344 0.18691241845671511 -1.1720843783833765 -0.83271425009458166 -0.086741395784483755 -0.34581853969968623 -0.2613476460921052 -0.19541688623002218 0.41596765607901665 0.2010595956289444 0.21781398463249207 0.39199645086138751 -0.67116286119108215 -0.35148858153406337 0.27170454809932093 -1.0268713807604219 -0.30378137526287241 0.34687909773517017 0.32896417748656837 -0.46930426044937523 -0.0098232519557340109 -0.8605701440139728 -1.0191967682874932 0.36248661086189404 -0.2225608788914317 0.24207499940225949 -0.20374451181200226 0.30850327646623493 -0.92260203407168007 -0.39199798963162108 0.57869733101029475 -1.1067202179272173 0.097299650341975297 0.086683602067275045 -0.12068136886839725 -0.26691985610026892 0.39192335005976087 -0.27089426953758217 -0.39252730153254001 0.39495881819024586 0.35140766186489464 0.23390670100478037 -0.014804562678427335 -0.17030381604842323 -0.67271379511959917 -0.82336183763702186 -0.28960051752471916 -0.23995499881694027 -0.48379725965184606 -0.26232092071220697 -0.61380005539060978 -0.42295355524801642 0.30426110454702776 -0.91412280381343303 0.13084712524715911 -0.84198328432711689 -0.098421256955687431 0.35315577328290748 -0.828851349961788 -0.32823464241717182 0.32057335660883579 -0.27565176652865964 -0.61914402821660397
leaf_weight=19628 733 110 2836 740 1778 368 898 5631 2045 100 10937 1185 2696 2821 6939 1505 2252 8444 1656 1425 348 980 1779 1633 2365 1695 332 5085 1385 417 361 2247 1650 567 652 6580 668 1729 10256 1671 601 1146 718 238 1806 649 1949 1776 251 4030 338 1620 629 2680 88 764 1827 932 551 1181 567 2964
leaf_count=19628 733 110 2836 740 1778 368 898 5631 2045 100 10937 1185 2696 2821 6939 1505 2252 8444 1656 1425 348 980 1779 1633 2365 1695 332 5085 1385 417 361 2247 1650 567 652 6580 668 1729 10256 1671 601 1146 718 238 1806 649 1949 1776 251 4030 338 1620 629 2680 88 764 1827 932 551 1181 567 2964
internal_value=-0.00135327 0.215568 -0.665836 -0.00731932 -0.421212 0.115765 -0.25741 0.317458 0.158304 -0.108015 0.354215 -0.224854 -0.111444 0.223208 -0.881529 -0.407687 0.280655 0.208871 -0.152316 -0.0591603 0.0898494 -0.624675 0.0549933 0.0163467 0.320466 0.0276104 0.0106143 -0.79714 -0.176698 0.0500627 -0.544038 -0.0834945 -0.128232 -0.402082 -0.702121 0.314658 0.16734 -0.230428 0.416778 0.348374 0.18481 0.214666 0.146036 -0.0811543 -0.644811 -0.0378982 -0.160127 -0.661857 -0.631678 -0.704223 0.0292743 0.181659 -0.728211 0.210707 0.099919 0.160137 0.220001 -0.602553 -0.0171873 0.139908 -0.0148367 -0.555635
internal_weight=144432 108886 35546 34160 16656 22893 11267 74726 14020 5306 60706 8476 7350 15543 18890 7274 27901 16964 7291 5635 8520 8180 5474 3993 8714 4654 4326 11951 2700 1315 4574 3500 2549 915 6402 10069 3489 3029 32805 13177 2921 2925 3083 2439 5422 1250 2281 3069 980 6866 2585 2360 880 5020 2768 2959 2591 2708 2201 2606 1300 3616
internal_count=144432 108886 35546 34160 16656 22893 11267 74726 14020 5306 60706 8476 7350 15543 18890 7274 27901 16964 7291 5635 8520 8180 5474 3993 8714 4654 4326 11951 2700 1315 4574 3500 2549 915 6402 10069 3489 3029 32805 13177 2921 2925 3083 2439 5422 1250 2281 3069 980 6866 2585 2360 880 5020 2768 2959 2591 2708 2201 2606 1300 3616
cat_boundaries=0 1
cat_threshold=2
is_linear=0
shrinkage=0.05


Tree=29
num_leaves=63
num_cat=0
split_feature=36 62 62 46 107 127 115 124 62 121 93 34 120 119 119 113 80 133 119 121 120 111 93 80 125 106 103 111 121 115 119 87 113 118 74 127 58 127 107 50 60 125 103 103 96 107 106 34 127 135 56 123 46 72 80 123 127 125 106 125 125 133
split_gain=7.55674e+06 879534 785865 310916 241085 201741 201554 257872 153185 117992 106593 100559 98152.3 93383.9 89252.3 87829.2 86974.4 85869.3 85049.7 82460 72789 72360.5 63085.3 61563.9 60836.4 57856 57767.7 56837.2 55274.6 64603.9 54482.5 53393.7 52906.8 44176.1 41866.9 41671 41178.5 39986 38439.7 36882.3 36336.3 35493.2 35151.9 34833.9 34604.9 33731 32911.4 32463.3 30757.6 30529.7 30504.6 32486.9 29837.1 28920.8 35414.3 37079.1 28820 28370.7 28100.9 27529.6 26892.2 26554.4
threshold=0.41429027674761038 0.74495849733855213 0.018992608921431755 0.24112384992342148 0.0138740509165145 0.016951776734006056 0.014350299952027452 0.13377143822969553 1.3815009636206477 0.018052735654610106 0.41331532771215512 -0.40799126470319863 -0.020247439443667244 0.011675435161551052 0.026125352728409903 0.0026803571792694504 -0.90620912821564692 -0.01129157164029925 0.026432172017346704 -0.0015900024210928497 1.0000000180025095e-35 -0.0023533814872073997 0.38320052676146971 -0.018886733382456146 0.013162695102936153 1.0000000180025095e-35 0.028631201014297704 0.0024451985782791507 0.0098127263580924523 0.0042239791295517514 0.016271320488304552 0.25124276900289955 0.0012243982960714003 0.4965378842201924 0.17151901669086048 0.0084861028948326513 -0.15130516192986773 0.016390548557440952 0.025317572960696703 0.24273647991525893 0.17415968974478707 0.0038726388801867003 0.0053835520703298511 0.038982766040215056 0.091158479814675855 0.00069447124394650015 0.53663060625002457 1.0518341075949622 -0.0040553689135302993 0.010276549023695751 -0.56021239339699258 0.0021765101842501503 -0.057993183617626697 -1.027462255396665 -0.83725107440051338 0.0086352903040777026 0.026442192744377504 0.0042172075864918505 -1.0000000180025095e-35 0.0076753496399157009 0.024671680771849305 -0.0083084070089911484
decision_type=2 2 2 2 2 2 2 2 2 2 2 2 2 2 2 2 2 2 2 2 2 2 2 2 2 2 2 2 2 2 2 2 2 2 2 2 2 2 2 2 10 2 2 2 2 2 2 2 2 2 2 2 2 2 2 2 2 2 2 2 2 2
left_child=2 4 6 5 14 17 10 25 18 24 28 53 26 42 23 22 44 27 34 21 -14 30 -5 35 -9 58 38 33 -1 -30 -18 57 -31 48 -3 -2 41 60 -7 -25 46 -34 -6 -22 -13 -35 -19 -36 -4 -32 -11 -52 -21 -12 -55 -56 -20 -17 -8 -27 -15 -44
right_child=1 8 3 15 13 12 7 9 -10 50 11 16 20 37 -16 31 19 40 56 52 43 -23 -24 39 -26 59 -28 -29 29 32 49 -33 36 45 47 -37 -38 -39 -40 -41 -42 -43 61 -45 -46 -47 -48 -49 -50 -51 51 -53 -54 54 55 -57 -58 -59 -60 -61 -62 -63
leaf_value=0.41419127044182241 0.25858816527413758 -0.68174160037022391 0.25060872247497173 0.050513809341241445 -0.036628731787541877 -0.12357752370657632 0.26786977163578407 0.13859440748235072 -0.94174075887859776 0.413583835648067 0.42190960002954558 0.57421607622883664 0.53695121842312865 -0.40482196728453712 -0.45140456538335388 0.24160963856718609 -0.040484002008758083 0.36412131172315537 -0.72892157168079275 0.32444163780217483 -0.030802490535126542 0.16710043380684828 -0.37877418672347329 0.082904697418699755 -0.23513511169058263 0.24819543382392087 -0.79837877408970881 0.26688388639143706 0.39447627078911984 0.31418481325958247 -0.62391944506830299 -0.68669179267596492 0.20595069602592969 0.073636370105506652 -0.28400914589598619 -0.084675262004162213 0.3258254198815036 -0.78991100848791462 -0.63559847207007536 -0.36508964171534847 -0.21342859639447523 -0.41553982257867744 -0.62989569918937605 -0.69645817980136993 -0.5362651748431696 -0.57405074148455526 0.12881814339974273 -0.58885421105791902 -0.11288855600370983 0.011170847061642909 -0.27110320136138477 -0.88305710738202525 0.045843332819926322 0.57932622829662117 0.29790088433416001 0.019063154780696832 -0.94073577477178327 -0.36874094055466827 0.52077460280524757 -0.092868217849172652 -0.73420713456024111 -0.2087033897617101
leaf_weight=30585 2196 3590 913 2031 1105 1366 1865 2372 9740 67 6200 1350 565 2089 1373 216 2159 5984 4240 3654 1603 2668 1479 681 2013 1542 683 1629 3680 1326 820 1688 308 287 1722 1480 403 2043 501 1412 352 904 711 224 74 671 1977 1772 1605 246 318 682 1304 967 9768 1358 2585 1606 2672 960 881 790
leaf_count=30585 2196 3590 913 2031 1105 1366 1865 2372 9740 67 6200 1350 565 2089 1373 216 2159 5984 4240 3654 1603 2668 1479 681 2013 1542 683 1629 3680 1326 820 1688 308 287 1722 1480 403 2043 501 1412 352 904 711 224 74 671 1977 1772 1605 246 318 682 1304 967 9768 1358 2585 1606 2672 960 881 790
internal_value=-5.79807e-05 -0.600644 0.218301 -0.0242132 -0.297798 0.0839993 0.294984 0.110425 -0.789672 -0.147712 0.328999 0.25982 -0.189102 -0.493438 -0.0890908 -0.307231 0.149112 0.184585 -0.683183 0.100898 0.0409676 -0.0255298 -0.130374 -0.00286154 -0.0329717 0.310364 -0.404915 0.0231771 0.385836 0.254852 -0.18489 -0.484087 0.0801433 -0.0910342 -0.561825 0.120386 -0.112017 -0.619648 -0.260976 -0.219326 0.283706 -0.257603 -0.250655 -0.112415 0.516508 -0.380015 0.305687 -0.438613 0.0189117 -0.47736 -0.619256 -0.688456 0.251168 0.334108 0.289092 0.263867 -0.809147 -0.296383 0.416814 0.117332 -0.502528 -0.408216
internal_weight=144055 38410 105645 25380 14761 18360 80265 12491 23649 5452 67774 30568 4942 7619 7142 7020 12275 13418 13909 10851 2392 5893 3510 5769 4385 7039 2550 5105 37206 6621 3225 3510 2941 3476 7084 3676 1615 5013 1867 2093 8313 1212 2606 1827 1424 958 7961 3494 2518 1066 1067 1000 4958 18293 12093 11126 6825 1822 4537 2502 2970 1501
internal_count=144055 38410 105645 25380 14761 18360 80265 12491 23649 5452 67774 30568 4942 7619 7142 7020 12275 13418 13909 10851 2392 5893 3510 5769 4385 7039 2550 5105 37206 6621 3225 3510 2941 3476 7084 3676 1615 5013 1867 2093 8313 1212 2606 1827 1424 958 7961 3494 2518 1066 1067 1000 4958 18293 12093 11126 6825 1822 4537 2502 2970 1501
is_linear=0
shrinkage=0.05


Tree=30
num_leaves=63
num_cat=3
split_feature=36 62 38 119 36 119 115 103 90 58 56 80 23 121 107 136 112 125 93 107 123 107 125 121 118 123 96 87 113 127 121 56 102 121 84 118 20 118 103 133 40 106 106 80 115 103 113 113 107 121 136 135 131 136 121 118 125 58 56 100 127 107
split_gain=6.85957e+06 824166 647662 285895 210533 197736 184222 156253 121030 114248 113211 100549 95332.7 89799.4 83953.9 82382.8 80069.9 125781 74912.1 70474.1 67983.2 60169.2 59803.5 52524.4 50799 50774.7 50182.5 46571.1 46336.9 44932 43348.2 42703.1 42007.8 40978.8 40340.5 39621.2 39079.7 38971.7 38882.4 38487 38207.8 35200.7 48691.4 33082.3 33044.9 32661.4 30972 30727.2 29748.1 29708.8 29101.4 28836 28340.7 27881.8 29519.3 27772.2 27656 27609.7 27110.1 26089.8 25765.9 25333.3
threshold=0.47378398340360889 0.096924879346443615 0.89228303762224237 0.012845604605628351 -0.23033753979334493 0.021473388418364454 0.014350299952027452 0.0051176527262116007 -0.18955014776886239 1.5158229299796597 -0.073337192940912788 -0.012829115118316499 2.222014769692326 -0.0021156847213007497 0.016186009097703503 0 0.013760056264038902 0.017356476450846103 0.38320052676146971 0.018368569308951855 0.0013951670259210003 0.038817847790601302 -0.0067086534947232495 -0.0046865972954216991 0.78695433454738306 0.0037971387014482006 -0.94310977664575069 0.30327428376974647 0.012167954699086452 0.0037040053094064503 0.019906653585764354 0.70320461802572021 0.039995738849102458 0.010021471610949103 0.21065544796885188 1.0000000180025095e-35 -0.14518592462598504 0.21103302403079158 -0.021065553412859598 -0.0022357167951465996 0.14169727690597764 0.014577038861325753 -1.0000000180025095e-35 -0.40179833602892895 -0.0038187335790870495 0.026162895923757205 0.0016620100148682503 0.016103063045761454 -0.017848076197460497 -0.020745160822557746 1 -0.0067876603874854986 0.037714600154924907 2 0.021518757332868753 -1.0000000180025095e-35 0.0074135779675774506 -0.74989189758196717 0.056590258002607259 -0.45194013282624551 0.018108068858238503 -0.0051707772261234989
decision_type=2 2 2 2 2 2 2 2 2 2 2 2 2 2 2 1 2 2 2 2 2 2 2 2 2 2 2 2 2 2 2 2 2 2 2 2 2 2 2 2 2 2 2 2 2 2 2 2 2 2 1 2 2 1 2 2 2 2 2 2 2 2
left_child=1 4 5 8 16 11 13 24 23 12 -8 22 21 15 40 -6 35 25 20 43 -10 45 29 32 31 -18 -27 46 33 -2 -19 51 -3 -28 -13 55 58 -21 -7 -24 -9 42 -16 -17 -39 -4 -12 -34 -32 -30 -35 -5 60 54 -37 -1 59 -55 -15 -22 -40 -26
right_child=2 3 9 7 6 38 10 14 18 -11 27 34 -14 36 41 19 17 30 -20 37 56 -23 39 -25 61 26 28 -29 49 -31 48 -33 47 50 -36 53 -38 44 52 -41 -42 -43 -44 -45 -46 -47 -48 -49 -50 -51 -52 -53 -54 57 -56 -57 -58 -59 -60 -61 -62 -63
leaf_value=0.36358319549843338 0.065203646635456108 0.2365469614108533 -0.45407629260256449 -0.0083253620948034821 0.28653018665242208 -0.093650352331776612 0.23408605819402417 -0.34237780538134033 0.32210500793224295 -0.93193757067563188 0.007325000353806288 -0.086057351308638341 -0.9084752317021425 0.31539142250954383 -0.45063706727700387 0.25315325112584797 0.32353517056537906 -0.038169061623691505 -0.31628121740736942 -0.070164026895946738 -0.60740239957385533 -0.79050679549980851 -0.078222996726408422 0.31718290250700143 0.25432896509178377 0.38562459630744317 0.23623483734202116 -0.64766110590566983 -0.99530992951334984 -0.64414831576112697 0.59557576026858361 -0.32368669221227592 -0.075425931573116861 0.31373452026593057 -0.45844534753174176 0.38555901971750717 0.33999738851505368 -1.0164896589268761 -0.44503393125294982 0.25201445790508664 0.0092148484931956764 -0.66871306262755714 0.63316134187308226 -0.049973820186050823 -0.32719084659348363 -0.66689896870456744 -0.34456227210899038 -0.94514363695274695 -0.83918774830863674 -0.15565259661763395 -0.47234276120466695 0.3078011800234251 -0.80787017730986155 0.34119743762610683 -0.27478995057027461 0.48035734219506421 -0.32841019549085054 0.13836164849626073 -0.17251546634250278 0.29860585787466593 -0.7327625575731499 -0.45003631412842715
leaf_weight=11752 361 1497 4616 1410 3368 394 1462 2268 1406 7287 1091 965 3721 494 722 1721 17407 1299 2152 884 98 3395 1915 5076 152 1542 2292 728 123 585 41 560 1323 161 2952 7783 10047 259 2437 1636 1172 2499 121 1887 529 2958 1465 110 304 734 388 1477 1321 3094 173 8984 933 3665 672 420 1143 797
leaf_count=11752 361 1497 4616 1410 3368 394 1462 2268 1406 7287 1091 965 3721 494 722 1721 17407 1299 2152 884 98 3395 1915 5076 152 1542 2292 728 123 585 41 560 1323 161 2952 7783 10047 259 2437 1636 1172 2499 121 1887 529 2958 1465 110 304 734 388 1477 1321 3094 173 8984 933 3665 672 420 1143 797
internal_value=-0.000468339 0.197249 -0.601841 -0.0600122 0.271036 -0.332144 0.147952 -0.24548 0.0992779 -0.770075 -0.131912 -0.181503 -0.689783 0.214829 -0.395986 0.0937668 0.321733 0.251804 -0.0934868 -0.0296793 0.0743304 -0.615596 -0.0201889 0.219882 -0.0132852 0.282459 0.146005 -0.294851 0.0460882 -0.373455 -0.170484 0.0758976 0.0513162 0.143297 -0.366703 0.369648 0.308198 -0.298074 -0.571518 0.0739224 -0.222591 -0.574465 -0.295074 0.0946164 -0.55375 -0.537193 -0.194363 -0.142187 -0.66868 -0.276164 -0.244706 0.153406 -0.609935 0.3069 0.370734 0.414176 -0.16576 0.23087 0.0341964 0.127199 -0.536898 -0.337219
internal_weight=144228 108542 35686 24193 84349 13709 24607 11178 13015 21977 4746 8414 14690 19861 6782 8648 59742 24291 5009 5280 2857 10969 4497 8006 4396 22647 5240 3284 3698 946 1644 3447 2930 2841 3917 35451 11213 1672 5295 3551 3440 3342 843 3608 788 7574 2556 1433 345 857 549 2887 4901 14715 7956 20736 1451 6759 1166 518 3580 949
internal_count=144228 108542 35686 24193 84349 13709 24607 11178 13015 21977 4746 8414 14690 19861 6782 8648 59742 24291 5009 5280 2857 10969 4497 8006 4396 22647 5240 3284 3698 946 1644 3447 2930 2841 3917 35451 11213 1672 5295 3551 3440 3342 843 3608 788 7574 2556 1433 345 857 549 2887 4901 14715 7956 20736 1451 6759 1166 518 3580 949
cat_boundaries=0 1 2 3
cat_threshold=12 3 12
is_linear=0
shrinkage=0.05


Tree=31
num_leaves=63
num_cat=1
split_feature=38 46 36 34 74 118 119 118 38 123 125 120 127 125 121 127 124 74 23 125 103 105 80 127 111 136 68 46 113 88 119 107 124 92 112 121 111 90 90 58 74 113 87 95 123 103 131 94 112 127 107 124 113 98 74 125 125 107 93 113 89 111
split_gain=6.18975e+06 745610 700631 372934 250163 237610 201124 155475 129185 101623 122755 140370 93597.1 78698.2 77021.2 76109.6 72602.4 69922.5 67762.7 66070.8 65745.8 61292.8 60748.3 58449.2 54336.4 52368.8 62150.7 51927.1 50728.2 48359.8 46056.3 44290.8 43614.1 40259.2 39091.5 46645.7 38664.8 47441.4 38109.3 35426 34758.9 36000.2 33862.9 33349.6 33192.2 33006.8 32933.8 32235.8 32115.4 31301.1 31203.9 30223.7 30132.9 30002.7 29801 29721.7 29427.4 29130.5 28942.4 27283.8 26994.9 26618.7
threshold=0.46871047403451088 0.62489316300888942 0.72776649041591523 -0.23831772979431373 0.14168183519534686 1.0000000180025095e-35 0.027377965500553051 -1.0000000180025095e-35 1.4715494751984552 0.0015126801161118501 0.011027482837092801 0.19757539882920724 0.016951776734006056 0.016745683929637753 0.021518757332868753 0.00039540472378600007 0.50324551482973567 0.056148411344787555 2.0307595904303164 -0.008914729865038799 0.030895724621814554 0.025196580217842653 -0.51375204367389926 0.023221076063857704 -0.0078090699198951992 0 -0.55216365941481693 -0.095813361906578423 0.008882810588686502 -0.05238455256247234 0.045970703040488559 0.032470511734688706 0.034582511038187658 0.27642137238163872 0.28166018604488213 -0.017637575066915396 -0.012902736496432848 0.47014390370904929 -0.71396663592313814 0.57682938520896976 0.081129666766626765 0.0148288297183872 0.40354355078675136 0.53780013682228633 0.0027349305364359503 0.037019448116175309 0.030682946416942802 -0.016688985757448798 0.0062448417247437512 -0.0014115966076151999 -0.011810131144022297 -0.083142647238713938 0.0071162999056672014 0.89787030828508418 0.11070847900409617 1.0000000180025095e-35 -0.012050387439153949 0.0087251914443065015 0.43579477249478865 0.0010009333154585502 0.076488736725569662 -0.0033685750278439493
decision_type=2 2 2 2 2 2 2 2 2 2 2 2 2 2 2 2 2 2 2 2 2 2 2 2 2 1 2 2 2 2 2 2 2 2 2 2 2 2 2 2 2 2 2 10 2 2 2 10 2 2 2 2 2 2 2 2 2 2 2 2 2 2
left_child=1 3 4 9 20 7 12 17 18 25 34 32 13 31 38 27 42 29 23 51 36 30 47 40 45 26 -1 -6 -19 33 50 46 -12 -5 -11 53 -2 39 -13 -38 -4 43 55 54 -29 -14 61 -21 -9 -28 -8 -17 -24 -36 -42 -3 -30 -51 -10 -15 -34 -7
right_child=2 16 8 5 15 6 21 48 58 10 11 14 24 59 -16 19 -18 28 -20 22 -22 -23 52 -25 -26 -27 49 44 56 -31 -32 -33 60 -35 35 -37 37 -39 -40 -41 41 -43 -44 -45 -46 -47 -48 -49 -50 57 -52 -53 -54 -55 -56 -57 -58 -59 -60 -61 -62 -63
leaf_value=0.35788089235817144 -0.58485699689944082 0.43806465072923351 -0.60845983668226944 0.25670045698002592 0.36738020577703717 0.11587430283638561 0.39400524579816398 0.54808962498115832 -0.75952117384344198 0.31757681038518526 0.37934897285437963 0.53072314741580118 -0.29076757305113848 0.08300534255126224 -0.8329061866397004 -0.84569015847822071 -0.49044829796743405 0.31466014171601647 -0.8308643822191023 0.38163710290539732 -0.70679769753232469 -0.70349560237229181 -0.1456938623895094 -0.72822432862705699 -0.024632725340090811 0.40087766746846737 0.30177760562714523 0.17648760576446923 -1.3005894483403957 -0.10994600984580719 -0.89580974446042727 -0.20723567188170647 -0.15862366569022643 -0.30347081900265499 -0.67197168555812559 0.19229561770688131 0.025425765498693888 -0.55206626478653831 -0.2278709571611747 -0.35283045475770214 1.1335291763395072 -0.69335101525060461 -0.59403063387589483 -0.55333465700707496 -0.52350304255482827 -0.9057808479051227 -0.024628848749308516 -0.19340776022883099 -0.089900180348195136 0.18772538322117702 -0.22278070957262286 -0.18412503586285681 -0.62893555420313541 0.42773114267736673 -0.24207206794376904 -0.15147369523157586 -0.016535067879335869 -0.10836519280118087 -0.92583598010800783 -0.43733698346066208 0.23452213771917535 0.28555512533212901
leaf_weight=9315 1555 229 2893 2368 1442 3821 234 3818 5086 15325 1808 190 1041 369 530 461 3027 6236 2762 848 2120 994 2387 3273 2568 24174 1966 349 47 2992 230 775 914 371 276 2188 1239 1151 1287 1237 40 780 408 1068 329 276 1627 342 208 1790 1658 276 373 80 2507 3219 881 1550 5386 794 836 5850
leaf_count=9315 1555 229 2893 2368 1442 3821 234 3818 5086 15325 1808 190 1041 369 530 461 3027 6236 2762 848 2120 994 2387 3273 2568 24174 1966 349 47 2992 230 775 914 371 276 2188 1239 1151 1287 1237 40 780 408 1068 329 276 1627 342 208 1790 1658 276 373 80 2507 3219 881 1550 5386 794 836 5850
internal_value=0.000438807 0.196098 -0.548123 0.230951 -0.268955 0.105611 -0.0100048 0.243884 -0.713654 0.305794 0.223582 0.0185209 0.0572406 0.120577 -0.315831 -0.0508945 -0.307167 0.159197 -0.610366 -0.163338 -0.472232 -0.379488 -0.0822485 -0.5527 -0.158543 0.355454 0.279886 0.1977 0.263334 0.0290212 -0.227714 0.158417 0.207122 0.180825 0.287445 0.105934 -0.37627 -0.286842 -0.130286 -0.16355 -0.473873 -0.385281 -0.163289 -0.318809 -0.163183 -0.419654 0.1835 0.216372 0.515128 0.14349 -0.146497 -0.59794 -0.211002 -0.424847 -0.220469 -0.112319 -0.081568 0.0503181 -0.845061 -0.272241 0.0291877 0.218514
internal_weight=144174 106270 37904 99387 14109 37158 20237 16921 23795 62229 23434 5565 17121 13236 2007 6807 6883 12895 13323 4687 7302 3116 3950 10561 3885 38795 14621 2120 7164 5731 2122 12073 3558 2739 17869 2544 5182 3627 1477 2476 7288 4395 3856 3615 678 1317 11298 1190 4026 5306 1892 737 2760 356 2547 3448 928 3340 10472 1163 1750 9671
internal_count=144174 106270 37904 99387 14109 37158 20237 16921 23795 62229 23434 5565 17121 13236 2007 6807 6883 12895 13323 4687 7302 3116 3950 10561 3885 38795 14621 2120 7164 5731 2122 12073 3558 2739 17869 2544 5182 3627 1477 2476 7288 4395 3856 3615 678 1317 11298 1190 4026 5306 1892 737 2760 356 2547 3448 928 3340 10472 1163 1750 9671
cat_boundaries=0 1
cat_threshold=2
is_linear=0
shrinkage=0.05


Tree=32
num_leaves=63
num_cat=2
split_feature=62 36 36 119 119 38 118 115 80 115 106 106 127 107 119 106 107 36 127 115 124 106 119 111 121 91 136 121 115 127 107 133 110 121 115 115 36 101 119 133 124 127 126 121 113 121 101 80 127 74 107 135 115 123 74 123 129 136 121 111 127 123
split_gain=5.6348e+06 742162 479002 269768 175346 155423 124413 124033 120684 110411 100312 106702 89660.3 78348.4 74525.5 70512.3 62592.7 62292.7 69615.8 61514.2 56101.6 54068.9 52942.4 49416.9 44997.9 41077.8 42735.3 40801.7 40397.5 38916.2 38108.3 37829.7 36890 36170.8 35962.9 35555.2 35080 34481.3 34085.4 32329.6 31113.8 30759.6 30322.4 30231.3 29432.6 28787.5 28644.4 33200.8 28629.7 29642.8 28478.6 27856.5 27100.7 27057.8 26291.7 25843.8 25728.9 25474.4 25401.3 31178.7 24930 24139.6
threshold=0.3716106412169064 0.64797791994079013 -0.046177084250017091 0.019581423621542155 0.024949890144253004 1.3232495567617601 0.24220006679983871 0.020815295107394504 -0.074942830419495038 0.014586415759104352 1.0000000180025095e-35 -1.0000000180025095e-35 0.0054253447767233015 0.023227988217037154 0.014032085615837802 1.0000000180025095e-35 0.021871421183551353 -0.75662937300803856 0.031999455782155607 0.015978469378112706 0.31769224748440933 -1.0000000180025095e-35 0.024650155368506305 -0.0024804961568669496 0.013998508075783102 0.26762850610373307 0 -0.0014858797419306997 0.059667051086166954 0.031999455782155607 -0.0054510460237512494 -0.010068178422308649 -0.14677504532549165 0.020701689114805955 -0.0068563107344228489 0.026903411306699102 1.6584692883719139 0.38806009749174125 0.037334129222126554 -0.017591245610931647 -0.098159998997711537 0.023606156577312253 0.52579830763112467 -0.016098017954441695 0.016103063045761454 -0.024945307600690098 0.38806009749174125 -0.4778094357344374 0.026900470458553854 -0.11032793490870839 -0.0048859629823852996 -0.020136273721026898 0.017831847234850002 0.0051227281316230501 0.089324032954472013 0.0011097101644606002 -0.020651632295385445 1 -0.0045624297197825988 0.018493770604931754 -0.049154852485603244 0.0073347930579074514
decision_type=2 2 2 2 2 2 2 2 2 2 2 2 2 2 2 2 2 2 2 2 2 2 2 2 2 2 1 2 2 2 2 2 2 2 2 2 2 2 2 2 2 2 2 2 2 2 2 2 2 2 2 2 2 2 2 2 10 1 2 2 2 2
left_child=2 4 6 9 8 14 15 17 12 13 11 38 37 27 35 21 58 -8 22 29 -11 52 43 40 -21 26 55 32 48 45 -6 57 51 -9 -18 46 41 -2 -5 -32 -14 -7 -34 -19 -24 -17 47 -3 49 -16 -20 61 -1 -41 -45 -10 -25 -15 -12 -60 -51 -4
right_child=1 5 3 10 30 36 7 33 25 20 16 -13 23 31 28 19 34 18 50 24 -22 -23 44 56 -26 -27 -28 -29 -30 -31 39 -33 42 -35 -36 -37 -38 -39 -40 53 -42 -43 -44 54 -46 -47 -48 -49 -50 60 -52 -53 -54 -55 -56 -57 -58 -59 59 -61 -62 -63
leaf_value=0.32659760538971233 0.74871402905433326 1.176297369173595 -0.14512058470203643 -0.065399628910435104 -0.050083209068587653 -0.63338417607794262 0.31865570044804276 -0.13007781941097873 0.23466255147370096 0.042706452960955134 -0.42052045907104701 0.58607506337795912 -0.5754369874946671 0.054436926791521859 -0.73322613988760588 -0.17480293034676866 -1.0834061502033334 -0.080570853037424714 0.22117752822270564 0.1107364895086258 -0.33951927936263382 0.45382321576797513 0.0018582679338600774 0.3770904633175719 -0.43547100631357849 -0.57302193252592015 -0.37645103914736 0.31258942023038272 -0.92642305246822287 -0.042595240560966356 -0.71260799639044881 0.095959900396001399 0.29911548534441673 -0.70922629850727104 -0.4928783087724547 -0.6299166957487754 -0.89631937860146194 0.17161452619919401 -0.55583191281141242 -0.28276825805529793 -0.15764837701303455 -0.81860889989315633 -0.044482958002467154 0.17645626308887469 -0.73990506274284618 0.29510169460883506 -0.31345849046837515 -0.13435470202985483 -0.74034376238354938 0.62678694163377469 -0.41738987198466959 0.094404335697952868 0.087318282190043617 -0.63652007713013392 0.32935878710110467 -0.18995017658642077 -0.069887070522240136 -0.41129583198710062 0.0037775204483332654 -0.5146013690804272 -0.47423316603603172 -0.90436083336514761
leaf_weight=16629 286 70 596 2012 445 4718 7744 1185 595 2249 972 613 730 447 1287 332 303 823 229 1732 1675 10195 2297 455 482 1112 1958 6890 921 945 1580 1873 3173 349 1729 886 4207 2725 430 1409 1144 4270 805 7656 142 17827 2816 156 1992 52 735 1630 1274 877 4443 901 1101 859 1413 365 4554 127
leaf_count=16629 286 70 596 2012 445 4718 7744 1185 595 2249 972 613 730 447 1287 332 303 823 229 1732 1675 10195 2297 455 482 1112 1958 6890 921 945 1580 1873 3173 349 1729 886 4207 2725 430 1409 1144 4270 805 7656 142 17827 2816 156 1992 52 735 1630 1274 877 4443 901 1101 859 1413 365 4554 127
internal_value=7.14455e-05 -0.493883 0.197533 0.0216996 -0.217942 -0.656899 0.263539 0.174083 -0.112073 0.117797 -0.227514 -0.00370794 0.0273239 0.174802 -0.532288 0.309887 -0.370493 0.201866 0.146466 0.241317 -0.120451 0.361911 0.172331 -0.14746 -0.00817589 -0.308712 -0.223618 0.228391 -0.613074 0.270231 -0.488252 -0.0480672 0.136758 -0.26184 -0.580934 -0.351177 -0.777157 0.22643 -0.151757 -0.538688 -0.320394 -0.72138 0.229584 0.212659 -0.0413276 0.28651 -0.269993 0.271599 -0.576473 -0.52108 -0.265697 -0.0201728 0.30957 -0.418481 0.232605 -0.0209302 0.0608165 -0.254624 -0.214996 -0.102639 -0.461803 -0.278486
internal_weight=144427 41247 103180 28161 15318 25929 75019 25603 11007 20324 7837 3055 6441 16400 12734 49416 4782 24069 16325 21318 3924 28098 15361 3430 2214 4566 3454 13221 8806 19104 4311 3179 6331 1534 2032 3928 13195 3011 2442 3866 1874 8988 3978 12922 2439 18159 3042 226 7885 5893 964 2353 17903 2286 12099 1496 1556 1306 2750 1778 4606 723
internal_count=144427 41247 103180 28161 15318 25929 75019 25603 11007 20324 7837 3055 6441 16400 12734 49416 4782 24069 16325 21318 3924 28098 15361 3430 2214 4566 3454 13221 8806 19104 4311 3179 6331 1534 2032 3928 13195 3011 2442 3866 1874 8988 3978 12922 2439 18159 3042 226 7885 5893 964 2353 17903 2286 12099 1496 1556 1306 2750 1778 4606 723
cat_boundaries=0 1 2
cat_threshold=8 8
is_linear=0
shrinkage=0.05


Tree=33
num_leaves=63
num_cat=0
split_feature=38 46 36 34 74 118 119 118 123 115 124 118 121 38 111 87 74 93 103 115 46 84 102 115 115 135 113 68 89 119 113 90 113 113 125 131 74 46 121 113 126 126 96 103 56 98 89 125 120 131 68 96 75 125 36 125 125 79 74 85 125 121
split_gain=5.07639e+06 611369 566941 302882 240200 192650 157636 106465 95096.3 120077 119592 92902 88818.8 77482.4 74507.5 64053.4 63640.3 61607 58753.1 54647.1 53310.6 56816.3 49970.9 49859.9 49423.6 48058 46610.6 46394.7 53947.9 44785.4 44301.9 42780.6 43667.2 40537.9 39952.7 39934.3 38983.5 36232.6 36195.5 34218.7 32926.2 32793.2 32786.2 32595.3 31100.7 30952 35710.8 30941.8 36300.1 30536.5 29745.3 29096 28631.9 28333 28308.8 28164.8 27833.8 26782.7 28383.8 26182.7 30422.7 25507.9
threshold=0.46871047403451088 0.62489316300888942 0.85305414510384903 -0.18157006838171372 0.14168183519534686 0.033339632358688857 0.028376282097251956 -1.0000000180025095e-35 0.0018273406115797001 0.012508931469733952 0.027871832281130157 0.27203541005253246 0.019906653585764354 1.6393409267949153 -0.013124751939409549 0.39944587143512827 0.089324032954472013 0.44851713102754653 0.028631201014297704 0.021617553453866001 0.21045539385207293 0.68472321930467805 0.016672960309871504 0.016469755694094503 0.059667051086166954 -0.0048164460124810989 0.011707751645955401 -0.51786211188148523 0.10779354440987401 0.033832163533869856 0.0091678205541320511 -0.73053144575091655 0.012167954699086452 0.025632691370479552 -0.012760087452796399 0.0051223196909515505 0.075092103994185311 -0.039308649742164192 -0.007463706580270949 0.016841313751626102 0.011568027316532453 -1.0000000180025095e-35 -0.81396534026647371 0.015502107802050103 0.17701713720955284 0.86609822486566601 0.44767007149958848 0.0072781980890139009 0.25150386799746255 -0.0087975883506703993 0.39174266262992902 -0.8333625501138463 0.12343055704972036 -0.010148232124606449 0.14236830944612447 0.0007801612188346001 -0.015671378370368649 0.20361077035020939 0.054083546022981904 0.41237900659983867 0.0051578485978161512 -0.0088024214002167967
decision_type=2 2 2 2 2 2 2 2 2 2 2 2 2 2 2 2 2 2 2 2 2 2 2 2 2 2 2 2 2 2 2 2 2 2 2 2 2 2 2 2 2 2 2 2 2 2 2 2 2 2 2 2 2 2 2 2 2 2 2 2 2 2
left_child=1 3 4 8 18 7 14 16 17 31 -11 20 42 24 33 23 37 -1 29 35 21 40 -9 59 34 53 43 -19 49 54 -18 -10 47 -7 -4 -16 -36 50 -37 -38 41 -6 -12 -13 -30 46 -34 -33 -49 -29 -5 -14 -44 -8 -2 -51 -42 58 -25 60 -3 -48
right_child=2 15 13 5 11 6 25 22 9 10 12 26 51 -15 19 -17 30 27 -20 -21 -22 -23 -24 57 -26 -27 -28 28 44 -31 -32 32 45 -35 36 38 39 -39 -40 -41 56 -43 52 -45 -46 -47 61 48 -50 55 -52 -53 -54 -55 -56 -57 -58 -59 -60 -61 -62 -63
leaf_value=0.36161548600686422 -0.02148809054292947 0.63791387539643507 -0.83684448606376416 0.12273930089631957 0.32855474431500109 -0.16980996742420459 -1.0464565078110508 0.49555465333628262 0.4202235217617305 0.24731812433954412 0.24948849169551021 -0.071693736584069231 0.13396201777476363 -0.79701251669870721 0.19891018523251003 -0.65042474905149739 0.2901016003425565 0.30140447537808024 -0.64013804484876557 -0.3894649860197168 -0.27158295160260459 -0.14412115828739522 -0.043949352213231381 -0.33334154034424596 -0.86476976165326302 -0.15092052859297264 -0.8025156445078292 0.23393057000194206 0.45365603216342126 -0.61601972277998684 -0.097856267703193917 0.30386541963874181 0.019855430728529098 -1.0098470789706939 -0.62969893608806449 -0.20042784113921841 -0.36592829772473379 -0.20381213071867116 0.083101410409450516 -0.67028011019424338 -0.96794041384730434 0.93634376480417747 -0.052980533524615958 -0.38786868244647971 -0.34221189027859111 0.3340461863899854 -0.96007538176869434 0.21751900271465738 -0.15268219533844751 -0.21722520932422151 -0.54739534539737922 -0.8725855393299714 -0.49761989498737258 -0.47405523672293298 -0.35067772104690692 0.094870606633641164 0.16314476215710194 -0.57180280488403523 0.0089139484763258395 -0.244774594813291 0.012433449320213591 -0.097199319293780367
leaf_weight=27314 786 247 1181 3426 896 2130 267 3673 3108 2280 548 1844 82 7720 5950 984 5743 10212 3014 584 913 1083 486 2457 1521 1189 371 1282 1353 1418 844 8583 1234 154 5006 1452 4077 1476 5008 1194 57 295 1120 1461 135 536 183 2824 865 1428 174 577 535 1136 3862 1464 1188 800 804 682 913 161
leaf_count=27314 786 247 1181 3426 896 2130 267 3673 3108 2280 548 1844 82 7720 5950 984 5743 10212 3014 584 913 1083 486 2457 1521 1189 371 1282 1353 1418 844 8583 1234 154 5006 1452 4077 1476 5008 1194 57 295 1120 1461 135 536 183 2824 865 1428 174 577 535 1136 3862 1464 1188 800 804 682 913 161
internal_value=0.00167612 0.178645 -0.495329 0.210174 -0.283075 0.0882506 -0.0242512 0.215315 0.272581 0.189569 -0.0228426 -0.085274 -0.238065 -0.67158 0.0369163 -0.276947 0.137863 0.31609 -0.459703 0.0832091 0.0688654 0.157194 0.432511 -0.21469 -0.596972 -0.38479 -0.271113 0.237756 0.122958 -0.37005 0.240392 0.252003 0.21566 -0.22645 -0.561423 0.105453 -0.529773 0.00481311 0.0193732 -0.434871 0.291153 0.479099 -0.0857218 -0.211461 0.38145 0.00577458 -0.10573 0.251816 0.130714 0.0308078 0.0903495 -0.74734 -0.196716 -0.582987 -0.29501 -0.0592348 0.11136 -0.312557 -0.248958 0.00107502 0.145618 -0.556229
internal_weight=144290 106403 37887 99516 17188 33692 17870 15822 65824 22636 5142 8108 2862 20699 15278 6887 11663 43188 9080 12994 4432 3519 4159 5903 12979 2592 3676 15874 5662 6066 6587 17494 14386 2284 11458 12410 10277 5076 6460 5271 2436 1191 2203 3305 1488 2114 1578 12272 3689 4174 3600 659 1655 1403 4648 2892 1245 4061 3261 1842 1160 344
internal_count=144290 106403 37887 99516 17188 33692 17870 15822 65824 22636 5142 8108 2862 20699 15278 6887 11663 43188 9080 12994 4432 3519 4159 5903 12979 2592 3676 15874 5662 6066 6587 17494 14386 2284 11458 12410 10277 5076 6460 5271 2436 1191 2203 3305 1488 2114 1578 12272 3689 4174 3600 659 1655 1403 4648 2892 1245 4061 3261 1842 1160 344
is_linear=0
shrinkage=0.05


Tree=34
num_leaves=63
num_cat=3
split_feature=36 62 46 34 50 119 136 113 119 58 90 119 106 119 121 125 74 56 58 93 103 120 122 111 121 136 58 113 113 125 125 79 125 127 122 113 111 135 120 103 125 123 49 58 80 127 94 74 121 125 90 76 80 136 125 96 111 74 125 121 121 111
split_gain=4.64485e+06 587235 461752 221608 188144 173290 153680 112635 107522 104598 97286.3 90850.7 73555.7 70404.9 62801.8 61674.5 58852.2 56177.2 56171.1 54170.3 51759.3 50565.4 48011.5 67391.2 50276.4 45293.9 45549.1 45298.3 43569.9 43108.1 38277.3 38212 37264.1 36892.6 36027.5 35772.7 34911.4 37777.9 34093.3 33380.4 32943.4 32358.1 32090.1 36264.5 31954.1 31402.7 30773.8 30495.7 30444.7 29768.5 28967.9 43888.5 28767.1 28318.2 29430.3 26230.4 25989.1 25639.4 25326.8 24888.3 24631.6 24590.9
threshold=0.39225825081057547 0.70027420773363103 0.24112384992342148 0.13240840594535488 -0.35845389677880662 0.022475646920972005 0 0.0021465004193399503 0.032936756005738553 0.38094424510880792 -0.23367939917482691 0.0020546299303448507 0.33663562556516596 1.0000000180025095e-35 -0.025976373472376395 0.016745683929637753 0.14833095570368743 2.0782374974916684 1.3838466132835856 0.39315708618600814 0.010562569780865451 -0.0040293784178203488 0.010910780429878251 0.015129414157696601 0.012660524261976802 1 -0.6151138652939051 0.0011922089840298502 0.016841313751626102 -0.0098790379310436469 -0.012760087452796399 0.21682715759443258 -0.0068780274543425992 0.015594777454455351 -0.0014052737261656498 0.00097002121387650012 -0.00012518863940294997 0.012574028108665251 1.0000000180025095e-35 0.026162895923757205 0.0012366925144811503 0.0049048444260341006 0.67726932930852246 -0.62619680938420907 -0.86510360445847223 -0.0097514337601935491 0.03354779900723711 0.089324032954472013 -0.025976373472376395 -0.0084599487060272992 0.68887032407465931 0.79946366085301335 -0.73786882430114564 2 -0.014522223983232949 -0.87854232620775452 0.016673440029922052 0.075092103994185311 -0.0037998947903183995 0.025701439033643952 -0.0082063714887833979 -0.0056089845868826484
decision_type=2 2 2 2 2 2 1 2 2 2 2 2 2 2 2 2 2 2 2 2 2 2 2 2 2 1 2 2 2 2 2 2 2 2 2 2 2 2 2 2 2 2 8 2 2 2 10 2 2 2 2 2 2 1 2 2 2 2 2 2 2 2
left_child=2 5 3 11 42 13 21 19 17 10 36 -1 22 46 58 25 59 18 39 50 47 28 34 48 -25 26 -16 -27 49 -11 -22 -18 -28 41 53 -17 37 40 -23 57 45 -7 -4 -44 -34 -8 -2 -15 -24 -5 51 -6 -51 54 -13 -26 -29 -3 -14 -9 -31 -21
right_child=1 8 4 6 7 33 9 16 -10 29 -12 12 14 20 15 35 31 -19 -20 61 30 38 23 24 55 27 32 56 -30 60 -32 -33 44 -35 -36 -37 -38 -39 -40 -41 -42 -43 43 -45 -46 -47 -48 -49 -50 52 -52 -53 -54 -55 -56 -57 -58 -59 -60 -61 -62 -63
leaf_value=0.31449085385880055 0.18278506320054663 -0.47133303747930522 0.23563124232987198 -0.25432460300376936 0.042566725983365555 -0.19880269303722292 0.18493158234915605 -0.39036835300030343 -0.72691888258201065 -0.79369805166755514 -0.35137567422867816 -0.5493369786189749 -1.1558255880582529 -0.23531312153010397 0.23032545531071569 0.14653978222864297 0.053365489854503269 -0.75198859785914762 -0.64490952897013687 -0.45003823365858775 -0.96431541600113002 0.56362630366196365 -0.35634562650924195 0.10068220843145625 0.1282142884731293 0.33973456790899997 -0.44195077662305132 0.14389271978032736 -1.1617238870808777 -0.51109793822444505 -0.27568253538817239 -0.62942751881044379 0.47165373135116195 -0.62139975985522156 0.39005076608436412 -0.53091816977178163 0.32681248718611633 0.34731734695010869 0.23487308133893331 -0.54349969531739384 0.13372966179569032 -0.53754996738355598 0.17620233057260626 -0.34192484363113013 -0.077215969910250329 -0.51392566635230785 -0.22787865838035942 0.070424935251816756 0.22810495756543619 0.44308730611282932 -0.23183177140867339 0.52263539769047751 0.071004715471596216 0.30563488970673491 0.15755832892409141 -0.68973901359331569 -0.28009162079045569 -0.24339157521592214 -0.23546810360755677 -0.68109320493142167 -0.14490168433946379 -0.069722951507382919
leaf_weight=32983 2461 1959 3810 542 1561 1657 218 3094 11162 506 1338 154 122 1313 1716 303 1078 2142 3344 793 215 1046 228 787 125 4087 611 2945 71 718 3285 253 308 2024 6948 546 1552 614 3205 2713 709 1227 788 591 1907 612 560 2153 9809 651 500 685 2571 6110 3354 454 412 3332 193 966 1274 916
leaf_count=32983 2461 1959 3810 542 1561 1657 218 3094 11162 506 1338 154 122 1313 1716 303 1078 2142 3344 793 215 1046 228 787 125 4087 611 2945 71 718 3285 253 308 2024 6948 546 1552 614 3205 2713 709 1227 788 591 1907 612 560 2153 9809 651 500 685 2571 6110 3354 454 412 3332 193 966 1274 916
internal_value=-0.000661294 -0.462356 0.173622 0.216591 -0.082816 -0.214486 0.0454819 -0.211219 -0.612122 -0.116839 0.0140655 0.252676 0.203091 -0.0949298 0.105563 0.122681 -0.364951 -0.517137 -0.472807 -0.0251875 -0.182355 0.196764 0.248946 0.169987 -0.159501 0.151851 0.0270705 0.227644 0.0653655 -0.381579 -0.317984 -0.0764216 -0.0962539 -0.457763 0.303297 -0.28914 0.146039 0.0157268 0.315766 -0.400904 -0.116565 -0.342923 0.160826 -0.0458522 -0.000894585 -0.33037 0.106661 -0.0453956 0.214829 0.088512 0.112358 0.188981 0.146183 0.240626 0.126166 -0.513152 0.0918577 -0.327787 -0.591924 -0.459541 -0.276894 -0.246195
internal_weight=144311 39547 104764 89729 15035 14895 15627 9846 24652 7541 5043 74102 41119 9987 13150 12835 5391 13490 11348 4455 6966 8086 27969 11403 1366 11986 4542 7444 3835 2498 3500 1331 2826 4908 16566 849 3705 2153 4251 8004 1539 2884 5189 1379 2215 830 3021 3466 10037 3764 2746 2246 3222 9618 3508 579 3357 5291 315 4060 1992 1709
internal_count=144311 39547 104764 89729 15035 14895 15627 9846 24652 7541 5043 74102 41119 9987 13150 12835 5391 13490 11348 4455 6966 8086 27969 11403 1366 11986 4542 7444 3835 2498 3500 1331 2826 4908 16566 849 3705 2153 4251 8004 1539 2884 5189 1379 2215 830 3021 3466 10037 3764 2746 2246 3222 9618 3508 579 3357 5291 315 4060 1992 1709
cat_boundaries=0 1 2 3
cat_threshold=12 2 2
is_linear=0
shrinkage=0.05


Tree=35
num_leaves=63
num_cat=0
split_feature=38 62 46 115 74 34 111 107 38 127 107 118 118 119 87 46 84 123 111 90 74 62 111 123 100 121 121 121 113 115 102 58 40 58 127 106 127 106 123 100 115 121 102 94 124 115 80 74 62 123 111 131 74 100 70 119 83 92 119 123 105 99
split_gain=4.17316e+06 488938 485322 194890 192463 165392 104305 85094.7 83754.4 78029.4 75568.6 75171.1 68642.8 67565.1 66693.6 63450.4 57182.3 56810.8 56328.6 56022.5 54979.1 49304.8 49298.8 48863 55561.2 47423.7 42590.4 40923.5 40389.9 39296.7 39122 38348.3 37560.5 38336.7 33240.1 32869.9 36010.5 32833.8 31357.1 36456.6 31067.5 41802.7 30868.6 30344.2 29357.5 28325.3 27587.5 30612.6 33115.1 28657 27526.9 27345.1 26603.7 25889.6 25803.6 25591.1 25349.5 44016.3 25332.4 24933.4 24317.3 23858.5
threshold=0.4443226728238312 0.83795102538195099 0.19235974644032158 0.021617553453866001 0.14168183519534686 0.14147221800087936 -0.0026079435863379996 0.00069447124394650015 -0.40183574340758482 0.010129584275473502 0.034493682797722504 0.21938615365287487 0.09997528563509496 0.020041163287812504 0.3678308576482463 -0.57472647652604725 -0.45027233832776403 0.0066342926933310514 -0.0064304375219960486 -1.1806523461263974 0.060835862796133358 1.1936450547624256 -0.024297073882511896 0.014360403945469601 -0.38425029135486582 -0.0037671198476434994 -0.0061092648298330986 -0.0050308178002270486 0.0030370357133816506 0.027543475989872602 0.016672960309871504 0.90075302776974187 0.076515746515405214 0.20135333483410828 0.031999455782155607 1.0000000180025095e-35 0.037337808488249656 -1.0000000180025095e-35 0.0017449057490225503 0.22455529558678086 0.010116991696708702 0.014371852104843052 -1.0000000180025095e-35 -0.019813138446818847 -0.20122955441631465 0.021617553453866001 -0.88588743015651839 0.096743125747934158 -0.52341189811182876 0.012505914694244202 0.023753232742879053 -0.0010424436174819498 0.17971970981995963 -0.70165239224019149 0.24800005583921653 0.0046056528655700505 1.7729526769483317 -0.63364830690553153 0.041768102351146162 0.022586728059888751 -0.012098663090211447 0.65433399029709471
decision_type=2 2 2 2 2 2 2 2 2 2 2 2 2 2 2 2 2 2 2 2 2 2 2 2 2 2 2 2 2 2 2 2 2 2 2 2 2 2 2 2 2 2 2 10 2 2 2 2 2 2 2 2 2 2 2 2 8 2 2 2 2 2
left_child=2 4 5 8 18 7 11 -1 56 15 21 30 35 34 20 19 -5 55 27 43 38 52 -15 24 -22 44 51 -2 -18 31 42 60 33 -8 40 37 45 -9 39 -10 59 -42 -7 53 -11 -37 -24 48 -48 -49 -30 -13 -3 -6 -26 -17 -4 -58 -28 -14 -20 -62
right_child=1 10 3 16 9 6 32 12 14 25 -12 26 13 22 -16 17 28 -19 29 -21 23 -23 46 -25 54 -27 58 -29 50 -31 -32 -33 -34 -35 -36 36 -38 -39 -40 -41 41 -43 -44 -45 -46 -47 47 49 -50 -51 -52 -53 -54 -55 -56 -57 57 -59 -60 -61 61 -63
leaf_value=0.30384581770170316 -0.65438153472730864 -0.50419878194676004 0.25410820494174846 0.043271218581218636 -0.4013576785581453 0.06639383208592621 0.19706746495166738 0.23817811092149344 -0.22912140708129436 -0.80414180314963657 -0.70212848784321191 -0.14990192324384652 0.24648954019102481 -0.73747672322319779 -0.52279190192399905 0.23079091801050722 -0.21530525134577905 -0.50219834606705693 0.16104804022186889 0.49535201485837832 -0.27903571176770942 -0.60713749513659232 0.39242733180062062 -0.52137972725583104 0.21496491600840481 -0.066702780336034814 -0.080735859552613934 -0.32034396295920392 -0.38870090165810423 -0.53400249835991831 -0.09583426339448696 -0.54703724962455025 0.27611128435725718 -0.20113068579001925 -0.16546296787096396 0.21808238788648571 -0.33005990874513857 0.40523362320338291 -0.25557145817865684 0.22089639088293925 0.13066374000266115 -0.4008772614017666 0.50595784202264771 -0.86828194693094352 -0.31994562705323515 -0.33818361060614266 0.052976073281931095 0.3434268574374445 -0.2936001116589983 -0.34795970202931181 -0.71939534841261743 -0.68663800291684085 -0.2859415951565154 0.75088767117851385 0.68146518156395341 -0.081807062520417168 0.14510225178143274 -0.71930797390206158 -0.96718766577103565 -0.22855122793518323 0.019294719297848623 -0.31457742460386517
leaf_weight=32318 2668 3117 3990 894 105 1068 1465 6860 817 416 9633 339 10087 246 711 1053 1841 594 587 1162 548 6681 388 268 2410 1727 1555 1397 1575 1206 1982 666 4355 1029 675 10397 323 5149 2437 1002 2216 444 638 123 1265 234 1281 724 1492 189 1048 791 2529 91 338 1731 667 189 85 284 820 1540
leaf_count=32318 2668 3117 3990 894 105 1068 1465 6860 817 416 9633 339 10087 246 711 1053 1841 594 587 1162 548 6681 388 268 2410 1727 1555 1397 1575 1206 1982 666 4355 1029 675 10397 323 5149 2437 1002 2216 444 638 123 1265 234 1281 724 1492 189 1048 791 2529 91 338 1731 667 189 85 284 820 1540
internal_value=8.55923e-05 -0.440971 0.163829 -0.0669188 -0.24093 0.21374 0.051572 0.243178 0.0351423 -0.067298 -0.597205 -0.0925885 0.195344 0.122314 -0.0591522 0.0613496 -0.321729 -0.0582863 -0.402503 0.334226 -0.0169977 -0.515212 -0.0501088 0.127879 0.18067 -0.250719 -0.289423 -0.539584 -0.394827 -0.28687 0.0552511 -0.204378 0.187503 0.0327748 0.17666 0.252672 0.190036 0.309805 -0.138318 0.0187718 0.194382 0.0419404 0.230779 -0.252697 -0.43977 0.205838 -0.00860347 -0.0508172 -0.133498 0.200303 -0.520827 -0.525617 -0.406435 0.133613 0.272344 0.0364277 0.20114 -0.0457547 -0.12668 0.233481 -0.12694 -0.198571
internal_weight=144460 39111 105349 18735 17151 86614 13307 73307 13377 8267 21960 6458 40989 18026 8531 4859 5358 3378 8884 1481 7820 12327 4320 3564 3296 3408 2770 4065 4464 4819 3688 3613 6849 2494 13706 22963 10954 12009 4256 1819 13031 2660 1706 319 1681 10631 4074 3686 2773 913 2623 1130 5646 196 2748 2784 4846 856 1640 10371 2947 2360
internal_count=144460 39111 105349 18735 17151 86614 13307 73307 13377 8267 21960 6458 40989 18026 8531 4859 5358 3378 8884 1481 7820 12327 4320 3564 3296 3408 2770 4065 4464 4819 3688 3613 6849 2494 13706 22963 10954 12009 4256 1819 13031 2660 1706 319 1681 10631 4074 3686 2773 913 2623 1130 5646 196 2748 2784 4846 856 1640 10371 2947 2360
is_linear=0
shrinkage=0.05


Tree=36
num_leaves=63
num_cat=0
split_feature=36 62 34 119 125 124 107 115 106 36 46 111 127 93 93 111 127 34 118 126 125 120 123 90 127 125 107 133 119 103 131 46 103 118 120 123 106 107 103 40 121 87 36 125 119 121 122 69 111 106 119 107 113 99 111 111 133 96 123 48 125 10
split_gain=3.77566e+06 442624 396372 204934 154468 160484 139777 119040 116484 94197.3 85613 67180.1 66398.8 65337.1 62703.8 62057.5 61518.3 72168.3 61344.9 59277.4 54009.4 53580.7 51616.6 49670 49368.1 49015.2 44824.3 44781.8 41957.9 41900.7 40897.6 39763.8 38280.6 37167 35129.1 32527.4 31903.9 30427.4 28122.6 27888.6 34059.6 27860.6 24781.9 24219.3 23727.2 23552.7 23020.7 23011.4 22993.3 22557 22551.7 22243 22237.4 24184.6 22121.4 21897.6 21742.2 21565.8 21386.3 21196.5 21191.3 20543.8
threshold=0.41429027674761038 0.70027420773363103 -0.033863485389329546 0.0134554546920222 0.014296275087594101 0.0035081207605280004 0.0138740509165145 0.0086002356873823519 0.10020305354577011 1.1793510525489739 -0.076992452856737434 0.020127820805426803 0.025180624892035156 0.44851713102754653 0.40561806000643225 0.014149969892036351 -0.00061569849548184991 -0.76865761541646227 0.069502549767060565 0.46933561092326409 -0.008914729865038799 0.034453407221568907 0.0033456881512102508 -0.83352846338760223 0.033137944272553108 0.016745683929637753 0.0093895500691219512 -0.010687756668650699 0.028021915404740153 0.013818076692615701 0.03457490221526336 -0.73938907418431965 0.0039976983171912004 -1.0000000180025095e-35 -0.12811088465700407 0.0015126801161118501 0.0076362801255016504 0.026246809155814652 -0.0087359113802039489 0.088839974028336668 -0.0021156847213007497 0.32648708208320948 1.756728466506672 -0.0096251964611980493 0.026432172017346704 -0.0083490833367204972 1.0000000180025095e-35 0.6627109098734475 -0.0026079435863379996 -1.0000000180025095e-35 0.011103979450804102 0.022955559646794303 0.0027381865093034506 0.47380011218824564 -0.029877293911624848 -0.0037745043153620994 -0.026111789345568046 -1.0320113044013983 0.0019971422705509002 0.076689034518857863 0.0039917242339133508 2388.1550000000002
decision_type=2 2 2 2 2 2 2 2 2 2 2 2 2 2 2 2 2 2 2 2 2 2 2 2 2 2 2 2 2 2 2 2 2 2 2 2 2 2 2 2 2 2 2 2 2 2 2 2 2 2 2 2 2 2 2 2 2 2 2 8 2 2
left_child=2 6 4 10 13 46 19 -7 18 24 27 41 32 15 35 58 -15 -18 33 25 38 -17 -23 -19 30 44 50 36 39 -20 52 -24 -10 55 54 -12 49 56 -8 -22 -41 -9 -11 -31 -2 -38 -6 -29 -14 -4 -25 -49 53 -3 -28 -5 -34 -13 -1 -60 -33 -58
right_child=1 9 3 8 5 7 20 11 12 42 14 57 48 16 -16 21 17 23 29 -21 28 22 31 26 -26 -27 34 47 -30 43 -32 60 37 -35 -36 -37 45 -39 -40 40 -42 -43 -44 -45 -46 -47 -48 51 -50 -51 -52 -53 -54 -55 -56 -57 61 -59 59 -61 -62 -63
leaf_value=0.33003343074032787 0.17723524898997589 0.24396972256967922 0.10598658030807817 -0.2392987193342874 0.36947181606411883 0.1777300214969755 -0.095181972464557341 -0.068115382130731095 0.017893158433649421 -0.60565121829626944 0.22188913380102959 0.53218350549076887 -0.74367429820693431 0.27536915329062811 -0.26080776936567807 0.28062597809966222 0.27813862832709041 0.355530518936018 0.078958142688118751 -0.29367719489620886 -0.35095963357603593 0.11181681377489512 0.31427317177548131 0.18565531888683412 -0.64940767696089507 -0.24600422369864267 -0.93136208218432248 0.33292798915558103 -0.49941367311174611 -0.82709821507255032 -0.53120900742333343 -0.064947807691904197 -0.46883359716915013 0.42260845407675851 0.0039365349753005532 -0.084783471797319376 -0.33252013615680676 -0.50995545787546703 -0.79063546310209643 -0.26887022116620418 0.11444754752643849 -0.45137873138453888 -0.76397335234163855 -0.22673235271264436 -0.17803124284700436 0.027060072105890672 0.055312038564169025 0.21733773990572339 -0.31998388618930773 0.47712251761110036 -0.032006976882842812 -0.13735286649797676 -0.41185185216091702 -0.26323337250491136 -0.23829241417070723 0.19459493280337331 -0.013842118171556745 -0.60713861024750582 0.27653510646229407 0.084780692730779109 -0.71211270510253533 -0.35346112091102683
leaf_weight=25015 3454 259 1744 492 2867 2393 173 2619 1276 9146 1865 43 966 9987 2212 2577 4720 1133 1351 1700 1951 1755 170 3216 2514 1115 124 4362 1793 187 3658 171 597 1066 2546 1612 626 1176 910 1277 1061 579 3387 1652 544 1671 732 2396 479 535 1889 542 3025 2539 1610 711 1356 1219 8733 1726 486 663
leaf_count=25015 3454 259 1744 492 2867 2393 173 2619 1276 9146 1865 43 966 9987 2212 2577 4720 1133 1351 1700 1951 1755 170 3216 2514 1115 124 4362 1793 187 3658 171 597 1066 2546 1612 626 1176 910 1277 1061 579 3387 1652 544 1671 732 2396 479 535 1889 542 3025 2539 1610 711 1356 1219 8733 1726 486 663
internal_value=-0.000643339 -0.424607 0.15359 -0.00193133 0.213787 0.0352192 -0.200047 -0.106764 -0.161458 -0.552579 0.1068 -0.259408 -0.304245 0.242127 -0.0526902 0.281366 0.178919 0.115705 0.00889648 -0.0379017 -0.354227 0.119334 -0.0416452 0.0428128 -0.452421 0.04714 0.0050601 0.1832 -0.296299 -0.132463 -0.400187 -0.367311 -0.218998 0.207634 -0.11428 0.0797102 0.0605684 -0.298712 -0.679543 -0.211387 -0.0949181 -0.137505 -0.648437 -0.287781 0.128895 -0.0709361 0.305575 0.260072 -0.603226 0.193112 0.105114 0.151905 -0.31788 -0.216284 -0.287854 0.0171422 -0.203749 -0.568319 0.30493 0.244891 -0.543673 -0.125366
internal_weight=144353 38506 105847 29537 76310 10452 13978 6853 11972 24528 17565 4460 6513 65858 5689 40633 25225 15238 5459 6813 7165 5159 2582 10518 11995 5113 9385 11876 6082 3190 9481 827 5068 2269 4280 3477 4576 3792 1083 4289 2338 3198 12533 1839 3998 2297 3599 7300 1445 2279 5105 2938 5823 2798 1734 1203 2616 1262 35474 10459 657 2019
internal_count=144353 38506 105847 29537 76310 10452 13978 6853 11972 24528 17565 4460 6513 65858 5689 40633 25225 15238 5459 6813 7165 5159 2582 10518 11995 5113 9385 11876 6082 3190 9481 827 5068 2269 4280 3477 4576 3792 1083 4289 2338 3198 12533 1839 3998 2297 3599 7300 1445 2279 5105 2938 5823 2798 1734 1203 2616 1262 35474 10459 657 2019
is_linear=0
shrinkage=0.05


Tree=37
num_leaves=63
num_cat=1
split_feature=62 38 36 28 118 127 107 115 125 114 74 111 107 136 133 127 127 34 6 103 103 111 36 80 92 107 111 125 121 131 111 125 56 113 113 83 122 60 115 111 113 58 115 125 111 110 127 114 118 87 96 125 54 127 125 113 89 52 125 74 90 40
split_gain=3.42488e+06 456759 306281 178345 176698 164747 95789 92708.1 113175 90597.1 86548 81054 62827.9 61166.3 60435.8 60185.2 59866.5 61791 59566.4 59435.9 57534.5 50954.5 43845 43675.8 46667.3 42604.1 35806.2 33905 33243.3 33042.1 32780 32329.6 32269.1 32528 31882.8 31591.6 31478.5 29464.8 29039.8 28690.7 28204.6 45416 27742.5 26926.5 26537.5 26413.8 25862 24522.9 24385.1 24269.1 24193.1 24169 24159.6 23738.1 23538 22755.3 22433.3 29451 21990 21506.4 21112.1 21028.1
threshold=0.3716106412169064 1.0270603942265244 -0.03857882031976239 1.0067314114180774 0.37240661507883527 0.014107532359703802 0.024402149538143902 0.0099715334049657513 0.0071429703046351012 0.015172895924180153 0.058480425834335506 0.019006736954769256 0.00093963673573285017 0 -0.012236017595059748 0.029272050274541255 0.00019333844358270004 -0.76865761541646227 9062.6550000000007 0.020108362032685501 0.026162895923757205 -0.0049384702982844487 1.5020765111968022 -0.39667339296947779 0.20845629776173966 -0.0035175072289172996 1.0000000180025095e-35 0.020339248882735552 0.0085936171985251022 -0.0081207683558309988 -0.0093033407681651983 0.051578151347766457 -0.44090718684468772 0.0025704060059077005 0.0012556716540364501 1.9487190999596982 0.034335786292627658 0.0083310738382954518 0.015478879048303652 -0.0096478119229755476 0.0017755058418460503 -0.16863636582687017 -0.0088140491263042475 -0.0035218072497615995 -0.0029889203296581996 0.21025690647894316 0.0025200818885252004 -1.0000000180025095e-35 0.52403348100512137 0.10997095247268872 -0.91082432802328073 -0.0091419981779934986 0.86235908444151088 0.022183036067965404 0.0068820956486797509 0.0085842209343439512 0.08142010488240202 0.15320826217613207 -0.0055694089736015992 -0.089329932966200579 -0.17053848325280277 -0.085597250229635782
decision_type=2 2 2 2 2 2 2 2 2 2 2 2 2 1 2 2 2 2 2 2 2 2 2 2 2 2 2 2 2 2 2 2 2 2 2 8 2 10 2 2 2 2 2 2 2 2 2 2 2 2 2 2 2 2 2 2 2 2 2 2 2 2
left_child=2 3 7 5 10 12 19 13 -9 47 23 34 54 28 26 22 -15 -18 52 27 30 25 49 24 -4 -19 -7 39 -1 -27 51 59 -13 -34 35 -11 53 58 46 -6 -30 45 -8 -22 -21 -42 -32 -10 -31 60 -36 -14 -12 -25 -2 -20 57 -23 -16 -5 -3 -46
right_child=1 15 4 31 6 14 42 8 9 11 18 32 20 16 37 -17 17 21 55 44 43 56 -24 36 -26 29 -28 -29 40 48 38 -33 33 -35 50 -37 -38 -39 -40 -41 41 -43 -44 -45 61 -47 -48 -49 -50 -51 -52 -53 -54 -55 -56 -57 -58 -59 -60 -61 -62 -63
leaf_value=0.31555149110499758 0.26304113256543749 0.028571186995920372 0.26185079280580842 -0.56378863391655853 -0.15486031527145702 -0.59593870409429905 -0.88731180791947861 0.22819736967328749 0.070237113169137735 0.17597779086821913 0.26908023236833395 0.2806124050233324 -0.76812141787322519 0.27112168438862194 -0.38390442346464443 -0.68046108915875214 0.27126917787905364 0.16037803614768378 0.061081142535422267 -0.46264558789398508 -0.69461986995905778 -0.054542843969991539 -0.63042036505509236 0.081898829752681951 -0.19306994721537968 0.075955666493516316 -0.20205553150329025 -0.33223161914634658 0.27266086881852447 -0.16560747094909728 0.27867105494322869 -0.72136086057564452 -0.28009066877814082 -0.84416974224801455 0.23913182725724969 -0.35918362510631391 -0.24800279746884454 -0.5239393102201737 -0.19953958614067463 0.1542754338760334 0.058151254778825379 0.30310219383312142 -0.3620953409803237 -0.23809431705623868 -0.53212043583274837 -0.39019462902906044 -0.03865243529796681 0.35815198419228267 -0.52236595006798636 -0.46041439661006778 -0.20861997203721191 -0.14330000638550197 -0.50901034596090278 -0.27893563890652751 -0.0083833694099862705 -0.32129554589927095 0.26681721209066595 0.23754227510557777 -0.039432564738775863 -0.33443220523303863 -0.4699918000796891 -0.023280164209778229
leaf_weight=23572 2119 502 2054 1539 973 2329 282 9956 1502 1957 8145 118 181 11486 601 6688 4728 1439 1280 1024 432 2016 4127 2142 777 999 767 554 3409 1680 1527 1031 462 572 345 321 2239 540 795 3283 726 988 2319 1280 252 600 1108 1457 670 7983 2403 1068 101 579 1282 559 2478 1509 2022 3043 368 1045
leaf_count=23572 2119 502 2054 1539 973 2329 282 9956 1502 1957 8145 118 181 11486 601 6688 4728 1439 1280 1024 432 2016 4127 2142 777 999 767 554 3409 1680 1527 1031 462 572 345 321 2239 540 795 3283 726 988 2319 1280 252 600 1108 1457 670 7983 2403 1068 101 579 1282 559 2478 1509 2022 3043 368 1045
internal_value=0.000325786 -0.384166 0.154614 -0.225793 0.0121326 -0.140957 -0.159303 0.206789 0.111579 -0.0154924 0.105465 -0.124454 -0.0128885 0.239077 -0.341317 -0.558612 0.184519 0.120542 0.202164 -0.064566 -0.105279 0.0545013 -0.495828 -0.0197059 0.136993 -0.0671558 -0.498358 0.035707 0.289208 -0.164923 -0.014534 -0.46839 -0.502738 -0.592134 -0.0377483 0.100567 -0.109144 -0.187602 0.0653265 0.0836013 0.18121 0.0464849 -0.419039 -0.353292 -0.27237 -0.14472 0.145239 0.212005 -0.267322 -0.433085 -0.152407 -0.233847 0.25955 0.00511707 0.160728 -0.0551497 0.151535 0.0704944 -0.11836 -0.411468 -0.182315 -0.122145
internal_weight=144333 41332 103001 21664 27608 16051 9732 75393 19093 9137 17876 6178 9792 56300 6259 19668 27005 15519 10085 7131 6391 10791 12980 7791 2831 4788 3096 4810 29295 3349 4679 5613 1152 1034 5026 2278 4960 3163 3430 4256 5723 2314 2601 1712 2321 1326 2635 2959 2350 8853 2748 1249 8246 2721 3401 1839 6003 3525 2623 4582 870 1297
internal_count=144333 41332 103001 21664 27608 16051 9732 75393 19093 9137 17876 6178 9792 56300 6259 19668 27005 15519 10085 7131 6391 10791 12980 7791 2831 4788 3096 4810 29295 3349 4679 5613 1152 1034 5026 2278 4960 3163 3430 4256 5723 2314 2601 1712 2321 1326 2635 2959 2350 8853 2748 1249 8246 2721 3401 1839 6003 3525 2623 4582 870 1297
cat_boundaries=0 1
cat_threshold=12
is_linear=0
shrinkage=0.05


Tree=38
num_leaves=63
num_cat=1
split_feature=38 56 34 38 126 74 125 118 123 46 20 111 136 68 115 107 118 46 103 87 111 112 131 127 127 107 127 103 96 125 74 74 125 80 80 90 101 94 80 114 125 133 119 113 78 111 125 115 121 74 44 81 90 114 83 90 74 50 111 115 68 121
split_gain=3.09178e+06 484150 252638 240428 166519 130970 104493 98737.8 84281.4 110509 139983 102826 65479.3 71975.6 63048.1 62550.5 61692.6 58520.2 57460.6 54746.4 52091.3 48663.7 47430.9 47096.4 41162.7 39095.7 38997.9 37225.9 36595.1 33124.7 33117.4 33373.5 31260.4 38813.4 31191.4 45590.2 31168.9 30601.6 29417.4 28518.5 33168.9 28399 28049.5 27688.7 27672.2 27623.1 27229.5 29568 26042.1 25297.5 36868.1 24982.9 24228.4 23812.5 23223.7 22964.2 22759.6 21763.8 21116.8 20818 20100.4 20020.3
threshold=0.57822227717409336 0.70320461802572021 -0.058227588416828895 1.1036243697832158 0.28302609279103375 0.14833095570368743 -0.0074356242700820497 0.033339632358688857 0.0017838861876933504 -0.36942705324343422 -0.14518592462598504 0.017083700236557003 0 -0.55216365941481693 0.010426092576416301 0.0021391869457209503 -1.0000000180025095e-35 -0.38087468628266824 0.01411524304371565 0.15892793239361111 -0.0035017253540061493 0.37906325399808039 0.010361607541819952 0.029272050274541255 -0.0026207096317182499 0.0098313423129427532 0.00019333844358270004 0.026518500268810453 1.3490531729362343 -0.0046689318697289489 -0.099576420990319145 -0.0049341586788935994 -0.008914729865038799 -0.56466740418857098 -0.21898138200705197 -0.41396250896812997 0.38806009749174125 -0.084459474936191728 -0.37691234497502485 0.05660493680550336 0.010673901891241303 -0.010068178422308649 0.010523714277378152 0.025632691370479552 -0.13354536245866166 -0.0056089845868826484 -0.0012749015348922997 -0.0038187335790870495 -0.00042498470384184998 -0.11032793490870839 -0.012851490008676948 0.32975320340934872 -0.78383966671351335 -0.096111061236623982 1.1776467431401803 -0.86417855119313358 0.046111330687268456 0.56083897391042004 -0.012902736496432848 0.021199517466553904 0.35015504237222461 0.018052735654610106
decision_type=2 2 2 2 2 2 2 2 2 2 2 2 1 2 2 2 2 2 2 2 2 2 2 2 2 2 2 2 2 2 2 2 2 2 2 2 2 8 2 2 2 2 2 2 2 2 2 2 2 2 2 2 2 2 8 2 2 2 2 2 2 2
left_child=1 2 8 5 7 27 26 16 12 52 11 19 13 -1 -3 -9 45 56 34 -11 41 39 55 28 -15 -26 -6 -2 -5 -24 -16 51 -20 44 35 36 -7 -38 -31 -12 -41 -19 -28 -23 -34 -4 47 53 -21 50 -14 -32 -10 -27 -52 -17 60 -18 -57 -47 -8 -42
right_child=3 14 4 23 6 18 17 15 9 10 21 -13 49 24 30 22 57 20 32 48 -22 43 29 -25 25 46 42 -29 -30 38 31 -33 33 -35 -36 -37 37 -39 -40 40 61 -43 -44 -45 -46 59 -48 -49 -50 -51 54 -53 -54 -55 -56 58 -58 -59 -60 -61 -62 -63
leaf_value=0.26132220487205665 -0.32222646752942885 0.045265465376614557 0.00033338069157469848 -0.42773245517264896 -0.0095159010687891274 0.66374799783031158 0.035890129787273482 0.15658568533972728 0.3538126143063513 0.27485925440859704 0.24310059472678869 -0.61834915732862272 0.26071074822595264 0.21629962078608053 -0.50026323060023592 0.38885219077511535 0.38695501328619419 -0.50085368761556326 -0.64361836757711188 0.1744669240723361 -0.014077695697584741 -0.055873435032163354 -0.55575157913656636 -0.65391594545558995 0.10137345139061993 -1.1019637210777513 -0.3205807529990044 -0.53558496707481684 -0.62031621325466368 0.12246416008784711 0.0096594286226875728 -0.29706982573627094 -0.87952571149383274 -0.29657025368284529 -0.12865956049586905 0.8918746615373172 0.73109638518512698 -0.066580070773646347 -0.27437003372223967 0.15137642651397418 -0.078314534672000238 -0.16066530131835366 -0.78171972845061966 -0.66540839786814387 0.29301115268946537 0.24490568708171609 -0.018141368300504623 -0.15119876408661229 -0.36284555705253063 0.33067828565660418 -0.022477199175656042 1.1447292797543385 0.19832707586494644 -0.3351142318628797 -1.3192538036240471 -0.340740745462567 0.2294775620037077 1.0143263405972514 0.048266204998285163 -0.23514509365960146 -0.50225803280745318 -0.69889906245790079
leaf_weight=9960 5339 1449 2180 8277 347 204 1355 4170 3756 849 5285 1180 11188 2847 1822 410 2964 1221 465 291 2789 1061 655 6363 3042 189 540 3313 3514 680 474 4020 56 2123 1674 195 132 1349 1491 3404 1017 1233 847 226 496 4102 1353 672 1002 17174 843 54 7525 218 36 415 1762 145 2189 239 199 149
leaf_count=9960 5339 1449 2180 8277 347 204 1355 4170 3756 849 5285 1180 11188 2847 1822 410 2964 1221 465 291 2789 1061 655 6363 3042 189 540 3313 3514 680 474 4020 56 2123 1674 195 132 1349 1491 3404 1017 1233 847 226 496 4102 1353 672 1002 17174 843 54 7525 218 36 415 1762 145 2189 239 199 149
internal_value=-0.00012686 0.126912 0.155652 -0.421133 0.0332589 -0.275443 -0.129643 0.118633 0.205656 0.132797 0.0413114 -0.243557 0.245127 0.170547 -0.252426 0.00867249 0.232933 -0.0579372 -0.10938 -0.0370896 -0.161912 0.126245 -0.0969436 -0.544288 0.0620966 -0.0181036 -0.483583 -0.403925 -0.485127 -0.2441 -0.320142 -0.247983 -0.26523 -0.199454 0.0283152 0.16809 0.0843281 0.00451601 -0.150074 0.164007 0.0725391 -0.329928 -0.602185 -0.162909 0.174058 0.14555 -0.167548 -0.354895 -0.241919 0.291595 0.236214 0.125746 0.250096 -0.691219 -0.0755875 0.0410341 0.10646 0.416215 -0.0137299 0.218476 -0.0330233 -0.157617
internal_weight=144519 111019 103200 33500 29933 15346 10293 19640 73267 25745 14464 3322 47522 18281 7819 10010 9630 8559 6694 2142 5243 11142 5840 18154 8321 5474 1734 8652 11791 2826 6370 4548 3140 2675 3554 1880 1685 1481 2171 9855 4570 2454 1387 1287 552 6521 2432 1079 1293 29241 12067 528 11281 407 879 3014 3316 3109 2604 4341 1554 1166
internal_count=144519 111019 103200 33500 29933 15346 10293 19640 73267 25745 14464 3322 47522 18281 7819 10010 9630 8559 6694 2142 5243 11142 5840 18154 8321 5474 1734 8652 11791 2826 6370 4548 3140 2675 3554 1880 1685 1481 2171 9855 4570 2454 1387 1287 552 6521 2432 1079 1293 29241 12067 528 11281 407 879 3014 3316 3109 2604 4341 1554 1166
cat_boundaries=0 1
cat_threshold=2
is_linear=0
shrinkage=0.05


Tree=39
num_leaves=63
num_cat=2
split_feature=36 62 36 115 121 107 127 124 111 119 74 103 124 125 107 125 28 125 84 118 58 74 90 123 119 23 114 38 73 113 103 103 123 114 136 111 135 119 133 123 112 121 136 123 126 6 121 119 77 111 111 119 113 23 121 103 121 97 95 98 89 120
split_gain=2.82228e+06 339348 284356 203580 152653 128405 121985 90056.4 82934.7 74138.5 70851.8 69915.1 56137.2 53405.2 53231.2 49869.8 48302.3 44333.3 43349.9 43085.1 42145.2 41478.2 39317.3 37898.6 37591 36036.8 32164.9 32142.4 30408.5 29070.6 28991.8 26848.2 25917.6 25650.5 25377.8 28003.1 25948.9 25230.6 24930.3 24804 23427 23114.4 22945.9 22942.6 21977.9 21966.8 21844.8 21610.9 21540 20517.1 20345.2 19822.9 19514.3 19313 19283 18995 18951.5 23229 18524.2 23210.5 18421 17815.8
threshold=0.39225825081057547 0.72287450756812555 -0.23033753979334493 0.015478879048303652 -0.0030875454155939496 0.0021391869457209503 0.0058354982641712506 0.089376427935761518 -0.0020898090123818496 0.037898262078786459 0.10407093270626762 0.017497843249574752 0.48717128050270447 0.021771484782367404 -0.0051707772261234989 -0.0057351452914557498 2.1861185428802647 -0.0028616599614549993 0.37003563432376146 0.25628442612943508 1.3838466132835856 0.070203070826038563 -0.22280324178822744 0.0029659975632454001 0.015032021622921802 0.090435322924406022 0.0038720119322591504 -0.11066538613116259 0.38553428411051777 0.0026224123895581502 0.028277310673913203 -0.06994896076603753 0.012946277226287351 -0.0075597632403500989 0 -0.0017199453375074498 0.0090124853728943514 -0.00084022111134949998 -0.0071137456135075489 0.027704550098994401 1.0000000180025095e-35 0.012090692545193351 1 0.0018721170061198002 0.49365713340009765 9056.4850000000024 0.023488999473333955 0.053146357077666656 0.21369298707234616 0.027824432340514852 -0.0064304375219960486 0.019093055953788053 0.0011922089840298502 -0.29269072969451221 -0.023955481615686999 0.021908614465236006 -0.0031979369403527997 0.45117123737935871 0.09926576371859476 1.3519323044237315 0.071973366737791353 -0.013558340461412648
decision_type=2 2 2 2 2 2 2 2 2 2 2 2 2 2 2 2 2 2 2 2 2 2 2 2 2 2 2 2 2 2 2 2 2 2 1 2 2 2 2 2 2 2 1 2 2 2 2 2 2 2 2 2 2 2 2 2 2 2 8 2 2 2
left_child=2 5 12 4 6 25 34 26 14 16 18 21 19 41 53 -13 20 28 22 40 30 -7 -6 -9 -21 44 33 43 -16 51 48 -31 47 -5 -4 36 39 -17 45 55 -1 -14 -10 -24 61 -19 -25 49 56 -26 -12 -23 -43 -8 -42 -36 -3 -58 59 -50 -15 -2
right_child=1 9 3 7 10 11 8 23 42 -11 50 15 13 60 17 37 -18 38 -20 24 -22 29 27 46 32 -27 -28 -29 -30 31 -32 -33 -34 -35 35 -37 -38 -39 -40 -41 54 52 -44 -45 -46 -47 -48 -49 58 -51 -52 -53 -54 -55 -56 -57 57 -59 -60 -61 -62 -63
leaf_value=0.2761682459272396 0.085421418854709094 -0.25668922702033442 0.25025461980956942 -0.056869885542663957 0.22396514100584569 -0.29960166754636958 0.23370635073758411 -0.15501318080950544 -0.12082665654164233 -0.59341439897600723 0.14947290086799436 -0.70937798454710288 0.15859408836266176 -0.70206652637571099 -0.038239441949910691 0.0016487398107822701 -0.60615488382130855 -0.25408247300496484 -0.32815984581159596 0.20300584108458894 -0.50298593806731318 0.19251161722355833 0.19800797833869066 -0.33266723589528047 0.10616685429120679 -0.14445951608101712 -0.094202634214760328 -0.1833791512661401 -0.6947763030730566 1.2292846612632276 -0.44137358466099735 -0.235055813613325 -0.29333459111701959 0.4425542215456636 -0.0083859347344937031 0.1929750761590365 0.20956448545182746 -0.37226915214375311 -0.054607157056183277 -0.92569907090617631 -0.18119018121009195 0.15972737915328017 0.15754623305696397 -0.1068318165419727 -0.099524875582377881 -0.73415600779835144 -0.62524552838561498 -0.88559015100462402 -0.072448379337879745 -0.5571284666532228 0.31183059012463427 -0.16691479140054261 -0.38517848492549561 -0.21373661422881707 0.20607367768397533 -0.3888358578212181 0.97465931179345044 0.032496373156442292 -0.32017721035817548 1.3744860410690309 -0.14223396740543345 0.37312802746049134
leaf_weight=23540 1012 527 2413 406 3859 2660 501 2531 1354 8797 2582 1059 2924 288 204 520 2638 742 613 12553 4105 1382 1974 2279 5744 1448 1535 1492 1302 32 2779 1435 495 701 1076 1789 600 3407 916 103 328 276 1610 898 619 351 886 57 364 119 7636 531 406 465 16073 472 76 470 4388 30 300 1149
leaf_count=23540 1012 527 2413 406 3859 2660 501 2531 1354 8797 2582 1059 2924 288 204 520 2638 742 613 12553 4105 1382 1974 2279 5744 1448 1535 1492 1302 32 2779 1435 495 701 1076 1789 600 3407 916 103 328 276 1610 898 619 351 886 57 364 119 7636 531 406 465 16073 472 76 470 4388 30 300 1149
internal_value=-0.000718746 -0.361125 0.135402 0.0333865 0.0892342 -0.176465 -0.0367739 -0.187325 -0.174684 -0.477647 0.181145 -0.266296 0.202154 0.0254092 -0.310408 -0.404873 -0.411418 -0.40075 0.0774616 0.214737 -0.371092 -0.151902 0.107699 -0.299237 0.152688 0.0578021 0.0539517 0.00488797 -0.605843 -0.0356653 -0.308383 -0.203114 0.0542237 0.259387 0.122336 0.0452025 -0.07204 -0.322756 -0.247008 -0.17438 0.244205 0.0974574 0.0305052 0.102692 0.163153 -0.408251 -0.414571 0.0832847 -0.245261 0.0927041 0.270804 0.092744 -0.164659 0.0183223 0.198329 -0.124389 -0.0428032 0.16364 -0.290689 0.0377243 -0.416438 0.238395
internal_weight=143821 39428 104393 41290 32952 15254 13898 8338 7445 24174 19054 11026 63103 4194 4481 4986 15377 3515 8836 58909 12739 6040 8223 5696 18968 4228 2642 4364 1506 3380 8634 1467 6415 1107 6453 4040 2251 3927 2009 1651 39941 3606 2964 2872 2780 1093 3165 5920 5855 5863 10218 1913 682 966 16401 1548 1073 546 4782 394 588 2161
internal_count=143821 39428 104393 41290 32952 15254 13898 8338 7445 24174 19054 11026 63103 4194 4481 4986 15377 3515 8836 58909 12739 6040 8223 5696 18968 4228 2642 4364 1506 3380 8634 1467 6415 1107 6453 4040 2251 3927 2009 1651 39941 3606 2964 2872 2780 1093 3165 5920 5855 5863 10218 1913 682 966 16401 1548 1073 546 4782 394 588 2161
cat_boundaries=0 1 2
cat_threshold=8 2
is_linear=0
shrinkage=0.05


Tree=40
num_leaves=63
num_cat=1
split_feature=62 36 34 119 107 74 113 115 124 121 90 125 103 107 115 111 124 46 112 121 74 113 85 136 77 42 123 74 68 90 98 78 40 127 127 131 68 82 107 96 127 111 127 115 122 123 90 125 111 111 118 36 131 103 40 114 121 125 107 125 127 46
split_gain=2.55816e+06 342608 241302 177905 142574 130211 103169 80744.8 101897 66785.5 66690.3 69308 58867.9 49928.9 49650.2 52308.1 48964.8 42857.7 42635.4 39230.4 38997.3 42407.8 37599.8 35031.3 34963.5 31626.7 31453.3 34000 43102.9 31722.3 35425.6 31286 29257.9 29221.5 27908.7 27685.8 26884.9 29447 26513.9 26139.1 26109.2 25097.2 25008.5 24981.3 24268.1 23737.4 22763.1 22740.3 22706 22143.1 21438.4 21348.9 21118.1 20718.2 20716.7 20706.6 27358.4 20425.7 20335.9 20266.8 20169.9 19377.1
threshold=0.3716106412169064 0.85305414510384903 -0.18926968121023158 0.0030405826887588503 0.011839892318719352 0.060835862796133358 0.0091678205541320511 0.013512652303650301 0.13377143822969553 0.014371852104843052 -0.26735888912959255 -0.0027284062193625495 0.028631201014297704 0.040490882532887906 0.015978469378112706 -0.0068816187877040495 -0.16433946070159575 -0.21109657622875977 0.15624872525275013 -0.0023257364454118495 0.081129666766626765 0.013680478339793252 0.38514796415965935 0 0.29059649376316227 -0.3802681394837657 0.010958630510850602 0.10407093270626762 -0.55216365941481693 -0.10639016139397149 0.89787030828508418 0.22326198981726708 -0.055568789443956788 0.00019333844358270004 0.025180624892035156 -0.0085201234184962994 -0.75543784972629657 -0.37957047061625504 -0.0071447960831396489 -0.26804370301992603 0.031999455782155607 0.022095051709246857 0.015346263394670901 -0.0098498252493359976 0.062466682300280359 0.014905951499548951 -0.86417855119313358 -0.0043928794183316989 -0.0046766320841109491 -0.0064304375219960486 1.1794565091159699 0.21391441407643888 0.024274481829298453 0.038008634292450605 0.12008431726993481 0.0080078900502937519 0.0085936171985251022 -0.011023006973213947 0.086664988768074713 -0.0019852274058420999 0.018992213622036954 -0.71681436095976248
decision_type=2 2 2 2 2 2 2 2 2 2 2 2 2 2 2 2 2 2 2 2 2 2 2 1 2 2 2 2 2 2 2 2 2 2 2 2 2 10 2 2 2 2 2 2 2 2 2 2 2 2 2 2 2 2 2 2 2 2 2 2 2 2
left_child=2 4 7 17 14 10 19 26 55 36 11 16 20 24 15 34 -5 -4 44 25 -6 33 41 32 -3 46 27 28 -1 -28 43 -21 -19 -22 38 -30 -10 -38 -2 -24 50 60 -18 -31 -8 -20 47 -7 -25 -45 -37 -35 -17 -41 -39 -9 -57 -40 59 -14 -12 -11
right_child=1 13 3 5 12 6 18 8 9 61 22 -13 58 -15 -16 52 42 23 45 31 21 -23 39 48 -26 -27 29 -29 35 30 -32 -33 -34 51 -36 40 37 54 57 53 -42 -43 -44 49 -46 -47 -48 -49 -50 -51 -52 -53 -54 -55 -56 56 -58 -59 -60 -61 -62 -63
leaf_value=0.23619820756628085 0.18655137026382629 -0.32236938089619349 0.24534239861300208 -0.60672073752029088 -0.34657698730786651 -0.35852609359792303 0.21626796280101376 0.28026914348011073 0.24764352403561435 0.33463482287194996 0.042323301788222467 0.11644551219370752 -0.66527944718201137 -0.58486413528680647 -0.23824998200589509 0.23237955251460762 0.14605598431142877 -0.32449641308279609 -0.2539526586376904 0.18386860971891861 0.18077450640694673 -0.44654290548791203 -0.16301843045328634 -0.22013728048300082 -0.48557925846618932 0.11131106128607096 0.18988331525012542 0.30121358625316308 0.23440838168807782 0.34857589878687045 0.25699117513832409 0.58824453006072019 0.25890823763581056 0.13906567810222339 -0.4972294642141572 0.10824798952642001 -0.44941473105349222 -0.06812235693348076 -0.77225282158884978 -0.38142439346004042 -0.24569876459906861 -0.43262122554302107 -0.341360025208919 -0.5982303225468818 -0.27430750198385295 -0.70047320778151079 -0.28117750689320309 0.57123280170966273 0.057769213866474524 -0.13013462429160075 -0.39281236227955757 -0.21916038976472355 0.0091849751037474479 -0.69748218158193076 0.31965612361953527 0.20447513537820253 -0.11564596443051534 -0.13462164746615457 0.66250236156659259 -0.40572388455711872 -0.36494370044430924 -0.42172603330076752
leaf_weight=27834 646 5424 8072 699 3744 105 552 3555 945 90 1489 2878 1086 7042 2299 2416 598 237 689 4515 993 828 1059 1171 8307 3122 3086 11617 3421 164 552 535 2305 532 486 6272 416 1699 143 2317 631 523 470 417 464 524 1084 176 1974 641 221 1906 1888 668 432 2111 976 1032 39 2446 382 1432
leaf_count=27834 646 5424 8072 699 3744 105 552 3555 945 90 1489 2878 1086 7042 2299 2416 598 237 689 4515 993 828 1059 1171 8307 3122 3086 11617 3421 164 552 535 2305 532 486 6272 416 1699 143 2317 631 523 470 417 464 524 1084 176 1974 641 221 1906 1888 668 432 2111 976 1032 39 2446 382 1432
internal_value=-0.000799544 -0.333542 0.132326 0.0292306 -0.188443 -0.0563029 0.0595416 0.18907 0.069557 -0.100594 -0.179286 -0.0348903 -0.304182 -0.476621 -0.0380998 0.0315031 -0.281378 0.171272 -0.246712 0.131119 -0.228858 -0.125373 -0.283468 0.0661392 -0.421108 0.0235365 0.214464 0.226269 0.203584 0.0930303 -0.0754525 0.226708 0.203714 -0.0478658 -0.160599 0.117496 0.0198792 -0.064627 -0.0707576 -0.376438 0.0613537 -0.12642 -0.0684436 -0.225623 -0.00777438 -0.446844 -0.17722 0.223814 -0.0455608 -0.31463 0.0911936 -0.140991 0.134473 -0.452154 0.0104888 0.198003 0.103264 -0.212223 -0.472993 -0.485531 -0.040828 -0.377
internal_weight=144377 41257 103120 36608 20484 22849 11766 66512 11656 5014 11083 4645 11574 20773 8910 6611 1767 13759 2229 9537 8003 4259 6438 5687 13731 4487 54856 49996 38379 4860 1774 5050 2542 3431 2307 10545 3492 2547 1821 4044 7124 2394 1068 1222 1016 1213 1365 281 3145 1058 6493 2438 4304 2985 2131 6642 3087 1175 3571 3532 1871 1522
internal_count=144377 41257 103120 36608 20484 22849 11766 66512 11656 5014 11083 4645 11574 20773 8910 6611 1767 13759 2229 9537 8003 4259 6438 5687 13731 4487 54856 49996 38379 4860 1774 5050 2542 3431 2307 10545 3492 2547 1821 4044 7124 2394 1068 1222 1016 1213 1365 281 3145 1058 6493 2438 4304 2985 2131 6642 3087 1175 3571 3532 1871 1522
cat_boundaries=0 1
cat_threshold=8
is_linear=0
shrinkage=0.05


Tree=41
num_leaves=63
num_cat=1
split_feature=36 119 56 119 34 84 127 127 111 122 121 115 123 107 121 136 56 87 95 111 124 124 88 87 90 123 111 126 124 127 107 119 107 123 123 69 124 113 80 44 124 34 40 50 69 113 107 123 70 127 40 87 127 75 93 111 131 84 105 40 84 105
split_gain=2.31107e+06 320188 210673 171118 158098 123421 97590.6 80413.9 76563.9 75043.7 124173 71449 59514.8 58859.4 57514.3 46290.2 43822.1 43407.1 42356.6 39548.4 35803.8 41261 33154.2 29009.3 31340.4 32480.2 28858.2 28823.2 27786.5 27683.2 27907.1 26465.3 27241.6 25828.2 25426.5 25084.9 24374 24095.4 24011.6 50791.6 23943.7 23409 25255.5 22406.3 22223.9 21869 21786.7 21600.6 20779.1 20679.4 20655.1 26983.1 23397.3 42432.2 45401.8 20321.3 20291.7 19589 19168.6 18877.1 19697.8 18617.3
threshold=0.35075626136260935 0.019093055953788053 0.860438344678918 0.0024555333313879507 -0.033863485389329546 0.75507286860258349 0.010129584275473502 0.019602306314929051 -0.0042969196332087985 0.039002211341640954 0.019906653585764354 0.016986520687428504 0.0057497341029215015 0.027835973606184904 -0.024945307600690098 0 0.13546227462771737 0.12722911253283811 0.21368217147217214 -0.0044192634149951993 -1.0000000180025095e-35 1.0000000180025095e-35 0.11486607324282257 0.12460149136268951 -0.85441836823316863 0.0026820436640732003 0.025627501793202404 0.78632551070673529 -0.20611272312523696 -0.0040553689135302993 0.035838146315479658 -0.014655488528254499 0.0035066341640050008 0.009985711352791601 0.0038688345775174503 0.72897983220447393 0.16979544153837267 0.013134106322062402 -0.49545228403223424 0.60931504568231187 0.61053386123729958 -0.3858259872617944 0.073644802153074021 -1.0189769358006531 0.46812449303692177 0.010909781864185902 -0.0059869953673753994 0.037427279001524108 0.47705362594456724 -0.0016130353954503997 -0.096964410714499433 0.24129434510863942 -0.049154852485603244 0.076940480217825472 0.4789981210739806 0.0094733289422997014 0.0025611038677972506 0.066013005043991865 -0.017870132365843994 0.14318119177728267 0.30256948601976291 0.011881972883236303
decision_type=2 2 2 2 2 2 2 2 2 2 2 2 2 2 2 1 2 2 10 2 2 2 2 2 2 2 2 2 2 2 2 2 2 2 2 2 2 2 2 2 2 2 2 2 2 2 2 2 2 2 2 2 2 2 2 2 2 2 2 2 2 2
left_child=2 5 3 31 9 11 16 12 20 27 14 13 18 19 37 34 29 38 61 33 -8 -22 28 -16 -25 -26 -18 40 -10 -6 35 48 -33 49 -12 -31 -13 -11 39 -7 58 -34 -43 -27 -15 -44 -9 50 -1 -2 51 -14 53 -52 -55 -30 -46 -4 -5 60 -21 -3
right_child=1 7 57 4 6 17 8 46 22 10 15 36 47 44 23 -17 26 -19 -20 59 21 -23 -24 24 25 43 -28 -29 55 30 -32 32 41 -35 -36 -37 -38 -39 -40 -41 -42 42 45 -45 56 -47 -48 -49 -50 -51 52 -53 -54 54 -56 -57 -58 -59 -60 -61 -62 -63
leaf_value=0.28372372739528101 0.20842564697875041 0.092501241880465768 -0.16397852492479215 0.29302086426388863 0.22251048901542539 1.4317176148931428 -0.54363774423812083 -0.15996429316425731 -0.40396164722955058 -0.17729973754237507 -0.30457572976708652 -0.011869061074363717 -0.14702049117854035 0.51768080979047049 0.28954192319900818 0.29966359183502694 -0.070442317671384078 -0.37954451353405455 -0.35672802567678302 0.20052506762763694 0.462205238044262 -0.29960402879649956 0.38699119216059596 0.32935847200956703 0.1163197718865514 0.21655025012571261 -0.60848498502648873 0.018733115917044661 -0.091408019393271867 0.12671274026908055 -0.47265324401034214 0.23899549143474952 0.20222279732356593 -0.48021737985962831 -0.79518937131577583 -0.21119895457545104 -0.34693731619537005 -0.95947783183620639 -0.17050223829480071 -0.070915021645373486 -0.094432017230993204 -0.027578903196497806 0.20418078920192576 -0.12318303550127517 -0.07074264490632283 -0.16493163110963821 -0.54480679174668567 -0.67032739821313458 -0.66495575370459725 -0.10176939896831139 -0.58870471961358017 -0.63905150717772996 -0.37350750559078127 2.5891221000302225 -0.0049333727037584457 0.2635093704825765 -0.48266508008424147 -0.41059776148913701 0.18583184385409698 0.28985749667906779 -0.12893800788638202 -0.1830294554141465
leaf_weight=11961 786 857 2022 5449 3241 82 1535 381 556 242 503 724 339 83 1872 182 1893 5422 3729 1170 200 1597 424 1110 6542 576 287 2342 1751 2804 264 15160 8153 321 556 683 2168 166 620 179 660 3150 3515 3083 481 453 10583 990 58 1698 68 1565 3633 31 37 524 790 1338 17782 2104 741 2154
leaf_count=11961 786 857 2022 5449 3241 82 1535 381 556 242 503 724 339 83 1872 182 1893 5422 3729 1170 200 1597 424 1110 6542 576 287 2342 1751 2804 264 15160 8153 321 556 683 2168 166 620 179 660 3150 3515 3083 481 453 10583 990 58 1698 68 1565 3633 31 37 524 790 1338 17782 2104 741 2154
internal_value=-0.00037231 -0.314082 0.127198 0.140377 0.0836387 -0.15005 -0.0509904 -0.431006 -0.197815 0.135304 0.0454128 -0.0494595 -0.348854 0.0261114 0.0891291 -0.433353 0.0544535 -0.326653 -0.244097 0.0858944 -0.3663 -0.214817 -0.0253441 0.107224 0.0770499 0.0495955 -0.141276 0.186127 -0.0870997 0.115479 0.023 0.216326 0.191515 -0.0581575 -0.556901 0.0605258 -0.263054 -0.495539 -0.00113999 0.401176 0.202537 0.14438 0.078127 -0.0697022 -0.275011 0.162042 -0.531433 -0.454823 0.279146 -0.00361589 -0.417215 -0.551447 -0.349404 0.294473 1.17765 -0.00966001 -0.326776 -0.262186 0.210974 0.186533 0.0727741 -0.104607
internal_weight=144370 41736 102634 99274 56824 17369 15759 24367 6587 41065 14832 11066 13403 8174 13591 1241 9172 6303 6740 6820 3332 1797 3255 13183 11311 10201 2180 26233 2831 6992 3751 42450 30431 2805 1059 3487 2892 408 881 261 23891 15271 7118 3659 1354 3968 10964 6663 12019 2484 5673 1904 3769 136 68 2275 1271 3360 23231 4015 1911 3011
internal_count=144370 41736 102634 99274 56824 17369 15759 24367 6587 41065 14832 11066 13403 8174 13591 1241 9172 6303 6740 6820 3332 1797 3255 13183 11311 10201 2180 26233 2831 6992 3751 42450 30431 2805 1059 3487 2892 408 881 261 23891 15271 7118 3659 1354 3968 10964 6663 12019 2484 5673 1904 3769 136 68 2275 1271 3360 23231 4015 1911 3011
cat_boundaries=0 1
cat_threshold=12
is_linear=0
shrinkage=0.05


Tree=42
num_leaves=63
num_cat=1
split_feature=36 62 74 113 119 119 122 115 34 90 121 121 127 94 79 102 78 127 113 123 119 127 70 111 100 102 115 58 115 107 87 83 107 131 111 125 125 121 79 127 107 107 113 107 125 125 119 115 125 119 135 136 125 79 95 119 111 113 133 123 127 87
split_gain=2.09348e+06 357222 160343 166679 129368 96285.7 81521.4 100107 75860.1 69170.8 63444.3 58055.2 56986.2 55272.9 50813.7 45136.1 42698.4 42088.2 41876.2 40853.3 37698.2 37356.1 35567.8 34669.8 33907.6 32986.7 32912.8 32719 31384.6 30179.6 29016.3 30766.2 26042.5 25244.7 24789.4 24785.8 23976.1 25896.2 23597.2 23478.3 21401.4 21170 20964.6 20730.5 20481.8 19487.2 19430.3 21373 23462 19058.3 20342.7 18802.6 20649.2 18354.6 18089.1 18083.8 17838.9 23491.3 17543.4 17387.1 25811.9 18283.9
threshold=0.58923469888043323 0.096924879346443615 0.075092103994185311 0.010909781864185902 0.014032085615837802 0.0026559850319097006 0.039002211341640954 0.017534569773677254 0.40424834862296921 -0.22280324178822744 -0.030198551020894044 -0.0046865972954216991 0.031999455782155607 0.028663172195555555 0.16790355576060398 0.020616969491731255 0.24101655448153333 0.028275453108551053 0.0098194368757329505 0.0075272739891895013 0.030149803690189502 -0.0042631473386694997 1.2981011210622804 0.019006736954769256 -0.66021428480766164 -1.0000000180025095e-35 0.013922042921213051 0.58805596227239831 -0.0044265370567318487 -0.008393873426695498 0.37532074888078787 0.99920407980296622 0.00093963673573285017 0.023904084489922355 -0.011988946187708247 0.017032172955652302 0.010500147550235353 0.0098127263580924523 0.017907747091657853 0.0145934331299427 0.0150189743045672 0.020317157563905404 0.0091678205541320511 -0.015391499476409347 0.00090131671481535013 -0.011699796772888548 -0.011990146407670399 0.010270258858101202 0.010500147550235353 1.0000000180025095e-35 -0.010824362115759349 0 -0.0027284062193625495 0.045171835766378857 0.46874224082362509 0.049202948908975509 -0.0089660934279428978 0.024361648823189006 -0.016282479593608647 0.0019576687715734003 0.0074556887497508008 0.16701374288209733
decision_type=2 2 2 2 2 2 2 2 2 2 2 2 2 10 2 2 2 2 2 2 2 2 2 2 2 2 2 2 2 2 2 10 2 2 2 2 2 2 2 2 2 2 2 2 2 2 2 2 2 2 2 1 2 2 8 2 2 2 2 2 2 2
left_child=1 5 8 11 13 46 15 10 9 27 42 21 22 18 -5 25 24 35 26 -16 36 -4 29 -9 -13 55 39 34 -10 -6 31 -26 -23 -31 44 51 56 -38 -11 -2 -19 59 -8 -21 -3 -22 -1 -48 -49 -34 -51 -17 -53 -33 -30 -7 57 -12 -45 60 -40 -61
right_child=4 2 3 14 12 6 7 23 28 38 20 16 -14 -15 19 17 -18 40 -20 43 45 32 -24 -25 30 -27 -28 -29 54 33 -32 53 49 -35 -36 -37 37 -39 41 -41 -42 -43 -44 58 -46 -47 47 48 -50 50 -52 52 -54 -55 -56 -57 -58 -59 -60 61 -62 -63
leaf_value=0.25796162925124111 0.22761013036280758 -0.39674787443247311 0.24482455952707541 0.43097487836201709 -0.0071952596776038644 0.16213012181341266 -0.17231593017932029 -0.15297540790781058 -0.68564979940830506 0.7029938276134321 0.06128440736483115 -0.12418432559398117 -0.55172570988112779 -0.35215998919775082 -0.11034415822810779 0.19093026211367845 0.46002751717875612 -0.030748602250406772 -0.35254165046980906 0.28104767354329424 -0.87249300217071735 0.098504196734276211 -0.52123654832787536 -0.5569442105892759 0.20273169955222878 0.30447885209648118 -0.20055568333748011 -0.314710640763538 -0.22249911471513772 -0.28373309482317016 -0.29460971062585456 1.9524140608938116 0.065349121771268254 -0.42722765082863945 0.19623815597955366 -0.14712631955085684 0.078421772575271886 -0.26408689657122081 0.17705575432322626 -0.12238014697152343 -0.48838343122085437 -0.36642274121649465 -1.0195283856812647 -0.76068285067018637 0.17450384187611034 -0.1158397137137694 0.20780576636034304 0.16694596384086896 -0.05871669099418967 -0.40833422412222603 -0.089468766950103307 -0.082411325900326293 0.12916501908358705 0.55683326271753164 -0.48478582235963419 -0.63833868268509997 0.17614303881748636 -0.57979552029978998 -0.41508408673522368 0.17823934824392201 -0.26114668047768319 -0.33327584647203295
leaf_weight=13561 1553 369 1076 213 651 11308 128 1780 692 67 2164 967 6510 3099 924 5879 1326 617 1068 75 91 1261 3375 757 5895 5702 1249 500 1941 6040 290 38 615 6223 2382 873 1755 805 731 693 436 2016 170 669 273 1311 19249 3572 1700 1026 976 1706 3559 62 994 71 8166 153 814 200 622 1381
leaf_count=13561 1553 369 1076 213 651 11308 128 1780 692 67 2164 967 6510 3099 924 5879 1326 617 1068 75 91 1261 3375 757 5895 5702 1249 500 1941 6040 290 38 615 6223 2382 873 1755 805 731 693 436 2016 170 669 273 1311 19249 3572 1700 1026 976 1706 3559 62 994 71 8166 153 814 200 622 1381
internal_value=0.00124077 0.0997014 -0.0539572 0.0489306 -0.36695 0.150725 0.103184 0.0165968 -0.191166 -0.109811 0.0665194 0.120444 -0.426684 -0.189204 -0.310151 0.152808 0.199148 0.0828726 -0.0785315 -0.373753 0.0814173 -0.0158332 -0.376711 -0.273513 0.151447 0.206322 0.0052003 0.059967 -0.382745 -0.33894 0.193856 0.217484 -0.088156 -0.356551 0.121918 0.109433 0.1079 -0.0292811 -0.229065 0.119621 -0.220235 -0.241681 -0.655625 -0.529972 -0.153832 -0.164952 0.209936 0.183376 0.0941792 -0.178098 -0.252883 0.129531 0.0604938 1.08715 -0.311328 0.157136 0.1414 0.0189516 -0.570988 -0.155968 -0.0243943 -0.268568
internal_weight=144369 113908 28395 16227 30461 85513 47431 17280 12168 8541 14743 13532 22799 7662 2695 30151 8578 13070 4563 2482 14445 4954 16289 2537 7252 17081 3495 3524 3627 12914 6285 5995 3878 12263 3024 12017 13043 2560 5017 2246 1053 4950 298 1558 642 1402 38082 24521 5272 2617 2002 11144 5265 100 2935 11379 10483 2317 1483 2934 1353 1581
internal_count=144369 113908 28395 16227 30461 85513 47431 17280 12168 8541 14743 13532 22799 7662 2695 30151 8578 13070 4563 2482 14445 4954 16289 2537 7252 17081 3495 3524 3627 12914 6285 5995 3878 12263 3024 12017 13043 2560 5017 2246 1053 4950 298 1558 642 1402 38082 24521 5272 2617 2002 11144 5265 100 2935 11379 10483 2317 1483 2934 1353 1581
cat_boundaries=0 1
cat_threshold=12
is_linear=0
shrinkage=0.05


Tree=43
num_leaves=63
num_cat=0
split_feature=62 38 46 68 79 74 74 113 106 119 103 135 127 52 104 77 103 104 123 89 83 93 135 125 125 79 36 56 127 127 100 125 103 38 125 119 103 115 58 77 123 56 113 123 87 125 94 56 85 113 119 70 133 118 119 82 74 111 71 80 91 115
split_gain=1.90795e+06 258868 180610 110028 109127 103095 101285 115336 100753 84270.1 58998.3 51664.2 50279.1 49359 48384 48162.9 45955.4 41506.4 41351.6 44648.8 39340.5 57498.2 39232.5 38626.9 37269.8 36813.9 35271.3 34706.6 32801.2 31608.6 31383.1 30419.9 30876.8 29838.6 27749.1 27468.8 26865.1 25115.9 24165 23395.9 22854.8 22707.8 21596 21451.9 21380 21359.2 23290.9 21165.5 21133.5 21117 21479.2 20854.3 30051.4 20565.8 20130.6 19707.8 19479.9 18995.4 18503.1 18472.7 18295.4 18148.2
threshold=0.3716106412169064 0.87182938870345039 0.12131011806043142 -0.60310726513005786 0.23619077572730648 0.060835862796133358 0.070203070826038563 0.010909781864185902 0.24580494435615066 0.030543942199201052 0.029021930977246504 -0.0087836929668886482 0.028759203872877805 -0.32387588461501848 1.0000000180025095e-35 0.21369298707234616 0.040018581162176659 -1.0000000180025095e-35 0.0022232445489348005 0.077985935942351911 0.97229742163674826 0.40561806000643225 -0.021911404826964947 0.018025783838359302 -0.010458503946327047 0.16790355576060398 -0.25382263633853464 0.56085626651647769 0.038146981317970605 -0.0024218433166315998 0.22455529558678086 0.025354385034759602 0.028631201014297704 0.36376664205574155 -0.0074356242700820497 0.031698108771334908 0.0039976983171912004 0.018711378596752003 1.5514499557020833 0.29404630305166451 0.00096952795515670013 -1.2138141425849829 0.030399100922693805 0.00076706484713135012 0.18531286640447142 -0.0058913958803108986 0.095392277144505974 -0.42205226005751939 0.29595560446860064 0.0011922089840298502 0.0094306096255746524 -0.17784433491197268 -0.018896123359953047 0.33769382012803933 0.0044035764486645016 -0.021114174383425399 -0.11032793490870839 -0.014144058864022148 0.70484076229849091 -0.84661894733194687 0.24123972825718257 -0.0044265370567318487
decision_type=2 2 2 2 2 2 2 2 2 2 2 2 2 2 2 2 2 2 2 2 10 2 2 2 2 2 2 2 2 2 2 2 2 2 2 2 2 2 2 2 2 2 2 2 2 2 8 2 2 2 2 2 2 2 2 10 2 2 2 2 2 2
left_child=2 6 8 55 5 18 31 11 14 12 15 29 23 -7 17 49 28 -1 30 -20 27 39 -14 24 26 -9 -10 45 37 -8 -5 32 48 -19 -11 -18 -26 -16 56 -22 -27 -31 -6 -25 58 46 -13 -39 -2 50 -3 -38 -53 -43 -46 -4 -17 -28 -21 -45 -32 -34
right_child=1 10 3 4 42 13 7 25 9 34 -12 20 22 -15 16 38 35 33 19 44 21 -23 -24 43 36 40 57 -29 -30 41 60 -33 61 -35 -36 -37 51 47 -40 -41 -42 53 -44 59 54 -47 -48 -49 -50 -51 -52 52 -54 -55 -56 -57 -58 -59 -60 -61 -62 -63
leaf_value=0.18702046853370322 0.36854615093261273 0.53151723806815732 0.097035347760900406 -0.198541505420992 -0.35843626650960442 -0.16289915091120918 0.16368409752467897 0.44769670204037715 0.11088427433452636 -0.56668219654662211 -0.48606364568161048 -0.28530987537776431 -0.47437094547395264 0.20334581269848415 0.1775793177170496 -0.52661855499688037 -0.056288328854610929 0.29136566646516093 -0.38069819183475517 0.035405633622368621 1.075915651656177 2.5207522786245118 0.0049365933930173925 0.11506103519971173 0.20153977097489598 -0.060363428608208605 -0.88029313597060355 -0.20713114261340917 -0.22228295286319086 -0.90229343400838291 0.15508346194995057 -0.42612327329666444 -0.74708752230150643 0.72228851289057339 -0.13263261298930731 -0.79488963758858455 0.1364844499425531 0.20941991366577889 -0.49573235997496207 -0.14447006083586639 -0.5187465993242607 -0.029425488645769656 -0.82794108299544933 0.3820791527628899 0.14936557465866801 0.25356588177107486 0.34329451149830081 -0.29778912255244888 -0.16694443542495274 -0.20526494427397979 -0.087896436827053157 -0.24711027154054355 0.082953005527897472 -0.31698295211335276 -0.2958993539092955 0.31820496012684596 -0.29461564018823355 -0.22457709392381897 0.69416093539963619 -0.47006611726016079 -0.1569938829469496 -0.31843481978770721
leaf_weight=19531 193 227 1850 1607 1606 1137 907 126 1019 499 10239 420 620 4819 19157 1036 1551 10960 2535 493 73 41 1371 360 11215 332 131 636 560 104 2008 2341 306 417 1405 137 7961 339 2733 85 1503 1500 289 72 346 2840 227 523 4064 1436 365 968 2398 1062 953 2211 7143 704 136 545 613 1279
leaf_count=19531 193 227 1850 1607 1606 1137 907 126 1019 499 10239 420 620 4819 19157 1036 1551 10960 2535 493 73 41 1371 360 11215 332 131 636 560 104 2008 2341 306 417 1405 137 7961 339 2733 85 1503 1500 289 72 346 2840 227 523 4064 1436 365 968 2398 1062 953 2211 7143 704 136 545 613 1279
internal_value=0.00166064 -0.285845 0.116662 -0.0157529 -0.0730034 -0.0268109 -0.143807 -0.0358519 0.149753 0.0752491 -0.396387 0.0493921 0.0976288 0.13343 0.190761 -0.325428 0.134569 0.231243 -0.136625 -0.242779 0.165688 0.852325 -0.14432 0.116614 0.12896 -0.379045 -0.0865316 0.132547 0.155142 -0.0912822 -0.0245709 -0.273833 -0.212807 0.30716 -0.246388 -0.116234 0.146684 0.165699 -0.367014 0.419379 -0.435813 -0.178024 -0.430039 -0.191663 -0.0614371 0.194501 -0.064764 -0.0983183 -0.142667 -0.101671 0.149615 0.0923697 -0.0119672 -0.148624 -0.177299 0.217451 -0.324002 -0.32745 0.177839 -0.370626 0.0820948 -0.40119
internal_weight=144264 41218 103046 20603 16542 14647 18039 9856 82443 29268 23179 7895 27364 5956 53175 12940 22267 30908 8691 4463 4322 199 1991 25373 24396 1961 1854 4123 20579 3573 4228 8183 5842 11377 1904 1688 22542 20019 10912 158 1835 2666 1895 977 1928 3487 647 862 4257 2028 592 11327 3366 2562 1299 4061 8179 835 629 617 2621 1585
internal_count=144264 41218 103046 20603 16542 14647 18039 9856 82443 29268 23179 7895 27364 5956 53175 12940 22267 30908 8691 4463 4322 199 1991 25373 24396 1961 1854 4123 20579 3573 4228 8183 5842 11377 1904 1688 22542 20019 10912 158 1835 2666 1895 977 1928 3487 647 862 4257 2028 592 11327 3366 2562 1299 4061 8179 835 629 617 2621 1585
is_linear=0
shrinkage=0.05


Tree=44
num_leaves=63
num_cat=0
split_feature=36 107 118 107 36 102 125 125 131 102 127 119 103 115 111 36 103 127 115 50 115 103 96 95 103 111 123 135 121 80 119 125 103 87 131 107 71 94 121 127 40 125 125 127 121 125 131 89 111 135 85 91 107 107 123 127 111 124 113 121 125 56
split_gain=1.72267e+06 248881 177024 135700 119308 86209.8 82118.4 70770.4 63068.8 59712 59590.9 57462.6 50153 49750 45792.2 44376.3 39019.8 38917.5 37895.9 37060.5 33812.5 33741.2 28845 28040.9 27229.4 26805.4 25826.2 25315.3 25164.5 25115.2 24356.5 23685.4 23453.6 23348.1 23206.6 21660.8 21614.6 21338.4 20871.5 20542.6 24232.6 20455.8 24083.1 20263 20519.4 18454.2 18028.4 17775.3 17698.5 16906.1 28790.7 17197.7 16420.9 16350 16297.8 17063.3 16045.8 15780.4 15450.9 15446.4 15392.6 15225.9
threshold=0.35075626136260935 0.025000909947384603 0.3332509521169752 0.025317572960696703 0.85305414510384903 1.0000000180025095e-35 0.018400465494103103 0.014528005035680301 0.0051223196909515505 -1.0000000180025095e-35 0.018402865322702851 0.029462050292221053 0.017783687881053053 0.015978469378112706 -0.0044192634149951993 -0.6935336885238983 0.026162895923757205 0.019292129539327702 0.01502894382177025 0.53344348147577791 0.0099715334049657513 0.026518500268810453 -0.34022539831521831 0.53780013682228633 0.0097673087226299009 -0.0098288005992344992 0.014905951499548951 -0.020136273721026898 -0.0059798090538969997 -0.062946973996482927 0.018428465872094204 0.011764674699103002 -0.06994896076603753 0.25211083946409057 0.0065882572604282512 0.015252731934215802 0.4664582173348098 0.051862176335424053 -0.028645817064950948 0.018704586753870354 -0.09057370565071339 -0.0076286597217435489 0.054060220650354603 0.0062465794693042009 -0.0019028470371281498 0.0042172075864918505 0.010187449929501852 0.49191038764880207 -0.0068816187877040495 -0.021185652249108549 0.57254404935887693 0.20612240092755368 0.0021391869457209503 0.032470511734688706 0.021635707931050806 0.010129584275473502 0.023753232742879053 -0.075334251431689037 0.025632691370479552 -0.012419123284326298 -0.0022194580307568494 -0.64471071706684324
decision_type=2 2 2 2 2 2 2 2 2 2 2 2 2 2 2 2 2 2 2 2 2 2 2 10 2 2 2 2 2 2 2 2 2 2 2 2 2 10 2 2 2 2 2 2 2 2 2 2 2 2 2 2 2 2 2 2 2 2 2 2 2 2
left_child=2 4 5 6 8 9 11 10 29 13 26 21 32 25 24 -5 28 30 60 -11 -9 34 -23 33 -10 58 37 -13 -12 36 -17 -15 -3 52 -4 -18 -2 53 -28 40 -34 -14 -43 -38 57 -20 -29 -32 -19 -42 51 -51 -6 -7 55 -24 -8 -45 -1 -36 -16 -22
right_child=1 12 3 15 23 7 56 20 14 19 16 27 41 31 18 17 35 48 45 -21 61 22 54 -25 -26 -27 38 46 -30 -31 47 -33 39 -35 59 -37 43 -39 -40 -41 49 42 -44 44 -46 -47 -48 -49 -50 50 -52 -53 -54 -55 -56 -57 -58 -59 -60 -61 -62 -63
leaf_value=0.092518092825646145 0.64875455387481828 0.66758425062702553 0.20123487976796017 0.10431620269747717 0.090197517648263836 0.18437797905010758 -0.16054323174953705 0.077632767639173303 -0.12891422718996337 0.28499369482755993 -0.14210468684496497 -0.36753535340687288 -0.58851396146290635 0.10118766540763723 -0.10985629355676529 -0.068290891758740591 -0.11397641718027243 -0.67620169054442103 0.24638727020137208 1.103127625669752 0.35381092396047387 0.11639078448695893 -0.0085280137605179638 -0.41305670285154117 -0.41155979589171166 0.21128933332009225 -0.78313795489569504 0.11741127308954542 0.14552469343764529 -0.07004741858945672 -0.3045191141425021 -0.1790346112620112 -0.45253865797749493 -0.33603460779316258 -0.10955268067596308 -0.53467591076309773 0.2414329395287243 -0.22492628007388671 -0.012867000487718362 -0.40684771123915442 -0.33750625338893719 -0.38406246814426948 -0.57057858208370316 -0.44018042748038833 0.19985129718024863 -0.27396924491422631 -0.19322005820324584 -1.3601308057947856 -0.31120007186613052 0.063757258566072242 1.0176603139511176 -0.22502808829960533 -0.19799252077783358 0.0085571153805806092 -0.8750232396920522 -0.32114801443060459 -0.49609337888186067 -0.0042093932621870634 -0.42706860422685344 0.10940033454919858 0.14240012016891299 -0.25392725822741896
leaf_weight=4304 205 62 9099 966 679 19776 1837 1497 1497 12275 1155 791 2590 1621 873 2052 796 678 189 140 108 2046 1188 3451 1978 19393 96 983 2226 2066 1459 1410 1043 2488 907 497 1641 343 1048 3156 1129 7067 2292 333 661 1730 890 41 651 770 56 1560 1817 1417 75 690 442 551 148 7198 1968 2253
leaf_count=4304 205 62 9099 966 679 19776 1837 1497 1497 12275 1155 791 2590 1621 873 2052 796 678 189 140 108 2046 1188 3451 1978 19393 96 983 2226 2066 1459 1410 1043 2488 907 497 1641 343 1048 3156 1129 7067 2292 333 661 1730 890 41 651 770 56 1560 1817 1417 75 690 442 551 148 7198 1968 2253
internal_value=-0.000389328 -0.270698 0.109986 0.0124396 -0.155577 0.15425 0.0611359 0.092216 -0.0644493 0.203529 0.120491 0.0885176 -0.399838 0.161635 -0.151805 -0.205315 -0.0420736 -0.266594 -0.0510632 0.29422 -0.108261 0.116018 -0.0148074 -0.3035 -0.289799 0.185889 0.153993 -0.130357 0.0472662 0.0673759 -0.180234 -0.0291698 -0.301006 -0.227641 0.146427 -0.275684 0.151102 0.166291 -0.0775051 -0.308791 -0.240896 -0.464155 -0.42974 0.119082 -0.0108723 -0.22272 -0.0301925 -0.333373 -0.497409 -0.178096 -0.102666 -0.129593 -0.119595 0.172622 -0.152253 -0.123388 -0.225621 -0.168438 0.0752452 0.0848981 0.0648852 -0.226127
internal_weight=144348 41852 102496 31993 22127 70503 26146 31212 13692 39291 27354 23867 19725 26876 8235 5847 4674 4881 4760 12415 3858 21203 3999 8435 3475 23845 22680 2664 3381 5457 3552 3031 7776 4984 17204 1293 3391 21536 1144 7714 4558 11949 9359 3186 1545 1919 1873 1500 1329 3515 2386 2330 2496 21193 1953 1878 2279 884 4452 8105 2841 2361
internal_count=144348 41852 102496 31993 22127 70503 26146 31212 13692 39291 27354 23867 19725 26876 8235 5847 4674 4881 4760 12415 3858 21203 3999 8435 3475 23845 22680 2664 3381 5457 3552 3031 7776 4984 17204 1293 3391 21536 1144 7714 4558 11949 9359 3186 1545 1919 1873 1500 1329 3515 2386 2330 2496 21193 1953 1878 2279 884 4452 8105 2841 2361
is_linear=0
shrinkage=0.05


Tree=45
num_leaves=63
num_cat=0
split_feature=36 119 46 107 124 107 126 103 118 111 125 115 125 68 87 74 103 121 62 118 125 34 42 34 133 103 119 115 115 115 94 125 127 34 125 111 80 111 115 127 125 74 87 123 89 74 50 58 89 74 119 95 74 133 34 135 123 115 111 121 125 79
split_gain=1.56692e+06 252457 148653 120664 84597.2 81600.3 76133 60397.5 53579.4 63937.4 57172.4 48073.2 47209.2 41626 51509.2 41585.8 39912.3 39004.2 38179.9 37175.6 34410.5 34232.2 30629.4 30584.6 30563.1 29695.9 29407.4 29105.4 28399.1 27536.6 26636.6 26613.6 26606.1 26348.3 25087.3 26835.7 23860.2 23669.9 20742.1 20617.4 19655.9 19532.3 19475.9 19215.2 21524.1 23353.6 17950.7 17864 19053.4 17838.1 17837.4 17233.6 16886.6 17158.9 16642.8 16121.7 16020.3 15701.2 15627 15615.8 15392.3 15370.4
threshold=0.32037040403558181 0.026432172017346704 0.16432145031087944 0.0037224179312607504 0.35324992610430234 0.00022790016209295002 0.82691149365874517 0.013006051800470953 1.0000000180025095e-35 -0.022934355552978045 0.018400465494103103 0.014127760113557751 -0.013574270229808097 -0.63123818179199287 0.35390983708686685 0.052278478186272855 0.0034501029614930003 -0.0020048191463849494 0.43831554598016548 -1.0000000180025095e-35 -0.012050387439153949 -0.69949565737509645 -0.32179952201597939 0.21770061661593543 -0.017926256761195997 -0.06994896076603753 0.012845604605628351 0.009820722924548551 0.026231903607459604 0.020050482969804505 0.095392277144505974 0.0043251182907658005 0.035870930916197856 -0.29300927335282445 -0.0017506676761955998 0.0086704576399836506 -0.48402547024516268 -0.010378825718891349 -0.0076708431524460993 0.037337808488249656 -0.0045279195217662492 0.19041157100710174 0.16388360902288082 0.011305526527007802 0.1064625343476553 0.089324032954472013 0.49203319958779351 -0.058767946314245291 0.022695083905663205 -0.099576420990319145 0.050486051333217007 0.53728556810536132 0.089324032954472013 0.00058238029449865015 0.55501900256096082 -0.018750769121115746 0.024881822353065856 -0.0018009095184780496 0.019540700335145753 -0.039584237602565644 0.024671680771849305 0.21682715759443258
decision_type=2 2 2 2 2 2 2 2 2 2 2 2 2 2 2 2 2 2 2 2 2 2 2 2 2 2 2 2 2 2 10 2 2 2 2 2 2 2 2 2 2 2 2 2 2 2 2 2 2 2 2 10 2 2 2 2 2 2 2 2 2 2
left_child=2 3 5 11 13 -1 8 18 19 40 12 30 26 -4 15 47 25 21 52 29 -9 -8 61 43 -22 -3 -11 -12 37 39 36 38 56 49 35 -23 42 -26 -25 59 -10 -20 -2 44 45 50 -21 48 -15 -6 -14 -39 -5 -54 -38 -40 -18 -28 -50 -7 -61 -17
right_child=1 16 4 7 33 6 17 20 9 10 27 -13 23 14 -16 22 32 -19 41 46 24 34 -24 31 28 -27 57 -29 -30 -31 -32 -33 -34 -35 -36 -37 54 51 55 -41 -42 -43 -44 -45 -46 -47 -48 -49 58 -51 -52 -53 53 -55 -56 -57 -58 -59 -60 60 -62 -63
leaf_value=0.1946650547266503 0.59913356050950795 0.83385435437399247 0.2320039903928966 -0.11158071004846148 -0.27060878847832276 -0.71525537337249545 0.14352317945588203 -0.63965316783712067 -0.65279268830488979 0.013960286163740593 -0.0040500944595606558 -0.17106632997812876 0.083872669873688965 0.85863718908341213 -0.37894500084753546 -0.033755254714140814 -0.35598482157660422 0.055366632726531709 -0.29081412893086783 0.26348950774893892 -0.39473202912385458 -0.63162528931425932 0.22552108502820656 -0.48652731482572548 -0.33511702847300157 -0.26070721642620204 -0.84945014424813103 -0.57074163222076879 -0.37395289004464977 -0.2306158630492039 -0.18546644602485551 0.18446687763842295 -0.53062516933540937 -0.25697803002307901 -0.16636207070861209 0.2234194121395166 0.16650146358989759 0.018417845736698461 -0.28993968267481102 -0.24457236676858765 -0.17765239905242503 -0.096479070744083517 0.20651168411855669 -0.055017518307581226 0.24839861424364448 0.25707012344200841 0.97486960530281075 -0.27831066864658061 0.016563536417856472 0.072632663671884992 -0.78847530342764782 -0.27591432090360785 -0.0036823318910680341 0.31487623286628652 -0.089206874201473357 0.045592549192637652 -0.51983566107789203 -0.20673704507760704 -0.2502489847499722 0.15624000809321514 -0.57156811056480017 -0.66281809477702436
leaf_weight=34903 439 63 2532 1292 533 52 462 694 326 417 420 2066 8625 61 805 624 9241 2062 2699 6039 3260 780 3197 359 990 3777 234 492 1650 515 637 907 4177 3843 1011 104 1717 2128 537 339 655 2482 1126 1206 4214 2302 90 799 2993 1306 59 649 1032 716 1011 1074 1779 160 672 14962 73 115
leaf_count=34903 439 63 2532 1292 533 52 462 694 326 417 420 2066 8625 61 805 624 9241 2062 2699 6039 3260 780 3197 359 990 3777 234 492 1650 515 637 907 4177 3843 1011 104 1717 2128 537 339 655 2482 1126 1206 4214 2302 90 799 2993 1306 59 649 1032 716 1011 1074 1779 160 672 14962 73 115
internal_value=0.00028695 -0.250077 0.108578 -0.144241 -0.0239955 0.136372 0.0944001 -0.214091 0.114245 0.0590016 0.0774274 0.031401 0.0950008 0.0523395 0.00324485 0.0396073 -0.386774 -0.103451 -0.115178 0.16928 -0.300865 -0.242391 0.158461 0.110718 -0.273769 -0.24275 -0.278703 -0.309765 -0.200972 0.129043 0.116248 -0.0396535 -0.423167 -0.182496 -0.336477 -0.531032 0.161017 -0.125203 -0.14284 0.14105 -0.335548 -0.197716 0.316647 0.137088 0.15233 0.115479 0.273936 -0.0637759 -0.0177713 -0.0268495 0.0779458 -0.0503692 0.0254898 0.126803 0.0717357 -0.0662515 -0.382436 -0.58845 -0.0323582 0.149715 0.152706 -0.131647
internal_weight=144484 43625 100859 24588 17480 83379 48476 17592 44057 21987 21006 6996 20094 11798 9266 8461 19037 4419 8221 22070 9371 2357 3936 19283 8677 3840 811 912 5417 15941 4930 2877 15197 5682 1895 884 4293 3767 1970 15426 981 5181 1565 16406 15200 10986 6129 4525 3726 1839 8684 2777 3040 1748 2728 1611 11020 394 3665 15087 15035 739
internal_count=144484 43625 100859 24588 17480 83379 48476 17592 44057 21987 21006 6996 20094 11798 9266 8461 19037 4419 8221 22070 9371 2357 3936 19283 8677 3840 811 912 5417 15941 4930 2877 15197 5682 1895 884 4293 3767 1970 15426 981 5181 1565 16406 15200 10986 6129 4525 3726 1839 8684 2777 3040 1748 2728 1611 11020 394 3665 15087 15035 739
is_linear=0
shrinkage=0.05


Tree=46
num_leaves=63
num_cat=2
split_feature=38 36 119 34 118 74 113 80 120 90 107 123 120 125 56 125 120 111 127 89 78 70 136 127 123 69 114 125 101 87 113 58 77 131 136 133 93 58 110 80 96 74 125 40 126 127 111 124 134 133 101 90 90 80 97 76 125 135 133 125 94 113
split_gain=1.42492e+06 216945 147888 117435 92296.2 76683.6 77335.2 73169.3 60472.7 58199.5 58135.6 50446.3 52713.8 46176.4 40853.2 39253.8 38349.4 38349.3 33360.1 32493.5 31739.3 33435.2 31037 30841.2 30023.1 28742.9 28027.4 27811.2 27803.3 27082.5 25159.5 32232.3 24608.1 24328.8 23493.9 23019.7 22513.9 23641.4 22097.9 21798.6 21784.7 32054.4 21232.8 21236.7 21222.3 21196.4 20741 20547.5 20174.6 20032.5 18967.9 18815.3 22808.2 24922.1 19578.5 18792.4 18750 18542.1 18317.6 18292.1 18207.5 26003.4
threshold=0.35175539995915395 0.64797791994079013 0.0053553851597094009 -0.23831772979431373 0.78067904250566034 0.060835862796133358 0.0094987343136904 -0.20904206878757622 -0.013558340461412648 -0.27889371195060714 0.037774197127948654 0.0027349305364359503 0.23049178784301128 -0.0031320459053919493 2.1734710762402205 -0.0046689318697289489 1.0000000180025095e-35 0.019540700335145753 0.0145934331299427 0.031424529880873957 0.18804351923497062 -0.093452998744512586 0 -0.0010200988249237997 0.0053732511432469507 0.69627951671704691 0.48589677753846217 0.0055113936893648003 0.93299707616124106 0.17812776189667753 0.0028500996541694504 -0.15130516192986773 0.32806982039346277 0.010671433060037901 1 -0.014055033841762448 0.44851713102754653 -0.73764485939852309 -0.18077211569155352 -0.9174322302537159 -0.80416580493485934 -0.17705366130512287 0.0089326516608037015 -0.10363437777410558 0.78632551070673529 0.045378026848643858 0.011053708820839151 -0.1302859734842978 -1.0000000180025095e-35 -0.013445014455720048 0.9378580918897429 -0.86417855119313358 -0.70584907876367498 -0.35621894738850729 0.72555518891317139 0.24719320141109313 -0.0063765606928521991 -0.014445748634158649 0.0029305672528044005 -0.018739631375853497 0.096854002238137518 0.013134106322062402
decision_type=2 2 2 2 2 2 2 2 2 2 2 2 2 2 2 2 2 2 2 2 2 2 1 2 2 2 2 2 2 2 2 2 2 2 1 2 2 2 2 2 2 2 2 2 2 2 2 2 2 2 2 2 2 2 2 2 2 2 2 2 10 2
left_child=2 4 26 11 7 9 19 8 15 13 14 36 22 23 18 59 48 -14 32 -7 21 -21 -13 -5 34 -18 44 -28 46 -11 31 -31 60 -8 -9 -33 42 -38 -35 -39 -24 -42 -4 -44 -1 -46 -25 49 -10 -41 58 -23 54 -54 -53 -43 -20 -6 -17 -2 61 -3
right_child=1 10 3 5 57 6 33 24 16 29 -12 12 17 -15 -16 50 25 -19 56 20 -22 51 40 28 -26 -27 27 -29 -30 30 -32 35 -34 38 -36 -37 37 39 -40 47 41 55 43 -45 45 -47 -48 -49 -50 -51 -52 52 53 -55 -56 -57 -58 -59 -60 -61 -62 -63
leaf_value=0.1869940433941101 -0.85886857628591307 0.024002813595036667 0.2269289809837845 0.13497305766007928 -0.47147708582158199 0.37520552876990204 -0.051687336569081845 0.0011444672901746633 -0.092539592883458324 0.019671742296491219 -0.42866564369130428 0.18458346985337951 -0.073564845343230184 0.13731539656308808 -0.46067986208053474 -0.035378684373596286 0.2370979714786019 -0.52722016571187968 -0.4505639221302451 0.17658183206186873 0.36755045630570599 0.22032971765344533 0.13576470280222439 -0.57815939915096748 -0.34622681112303594 -0.10650947834600039 0.1711401327190874 -0.077365111751418067 0.21494522155401949 -0.079066932419121286 -0.4152740408996265 -0.57527745899691041 -0.29490792313495579 -0.70480629757046698 -0.22818085367587471 -0.19507520684843949 0.17848228648012376 0.3697933458198201 -0.21906391166196371 -0.46511332212248818 -0.43161540719894137 0.23877194115487446 -0.042770359070758858 0.20022144869488581 0.092312314320190325 -0.43006410587488153 0.25584628941064858 0.042671108020241467 0.67169913871885401 -0.037413820123236456 -0.58746183813104158 -0.33914099659048336 0.20791418353623028 -0.14343464387347923 -1.4277227089721329 -0.15386710812121829 -0.26993944410288656 -0.23199201168258907 0.244366953430528 -0.23238591536619638 -0.26135828499241626 -0.28546651242678206
leaf_weight=40981 129 2850 9572 430 1452 1075 954 2509 102 951 9335 3314 1684 2588 2507 1564 2015 644 2002 2633 846 520 1144 732 1731 872 2228 2276 167 2380 1943 734 2645 380 2009 870 3664 385 610 448 631 511 1716 1889 3684 205 83 3185 563 704 115 263 664 2104 49 755 5089 1823 935 1204 1395 891
leaf_count=40981 129 2850 9572 430 1452 1075 954 2509 102 951 9335 3314 1684 2588 2507 1564 2015 644 2002 2633 846 520 1144 732 1731 872 2228 2276 167 2380 1943 734 2645 380 2009 870 3664 385 610 448 631 511 1716 1889 3684 205 83 3185 563 704 115 263 664 2104 49 755 5089 1823 935 1204 1395 891
internal_value=-0.000872277 -0.239131 0.102717 0.0431969 -0.0996316 -0.0477132 0.0515108 -0.0428079 0.0624896 -0.139822 -0.328024 0.106244 0.00448586 0.0118323 -0.273965 -0.0722052 0.212163 -0.199061 -0.242491 0.119073 0.0801773 0.0411724 0.0790502 -0.218161 -0.169168 0.133314 0.164466 0.0455633 -0.372792 -0.228019 -0.267762 -0.19582 -0.171002 -0.231875 -0.101331 -0.369058 0.14722 0.0831775 -0.40551 0.00922656 -0.0364443 -0.140488 0.187978 0.084556 0.176401 0.0647764 -0.493224 -0.0227813 0.554478 -0.203741 0.0403951 -0.0578646 -0.104832 -0.0591515 -0.510104 0.00461516 -0.320935 -0.33817 0.0692881 -0.293013 -0.107192 -0.049704
internal_weight=144333 43737 100596 51222 17023 20976 10098 13748 7499 10878 26714 30246 8683 4000 17379 3947 3552 2328 14872 8154 7079 6233 6355 1412 6249 2887 49374 4504 982 6878 5927 3984 7781 1944 4518 1604 21563 8386 990 4722 3041 1897 13177 3605 44870 3889 815 4337 665 1152 2614 3600 3080 2768 312 1266 7091 3275 2499 1333 5136 3741
internal_count=144333 43737 100596 51222 17023 20976 10098 13748 7499 10878 26714 30246 8683 4000 17379 3947 3552 2328 14872 8154 7079 6233 6355 1412 6249 2887 49374 4504 982 6878 5927 3984 7781 1944 4518 1604 21563 8386 990 4722 3041 1897 13177 3605 44870 3889 815 4337 665 1152 2614 3600 3080 2768 312 1266 7091 3275 2499 1333 5136 3741
cat_boundaries=0 1 2
cat_threshold=6 9
is_linear=0
shrinkage=0.05


Tree=47
num_leaves=63
num_cat=1
split_feature=34 115 119 114 127 111 136 110 80 34 90 107 125 131 135 112 46 89 105 126 119 125 89 101 42 75 127 80 92 68 111 121 106 92 46 123 90 127 82 111 115 121 73 118 135 74 73 113 82 84 91 78 105 113 77 115 34 90 82 115 107 76
split_gain=1.27316e+06 201463 193842 137902 85795.2 83587.4 75054.3 73893.4 64908.6 62037.1 60853 60575.2 58744 47937.6 46274.6 41052.7 40173.4 38552.1 38541.4 38252.6 37098.9 34837.8 31593 29535.7 28672.5 24973.1 24662.8 23834.7 23253.8 24215.7 22695.2 22125.6 22124.2 21992.1 21806.3 21057.8 20707.8 20046.5 19780 18901.4 18763.9 25444.1 18282.3 17704.4 17578.8 17490.8 35725.1 17438.2 17275.7 19131.8 17726.9 17144.2 17048.8 18516.8 16561.5 16135.4 16098.4 15913.8 16430.1 15835 15795.9 15684.5
threshold=0.40424834862296921 0.014350299952027452 0.016687604068413905 0.15064843157130067 0.018402865322702851 0.017553826844579203 0 -0.11666978584609329 -0.49545228403223424 -0.57705999757027215 -1.2243681271590721 -0.0071447960831396489 -0.0036552336821930992 0.0048550694464205508 -0.030546617494114647 0.0023216921805419505 -0.42625513170015167 0.071973366737791353 0.031014781092555701 0.407945194445481 0.024650155368506305 0.010500147550235353 0.47443053146463199 0.40940923165603077 -0.050567211062065097 0.094891764796800712 0.039949533056228205 -0.45268209860541192 0.9046378770193293 0.49238756645599097 -0.0093033407681651983 -0.015437225763074948 0.32279634936632468 0.84081641050295397 0.22047034980306554 0.0019576687715734003 -0.64537094255911709 0.039049636389624207 -0.33041819007831247 -0.010194701580645848 0.0086002356873823519 0.012992178220134402 0.47550848977370669 1.0000000180025095e-35 -0.012613428212198899 -0.11032793490870839 0.64948559603697564 0.0011630377096510502 -0.20105035078893102 0.4927417393112607 0.15612528304334122 0.19550672499856983 -0.019289671927482096 0.023228312181082053 0.12600009354259209 -0.0012808787807890498 -0.20559044657885922 -0.76601767351224692 -0.35351231680874967 -0.010142202299123949 0.0041674391510618013 -0.43429528928429811
decision_type=2 2 2 2 2 2 1 2 2 2 2 2 2 2 2 2 2 2 2 2 2 2 2 2 2 2 2 2 2 2 2 2 2 2 2 2 2 2 8 2 2 2 2 2 2 2 2 2 10 2 2 2 2 2 2 2 2 2 10 2 2 2
left_child=1 4 6 15 13 21 8 9 10 -6 25 54 30 51 -13 -3 -14 34 32 -9 31 -5 43 -12 59 33 56 -24 29 42 55 52 -16 -2 39 -17 -7 -18 -38 -10 -33 -42 -25 -22 -45 -40 -47 -43 50 -50 -41 -1 -15 -54 -4 -11 -21 -23 -59 -8 -57 -31
right_child=2 3 11 5 7 36 24 19 17 12 23 14 16 20 18 35 37 -19 -20 26 22 57 27 28 -26 -27 -28 -29 -30 61 -32 40 -34 -35 -36 -37 38 -39 45 48 41 47 -44 44 -46 46 -48 -49 49 -51 -52 -53 53 -55 -56 60 -58 58 -60 -61 -62 -63
leaf_value=0.1828321897326689 0.48552116009322077 0.20543870902954176 0.64282449373697981 0.04802970875239429 0.1337521323166844 0.35252684310295629 -0.6263820307924689 0.17347569583286859 -0.16571860231133631 -0.87152964431349644 0.64023235557382707 -0.45130158663497294 0.1894154846817587 0.23970979408617588 -0.14023944829141374 0.10781764799326982 -0.12974428967085352 -0.21614621058358063 -0.39155069536293485 0.13826558419783466 0.14057247980298457 0.36162519377388369 0.33369122261092782 0.26304256292725253 -0.012542828979017172 -0.77834318435440464 -0.31462577585704055 -1.0376738073520881 -0.12634369441580059 0.14783110711276531 -0.28602845228960522 0.15833402393275944 -0.29642452434842598 -0.54445234984159474 -0.13612178532994382 -0.16200989670291366 -0.71310923467717469 -0.52645656288059894 -0.40765686599953393 0.79609133946268185 0.10374242141091516 0.096708647762467195 -0.22013875891599943 -0.25503881635337722 0.017091861340882857 -0.21533432855309242 1.4310651322498043 -0.35944598381366349 0.24009627090116978 0.84940188043848586 -0.005044963216803821 0.36540767729958912 -0.048578147123008973 -0.60662696954878903 -0.046066580978258637 0.19387343073465738 -0.11063994341878639 -0.35067265948034865 -0.12227991491453452 -0.27246329439791023 -0.62143325386167858 0.62546984188394117
leaf_weight=34215 110 4839 94 3769 1721 103 341 6594 412 429 444 7230 898 461 3766 1390 1414 3516 6620 1519 1341 146 42 560 1081 204 637 129 452 250 770 21669 5698 98 1254 1507 370 411 2254 76 4072 333 301 944 1598 1066 34 565 447 181 755 1336 1500 165 1214 83 1135 985 3926 4319 209 550
leaf_count=34215 110 4839 94 3769 1721 103 341 6594 412 429 444 7230 898 461 3766 1390 1414 3516 6620 1519 1341 146 42 560 1081 204 637 129 452 250 770 21669 5698 98 1254 1507 370 411 2254 76 4072 333 301 944 1598 1066 34 565 447 181 755 1336 1500 165 1214 83 1135 985 3926 4319 209 550
internal_value=-0.00070508 0.0910355 -0.24072 -0.0499836 0.125187 -0.15166 -0.101275 0.020257 -0.0156706 -0.119202 0.178657 -0.32766 -0.222509 0.149467 -0.346236 0.116318 -0.0843691 -0.102573 -0.299007 0.103989 0.105892 -0.0670363 -0.0357131 0.269521 -0.244118 -0.385269 -0.0352378 -0.700847 0.191624 0.278151 -0.474793 0.125849 -0.234274 0.000245179 0.0252115 -0.0325448 -0.346822 -0.219086 -0.366165 0.133342 0.138237 0.0506149 0.0941255 -0.00642188 -0.0839669 -0.327892 -0.164446 -0.190293 0.217792 0.415708 0.0682238 0.189693 -0.0293765 -0.10388 0.00344088 -0.676386 0.0318196 -0.152795 -0.168089 -0.298362 -0.389685 0.476208
internal_weight=144552 104579 39973 20389 84190 12653 15351 15820 9610 5935 2969 24622 4214 68370 23314 7736 2723 6641 16084 9885 32819 8826 4054 2557 5741 412 3291 171 2113 1661 1491 28765 9464 208 3125 2897 3827 1825 3724 1871 26639 4970 861 3883 2542 3354 1100 898 1459 628 831 35551 2126 1665 1308 721 2654 5057 4911 4660 292 800
internal_count=144552 104579 39973 20389 84190 12653 15351 15820 9610 5935 2969 24622 4214 68370 23314 7736 2723 6641 16084 9885 32819 8826 4054 2557 5741 412 3291 171 2113 1661 1491 28765 9464 208 3125 2897 3827 1825 3724 1871 26639 4970 861 3883 2542 3354 1100 898 1459 628 831 35551 2126 1665 1308 721 2654 5057 4911 4660 292 800
cat_boundaries=0 1
cat_threshold=12
is_linear=0
shrinkage=0.05


Tree=48
num_leaves=63
num_cat=4
split_feature=38 62 119 121 122 74 111 121 126 111 80 56 136 107 119 34 101 58 113 113 135 118 68 136 38 74 74 85 70 127 136 121 136 62 105 123 127 115 74 113 34 71 115 90 111 123 56 73 83 131 95 124 120 87 13 94 99 58 123 113 107 36
split_gain=1.16386e+06 177960 124375 114417 92135.2 83321.3 79668.9 56213.5 55402.5 48025.2 47728.5 58632.4 41319.3 37029.6 34924.8 38877.9 32926.3 31986.9 31160.9 30412.8 29930.4 29849.1 28221.7 28168 26379.7 29775.3 26837.8 41084.8 24804.3 24286.2 24076.4 24006.7 24729.8 23316.8 22385.5 21078.7 20982.2 22184 20746.2 27735.5 20738.5 20389.6 20184.4 27033.9 19776.5 19713.6 19342.7 18428.9 26563.5 18317.3 18305.6 20349 18189.9 18120.5 17447 17413 17292.9 17143.3 17117.4 16741.5 16356.7 15732.1
threshold=0.35175539995915395 0.98155311599936923 0.0098040895439000502 -0.0062397357693323987 0.035872132749218612 0.089324032954472013 0.023753232742879053 -0.018533734935033148 0.41594411982674628 0.0075662858065274506 -0.5391854838354474 -1.2138141425849829 0 0.00118249865158905 -0.010475151023249748 -0.19784601467078583 0.41628898628895522 0.82239821623373477 0.00020999557677245002 0.0060408120570113509 -0.014789008746370699 0.16662547605847586 -0.559160438378416 1 2.0343465396956311 0.089324032954472013 0.13339058876829193 0.5584969194497299 0.35337773268339406 0.022183036067965404 2 0.013998508075783102 3 -0.94065966112237387 -0.0020770251265213994 0.0030908154187063506 0.036576959629113108 0.0086002356873823519 0.052278478186272855 0.0091678205541320511 -0.79520102249118674 0.76030648443935089 -0.0050898013486924991 -0.41396250896812997 -0.0054881011806171996 0.019759094221506904 -0.75075459111613652 0.45483128706981818 0.3005231608025889 0.031820548305781057 0.18147386385865857 0.18480236621183757 -0.15886872852491601 0.16552857108175492 0.025000000000000005 0.096854002238137518 0.88916513877276204 -0.36448845847730288 -0.0017119396583860499 0.013134106322062402 0.020072895612905105 -0.56680860522711807
decision_type=2 2 2 2 2 2 2 2 2 2 2 2 1 2 2 2 2 2 2 2 2 2 2 1 2 2 2 2 2 2 1 2 1 2 2 2 2 2 2 2 2 2 2 2 2 2 2 2 8 2 8 2 2 2 10 8 2 2 2 2 2 2
left_child=2 3 13 9 8 34 7 40 21 12 11 28 17 -1 -15 31 -13 -2 52 46 -14 -4 -10 -8 25 -3 27 56 -7 -23 42 -16 -33 -20 -5 -34 37 44 -17 -40 -6 47 -24 -44 -35 -28 -12 -18 -49 -45 -48 -52 54 -36 -9 -30 -27 -37 -21 -32 -42 -31
right_child=1 24 4 5 6 10 23 18 22 -11 19 16 20 14 15 38 41 -19 33 58 -22 29 30 -25 -26 26 45 -29 55 61 59 32 35 36 53 57 -38 -39 39 -41 60 -43 43 49 -46 -47 50 48 -50 -51 51 -53 -54 -55 -56 -57 -58 -59 -60 -61 -62 -63
leaf_value=0.18192647036278076 0.057256223037633905 -0.37701833673295637 0.18083843846236913 -0.018266561749747934 0.17158721730868509 0.16368614470289239 0.24972833970938724 0.046770179972799836 0.11176234248348736 0.087877921147794053 -0.59281654839714371 0.71160540923907656 -0.47894724912440334 0.18868135720186885 0.13739763257582435 -0.11525989477648751 0.44561952944966488 -0.29812488674544374 0.18709593459766982 0.20286166286610779 -0.25267181780934894 0.085436589322729906 -0.52311139807438378 -0.45658546916982062 -0.47368587814704777 -0.15797311948296033 -0.21056953508510265 1.8424433898925781 -1.0592611971302568 0.17664996787838871 0.1003975362874809 0.21062965655780902 -0.013747593561371382 -0.1363440472396685 0.19859216981444902 -0.64470637487728821 -0.41563959469042672 -0.15059510651187671 0.10877051319541678 -0.25525511058595962 -0.32094265220208945 -0.29033187888562678 0.13066485616182941 -0.18770007346313847 0.091828134361955527 -0.392174927100991 -0.066771854895951818 -0.22738452107550766 0.34513392805230342 -0.66070151742476113 0.2534618181966391 -0.01807947717399604 0.18179569979655719 -0.25803486767923006 -0.41870078112618386 -0.27236860148063519 1.0416659818376814 -0.023918924677101522 -0.2967473335699547 -0.36147791560531428 -0.77565890423065387 -0.30651840355506788
leaf_weight=27946 1181 7768 11090 1551 143 207 153 1017 1775 867 120 449 3217 8687 14063 3361 889 1365 918 199 2678 7229 475 1517 2794 212 5808 35 107 223 1242 584 739 1413 228 329 437 3644 3413 618 573 168 562 962 2896 2012 1970 334 515 260 1546 1246 2889 4614 251 205 35 168 1238 233 302 689
leaf_count=27946 1181 7768 11090 1551 143 207 153 1017 1775 867 120 449 3217 8687 14063 3361 889 1365 918 199 2678 7229 475 1517 2794 212 5808 35 107 223 1242 584 739 1413 228 329 437 3644 3413 618 573 168 562 962 2896 2012 1970 334 515 260 1546 1246 2889 4614 251 205 35 168 1238 233 302 689
internal_value=0.000674837 -0.215297 0.0940002 -0.127788 0.0267765 -0.0449498 -0.0661055 -0.0283989 0.0874202 -0.266498 0.0514563 0.220388 -0.302896 0.139887 0.103129 0.0711986 0.326407 -0.132755 -0.00131375 -0.025377 -0.375517 0.127467 -0.0523773 -0.393114 -0.332016 -0.307074 -0.240014 0.239197 -0.260681 0.0547627 -0.130403 0.115284 -0.0555891 -0.0521453 -0.18358 -0.18161 -0.0783222 -0.0597873 -0.0235258 0.0529611 -0.386652 0.235665 -0.232435 -0.156343 0.0170063 -0.257295 0.0341349 0.286509 0.119903 -0.288339 0.0499337 0.13228 0.112504 -0.236533 -0.0453696 -0.542232 0.0120162 -0.434863 -0.22756 0.0272521 -0.477885 -0.188375
internal_weight=144359 43558 100801 24894 40893 15586 16153 14483 24740 9308 9193 2874 8441 59908 31962 23275 2355 2546 13465 6319 5895 19231 5509 1670 18664 15870 8102 282 519 8141 3734 15883 1820 9308 6393 1236 8390 7953 7392 4031 1018 1906 2259 1784 4309 7820 4882 1738 849 1222 4762 2792 4157 4842 1268 312 247 497 1437 1475 875 912
internal_count=144359 43558 100801 24894 40893 15586 16153 14483 24740 9308 9193 2874 8441 59908 31962 23275 2355 2546 13465 6319 5895 19231 5509 1670 18664 15870 8102 282 519 8141 3734 15883 1820 9308 6393 1236 8390 7953 7392 4031 1018 1906 2259 1784 4309 7820 4882 1738 849 1222 4762 2792 4157 4842 1268 312 247 497 1437 1475 875 912
cat_boundaries=0 1 2 3 4
cat_threshold=8 3 2 3
is_linear=0
shrinkage=0.05


Tree=49
num_leaves=63
num_cat=1
split_feature=36 107 118 107 36 106 125 115 103 118 131 119 106 127 50 107 111 34 131 115 111 125 115 111 125 125 95 135 123 103 107 46 36 123 115 80 106 136 125 113 125 131 127 135 87 135 113 131 103 23 125 115 119 28 111 113 34 40 127 92 119 135
split_gain=1.0551e+06 182718 111963 88346.8 73719.1 59584.1 53011.9 50261.5 47778.7 42892 42178.2 42004.3 41412.8 39769.2 33463.8 33106.3 31621.4 29349.7 27343.1 26556.1 25466.7 34537.6 25450.9 24776.6 24414.4 24323.8 23900.1 23422.8 22859.2 22567.1 22449.4 22109.9 21494.7 24034.4 19945.6 19734.4 19317.2 18707.9 23114.6 19557.9 19485 18378.8 18039.4 17868.4 17767.6 17750.1 19685.6 17623.1 17067.8 15698.9 17737.9 15377.5 14562.1 14338.4 14251.4 14151.9 14103 13740.6 13662.2 13498.5 13038.5 12943.5
threshold=0.31003587756367817 0.021871421183551353 0.3332509521169752 0.025919141179191852 0.85305414510384903 1.0000000180025095e-35 0.018400465494103103 0.019377394462646354 -0.0087359113802039489 0.25628442612943508 0.0046134363979298508 0.029462050292221053 -1.0000000180025095e-35 0.025180624892035156 0.53344348147577791 0.11783959404650311 -0.0032375683537375498 -0.5458089426583177 0.017074761530171106 -0.0038187335790870495 -0.0036415955409899495 -0.0049466322293808497 0.022502021915822106 -0.018918314794375498 0.051578151347766457 -0.011023006973213947 0.53780013682228633 -0.034641335806824249 0.010624204903435802 0.038982766040215056 0.028836088826913103 -0.42075857287965729 -0.4043480916520325 0.022586728059888751 0.018412981600912103 -0.27088590115640637 1.0000000180025095e-35 0 0.015053985692765151 0.0012831829545818002 -0.0093819283160152481 0.022331854086850355 0.028275453108551053 -0.015437725177807697 0.25211083946409057 -0.025683954253876245 -0.0024105036400560993 0.0039850397097730009 0.025816910040380055 -0.45994625128595407 -0.014522223983232949 0.025051968001907756 0.0057387293705130011 -0.5422824795637301 -0.018151323989562398 0.0148288297183872 0.8556879256477764 0.099508705244726561 -0.0036430222079727498 -0.80609931985802386 0.034766575783835553 -0.030546617494114647
decision_type=2 2 2 2 2 2 2 2 2 2 2 2 2 2 2 2 2 2 2 2 2 2 2 2 2 2 10 2 2 2 2 2 2 2 2 2 2 1 2 2 2 2 2 2 2 2 2 2 2 2 2 2 2 2 2 2 2 2 2 2 2 2
left_child=2 4 5 6 8 12 11 13 43 15 36 18 22 28 -14 47 25 -5 48 -11 21 -19 29 -15 41 -12 44 -13 37 54 -25 -22 -20 45 -18 -30 -10 40 -39 -40 -7 61 -23 -2 -6 -34 -47 -3 -4 50 -29 -45 -27 -9 -1 -37 58 -33 -42 -60 -31 -21
right_child=1 9 3 17 26 7 -8 53 10 19 16 27 14 23 -16 -17 34 20 32 24 31 42 -24 30 -26 52 -28 49 35 60 -32 57 33 -35 -36 55 -38 38 39 -41 56 -43 -44 51 -46 46 -48 -49 -50 -51 -52 -53 -54 -55 -56 -57 -58 -59 59 -61 -62 -63
leaf_value=0.0075940895665476404 -0.028898451841741276 -0.071160113228684485 0.15906668512002847 0.019835103006941052 -0.051950410788747604 -0.17133736912603492 -0.18697918229771796 0.21566381260983705 0.16019038140288616 -0.47554729814925889 -0.71450722341905681 -0.4882577343881942 0.23526098995423186 -0.47905850763752 1.054352357084789 0.75211263790235416 0.020387103307520291 -0.72646691528388441 0.10557839460227836 -0.34976959507450589 0.18156420286321695 -0.13023829872980919 -0.11475417471833921 0.042201501811118217 -0.44384346235286554 -0.057362795683129887 -0.33791600432455671 -0.85772844716196972 0.09835504107286093 0.00080857535318887622 -0.34856247081524794 -0.30158698899334457 -0.28158700707054424 -0.79115235031533404 -0.2292925535583632 -0.08926518640786546 -0.055806838813165595 0.1752304835000271 0.14945231081018248 -0.22219423954566098 0.1838608607967569 -0.33738692457680641 -0.57902009161032408 0.25793227950214126 -0.25477584709611811 0.37440098733363858 -0.044855298082860554 -0.25817667484145729 0.020833763952876602 -0.14675873055538194 0.20199622609980661 -0.1957546453959155 -0.31029628852503527 -0.17744718542566898 0.16653520962508947 -0.50760914789934231 -0.73906079531446389 0.0097890600101119083 0.19052854646231934 -0.01412894659082342 -0.76033761044000769 -0.15061755053977585
leaf_weight=1512 1130 1718 11768 1431 2158 800 2170 258 1869 3209 293 367 12042 350 126 91 2415 525 3041 1089 449 910 1007 2006 2849 810 2958 42 1198 1880 450 1234 673 114 1196 771 2320 14992 709 707 2670 5646 297 2001 2161 319 2289 4722 2756 1538 660 206 1913 2298 20977 274 51 497 1089 3097 58 3253
leaf_count=1512 1130 1718 11768 1431 2158 800 2170 258 1869 3209 293 367 12042 350 126 91 2415 525 3041 1089 449 910 1007 2006 2849 810 2958 42 1198 1880 450 1234 673 114 1196 771 2320 14992 709 707 2670 5646 297 2001 2161 319 2289 4722 2756 1538 660 206 1913 2298 20977 274 51 497 1089 3097 58 3253
internal_value=0.000473411 -0.203667 0.0899499 0.0110944 -0.0990938 0.125304 0.0495039 0.0748336 -0.0325969 -0.302928 -0.0836248 0.0712788 0.16788 0.0934664 0.243743 -0.194904 -0.162126 -0.173922 0.0948206 -0.346896 -0.244799 -0.387922 0.131586 -0.0854837 -0.314735 -0.281635 -0.228423 -0.117995 0.112517 0.141741 -0.0293961 -0.131088 0.00903117 -0.077449 -0.0623093 -0.0401601 0.0405643 0.126718 0.156896 -0.0361085 0.0621841 -0.277908 -0.240668 0.132796 -0.153434 -0.052651 0.00642643 -0.208286 0.132836 -0.0573313 0.138594 0.215585 -0.235057 -0.137767 0.155849 -0.198955 0.0893217 -0.212186 0.0954838 0.0391133 -0.0219708 -0.200566
internal_weight=144409 44007 100402 31080 21430 69322 25737 31720 14153 22577 10816 23567 37602 29164 12168 6531 6627 5343 20960 16046 3912 1732 25434 2806 12837 3016 7277 2607 26358 24427 2456 2180 6436 3395 3611 2243 4189 24115 16408 1416 7707 9988 1207 3337 4319 3281 2608 6440 14524 2240 702 2207 2723 2556 22489 1045 6907 1731 6856 4186 1938 4342
internal_count=144409 44007 100402 31080 21430 69322 25737 31720 14153 22577 10816 23567 37602 29164 12168 6531 6627 5343 20960 16046 3912 1732 25434 2806 12837 3016 7277 2607 26358 24427 2456 2180 6436 3395 3611 2243 4189 24115 16408 1416 7707 9988 1207 3337 4319 3281 2608 6440 14524 2240 702 2207 2723 2556 22489 1045 6907 1731 6856 4186 1938 4342
cat_boundaries=0 1
cat_threshold=2
is_linear=0
shrinkage=0.05


Tree=50
num_leaves=63
num_cat=0
split_feature=62 34 107 34 74 113 118 46 126 121 93 135 115 121 74 122 56 125 125 73 69 123 74 40 107 93 101 127 125 79 115 114 74 77 104 121 125 121 79 66 113 115 73 78 70 111 133 78 56 92 105 135 125 135 81 133 89 115 83 89 91 130
split_gain=959630 141514 118568 103221 81085.8 68803 67749.1 48441.1 48652.2 47660.6 43914.4 42444.8 40580.1 49441.7 44149.7 33894.5 31742.5 30266.6 29368 28373 49904 26102.6 25874.5 37189.4 25854.9 25800.1 25564.2 25143 24832.6 24193.4 23991.7 23871.9 23472.5 22655.5 22525.8 24994.5 21895 21815.2 22682.4 27145 20577.3 18916 18704.6 18321.3 18181.5 17807.5 17714.1 20129.7 17711 17042.1 16659.2 16414.9 16349.4 16010.6 15937.2 17463.1 15858 15992.5 15837.6 15720.5 17901.4 15679.5
threshold=0.3716106412169064 0.76886816303644379 0.0023685767057601502 -0.24584090128979971 0.081129666766626765 0.013680478339793252 0.76743424572920482 -0.039308649742164192 0.018169608724532302 -0.00297489292689425 0.42164702338578702 -0.021185652249108549 0.0078741602381413502 0.0076619151431047512 -0.099576420990319145 0.066712235777797654 -0.64471071706684324 -0.0018682310338531997 -0.0080451558914313975 0.64948559603697564 0.71656307240922101 0.010287484081338852 -0.11032793490870839 0.021361033348096106 0.037774197127948654 0.40944178441939261 0.39163060138857314 -0.054788480761146792 -0.012760087452796399 0.17703863282814605 0.020815295107394504 0.45918094269309989 -0.048115556020016888 0.17211507435635803 1.0000000180025095e-35 -0.023955481615686999 0.012942237957757801 -0.014794148441879998 0.4035635964710565 0.53205481839807678 2.6395493519726073e-05 0.0013367992687342001 0.34923644722676078 0.22326198981726708 -0.06538490985600709 0.00012759824128975001 -0.0071137456135075489 0.11056288395734581 -0.060070842652808841 0.58442219147124164 0.011072376786521652 -0.0036593548445282495 -0.014522223983232949 0.059303296170674251 0.14946082600028798 -0.0068214875402532989 0.028089753909822053 0.0099715334049657513 0.42073453514281856 0.1064625343476553 0.21777098262681913 1.0000000180025095e-35
decision_type=2 2 2 2 2 2 2 2 2 2 2 2 2 2 2 2 2 2 2 2 2 2 2 2 2 2 2 2 2 2 2 2 2 2 2 2 2 2 2 2 2 2 2 2 2 2 2 2 2 2 2 2 2 2 2 2 2 2 8 2 2 2
left_child=2 4 31 12 22 11 7 8 34 17 24 44 21 -14 16 25 -15 42 41 26 -21 -4 -2 27 50 56 48 32 -28 -7 -30 43 -24 -18 -5 -36 -33 38 -23 -40 -35 -8 -10 61 -6 -46 53 49 -13 -48 -3 -19 -11 -29 -44 -56 -9 -58 -42 60 -54 -1
right_child=1 10 3 6 5 29 18 15 9 52 -12 19 13 14 -16 -17 33 51 -20 20 -22 37 23 -25 -26 -27 28 46 30 -31 -32 36 -34 40 35 -37 -38 -39 39 -41 58 -43 54 -45 45 -47 47 -49 -50 -51 -52 -53 59 -55 55 -57 57 -59 -60 -61 -62 -63
leaf_value=0.17286920788168977 -0.34122043041179834 -0.085715070805882906 0.14704723003489725 0.22468816950716866 0.46082113847013351 0.56554759842685509 -0.7936760283116665 0.38424079662407506 0.32216796069608433 -0.4715366681994394 -0.35994373659860446 0.60450505970397617 0.094447666984514664 0.18079775014956451 0.066545889656886126 -0.23596356547545616 0.013962956340003172 -0.18709356811291844 -0.18522624093438667 0.08595264048005144 2.6855360221862794 0.044315300533934586 1.9076034665107728 -0.26080298286152853 -0.34356217909314657 -0.16975596754675898 -0.39708262803070099 -0.20903839702104512 0.16856812719644279 -0.33109560596258203 -0.12514261175186664 0.10027839913787895 0.0070755148701595535 -0.01265343913877452 -0.74752320498988345 0.065599313734785211 -0.14201359723640486 0.048119480434995733 -1.1742438039441747 -0.14644552771288616 -0.69816574464328118 -0.15874064036206098 0.66859942078590395 0.32838517895289537 -0.27908132289987714 0.055889741772878435 0.26171144602402624 -0.18863209403663531 0.00017991939713880861 -0.24837975627577247 -0.23173159902586488 0.13195482263294589 -0.092890534188496188 0.78173156834784008 -0.61716694509256798 -0.24171289209907074 0.14507673075484964 -0.10308296594960836 -0.35663576410814224 0.23592156154284982 0.23331567403681347 0.10773993729860042
leaf_weight=23596 2557 3255 20081 3781 121 79 360 349 92 129 11208 429 6957 348 1780 3115 380 926 3090 48 30 212 32 3843 3073 1867 251 1399 3722 1577 855 3485 33 270 98 2653 1273 1642 127 130 553 174 33 1450 1242 583 970 562 169 197 4885 714 1312 42 674 573 1345 1255 879 1313 619 15190
leaf_count=23596 2557 3255 20081 3781 121 79 360 349 92 129 11208 429 6957 348 1780 3115 380 926 3090 48 30 212 32 3843 3073 1867 251 1399 3722 1577 855 3485 33 270 98 2653 1273 1642 127 130 553 174 33 1450 1242 583 970 562 169 197 4885 714 1312 42 674 573 1345 1255 879 1313 619 15190
internal_value=-0.00117814 -0.205193 0.0804912 0.0331323 -0.103789 0.00319189 -0.0448589 -0.0101733 0.0495478 -0.0486006 -0.289953 0.0679899 0.0903462 0.0126052 -0.122639 -0.107439 -0.261219 -0.193161 -0.244397 0.138954 1.08579 0.129465 -0.204897 -0.155649 -0.219993 -0.0243096 0.125343 -0.0307317 0.087147 -0.288321 0.113702 0.141362 0.94272 -0.3351 0.145487 0.0366331 0.0354533 -0.037783 -0.338533 -0.654346 -0.413035 -0.586787 -0.36645 0.153886 -0.132721 -0.172074 -0.0506921 0.0572111 0.433718 0.175604 -0.173343 -0.0481908 0.0804882 -0.180161 -0.415944 -0.444645 0.0677718 0.025292 -0.488525 0.10244 0.0116779 0.147362
internal_weight=143987 41162 102825 57831 18741 9106 24472 20848 12917 6385 22421 7450 33359 11167 4210 7931 2430 3012 3624 5504 78 22192 9635 7078 11213 4816 5426 3235 4828 1656 4577 44994 65 2082 6532 2751 4758 2111 469 257 1702 534 1372 40236 1946 1825 3170 1729 598 1167 8140 1640 3373 1441 1280 1247 2949 2600 1432 3244 1931 38786
internal_count=143987 41162 102825 57831 18741 9106 24472 20848 12917 6385 22421 7450 33359 11167 4210 7931 2430 3012 3624 5504 78 22192 9635 7078 11213 4816 5426 3235 4828 1656 4577 44994 65 2082 6532 2751 4758 2111 469 257 1702 534 1372 40236 1946 1825 3170 1729 598 1167 8140 1640 3373 1441 1280 1247 2949 2600 1432 3244 1931 38786
is_linear=0
shrinkage=0.05


Tree=51
num_leaves=63
num_cat=2
split_feature=34 56 106 119 111 74 107 106 123 119 50 127 131 78 113 115 113 115 127 107 74 78 107 131 127 121 90 111 111 34 133 127 113 111 136 77 135 94 103 136 95 115 70 103 85 113 90 90 84 135 100 56 38 105 135 103 74 94 113 95 121 131
split_gain=885669 207457 103755 117129 79324.1 66497.5 63191 62744.8 44523.6 42944.5 41291.4 40193.5 36733.1 34449.4 35042.3 32771.6 39432.8 30287.5 28978.7 28206.8 27832.8 27573.9 25906.6 25895.4 24639.6 23590.7 22469.8 21540.8 20178 19684 25360.2 20138.2 19543.9 23085.9 31706.8 19417.4 18930.2 18914.9 18683.9 18525.4 18288.4 27655.8 17803.5 16690.8 16601.5 16594.3 16522.4 18617.8 16426.6 16392.9 16178.2 17191.7 14950.5 14847.4 14699 14527.4 16174 15309.6 14437.8 14289.3 14186.7 14183.7
threshold=0.55501900256096082 0.860438344678918 1.0000000180025095e-35 0.026758574191973351 -0.008462091135036447 0.096743125747934158 0.033229508425427705 -1.0000000180025095e-35 0.014905951499548951 0.0030405826887588503 0.54744774660566298 0.032550310209916854 0.0072101552760419014 -0.94599123347823422 0.0175827552375287 0.0099715334049657513 0.00049577169652070005 0.022502021915822106 0.018992213622036954 -0.0035175072289172996 -0.11032793490870839 0.23103857980557099 0.030961920885577202 0.00054697264135750016 0.044151138351606105 0.014742669539819403 -0.84350258738054429 -0.0013430609564564499 -0.0096478119229755476 -0.041862633159150044 -0.010068178422308649 -0.0062374786097459493 0.0012556716540364501 0.014786911227574853 0 0.64127766388272134 -0.0087836929668886482 1.0000000180025095e-35 0.0039976983171912004 1 0.09957034356018056 0.037913420735619506 1.3266616426407978 0.035614593415522554 0.38587133271496882 0.016841313751626102 -1.2243681271590721 -0.18307091939528483 -0.24212353467007994 -0.030074345420084348 0.86262415708759066 -0.41620235593471805 0.36376664205574155 -0.0014666290360621497 0.0031224006949097508 0.029768095866418254 0.12576368127547102 -0.10635538184257153 0.016103063045761454 0.24548068789139246 -0.036583476603224495 0.0048550694464205508
decision_type=2 2 2 2 2 2 2 2 2 2 2 2 2 2 2 2 2 2 2 2 2 2 2 2 2 2 2 2 2 2 2 2 2 2 1 2 2 8 2 1 8 2 2 2 2 2 2 2 2 2 2 2 2 2 2 2 2 8 2 10 2 2
left_child=1 2 7 6 23 37 8 11 15 46 52 17 -5 -10 60 21 -17 22 53 -11 -3 24 26 54 29 50 -1 58 -14 -4 31 -31 39 -34 -35 42 -20 44 -30 -28 41 -22 55 -25 -6 -33 -7 -48 -27 -24 51 -18 -9 -8 -2 56 -21 -58 -13 -53 -15 -32
right_child=4 20 3 12 5 9 18 10 13 19 -12 27 28 14 -16 16 25 -19 36 35 40 -23 49 43 -26 48 32 -29 38 30 61 45 33 34 -36 -37 -38 -39 -40 -41 -42 -43 -44 -45 -46 -47 47 -49 -50 -51 -52 59 -54 -55 -56 -57 57 -59 -60 -61 -62 -63
leaf_value=0.24094024745995687 -0.24345129925849751 -0.33823723473232326 0.14184583660815975 -0.027424057575574996 0.1187628104790764 -0.49376656479625541 0.090186318385718181 0.21357995905132113 0.20511461945093648 0.095997267839707495 1.0866631008897509 -0.19619198770511634 -0.45447293593420857 -1.0120325294137 -0.54799945831081576 0.13994955308169174 0.12843815496763741 -0.11601254917027443 -0.52941653774450381 0.97166620459821496 0.084942047685792998 0.36595806953337817 -0.40985999618546221 -0.29994490684795777 -0.27099226163655232 -0.42480448327944986 0.084463285196573756 0.070114490374800928 -0.040207502079380827 0.17983923549866043 0.22140852801962696 -0.11706404506342008 0.093890999452917831 0.21540626191532133 -0.28575716601195239 0.95796597129420236 -0.11439495622894719 -0.31849729535164445 -0.31746874990991736 0.18788266410287688 -0.149340762545248 1.637630876266595 -0.34856855842832629 -0.42361118532714132 -0.22402697402701977 -1.0042272233024792 0.23572363352396819 -0.069959258211594585 -0.038255367905493984 0.0042182696964595742 0.34515097679827234 -0.066836722731041895 0.54330531570870999 -0.12092502384276289 0.041313923466324558 -0.23684436282396437 0.69314907974884166 -0.10507398467068892 -0.77829220437703017 -0.44703517720712604 -0.056187205951830847 0.034189247073112376
leaf_weight=4292 1901 2290 20889 2613 477 110 1323 11919 617 1147 140 1016 1082 40 583 3849 1126 1359 589 36 219 1110 286 6264 414 685 6892 902 1085 638 1975 2206 10124 463 949 38 515 5971 1381 11919 4540 33 1242 4834 1361 54 1495 747 459 1455 290 3040 354 2248 595 2497 61 3939 119 269 1315 2074
leaf_count=4292 1901 2290 20889 2613 477 110 1323 11919 617 1147 140 1016 1082 40 583 3849 1126 1359 589 36 219 1110 286 6264 414 685 6892 902 1085 638 1975 2206 10124 463 949 38 515 5971 1381 11919 4540 33 1242 4834 1361 54 1495 747 459 1455 290 3040 354 2248 595 2497 61 3939 119 269 1315 2074
internal_value=6.1984e-05 0.0670518 0.0847741 0.0351233 -0.228746 -0.163098 0.0623722 0.134691 0.0819445 -0.0856261 0.23283 0.104065 -0.169688 -0.120272 -0.223865 0.0951659 0.0155788 0.115742 -0.111928 -0.13554 -0.19485 0.121509 0.124399 -0.321084 0.111904 -0.0659859 0.133859 -0.112275 -0.274461 0.117599 0.0446893 -0.0682312 0.118714 0.0674756 -0.121922 -0.169531 -0.335815 -0.275323 -0.195478 0.150137 -0.126328 0.28827 -0.175041 -0.353811 -0.135066 -0.138262 0.104521 0.133875 -0.269712 -0.0638038 -0.0166605 -0.040319 0.22309 -0.0427116 -0.175569 -0.142052 -0.0834054 -0.0929011 -0.257223 -0.0977444 -0.084404 0.12551
internal_weight=144455 111740 104658 52469 32715 19121 46308 52189 41633 11312 12413 39776 6161 2555 1938 39078 9718 37739 4675 8960 7082 29360 36380 13594 28250 5869 34639 2037 3548 27836 6947 2898 30347 11536 1412 7813 1104 7809 2466 18811 4792 252 7775 11098 1838 2260 2352 2242 1144 1741 4725 4435 12273 3571 2496 6533 4036 4000 1135 3309 1355 4049
internal_count=144455 111740 104658 52469 32715 19121 46308 52189 41633 11312 12413 39776 6161 2555 1938 39078 9718 37739 4675 8960 7082 29360 36380 13594 28250 5869 34639 2037 3548 27836 6947 2898 30347 11536 1412 7813 1104 7809 2466 18811 4792 252 7775 11098 1838 2260 2352 2242 1144 1741 4725 4435 12273 3571 2496 6533 4036 4000 1135 3309 1355 4049
cat_boundaries=0 1 2
cat_threshold=3 2
is_linear=0
shrinkage=0.05


Tree=52
num_leaves=63
num_cat=0
split_feature=34 115 107 124 121 111 126 115 107 78 94 112 103 85 74 58 123 124 79 56 77 103 117 133 119 127 120 123 119 96 74 11 125 131 103 94 90 127 121 127 96 125 74 74 81 101 93 72 81 34 131 78 120 46 99 48 71 45 77 90 74 40
split_gain=785379 139633 123015 113441 72028.9 61492.1 59488 59050.3 50800.4 46239.1 43996.2 37281.5 36662.6 35433.3 35023.1 34152.7 32583.9 30627.2 28200.3 26789.8 27054.6 26224 26181.8 26126.9 25644.7 24815.7 23695.5 34227.1 23400.7 24797.6 22345 27756.4 21263.7 20608.5 20600.6 19207.9 18029.2 18314.4 17715.4 17130.9 15920.8 15782.2 15614.1 22946.6 17689.6 17108.4 19333.3 17750.7 15170.1 14886.9 14967.4 14578.4 14542.7 14209.9 17544.7 16239.7 14628.6 15901 14007.8 13958.8 16524 26928.8
threshold=0.40424834862296921 0.014350299952027452 0.022955559646794303 0.26289592297837244 -0.0077525576601983493 -0.0050736669903003488 0.29603913674234267 0.022046459920346356 0.028836088826913103 0.20498090808500571 0.028663172195555555 0.028200628961544402 0.024801462978601457 0.35488563177615584 -0.11032793490870839 0.79462051510409704 0.024881822353065856 -0.28245401233705231 0.20361077035020939 -0.65247883981396904 0.17537362247541488 0.0039976983171912004 0.051917102703678462 -0.0056799291552370491 0.017103355182558056 0.032550310209916854 -0.0072428030796181991 0.029168186707948053 -0.0039088081601687487 -0.057894394360611896 0.19192224533151128 8139.5650000000014 0.00033585309487340004 0.0051223196909515505 0.038008634292450605 -0.087004827776535246 -0.96765420502389687 0.028759203872877805 0.023488999473333955 0.0021406591978629006 -0.70178221459785972 -0.0058913958803108986 0.089324032954472013 -0.019313810594581895 0.34437660339276005 0.70996026380757382 0.40010306844927851 0.017049680890618753 0.24034634104770611 -0.48446500517029795 0.0037798500315100506 -0.12745249794605315 0.53147318289610401 0.38273239442777202 0.57688599550685671 0.20974272477891998 0.62107998540799114 0.049311490974432756 0.12769080511148809 -1.2243681271590721 0.096743125747934158 0.14694424286628197
decision_type=2 2 2 2 2 2 2 2 2 2 10 2 2 2 2 2 2 2 2 2 2 2 10 2 2 2 2 2 2 2 2 2 2 2 2 8 2 2 2 2 2 2 2 2 2 2 2 2 2 2 2 2 2 2 2 10 2 2 2 2 2 2
left_child=1 4 5 11 6 12 17 10 16 15 23 -3 33 35 19 21 25 24 42 -5 -21 -6 -11 30 -1 -8 27 39 -23 36 51 -32 -13 -2 -15 -4 -30 -38 -34 -19 -10 -31 43 44 -16 47 -47 -44 -17 -41 -51 -7 -46 55 56 -45 -55 -58 -24 -12 -61 -62
right_child=2 3 13 14 9 7 8 -9 40 22 59 32 -14 34 18 48 -18 26 -20 20 -22 28 58 -25 -26 -27 -28 -29 29 41 31 -33 38 -35 -36 -37 37 -39 -40 49 -42 -43 45 53 52 46 -48 -49 -50 50 -52 -53 -54 54 -56 -57 57 -59 -60 60 61 -63
leaf_value=-0.016313154729005189 0.03245317181250109 0.12560986793948251 0.4174115949441623 0.24943448795449169 0.1532140084700791 -0.81884597376601342 0.028404804655666128 -0.22335740721274241 0.050346771172351312 0.39668357880075034 -0.5690416814386845 0.16452861474189351 -0.30586950056204004 -0.26360196704312644 0.070087860510637381 -0.32543646501317142 -0.54155614868279489 0.1416567121123162 -0.33015097360613765 0.15869402018587853 -0.37298066411108088 0.15924534334492713 0.71774379942152233 0.21704472726712409 -0.50598705680656042 -0.2898516998940206 0.17308977597864214 -0.65281748155111008 0.29168519897348422 -0.29187405459007404 0.27861893613268313 -0.25981219478238088 -0.072825130660313112 -0.18322275462040105 -0.37974169760129234 -0.16173797600121975 0.085646286995548535 -0.11690406023849079 -0.40677004328864658 0.1142850764848292 -0.51770621839520892 -0.013087520944256942 0.22371201694714224 -0.25683575304500439 0.19887149891545697 0.28095397404931788 1.5029044032096863 -0.24470914005040389 0.09337427901126534 0.045015943874782693 -0.25962792969808313 -0.093655229018924882 1.7431164664030074 -0.26176719594569436 -0.14094908400483416 -0.90537294133983814 1.7976203099886576 0.32423122373033081 -0.36318499716050801 -0.25644640081989906 0.81953048690532659 -0.048677271769662474
leaf_weight=1015 1760 7435 149 210 32589 73 4273 2765 144 2135 170 818 4216 9823 691 620 315 2661 1043 259 3141 8248 36 3120 363 715 5974 178 980 628 1028 312 2756 2988 6246 3656 15433 1203 464 1000 860 2649 403 575 31 321 36 406 332 701 949 1368 30 42 1563 116 30 47 179 984 96 1282
leaf_count=1015 1760 7435 149 210 32589 73 4273 2765 144 2135 170 818 4216 9823 691 620 315 2661 1043 259 3141 8248 36 3120 363 715 5974 178 980 628 1028 312 2756 2988 6246 3656 15433 1203 464 1000 860 2649 403 575 31 321 36 406 332 701 949 1368 30 42 1563 116 30 47 179 984 96 1282
internal_value=0.000345201 0.0724297 -0.187981 -0.0448744 0.100881 -0.100965 0.015645 -0.022839 -0.110106 0.125977 0.0429067 0.0591865 -0.198561 -0.276258 -0.178359 0.117814 -0.0483614 0.077409 -0.0969624 -0.298629 -0.33248 0.122397 0.343723 0.117716 -0.145306 -0.0172154 0.104182 0.0291859 0.087934 0.0597822 0.00627931 0.153253 -0.0631161 -0.103275 -0.308745 -0.139059 0.0832763 0.0709993 -0.120946 0.0520435 -0.436232 -0.0665138 -0.040282 -0.0985423 0.14214 0.115862 0.404176 -0.0113671 -0.179381 -0.0379418 -0.1302 -0.130393 0.958336 -0.174814 -0.0963913 -0.365707 0.488851 0.898279 -0.182192 -0.131441 -0.0999461 0.0118074
internal_weight=144633 104597 40036 20417 84180 20162 19148 11198 6307 65032 8433 11473 8964 19874 8944 62682 5303 12841 5334 3610 3400 61730 2350 5901 1378 4988 11463 5489 29141 20893 2781 1340 4038 4748 16069 3805 17616 16636 3220 5311 1004 3277 4291 3125 752 1166 357 809 952 2650 1650 1441 61 2373 1682 691 119 77 215 2532 2362 1378
internal_count=144633 104597 40036 20417 84180 20162 19148 11198 6307 65032 8433 11473 8964 19874 8944 62682 5303 12841 5334 3610 3400 61730 2350 5901 1378 4988 11463 5489 29141 20893 2781 1340 4038 4748 16069 3805 17616 16636 3220 5311 1004 3277 4291 3125 752 1166 357 809 952 2650 1650 1441 61 2373 1682 691 119 77 215 2532 2362 1378
is_linear=0
shrinkage=0.05


Tree=53
num_leaves=63
num_cat=1
split_feature=34 56 106 119 107 107 106 125 125 87 50 125 121 123 113 119 123 90 34 94 103 125 90 105 105 107 131 74 90 95 75 46 90 73 103 103 68 123 125 125 113 120 98 136 77 95 133 121 72 97 100 119 75 90 133 123 135 125 125 92 65 79
split_gain=720974 170735 93651.4 104209 71763.7 54021.4 53018.3 39255.4 38805.1 38549.5 35792.2 34560.1 33850 31986.1 31253.8 30968.4 30479.2 27305.1 27290.4 25428.2 25181.3 24574.9 24535.3 23939 23683.5 23667.2 29391.7 21634.3 21570.3 21543.7 40923.4 20380 24662.7 18979.6 18476.7 17876.9 17721.8 17276.7 37183.1 19743.4 19627.6 17747.7 17019.8 16227.7 16202.6 17509.1 16183.6 16038.3 16912.3 15960.2 15883.7 15715.7 15259.4 14680.1 14305.4 14076.1 15436.8 13858.7 13444.5 13434.7 13218.8 13135.8
threshold=0.56704755093187165 0.860438344678918 1.0000000180025095e-35 0.025536451303549954 0.022692754447084806 0.033229508425427705 -1.0000000180025095e-35 0.024028863317292353 -0.014522223983232949 0.1890067592683343 0.39043050499094301 0.020785232551952654 -0.013940001778162297 0.0094136815544532005 0.015463652121781952 0.033832163533869856 0.027704550098994401 -0.85441836823316863 -0.31493770985119396 0.008331073838326852 0.017497843249574752 -0.0054085860118689493 -0.81282470166538678 0.03893823475409481 0.0054665674389108515 -0.0032506451729242994 0.017460765841698905 -0.11032793490870839 -0.081241541972539785 0.099265763718592664 0.078858174592202165 -0.48091969622090552 -1.2243681271590721 0.4304996193671306 0.032104749259158759 0.015502107802050103 -0.75543784972629657 0.0011097101644606002 0.0071429703046351012 -0.0068780274543425992 0.00076248903128725012 0.37477183720333679 -0.088021279948704331 0 0.2596963334562325 0.15661751543467892 -0.051547648036375043 -0.0016974016491786998 0.62193294416575362 0.70289889485177703 -0.623660734191546 0.049202948908975509 0.082186231026528764 -0.5428762001386116 -0.017263415872654748 0.017431290597954351 -0.019791274830679446 -0.0048072517685160488 -0.013146045974934299 0.13487298798472522 0.85241284723045629 0.045578586102582856
decision_type=2 2 2 2 2 2 2 2 2 2 2 2 2 2 2 2 2 2 2 8 2 2 2 2 2 2 2 2 2 8 2 2 2 2 2 2 2 2 2 2 2 2 2 1 2 8 2 2 2 2 2 2 2 2 2 2 2 2 2 2 2 2
left_child=1 2 6 5 9 7 11 12 -5 13 -8 15 16 28 24 25 54 42 -7 31 44 -20 60 37 51 -1 -27 -3 49 30 -29 32 -11 -34 -17 46 -31 39 50 43 -40 -42 -14 -19 45 -6 -26 48 -15 -2 -39 -10 -44 -51 -4 -28 -57 -33 -22 -45 -23 -38
right_child=4 27 3 8 20 18 10 -9 14 19 -12 -13 17 47 -16 34 -18 23 21 -21 58 22 -24 -25 35 26 55 29 -30 36 -32 57 33 -35 -36 -37 61 38 40 -41 41 -43 52 59 -46 -47 -48 -49 -50 53 -52 -53 -54 -55 -56 56 -58 -59 -60 -61 -62 -63
leaf_value=0.16025448514131613 0.24667376176568109 -0.30045093364123754 -0.16465481203501445 -0.61935594310231801 0.40693202842006371 0.031470243925475039 0.20004630080783331 -0.27932921950191664 0.058208779478940834 -0.77973535932374727 0.70532851939056063 -0.16350786128381811 0.15482740594705802 -0.85206293450529069 -0.45788266979009179 -0.049115451254597133 -0.61239580567926177 -0.1518391210539754 -0.51761024910816045 -0.2243824450042006 -0.43987346278909745 0.60989739562934031 -0.19440717400544041 -0.054764069443104191 -0.63512007440403695 0.11800174021670214 0.007445169739876409 0.093774691224098206 -0.11914934095436676 0.8174122529725234 2.0481571898345026 -0.39338677944195172 0.58905815983701859 0.062033438187207905 -0.55615970306628126 -0.32965566720702549 0.056972087463280099 -0.32765094226019253 0.12490875858594391 0.15070989182132355 -0.054816646779923199 -0.31511582824722179 0.4799056975580005 0.22926322991649395 -0.24489219920752384 -0.11359003026657949 -0.053400049184114541 0.071695670033258205 -0.23599508189798699 -0.71553547882485669 0.12552660972247937 -0.53284360958673693 0.033468414727048798 0.18120161872357132 0.050789370668778401 -0.8715475135661187 -0.10760171078813718 -0.081703008945141736 -0.29378087175086443 -0.090828673736309151 -0.29774958187783207 -0.1831981482120798
leaf_weight=15630 1675 2324 1195 416 181 2019 12024 766 2398 66 361 1240 2878 147 623 1210 237 1041 530 7481 1860 156 1812 2946 127 14970 6210 197 752 48 31 421 248 549 211 1175 666 198 1105 14318 2808 854 888 870 3679 1504 2041 281 460 87 8242 118 244 96 2169 94 223 2333 10271 526 54 3922
leaf_count=15630 1675 2324 1195 416 181 2019 12024 766 2398 66 361 1240 2878 147 623 1210 237 1041 530 7481 1860 156 1812 2946 127 14970 6210 197 752 48 31 421 248 549 211 1175 666 198 1105 14318 2808 854 888 870 3679 1504 2041 281 460 87 8242 118 244 96 2169 94 223 2333 10271 526 54 3922
internal_value=0.000970474 0.0607838 0.0769333 0.029957 -0.207997 0.0572128 0.124433 0.0752706 -0.151232 -0.126137 0.214774 0.0963117 0.0819742 0.0185985 -0.121189 0.104669 -0.0643538 0.0962471 -0.105884 -0.171757 -0.276292 -0.214551 -0.135114 0.0812366 -0.0853876 0.113437 0.0793971 -0.174959 0.10679 -0.114999 0.359502 -0.0629109 0.149108 0.226026 -0.124405 -0.172598 -0.138336 0.0946088 0.0518441 0.128318 -0.0597881 -0.11552 0.21943 -0.0032416 -0.186082 -0.0576764 -0.0874768 -0.240613 -0.385191 0.198236 0.114895 0.0304885 0.383677 -0.245116 -0.0257433 -0.0091445 -0.334135 -0.12935 -0.316181 0.107883 0.376502 -0.148335
internal_weight=144206 112115 104927 52754 32091 45856 52173 41285 6898 14596 12385 39788 40519 3498 6482 38548 3601 36918 4571 11098 17495 2552 2022 32908 5859 37127 21497 7188 2610 4864 228 3617 863 797 1421 3343 4636 29962 13207 16755 4767 3662 4010 2437 5364 1685 2168 888 607 1858 8440 2516 1132 183 3364 6527 317 2754 12131 1396 210 4588
internal_count=144206 112115 104927 52754 32091 45856 52173 41285 6898 14596 12385 39788 40519 3498 6482 38548 3601 36918 4571 11098 17495 2552 2022 32908 5859 37127 21497 7188 2610 4864 228 3617 863 797 1421 3343 4636 29962 13207 16755 4767 3662 4010 2437 5364 1685 2168 888 607 1858 8440 2516 1132 183 3364 6527 317 2754 12131 1396 210 4588
cat_boundaries=0 1
cat_threshold=2
is_linear=0
shrinkage=0.05


Tree=54
num_leaves=63
num_cat=1
split_feature=36 119 103 125 111 119 36 90 93 113 125 127 90 103 90 90 103 136 115 125 121 114 133 115 123 95 111 86 103 123 78 87 56 124 96 68 90 41 45 92 87 127 135 111 124 125 78 88 77 125 85 46 38 123 46 52 68 125 87 123 97 81
split_gain=649808 135100 79727.9 68551.6 71398.9 63988.6 58168.2 49922 42206.9 39393.2 36721.7 32955.9 29468.6 29446.7 29025.2 28721.4 25768.4 24304.3 23773 34954.3 22345.6 21660.8 21224.1 20045.5 19248.2 18877.1 18842.9 18840.8 18713.3 18657.6 18506.2 18232.4 17823.9 17186.9 16879 16878.6 20309.9 16549.1 16339.1 16290.3 16223 15872.3 15801.8 15614.5 16040.5 15591.8 15272.6 15263.8 15389.2 14895 14893.7 14337.3 14747.9 17005.2 14320.7 13816.5 13652.4 14421.8 13221 13641.7 13133.7 13007.6
threshold=0.27011559419265879 0.026432172017346704 0.0039976983171912004 0.022290725617511806 -0.0050736669903003488 0.0024555333313879507 -0.43468498025711561 -0.84350258738054429 0.39315708618600814 0.0017367073584971502 -0.0068780274543425992 0.015346263394670901 -1.2243681271590721 0.0034501029614930003 -0.8758218124737478 -0.6823344505174328 0.0094877109826310025 0 0.010270258858101202 0.0083486300770848516 0.012992178220134402 0.01158006710684095 -0.012236017595059748 0.022502021915822106 0.027704550098994401 0.16043023636101486 -0.010751370189098447 -0.3306420942944101 -0.051511860594232295 0.0037971387014482006 0.091493450711881655 0.18810724653373898 -0.62326290895530079 -0.098159998997711537 -0.042014792194151794 0.092083487180973117 -0.41396250896812997 0.10253383730108172 0.071233682126631157 0.61698548035132605 0.21947095747110154 -0.0034352568644892495 -0.028723272419269748 -0.013895505140301799 -0.11767705591330169 -0.010725385231536348 0.24101655448153333 0.040133648592221904 0.24894011350011733 -0.008914729865038799 0.43220118238004773 -0.12601510801112586 -0.25279671691448724 0.0019971422705509002 -0.39204131211248056 0.15320826217613207 -0.47438459107187353 -0.0052469663356599491 0.30730132812307281 0.0011799414772843502 0.48431678186570687 0.24963044604546039
decision_type=2 2 2 2 2 2 2 2 2 2 2 2 2 2 2 2 2 1 2 2 2 2 2 2 2 10 2 2 2 2 2 2 2 2 2 2 2 2 2 2 2 2 2 2 2 2 2 2 2 2 2 2 2 2 2 2 2 2 2 2 2 2
left_child=2 3 18 4 10 51 29 49 9 15 33 24 31 28 17 25 -12 60 30 -20 27 -21 41 -24 46 -9 -13 -11 -3 -7 43 -6 -23 -2 -19 36 -18 39 -27 61 -29 -16 -15 44 56 -43 -10 48 -38 50 -8 -4 -53 -54 -5 -28 -1 -58 59 -34 -14 -17
right_child=1 13 5 54 12 6 7 8 11 20 16 26 14 42 22 37 35 34 19 21 -22 32 23 -25 -26 38 55 40 -30 -31 -32 -33 58 -35 -36 -37 47 -39 -40 -41 -42 45 -44 -45 -46 -47 -48 -49 -50 -51 -52 52 53 -55 -56 -57 57 -59 -60 -61 -62 -63
leaf_value=0.054758732021094984 -0.45793569145930263 0.51947928316125247 0.12769522212017387 0.36330742580496306 0.041944158025038474 0.095205330872932536 0.159761803123084 -0.018557690560598583 -0.10385515798045242 -0.3144844952154216 0.014885317174077761 -0.4723673053658371 0.6823134298297493 -0.3549910117698043 0.10879563197388858 0.27232315864342715 0.56797826443887822 0.46896098022356292 0.13677692004074238 0.1155051846373181 -0.31322119765199585 0.2606655954128238 0.11186869553844284 -0.15118082315847725 -0.57044765435514 -0.31167224105447533 -0.29386906357975495 0.15099807695447476 -0.15072406905362445 -0.052339076194161685 0.28950902259426242 -0.64715907790845162 0.068315124173924255 -0.15634542984027369 -0.18037829275972228 -0.21603462706418106 0.29958910438858094 -0.11015037592009369 -1.4552988867290686 -0.25957795836101399 -0.18754842709575534 -0.52604605640316826 -0.24854093552970263 0.14446868990399347 0.099511905451606458 -0.097515610986163404 0.29049530275080399 0.39722580023585485 -0.64323376538169474 0.26098710031525663 -0.49160350432893751 0.090905729703156038 0.043535966370759606 -0.24284159463527122 -0.24324675734953446 0.012041088182347462 -0.60101868128776559 -0.0873583436622445 -0.31602599263650211 -0.16454081438736518 0.28501702726554712 0.056042895820806099
leaf_weight=582 1175 107 13482 99 157 9959 220 136 4140 503 3122 1163 275 5277 894 1895 157 131 6519 1674 1281 314 5547 833 210 64 1515 1049 3916 2730 1950 247 980 790 424 3435 61 671 61 213 534 232 10273 29583 3444 2495 261 94 149 1301 146 4284 1319 854 5707 488 225 348 767 1756 854 1098
leaf_count=582 1175 107 13482 99 157 9959 220 136 4140 503 3122 1163 275 5277 894 1895 157 131 6519 1674 1281 314 5547 833 210 64 1515 1049 3916 2730 1950 247 980 790 424 3435 61 671 61 213 534 232 10273 29583 3444 2495 261 94 149 1301 146 4284 1319 854 5707 488 225 348 767 1756 854 1098
internal_value=0.000415727 -0.153548 0.0736026 -0.0807813 -0.0388666 0.0290977 -0.0174939 -0.0781019 -0.106443 -0.0218566 -0.145636 -0.188072 0.0404709 -0.253472 0.0549863 0.0814747 -0.0921434 0.247027 0.119434 0.058491 -0.148849 -0.0344513 0.0226499 0.0775238 -0.102784 -0.426223 -0.312286 -0.0479097 -0.132899 0.0634616 0.139691 -0.379364 -0.100217 -0.336686 -0.026631 -0.177909 0.106171 0.115653 -0.869762 0.162912 0.0367948 -0.074035 -0.284666 0.131144 0.0454357 -0.133973 -0.0804683 -0.132328 -0.369366 0.181714 -0.100072 0.0983532 0.037088 -0.0690119 -0.232904 -0.219339 -0.11581 -0.289057 -0.132565 -0.0811348 0.378438 0.192979
internal_weight=144170 46451 97719 26878 21072 49577 29638 16949 15282 7505 8983 7777 12089 19573 11685 4138 7018 1684 48142 12010 3367 5491 10001 6380 4611 261 3166 2086 4023 12689 36132 404 3817 1965 555 3896 461 3877 125 3206 1583 3621 15550 34182 4599 2727 4401 304 210 1667 366 19939 6457 2173 5806 2003 1155 573 3503 2736 1129 2993
internal_count=144170 46451 97719 26878 21072 49577 29638 16949 15282 7505 8983 7777 12089 19573 11685 4138 7018 1684 48142 12010 3367 5491 10001 6380 4611 261 3166 2086 4023 12689 36132 404 3817 1965 555 3896 461 3877 125 3206 1583 3621 15550 34182 4599 2727 4401 304 210 1667 366 19939 6457 2173 5806 2003 1155 573 3503 2736 1129 2993
cat_boundaries=0 1
cat_threshold=12
is_linear=0
shrinkage=0.05


Tree=55
num_leaves=63
num_cat=0
split_feature=36 119 131 135 118 91 125 127 115 112 125 123 38 123 94 80 103 113 74 107 111 127 119 75 74 106 133 103 40 122 115 127 125 80 115 74 89 103 127 60 56 86 91 115 113 44 111 84 93 73 84 95 69 95 94 115 127 75 77 74 75 98
split_gain=584443 142319 72967.1 72682.5 64072.9 54732.6 66179.7 35880.8 35332.3 34209.6 35651.7 30810.5 29938.5 27661.3 36585.3 25042.9 24624.1 24255.5 29094.4 22652.1 22451.5 21728.8 19290.2 18553.8 28161.1 18400.8 18207.2 17810.8 17298.3 17187.5 16907.2 16984.5 16895.2 18005.3 16448.5 16189.7 16047.1 15771.2 15189.7 15052 14978.6 22876.3 19227.5 14953.8 14244.1 13914.6 13849.8 13486.7 13197.4 16931.4 13157.5 20211.8 14764.5 13922.5 13250.4 13139.7 22973.5 30093.1 12950.2 12900.4 20670.4 16758.3
threshold=0.24123485642287118 0.0059155774056183505 0.0048550694464205508 -0.024519353078339395 0.4754378491428024 0.28215784868448679 -0.0065369264608449986 0.038146981317970605 0.014127760113557751 0.027546347129505853 0.011027482837092801 0.016690403261148203 -0.77226033743888811 0.014905951499548951 0.095392277144505974 -0.48953118036363602 0.013818076692615701 0.018324196723578202 0.10407093270626762 -0.014134766509801498 0.019006736954769256 0.014107532359703802 0.045970703040488559 0.10172033051921976 -0.38532678756563232 0.19088235997515227 -0.019968225324810299 0.019809341170571305 -0.085597250229635782 0.035872132749218612 0.017831847234850002 0.032550310209916854 -0.014522223983232949 -0.92759834993892143 -0.0031985024542784996 0.17971970981995963 0.028089753909822053 -0.046111204708682844 0.029272050274541255 0.17415968974478707 -1.266378280677172 -0.35722162439411148 0.21016447694260645 -0.0045838394817896491 0.00085125365532120014 -0.93894753936039754 -0.0035017253540061493 0.43192027468473132 0.37103147203334458 0.43512830816055342 0.70239136047451034 0.18031139401357568 0.60797876593769729 0.16145272616826836 -0.019813138446833647 0.063562057094811761 -0.054788480761146792 0.076940480217825472 0.16560357369154888 -0.089329932966200579 0.097800144156721905 1.9828077512308915
decision_type=2 2 2 2 2 2 2 2 2 2 2 2 2 2 10 2 2 2 2 2 2 2 2 2 2 2 2 2 2 2 2 2 2 2 2 2 2 2 2 10 2 2 2 2 2 2 2 2 2 2 2 10 2 10 10 2 2 2 2 2 2 2
left_child=2 8 16 19 9 6 34 13 21 25 11 27 -6 14 15 40 -1 18 22 -3 -12 35 32 24 -7 -4 -17 -11 -28 39 31 -31 -14 -34 -5 47 -20 -21 -27 -18 -8 42 -42 -39 -10 -13 -45 -2 49 -43 51 52 -37 -52 -54 56 57 -26 -35 -58 61 -61
right_child=1 3 4 5 12 23 7 -9 44 10 20 45 17 -15 -16 26 29 -19 36 37 -22 -23 -24 -25 55 38 28 -29 -30 30 -32 -33 33 58 -36 50 -38 43 -40 -41 41 48 -44 46 -46 -47 -48 -49 -50 -51 53 -53 54 -55 -56 -57 59 -59 -60 60 -62 -63
leaf_value=0.14043469233697695 0.11637885281170678 0.09666018190585339 0.13004480102396029 -0.38004953272560205 0.068760720922991889 0.90675320236145385 -0.30750062105253462 -0.29760256521946171 0.036133144789048145 0.1103756771538163 -0.080147169319631562 0.16057304826276056 -0.61457401911753262 -0.18898448242093116 -0.15228572329578235 -0.11452072231676974 0.10877626549629241 -0.43631467671105661 0.4525409157751572 0.36294172911831502 -0.40426914008657733 -0.051446702055857774 -0.59847188684180741 -0.39022996407333799 -0.33308701750479247 0.055636813856914616 -0.15549855318550862 -0.046398892675250575 0.1053827836482604 0.049112786091468782 -0.24331555886174142 -0.33483661898089201 0.31115695247635444 0.26284775171510005 -0.1686878581799767 0.32952459056221084 -0.0017732560501388609 -0.41239031643072449 -0.20381135596327629 -0.42835787597930797 0.27985866055946407 0.29428176074758056 0.81604179332427906 -0.31595488475195171 -0.2012806398010048 -0.38940269365846419 -0.18219805360165586 -0.13729261663491221 0.2396271169405132 -0.43969175282365347 0.27641840684000496 0.52653254984448161 -0.10274920164920483 -0.17186306756883049 0.73016532066295736 -0.36334301507013511 -0.42448050219406802 1.6317622451856733 -0.16492847488440057 -0.19120966192735633 0.96044440260384156 0.4454639282181998
leaf_weight=31620 1984 371 14890 2013 2758 56 123 1305 925 6737 2669 145 185 2118 2718 1953 10946 567 210 89 668 2234 246 1938 38 7214 749 2478 4190 4906 653 306 223 184 1696 692 2611 2545 612 132 456 129 264 6380 1993 556 2778 712 611 201 328 624 482 367 53 1221 516 40 4600 3035 41 107
leaf_count=31620 1984 371 14890 2013 2758 56 123 1305 925 6737 2669 145 185 2118 2718 1953 10946 567 210 89 668 2234 246 1938 38 7214 749 2478 4190 4906 653 306 223 184 1696 692 2611 2545 612 132 456 129 264 6380 1993 556 2778 712 611 201 328 624 482 367 53 1221 516 40 4600 3035 41 107
internal_value=7.06101e-05 -0.142264 0.071263 -0.187447 0.027238 -0.139504 -0.0945178 -0.0472364 0.021535 0.060175 -0.00366445 0.0439088 -0.0750331 -0.0230559 0.00778817 0.0579358 0.114372 -0.119967 -0.0982487 -0.28803 -0.14503 0.0791284 -0.16584 -0.258699 -0.208263 0.0974203 0.0147166 0.0682175 0.0658201 0.0657336 -0.00347787 0.0265709 -0.145342 -0.128005 -0.283401 0.134776 0.0320467 -0.300133 0.0353477 0.102376 0.224902 0.264327 0.476459 -0.305176 -0.126021 -0.275642 -0.275381 0.0493855 0.102015 -0.152775 0.225197 0.294847 0.177021 0.0397 -0.0202362 -0.220756 -0.174662 0.674528 -0.148476 -0.192568 -0.154973 -0.169528
internal_weight=144191 48075 96116 37681 47553 25518 18526 14817 10394 35969 13253 9916 11584 13512 11394 8676 48563 8826 8259 12163 3337 7476 5438 6992 5054 22716 6892 9215 4939 16943 5865 5212 5192 5007 3709 5242 2821 11792 7826 11078 1784 1661 720 11703 2918 701 9158 2696 941 330 2546 1851 1227 695 535 4998 3777 78 4784 3699 3183 3142
internal_count=144191 48075 96116 37681 47553 25518 18526 14817 10394 35969 13253 9916 11584 13512 11394 8676 48563 8826 8259 12163 3337 7476 5438 6992 5054 22716 6892 9215 4939 16943 5865 5212 5192 5007 3709 5242 2821 11792 7826 11078 1784 1661 720 11703 2918 701 9158 2696 941 330 2546 1851 1227 695 535 4998 3777 78 4784 3699 3183 3142
is_linear=0
shrinkage=0.05


Tree=56
num_leaves=63
num_cat=2
split_feature=34 114 106 126 121 103 112 121 74 111 136 127 111 135 136 124 125 58 125 115 125 72 92 111 120 120 135 126 90 73 74 121 113 113 127 89 50 34 88 125 113 105 115 6 107 91 70 94 113 113 125 115 120 131 68 111 50 133 113 103 90 87
split_gain=544938 105543 99397 64157.7 61796 48081.3 46507.5 50402.6 42324.1 42253 44972.1 37616.5 37300.1 32386.1 28778.5 47975.7 39504.6 36307 25138 24282.4 25991.1 24188.2 23499 22686.4 22093.3 21879.5 21785 21172 20654.2 20448 23496.3 19985 19682.2 19610.6 19094.3 18737.8 20334.7 18673.1 18302.6 17811.2 17678.1 17768.2 17232 16817 16594.5 16533.6 16345.6 15886.3 14445.5 14336.4 14136.6 20101.4 19871.1 13608.5 13197.6 15850.3 13117.5 12841.1 12232.6 11915.2 11864.5 18767.8
threshold=0.40424834862296921 0.47898553961156082 0.10020305354577011 0.96936239562626858 0.014742669539819403 0.030895724621814554 0.048206107476145954 -0.025976373472376395 0.089324032954472013 0.017083700236557003 0 0.039949533056228205 -0.0026079435863379996 -0.030546617494114647 1 -0.15536642879150833 -0.0048072517685160488 -0.26944598494396549 0.015843183135256306 0.030588251906929504 -0.014522223983232949 0.85674395793745861 0.058910230850515007 -0.036587664580987646 -0.0040293784178203488 1.0000000180025095e-35 -0.015098038293185999 0.036474751031098554 -0.84350258738054429 0.57292585136988416 0.070203070826038563 -0.0050308178002270486 0.00043714219386070007 0.022137324365307753 0.023961951406823254 0.029509378917291555 -0.23877961111557883 -0.48446500517029795 0.22849834318114978 -0.0046689318697289489 -0.00012558719560029996 -0.014441142890201148 -0.0078785846382733987 9067.6650000000027 0.0098313423129427532 0.20612240092755368 -0.014451688628358448 -0.10635538184256595 0.00076248903128725012 0.0035151229067555503 0.0066044614962725004 0.0032665754138858504 0.12056798412571286 0.020277488006976704 -0.68255000721388848 -0.018541136971244498 -0.039012739900128247 -0.019968225324810299 0.0050721829852123012 0.0051176527262116007 -1.2243681271590721 0.20368280792790283
decision_type=2 2 2 2 2 2 2 2 2 2 1 2 2 2 1 2 2 2 2 2 2 2 2 2 2 2 2 2 2 2 2 2 2 2 2 2 2 2 2 2 2 2 2 2 2 2 2 8 2 2 2 2 2 2 2 2 2 2 2 2 2 2
left_child=1 3 8 6 18 13 14 33 -2 23 -11 26 24 -4 15 16 17 -1 48 20 -15 43 46 58 59 -26 44 -17 -25 32 -31 37 -6 -8 47 36 -16 -30 50 -39 41 -19 -7 60 -5 -33 49 -22 -3 -12 -37 -52 -53 -44 -29 -56 -43 -49 -9 -10 61 -14
right_child=2 4 5 11 29 42 7 9 12 10 22 -13 21 19 35 27 -18 40 -20 -21 34 -23 -24 28 25 -27 -28 54 31 30 -32 45 -34 -35 -36 38 -38 39 -40 -41 -42 56 53 -45 -46 -47 -48 57 -50 -51 51 52 -54 -55 55 -57 -58 -59 -60 -61 -62 -63
leaf_value=-0.066474869999615119 -0.16658007355314139 0.10684051335547384 -0.28029604648052675 -0.031225908930861104 0.094786413052636992 -0.43361636631147232 -0.19266736495010062 0.11572734583431565 0.027347919853242832 0.2029577057807381 -0.26158361738422692 -0.42082064558497417 0.19683938457305172 -0.34823894454131521 0.1631739911588215 0.14811406952144088 0.040216662197866862 -0.13780460717270568 -0.141703205602874 -0.23845332134653693 0.55339262178094362 -0.080232941398489924 0.27943827993582682 0.20510596660833566 0.44009652001005189 -0.017420512199716409 0.040993741612803607 0.15399216173167654 0.090325242175400611 -0.048818045455506047 1.2301927492022515 0.12961858530964873 -0.34428859515013105 -0.73024002917171016 -0.18051987817852688 0.14122965295637163 0.38301859254938264 -0.33182201823489998 0.29673046267466407 -0.042204573538044875 -0.24461545794576214 -1.3359748447977979 -0.1928721667603166 -0.1508144546894824 -0.33785166882227458 0.015532707967967614 -0.14346268632317949 -0.12460543353045915 -0.033639027099077214 -0.62752603194704115 0.15229597249730831 0.079491834592725574 -0.10545672325190247 -0.31152081913043328 -0.34010343351346606 0.014821863317501389 -0.6770164895497941 0.036697022448569289 -0.67595360130847748 -0.21962252991168318 0.27704754973933893 -1.1329572204357157
leaf_weight=1048 4549 3723 3830 932 282 1743 537 71 635 731 572 721 83 770 3504 10812 2890 98 2659 2878 127 943 191 2637 316 1510 3303 1633 1941 351 40 8483 2689 248 1935 21121 1503 689 1490 2313 331 115 4073 287 838 5076 894 1765 3599 503 4452 4080 2255 5943 340 4204 220 4100 156 2115 2429 39
leaf_count=1048 4549 3723 3830 932 282 1743 537 71 635 731 572 721 83 770 3504 10812 2890 98 2659 2878 127 943 191 2637 316 1510 3303 1633 1941 351 40 8483 2689 248 1935 21121 1503 689 1490 2313 331 115 4073 287 838 5076 894 1765 3599 503 4452 4080 2255 5943 340 4204 220 4100 156 2115 2429 39
internal_value=-0.00138281 0.0588402 -0.158102 0.0781093 -0.0724783 -0.212383 0.0890656 0.0318179 -0.0438544 0.0445787 -0.134819 -0.0828843 0.0229493 -0.154264 0.112921 0.066774 -0.0745412 -0.257571 -0.0100279 -0.112562 -0.0709026 0.139158 -0.248919 0.0688527 -0.0730704 0.0617555 -0.0348551 0.105925 0.0741918 -0.257879 0.082027 0.0555332 -0.302613 -0.362499 -0.0439632 0.138931 0.229167 -0.0305327 0.125444 -0.108676 -0.519703 -0.72999 -0.288522 0.212057 -0.176397 0.086909 -0.301436 0.000135191 0.0377903 -0.432811 0.117446 0.0708764 0.0136577 -0.263272 0.0320779 -0.011735 -0.903226 -0.011845 -0.428335 -0.162595 0.252882 -0.22826
internal_weight=144345 104275 40070 90932 13343 27164 85138 25042 12906 24257 2891 5794 8357 15405 60096 21691 4702 1812 9981 11575 8697 3781 2160 21366 4576 1826 5073 16989 21139 3362 391 18502 2971 785 7927 38405 5007 4943 33398 3002 764 433 11759 2838 1770 13559 1969 5992 7322 1075 31908 10787 6335 10016 6177 4544 335 5865 227 2750 2551 122
internal_count=144345 104275 40070 90932 13343 27164 85138 25042 12906 24257 2891 5794 8357 15405 60096 21691 4702 1812 9981 11575 8697 3781 2160 21366 4576 1826 5073 16989 21139 3362 391 18502 2971 785 7927 38405 5007 4943 33398 3002 764 433 11759 2838 1770 13559 1969 5992 7322 1075 31908 10787 6335 10016 6177 4544 335 5865 227 2750 2551 122
cat_boundaries=0 1 2
cat_threshold=3 2
is_linear=0
shrinkage=0.05


Tree=57
num_leaves=63
num_cat=0
split_feature=34 56 107 131 118 105 121 94 80 56 119 38 105 121 126 121 89 103 135 111 127 34 90 86 68 85 113 122 111 127 115 98 74 127 74 68 125 111 71 84 125 80 56 107 78 127 34 125 123 6 135 126 50 100 74 126 115 132 96 123 80 96
split_gain=490555 127157 77577 75381.3 69499 54794.5 48284.2 29628.4 40028.1 36979.2 29328.3 28538 27812.4 25677.3 23758 23316.6 18962 18453.1 17937 21143.9 23513.7 20434.2 17450.6 17134 20789 16999.5 16980.1 18262.4 18683.5 15675 15410.7 15295.1 19421.7 15287.4 14936.2 15469 14776 16109.7 14184.4 19597.8 14082.4 21889.4 14005.3 13993 13824.2 14272.9 15713.7 18359.1 13659.1 14785.3 13628.6 13559 13238.6 13122.6 12582.9 12071.4 11987.5 11949.1 12152.4 11886.2 11853.5 12837.4
threshold=0.56704755093187165 0.860438344678918 0.00069447124394650015 0.0059760654543450512 0.58629043707304984 0.031014781092555701 -0.0063676555888824487 0.095392277144505974 -0.55797567410189364 -1.1306608975650094 -0.0091456088362928973 -0.51394942151938483 -0.012098663090211447 -0.0079012659909866983 0.96936239562626858 -0.014205192169011048 0.5133198115655927 0.0037204948968517005 -0.023380909709859697 0.017553826844579203 -0.0082792014278871475 -0.45438298794296689 -0.85441836823316863 -0.31814880639678583 0.83481187637241916 0.37107640586200219 0.00037939608519895005 0.032741646662242462 0.015129414157696601 0.03451362670390571 -0.0036718509006490496 1.9828077512308915 0.075092103994185311 0.051593784088338111 -0.11032793490870839 -0.75543784972629657 0.032446809068750554 -0.00072336782427574991 0.69526945520791139 0.70239136047451034 -0.0058913958803108986 -0.38676760943304694 0.15978338185444863 -0.0068552142744762994 0.2510153871134273 0.011260341412757552 -0.47686330969870433 -0.0029962379187012497 0.012505914694244202 9053.9450000000015 -0.020479755147513098 1.0000000180025095e-35 -0.69025992278856552 -0.012288240328628549 0.11070847900409617 0.23219050426080726 -0.0030558153854400496 -0.60853697923573014 -0.0093841762549886996 0.0018721170061198002 -0.86510360445847223 0.27446271973421132
decision_type=2 2 2 2 2 2 2 10 2 2 2 2 2 2 2 2 2 2 2 2 2 2 2 2 2 2 2 2 2 2 2 2 2 2 2 2 2 2 2 2 2 2 2 2 2 2 2 2 2 2 2 2 2 2 2 2 2 2 2 2 2 2
left_child=1 2 22 14 10 6 50 8 9 -8 -5 -6 -12 30 17 16 52 54 21 44 -21 -17 60 24 38 43 -24 -28 33 -16 -13 -9 -33 -29 -3 -36 37 -10 39 -11 42 -42 -15 -7 45 -20 -47 56 -19 -50 -2 -23 -14 -39 -4 57 -48 58 -54 -43 61 -1
right_child=5 34 3 4 11 25 7 31 36 23 12 13 15 40 29 18 -18 48 19 20 -22 51 26 -25 -26 -27 27 28 -30 -31 -32 32 -34 -35 35 -37 -38 53 -40 -41 41 59 -44 -45 -46 46 47 -49 49 -51 -52 -53 55 -55 -56 -57 -58 -59 -60 -61 -62 -63
leaf_value=0.185946597372943 -0.27306926596758596 -0.2563690130131191 0.098629374053869276 0.12952060936425724 0.011101749461117166 0.26044938232845222 -0.13271069950061953 -0.1853805037527427 -0.10572870647848465 0.59219665720145442 0.091193137252305559 -0.64599195130445952 0.07507070349643799 -0.44046174365975554 -0.014715401948180091 0.053820308070325652 -0.81832024821492499 0.070073671075099125 0.061689560505361354 -0.35072123321223903 0.065194958554393598 -0.074111138597332635 0.13874761691096812 0.076007573693496755 0.086952060383894497 -0.28967047367101317 0.11203338520404066 0.048367956230260543 -0.19122679206659324 -0.37155086633228646 -0.29505873023156787 -0.28921982597660378 1.3099214168695303 -0.81218843391308426 0.7635592831116097 -0.11182618399444387 -0.21807807056473019 0.15187591921232929 0.099414586319642909 1.3655741753531438 0.13481093617907647 -0.06502412908055813 0.43995311284551814 -0.17895155257436735 0.32230340719429984 0.10157752665575077 -0.66246466690872585 -0.045592283742092739 0.13141991052828078 -0.23071631417457428 -0.14864884996756916 -0.34678118349190945 -0.84899532897397878 -0.11897414556162574 0.19371848395931801 -0.42931907179393564 -0.20816143098434337 0.0086424599398000571 -0.020157939813485959 -0.29515895961525696 0.3598817916927437 -0.18542242308764348
leaf_weight=4306 4288 2339 9159 4422 1653 195 540 3595 2590 416 4882 458 407 578 1601 943 122 12952 6239 807 587 789 18126 362 236 9077 11280 6844 982 381 987 37 39 52 51 4824 1181 1625 102 102 694 1064 49 2558 396 843 235 1196 434 804 4522 1080 96 617 5610 546 380 510 82 1187 952 246
leaf_count=4306 4288 2339 9159 4422 1653 195 540 3595 2590 416 4882 458 407 578 1601 943 122 12952 6239 807 587 789 18126 362 236 9077 11280 6844 982 381 987 37 39 52 51 4824 1181 1625 102 102 694 1064 49 2558 396 843 235 1196 434 804 4522 1080 96 617 5610 546 380 510 82 1187 952 246
internal_value=0.00124501 0.0505542 0.0645104 0.0288503 -0.0259481 -0.171165 -0.121223 -0.0534783 0.00182191 0.211692 0.0129197 -0.169077 -0.0126816 -0.228443 0.0841641 -0.0459177 -0.216925 0.0956263 -0.0235771 0.00599753 -0.175583 -0.135933 0.116326 0.364383 0.486336 -0.256662 0.104058 0.0712365 0.012822 -0.0833099 -0.406289 -0.170541 0.531392 0.0418788 -0.152503 -0.102668 -0.059537 -0.0207877 0.638359 0.744483 -0.156498 -0.110689 -0.371657 -0.147828 0.0332473 0.0203758 -0.0767442 -0.159751 0.0549073 -0.103764 -0.209207 -0.231673 -0.172214 0.0773378 0.134749 -0.253774 -0.381757 -0.114461 -0.467171 -0.186379 0.199433 0.165877
internal_weight=144257 112175 104961 62173 31232 32082 20252 11442 7771 1758 24562 6670 20140 5017 30941 15258 1763 28959 13495 10683 1394 2812 42788 1218 856 11830 37284 19158 7878 1982 1445 3671 76 6896 7214 4875 6013 4832 620 518 3572 2945 627 2753 9289 8893 2654 1811 14190 1238 8810 1869 1641 2242 14769 1234 615 688 178 2251 5504 4552
internal_count=144257 112175 104961 62173 31232 32082 20252 11442 7771 1758 24562 6670 20140 5017 30941 15258 1763 28959 13495 10683 1394 2812 42788 1218 856 11830 37284 19158 7878 1982 1445 3671 76 6896 7214 4875 6013 4832 620 518 3572 2945 627 2753 9289 8893 2654 1811 14190 1238 8810 1869 1641 2242 14769 1234 615 688 178 2251 5504 4552
is_linear=0
shrinkage=0.05


Tree=58
num_leaves=63
num_cat=1
split_feature=36 119 90 121 112 123 125 125 125 118 115 103 50 60 111 121 131 113 119 98 136 72 135 121 106 105 125 127 87 90 107 46 127 97 135 72 68 69 106 50 40 85 92 125 69 71 103 107 107 88 127 34 40 34 125 101 119 86 69 107 66 54
split_gain=443738 102920 67620.8 61858.7 59285 55235.6 51974.1 53024.3 41072.9 36857.8 29745.7 28401 28067.3 26323.5 24975.3 21614.9 20901.3 20481.6 20252.7 20131.9 31995.9 25259.3 19787.6 21425.4 19017.6 18271 18231.8 18213.3 17628.9 17495 17100.9 17002.2 15538.6 15213.5 15043.1 18535.9 14778.7 14631.2 14285.3 18933.1 14145.2 17679.5 41788 14101.7 14075.8 15591 13923.5 13821.7 13566.2 13067.8 15520.3 12928 12865.9 12395.7 15886.7 12039.2 11702.1 11463.7 11371 11337 11126.4 11080.9
threshold=0.24123485642287118 0.0059155774056183505 -0.84350258738054429 -0.0058597075741698987 0.063177209001116563 0.014905951499548951 0.026051125274693655 -0.0070569906523495493 0.013162695102936153 0.30807038959063165 0.014127760113557751 0.033379824250112954 -1.0189769358006531 0.37740357165892091 0.0012614448199643501 -0.0015900024210928497 0.012958992369721601 0.0148288297183872 0.029080210759753606 -0.075670116770000281 0 0.017049680890618753 -0.029169818895961597 0.027074815392441602 1.0000000180025095e-35 0.025564788802898353 -0.0039456056537971991 -0.0087655118686145988 0.24057101512732518 -1.0435636029129207 -0.014961936935171198 -0.84001465020503896 0.044151138351606105 0.83533921867602468 -0.019791274830679446 0.72124843860558363 -0.38782577420423253 0.48565309910951432 -1.0000000180025095e-35 0.52013242761345213 -0.11174937778460063 0.58157565384658738 -2.2690607877704965 0.00011276138480465002 0.69746917694916533 0.4664582173348098 0.018651599403882103 0.011839892318719352 0.04105011625865846 0.31919019361024131 -0.054788480761146792 -0.16585687817561492 -0.12511528505012273 -0.40799126470319863 -0.014522223983232949 0.39511937342654718 0.03973783862297451 -0.098696172748602942 0.52038357475374786 0.031343129922394054 -0.28787238564406553 -0.18747203578324623
decision_type=2 2 2 2 2 2 2 2 2 2 2 2 2 10 2 2 2 2 2 2 1 2 2 2 2 2 2 2 2 2 2 2 2 2 2 2 2 2 2 2 2 2 2 2 2 2 2 2 2 2 2 2 2 2 2 2 2 2 2 2 2 2
left_child=2 10 19 14 9 8 7 27 18 24 15 16 -7 22 30 26 -11 -14 46 20 -1 -22 -9 25 38 44 47 -5 -10 -21 -3 37 53 -17 35 -32 56 -23 59 -40 -8 49 -43 -12 45 -24 -6 -2 -18 50 -42 -27 -30 -26 -55 -29 -13 -38 -49 -4 -59 -28
right_child=1 3 4 6 5 12 40 13 28 11 43 36 17 -15 -16 33 48 -19 -20 29 21 31 23 -25 32 51 61 55 52 -31 34 -33 -34 -35 -36 -37 57 -39 39 -41 41 42 -44 -45 -46 -47 -48 58 -50 -51 -52 -53 -54 54 -56 -57 -58 60 -60 -61 -62 -63
leaf_value=0.1840105813805798 -0.021075954492769989 0.095471342338891679 0.10341320351171393 0.2348496404979592 0.089333027176607349 0.1520310172477326 -0.2984830370454189 -0.13286048402099043 -0.035127356429522728 0.081511097492974804 0.17892586664003984 0.0098495740037953163 -0.16501373070285708 -0.18805337572678218 -0.087501278991464093 0.17526137017121413 -0.017736442074254326 -0.47017112474856698 -0.18016628761215048 0.45226732220667593 0.18619465178414207 0.35418538200901822 0.59139671327308663 -0.17632533087520397 0.1028168032397834 0.25180576836771684 -0.45720761516690261 0.1357362564636968 -0.39990160464670454 0.20424540048047546 -0.44260851723514816 0.13402143951440068 -0.27903837960991845 -0.47972657226107929 -0.20942987971692772 -0.26818195706079651 -0.069309188147066256 -0.44029704792968949 0.16562238180919242 1.035157711543734 0.69412355205770271 1.6289543074110282 -0.1210533882406625 -0.15915116443722921 0.0042201479506487651 0.1761261277974957 -0.022798692774750551 0.17682527223803912 -0.3741680108958782 -0.28361133987260523 -0.12587107782431847 -0.050264287096687989 -0.13546329821027234 -0.40296375491244851 0.032125653448172968 -0.32619743673348367 -0.82926776090333643 -0.78330589761468072 -0.45923086120228507 -0.10866305217214811 -0.28976342406479572 0.079019204726734044
leaf_weight=6242 663 329 14898 174 9894 385 2890 1583 1890 10332 350 1231 1152 1635 2444 3440 6186 1052 955 1038 567 64 245 855 9960 412 100 151 821 2257 2087 228 335 91 5930 5637 505 613 9903 63 59 46 132 2598 1153 2918 3844 83 279 1744 2630 2525 1046 215 8683 2141 43 137 458 658 686 2634
leaf_count=6242 663 329 14898 174 9894 385 2890 1583 1890 10332 350 1231 1152 1635 2444 3440 6186 1052 955 1038 567 64 245 855 9960 412 100 151 821 2257 2087 228 335 91 5930 5637 505 613 9903 63 59 46 132 2598 1153 2918 3844 83 279 1744 2630 2525 1046 215 8683 2141 43 137 458 658 686 2634
internal_value=0.000278057 -0.123648 0.0623135 -0.162069 0.0472376 -0.0255917 -0.105829 -0.0482201 0.00475661 0.0711365 0.0154732 0.0135799 -0.241863 -0.00247421 -0.234969 0.0685547 0.0373913 -0.31067 0.0424804 0.178923 0.134733 -0.0749696 0.0288355 0.0604049 0.0961067 0.0883111 -0.011988 -0.258325 -0.142775 0.282378 -0.260743 -0.239422 0.058505 0.158381 -0.269327 -0.315311 -0.140133 -0.365191 0.124384 0.171119 -0.211754 -0.157396 0.331196 -0.119013 0.153775 0.208292 0.0579577 -0.174107 -0.0331184 -0.177015 -0.107879 -0.00789014 -0.251748 0.0645013 0.0216127 -0.295765 -0.0184723 -0.256846 -0.361647 0.0944426 -0.371921 0.0594059
internal_weight=144299 48137 96162 37720 85153 21039 21293 13792 18450 64114 10417 19399 2589 11326 16427 7469 16797 2204 14693 11009 7714 1472 9691 8108 44715 7253 3938 2466 3757 3295 13983 905 19193 3531 13654 7724 2602 677 25522 9966 7501 4611 178 2948 4316 3163 13738 1204 6465 4433 2689 2937 1867 18858 8898 2292 1274 1328 541 15556 823 2734
internal_count=144299 48137 96162 37720 85153 21039 21293 13792 18450 64114 10417 19399 2589 11326 16427 7469 16797 2204 14693 11009 7714 1472 9691 8108 44715 7253 3938 2466 3757 3295 13983 905 19193 3531 13654 7724 2602 677 25522 9966 7501 4611 178 2948 4316 3163 13738 1204 6465 4433 2689 2937 1867 18858 8898 2292 1274 1328 541 15556 823 2734
cat_boundaries=0 1
cat_threshold=12
is_linear=0
shrinkage=0.05


Tree=59
num_leaves=63
num_cat=1
split_feature=34 106 124 135 118 131 118 90 126 123 115 125 115 125 115 136 121 75 68 125 68 127 111 88 121 110 133 115 115 125 113 110 77 50 131 111 133 127 124 87 68 126 111 111 105 94 125 52 46 87 74 105 100 103 125 131 122 99 94 90 65 83
split_gain=399547 111761 63453.6 62944.5 56784 44521.8 40120.9 38397.9 38473.4 35687.3 43121.5 42747.2 35102.6 34172.8 33995.9 33553.4 32741.1 31682.1 31566.6 29004.1 33221.7 27686.1 27518.2 26671.6 25467.3 22490.6 22077 21976.3 20913.7 20802.5 20634 21983.6 20588.1 17394.5 17352.5 17295 16293.6 16069.9 15576 14859.2 15100 14671 14548.8 14517.2 14422 15053.3 13814.3 13705.3 13399.3 13328.8 13300.6 13369.2 13185.1 12837.8 12512.9 12496.1 12427.2 12192.8 12185.1 22955.1 12001.3 11745.9
threshold=0.18764081745688727 0.058243927970229308 0.50324551482973567 -0.023380909709859697 1.0000000180025095e-35 0.031070296734169455 -1.0000000180025095e-35 -0.85441836823316863 0.78632551070673529 0.00086644995132320005 0.0099715334049657513 0.0036493375218487004 0.0086002356873823519 -0.014025482923744547 0.014127760113557751 0 -0.0022215472074563996 0.12343055704972036 -0.46026039183200379 0.0012366925144811503 -0.48153370865890971 0.00039540472378600007 -0.0087889725004313985 -0.022992490167236899 -0.0020048191463849494 -0.068490661499693725 -0.0083084070089911484 -0.0066611050560715984 0.023960547651603156 -0.0084599487060272992 0.011707751645955401 -0.23750692047319541 0.13153170022929581 0.49203319958779351 -0.0081207683558309988 -0.026699855277136496 0.0091709824720132508 0.023221076063857704 -1.0000000180025095e-35 0.17227228402269229 -0.80759675360629835 0.35749093611730876 -0.0098288005992344992 0.018493770604931754 0.037965546126732662 0.074537754467914955 -0.0045279195217662492 -0.085090577877079937 0.53137505598855839 0.47529645418178751 -0.099576420990319145 0.012166054368358803 0.80544868059917862 0.0023149240826236504 0.016745683929637753 -0.0019416318764838498 0.063242838566249168 0.80602941737955769 0.03354779900723711 -1.110355544029374 0.535649155410998 0.29052765955917642
decision_type=2 2 2 2 2 2 2 2 2 2 2 2 2 2 2 1 2 2 2 2 2 2 2 2 2 2 2 2 2 2 2 2 2 2 2 2 2 2 2 2 2 2 2 2 2 10 2 2 2 2 2 2 2 2 2 2 2 2 10 2 2 8
left_child=2 4 7 36 6 13 37 47 9 15 30 -12 -4 -5 24 19 18 39 -10 20 -9 -22 55 -17 26 27 53 -23 29 -24 -11 35 -19 -8 57 -32 -3 54 -27 -13 -41 -31 -36 -14 45 -26 -28 58 -45 -16 -42 -52 -34 -15 -2 -6 -33 -20 -1 -60 -59 -44
right_child=1 3 12 5 22 -7 33 8 16 10 11 17 43 14 49 23 -18 32 34 -21 21 25 28 -25 44 38 46 -29 -30 41 31 56 52 -35 42 -37 -38 -39 -40 40 50 -43 61 48 -46 -47 -48 -49 -50 -51 51 -53 -54 -55 -56 -57 -58 60 59 -61 -62 -63
leaf_value=0.1488111536118176 0.12043622066703258 -0.28258611619734375 0.060347530817084438 -0.36977380931741377 -0.020458044547323185 -0.21433172917443102 0.25649470826123622 0.073757761962632146 0.0097048124269206136 0.093154020762736753 0.10079891449987616 0.1381432674080558 -0.098228383001676828 0.048434302503259009 -0.11388333275397067 0.11337469682685082 0.057604251437735787 0.24726873841355831 0.15649128134961532 0.12513266870919956 0.042693780498023359 -0.85398104615509518 -0.21433582755532657 0.2361832320790529 0.19503085669855347 -0.29245784813264275 -0.16037788199350184 -0.29388691734502465 -0.1791353156886856 0.12314828911139988 -0.7568500021633543 0.13641859963552982 -0.39199436108146785 0.72033624432791599 -0.57915760870627941 -0.15984382151739818 -0.1220096921921917 -0.16442165704548287 0.089132845669474894 0.2041285468472375 -0.3046798988354783 -0.060776905229826907 -0.46618057929194506 -0.48088082709551289 -0.152632050392183 -0.089762320732965861 0.13155289977878232 0.27487443109457466 -0.17635703185066057 -0.35233450051590937 0.029420344117587888 -0.18836810123601588 -0.065656380303377324 -0.21716162024256827 -0.10973640914962542 -0.24437462985798442 -0.11794122285805467 -1.1082227073064665 -0.91913584017982852 0.12281631719088182 -0.14292216804623603 -0.10361774234929018
leaf_weight=6041 3241 9948 2909 870 810 7516 1408 4021 1624 19725 3280 878 3135 585 5049 16510 3749 170 314 6265 1240 240 793 6038 2804 544 542 648 1649 3250 162 1114 1546 236 547 483 1878 822 526 396 775 1627 381 559 453 556 1606 2422 1021 663 1529 1307 387 2047 722 2700 844 41 78 164 150 540
leaf_count=6041 3241 9948 2909 870 810 7516 1408 4021 1624 19725 3280 878 3135 585 5049 16510 3749 170 314 6265 1240 240 793 6038 2804 544 542 648 1649 3250 162 1114 1546 236 547 483 1878 822 526 396 775 1627 381 559 453 556 1606 2422 1021 663 1529 1307 387 2047 722 2700 844 41 78 164 150 540
internal_value=-0.000440705 -0.111615 0.0619195 -0.163558 -0.00772417 -0.114814 0.109985 0.0743587 0.0629618 0.0746029 0.0366942 -0.0481098 -0.0762419 -0.0655241 -0.0470203 0.108897 -0.0457917 -0.118004 -0.153557 0.0463813 -0.0218988 -0.142172 -0.0776062 0.146196 0.0158233 -0.259248 -0.0610558 -0.445264 -0.0224094 0.023171 0.0756932 -0.0566217 -0.280265 0.32308 -0.28794 -0.30979 -0.257086 0.0367711 -0.104872 -0.0481506 -0.0889707 0.0617896 -0.37491 -0.160513 0.112199 0.147904 0.0578907 0.173827 -0.284097 -0.141561 -0.121113 -0.0709497 -0.326659 -0.158129 0.0785022 -0.192702 0.0267763 -0.0351232 0.134875 -0.21302 -0.350133 -0.253603
internal_weight=144078 51775 92303 34517 17258 22691 6429 84679 75974 68628 32596 10268 7624 15175 14305 36032 7346 6988 3597 13484 7219 3198 10829 22548 8593 1958 4780 888 7319 5670 22328 2603 2103 1644 1973 645 11826 4785 1070 4885 4007 4877 1468 4715 3813 3360 2148 8705 1580 5712 3611 2836 1933 2632 3963 3510 1958 505 6283 242 191 921
internal_count=144078 51775 92303 34517 17258 22691 6429 84679 75974 68628 32596 10268 7624 15175 14305 36032 7346 6988 3597 13484 7219 3198 10829 22548 8593 1958 4780 888 7319 5670 22328 2603 2103 1644 1973 645 11826 4785 1070 4885 4007 4877 1468 4715 3813 3360 2148 8705 1580 5712 3611 2836 1933 2632 3963 3510 1958 505 6283 242 191 921
cat_boundaries=0 1
cat_threshold=2
is_linear=0
shrinkage=0.05


Tree=60
num_leaves=63
num_cat=0
split_feature=34 114 131 126 123 121 131 107 119 105 77 90 135 125 103 34 56 74 123 125 107 74 56 87 50 115 72 77 120 105 133 74 127 75 76 92 100 81 94 121 123 42 82 123 135 72 50 127 77 115 68 121 101 75 88 127 133 118 62 94 85 123
split_gain=366847 79321.5 67575.4 54997.2 51445.6 44386.2 37411.4 36703.4 34536.3 29698.5 28344.3 29928.4 26668.5 26238.3 25877.8 24635.4 24333.2 23695.5 23546.9 22660.5 22231.8 21008.8 19491.7 18848.9 18452.2 18190.6 18040.8 20684.6 17594.7 17410.6 16991.3 16694.6 14858.2 14619.3 14343.2 13562.4 15882.2 13266.5 13238.1 13180.4 12961 12837.4 12640.9 12386.9 12121.4 11980.1 11873.3 11776.3 11524.4 11339 11245.6 11030.9 11007.3 10851 12712.4 10807.6 10670.4 14810.2 13153.5 10623.1 10597.4 12795.3
threshold=0.42614875059218277 0.47898553961156082 0.021404174535445904 1.0067250214562125 0.0018273406115797001 -0.0054894652585393998 0.0023010128731103508 -0.0022328505662031995 -0.0034185027105458495 0.0020744737233866005 0.12769080511148809 -1.2529815640948365 -0.011715563605977497 -0.0098790379310436469 0.00058481067625000007 -0.42303294086504195 -0.63055711667010739 -0.099576420990319145 0.014360403945469601 0.031358551188946711 -0.0080663985922007995 0.089324032954472013 0.071488440282874863 0.16552857108175492 -0.8130976831199821 -0.0031985024542784996 -0.94885642642732859 0.17823367884798233 -0.21699967465245681 0.010788325531740703 -0.020685183479241698 -0.92962129456728781 0.0086928474938759003 0.1294927921586356 -0.26445865113853084 0.8888973872806929 -0.14368354071228198 0.16333306920633198 -0.083418090706399842 0.0030435809546581006 0.014905951499548951 -0.20169609315458278 0.45431066337190468 0.0025765990158935505 -0.010240435928896249 0.3743683934875226 -0.11669642664993064 0.039949533056228205 0.11140601290739821 0.025051968001907756 -0.63123818179199287 -0.018059814985805996 1.03229255668732 0.10403122524055267 -0.074569112507140684 -0.0073264466910588988 -0.010687756668650699 0.15937659867433687 -0.27963856797129238 -0.087583627625569135 0.40406467601488311 0.0016223646214428501
decision_type=2 2 2 2 2 2 2 2 2 2 2 2 2 2 2 2 2 2 2 2 2 2 2 2 2 2 2 2 2 2 2 2 2 2 2 2 2 2 8 2 2 2 8 2 2 2 2 2 2 2 2 2 2 2 2 2 2 2 2 8 2 2
left_child=1 3 5 6 49 20 37 -8 -9 -10 22 -12 24 15 38 -11 -6 31 21 29 -2 26 43 -17 -5 -25 -15 -28 52 35 -16 -18 -22 41 53 36 -13 46 -4 55 50 -29 -33 -7 56 -34 -1 -14 -32 -3 -19 -36 -26 -23 -55 -31 57 -39 -59 -50 61 -43
right_child=2 4 14 12 16 10 7 8 9 13 11 19 47 18 30 23 17 40 -20 -21 32 34 -24 25 28 -27 27 33 -30 39 48 42 45 -35 51 -37 -38 44 -40 -41 -42 60 -44 -45 -46 -47 -48 -49 59 -51 -52 -53 -54 54 -56 -57 -58 58 -60 -61 -62 -63
leaf_value=0.15082795143419708 0.099985852627012928 0.063704286211146016 0.55295779811239798 0.064302775430182618 0.14404454110596504 0.48373361268160187 0.10663916118953853 0.10261838756684412 0.047805851546813688 0.016100591745613495 -0.57933875802490442 0.21301215875777998 0.036694486397008542 0.089381292555221051 -0.28119613639946456 0.057478916635851807 -0.014308666828445402 0.20636442946242797 -0.26227220385385458 -0.19034313293408506 -0.074981373209844049 -0.14308653370191335 -0.15765673940999675 -0.78956834580697965 -0.54449350202995006 -0.29003601669247359 0.2156710982635881 -0.3685174717858048 -0.17170367195547837 0.130943387682465 0.13613849994884852 -0.47593549632873106 -0.4076978117631897 -0.33451472883762545 -0.20426343615511955 -0.062541507561633611 -0.059501332318457771 0.073556743172769834 -0.074236549664995641 0.047396950632191702 -0.34438879855476962 0.11928707170839724 -0.24438244860695491 0.14845435635459353 0.12276146442132084 -0.19419150205794214 0.36024285959086516 -0.27844826495134217 0.11358852644562854 -0.14866781055106451 -0.097088220903770783 0.18714401561099275 0.34263993308350849 -0.050549410671616592 0.70957732260896922 -0.17797842984724691 0.099565462351435763 -0.0039172628462449252 -0.26919098258891688 -0.19767746305809375 -0.15176141271119839 -0.14028533115023398
leaf_weight=2989 790 5599 87 450 619 516 15597 7869 9603 473 243 2203 2839 1432 6996 162 454 341 1116 1584 2396 899 287 363 636 366 452 410 1110 330 283 1042 767 794 197 1053 706 3333 2552 1757 477 1122 1357 591 23098 4582 875 331 283 708 2917 2087 37 144 89 1993 8006 1328 721 8729 2142 823
leaf_count=2989 790 5599 87 450 619 516 15597 7869 9603 473 243 2203 2839 1432 6996 162 454 341 1116 1584 2396 899 287 363 636 366 452 410 1110 330 283 1042 767 794 197 1053 706 3333 2552 1757 477 1122 1357 591 23098 4582 875 331 283 708 2917 2087 37 144 89 1993 8006 1328 721 8729 2142 823
internal_value=0.000333655 0.0486846 -0.131264 0.0653181 -0.0644199 -0.0666817 0.074986 0.0442341 0.0123665 -0.0189554 -0.00151015 -0.0313207 -0.089444 -0.0680035 -0.198809 -0.275542 -0.155681 -0.183843 -0.0438229 -0.0174865 -0.152684 -0.0208044 0.209538 -0.430365 -0.221798 -0.538774 -0.0693947 -0.108985 -0.294005 0.0165604 -0.222338 -0.292341 -0.178456 -0.13672 0.0812553 0.091217 0.146874 0.110151 -0.0535598 -0.0559371 -0.100966 -0.101797 -0.344957 0.304736 0.100821 -0.224806 0.19825 0.00378841 -0.178037 0.0398642 -0.0653272 0.153384 -0.495721 -0.064277 0.239799 -0.134094 0.0629666 0.00852393 -0.0972615 -0.187903 -0.0750398 0.00945258
internal_weight=144135 105407 38728 91893 13514 19798 86490 46140 30543 22674 11263 9869 5403 13071 18930 1364 7207 6588 11707 9626 8535 10591 1394 891 2233 729 7175 5743 1783 8042 16291 2853 7745 5291 3416 3962 2909 40350 2639 4080 3735 4497 2399 1107 36486 5349 3864 3170 9295 6307 3258 2284 673 1132 233 2323 13388 5382 2049 9012 4087 1945
internal_count=144135 105407 38728 91893 13514 19798 86490 46140 30543 22674 11263 9869 5403 13071 18930 1364 7207 6588 11707 9626 8535 10591 1394 891 2233 729 7175 5743 1783 8042 16291 2853 7745 5291 3416 3962 2909 40350 2639 4080 3735 4497 2399 1107 36486 5349 3864 3170 9295 6307 3258 2284 673 1132 233 2323 13388 5382 2049 9012 4087 1945
is_linear=0
shrinkage=0.05


Tree=61
num_leaves=63
num_cat=0
split_feature=34 115 106 124 121 127 68 123 133 103 110 74 74 135 89 106 88 46 23 125 77 76 103 22 20 87 74 77 113 83 118 125 90 123 93 75 125 87 74 123 134 113 127 87 106 85 92 134 134 124 72 89 98 125 124 23 71 89 135 75 103 74
split_gain=333461 69589.1 68620.6 59719.6 49656.1 47770.4 51301.6 38180.4 36698.3 36648.2 32749.4 30182.3 28463.6 25046.3 22974.3 22596.3 22529.2 20350.2 30833.8 22495.1 21143.8 17481.6 25287.9 17290.4 17898.9 25069.7 16536 16427.7 18696.5 16981.8 16368.4 16199.2 16195.9 15826.5 15622.7 15479.1 15400.7 15269.2 15269 15073.9 15558.8 14678.8 15732.1 14398.4 14286.6 14055.8 13710.9 13602.7 15568.7 13572.3 13521.2 13954.2 13407.4 13396 13288.4 13188 12967.1 12935.7 12907.5 12882 16598.2 13027.8
threshold=0.40424834862296921 0.014350299952027452 0.10020305354577011 0.024242690806449904 -0.0062397357693323987 -0.0032316460437671994 -0.40882353710000569 0.0017449057490225503 -0.013445014455720048 0.029021930977246504 -0.016203121655645896 0.089324032954472013 0.11070847900409617 -0.034641335806824249 0.17635927252375577 0.79644821244634201 -0.025104331853018146 0.43287901001596674 -0.47801029871404088 0.0034169078333178005 0.16896895375843132 -0.31688828615865738 -0.0032632223844163495 0.019679127383684453 -0.14518592462598504 0.17478314452326799 0.081129666766626765 0.29318165402047364 0.0083127906578461027 0.77765297328577787 0.53913577502652288 -0.0018682310338531997 -0.86417855119313358 0.0032818170942592504 0.44210371922397396 0.11416292482904576 -0.0023414074528262997 0.21878399713248167 -0.79162173653538714 0.027704550098994401 -0.028566332349466098 0.01125789363380345 -0.0077931875140034492 0.095503563192242971 0.78644858284746744 0.51042105527045589 -0.84056925716763764 -1.0000000180025095e-35 1.0000000180025095e-35 -0.23620022246008526 -0.99815086010109022 0.44767007149958848 0.76506588978567025 0.051578151347766457 -0.010893618301026498 -0.59111010250826268 0.70199523199664315 0.2239264692857881 -0.024901526829980394 0.10080859760267917 0.061978777587621707 -0.38532678756563232
decision_type=2 2 2 2 2 2 2 2 2 2 2 2 2 2 2 2 2 2 2 2 2 2 2 2 2 2 2 2 2 10 2 2 2 2 2 2 2 2 2 2 2 2 2 2 2 2 2 2 2 2 2 2 2 2 2 2 2 2 2 2 2 2
left_child=1 4 11 -3 5 39 34 57 10 13 31 -2 23 -4 32 49 21 18 -9 -20 38 22 -14 -6 25 56 -15 28 43 -29 44 -8 -13 -22 -7 52 -11 -19 -21 -1 -41 42 45 -18 -12 -28 -35 -34 -49 -10 -36 -52 -27 -38 -24 -33 -25 -5 -16 60 61 -39
right_child=2 3 9 7 12 6 8 17 15 36 30 14 16 26 58 -17 27 37 19 20 33 -23 54 24 -26 35 41 29 -30 -31 -32 55 47 46 50 -37 53 59 -40 40 -42 -43 -44 -45 -46 -47 -48 48 -50 -51 51 -53 -54 -55 -56 -57 -58 -59 -60 -61 -62 -63
leaf_value=0.12100262458992034 -0.13176641777682616 0.079401743354399063 -0.24191803519858834 0.048010335833087198 0.080907598897795779 0.13427892572320363 -0.54570003943944412 0.09981875811768659 -0.19608592326042212 -0.31616251129274958 0.061737056767152389 0.27038763276609645 0.13469976842360856 -0.15889306978994938 -0.23239071930071137 -0.2814614129175419 0.39111217673834381 0.059695973665679906 0.016815198097646849 0.33363672445059583 -0.27943594270699562 0.12356362020099401 -0.40646689536292913 0.016845052877924305 0.038825388438519681 0.046983511955195428 0.17378760512087252 0.33955502183479036 -0.077138700459732479 -0.58345282070484816 -0.37854006768946347 0.086123534769864923 -0.037636300005363929 -0.20882977128171465 0.1138332333577959 -0.49748547695685574 -0.16022732655837094 0.70182581241056319 -0.37299393788230101 -0.69402795174847487 0.027080404159621659 -0.16575905039509425 -0.027718644362769336 0.15808246870327691 -0.44372544662095614 1.1883922614157201 -0.6566566678582193 0.47100759542928855 0.083882245640595238 0.058489326652984633 -0.038813193990497659 -0.39301333547061557 -0.43482873439788822 -0.30595016795018865 -0.054265006224703996 -0.34873389515926562 0.65906728259762948 -0.19195866764785918 -0.011769909103919935 -0.26874445622911186 1.0475243465916719 -0.11273595275753186
leaf_weight=7304 4541 7255 3036 4050 33750 3133 906 486 633 3717 1107 1024 1138 4252 955 783 777 1123 388 157 748 10305 460 397 5142 413 659 2177 733 51 374 221 2196 209 1332 481 6675 50 149 115 214 1655 4943 4513 160 36 938 305 1749 3028 2264 317 222 2065 641 826 98 652 2168 1446 32 2687
leaf_count=7304 4541 7255 3036 4050 33750 3133 906 486 633 3717 1107 1024 1138 4252 955 783 777 1123 388 157 748 10305 460 397 5142 413 659 2177 733 51 374 221 2196 209 1332 481 6675 50 149 115 214 1655 4943 4513 160 36 938 305 1749 3028 2264 317 222 2065 641 826 98 652 2168 1446 32 2687
internal_value=0.000178117 0.0472052 -0.122619 -0.0357043 0.0673072 0.00416408 -0.0474138 -0.0993791 -0.133746 -0.167934 -0.252547 -0.0279183 0.0907079 -0.114129 0.0282416 -0.037669 0.138259 -0.163157 -0.265615 -0.334213 -0.396094 0.0960501 -0.0305808 0.0662946 -0.00673805 -0.152168 -0.080524 0.202428 0.159518 0.318427 -0.0878898 -0.390899 0.0918838 -0.458368 0.0510734 -0.283529 -0.230913 -0.104136 -0.0104416 0.10609 -0.224979 -0.0348329 0.00359966 0.19231 -0.00209404 0.226343 -0.575056 0.0488748 0.141367 0.0144724 -0.0155462 -0.0823163 -0.121461 -0.194657 -0.201416 -0.256945 0.143992 0.0147352 -0.0792348 -0.147785 -0.0846188 -0.0978554
internal_weight=144361 104385 39976 20370 84015 22717 15084 13115 8038 27038 3594 12938 61298 14581 8397 4444 20795 8413 3075 2589 2201 12544 2239 40503 6753 1611 11545 8251 6023 2228 1641 1953 5274 1895 7046 1116 12457 5338 306 7633 329 7293 5638 5290 1267 695 1147 4250 2054 3661 3913 2581 635 8740 1101 1047 495 4702 3123 4215 2769 2737
internal_count=144361 104385 39976 20370 84015 22717 15084 13115 8038 27038 3594 12938 61298 14581 8397 4444 20795 8413 3075 2589 2201 12544 2239 40503 6753 1611 11545 8251 6023 2228 1641 1953 5274 1895 7046 1116 12457 5338 306 7633 329 7293 5638 5290 1267 695 1147 4250 2054 3661 3913 2581 635 8740 1101 1047 495 4702 3123 4215 2769 2737
is_linear=0
shrinkage=0.05


Tree=62
num_leaves=63
num_cat=0
split_feature=38 105 107 121 103 118 36 119 123 40 46 127 111 135 94 103 111 76 94 78 135 107 56 89 130 124 23 96 125 131 91 46 85 131 111 69 85 126 118 46 76 54 45 121 72 93 135 113 22 122 121 77 49 113 135 90 84 90 133 79 56 87
split_gain=302054 89699.7 46615.2 44271.8 44117.2 42684.5 42552 39215.3 43199.6 40325.6 37584.7 33239.6 28381.7 26229.8 24648.1 22364.8 22136.3 25667.3 21066.7 20165.4 19259.8 17904.1 16990.1 16900.3 16170 15541.5 21695.1 15320.1 15243.2 14852.2 14743.1 14397 14337 13470.8 13257.8 13214.2 13015.8 12624.5 12496.8 12269.9 12042.2 14213.9 14211.4 11866.2 11612.5 14120.1 16464.7 11538.8 11446.5 11368.9 11535.3 14712.3 11984.6 11849.2 11043.5 10832.2 10807.9 10730 11876.7 10726.8 14478.3 10978.2
threshold=0.22030868041471166 0.0082241719110439527 -0.0043329607172583997 -0.0052587199425197491 0.0037204948968517005 0.09997528563509496 -0.58285374600495576 -0.0091456088362928973 0.016690403261148203 0.073644802153074021 1.0282967574650779 0.017521664008542801 0.017553826844579203 -0.020136273721026898 0.087609295747436158 0.0011559942472497502 -0.022358656414478147 -0.32999554870874442 -0.07878520093167253 -0.023684889250779696 -0.0028409017526124995 0.043009178692424203 0.056590258002607259 0.084278797282253667 0.67211723571828597 -0.11368044457491568 -0.23876526262087042 0.42456861661541362 -0.0028616599614549993 0.0059760654543450512 0.20790777143613637 -0.46225211034218194 0.34453176901660942 0.016285423455754556 0.013193975585450952 0.53888385411524009 0.28829983684527549 0.23871110049893213 1.1794565091159699 -0.71681436095976248 0.15998304656708714 -0.031395139493379194 0.069446100021632762 0.0017611884721037002 -0.07694189392177779 0.42563188256736445 -0.019791274830679446 0.0013837629690346004 0.047800271969055903 0.09050285419476331 0.013998508075783102 0.44558928404182074 1.0171448725832655 0.021078122242664355 0.030383843362875654 -0.087160842945675179 0.87041151219056745 1.3204201899253576 -0.017591245610931647 0.39818928449709595 -0.22828066393874483 0.40354355078675136
decision_type=2 2 2 2 2 2 2 2 2 2 2 2 2 2 10 2 2 2 8 2 2 2 2 2 2 2 2 2 2 2 2 2 2 2 2 2 2 2 2 2 2 2 2 2 2 2 2 2 2 2 2 2 8 2 2 2 2 2 2 2 2 2
left_child=2 3 -1 15 29 18 -6 -8 9 11 14 12 23 27 20 37 -11 19 22 35 24 33 -3 40 -5 -20 -27 32 47 -4 -25 -22 48 57 54 -18 -16 56 49 -21 41 42 44 -34 45 -9 -47 -13 -7 -31 51 -51 -52 -53 -17 -41 -2 58 -15 60 -10 -61
right_child=1 5 4 10 6 13 7 8 59 16 -12 28 -14 21 36 34 17 -19 25 39 31 -23 -24 30 -26 26 -28 -29 -30 38 -32 -33 43 -35 -36 -37 -38 -39 -40 55 -42 -43 -44 -45 -46 46 -48 -49 -50 50 52 53 -54 -55 -56 -57 -58 -59 -60 61 -62 -63
leaf_value=0.10112201160978276 0.21522269758019147 0.35399634949862957 0.10332415179163557 0.11297936499265737 0.062094563634407067 0.13507487575662622 0.10976449604270505 0.14204915731875306 0.14256130186840893 -0.30259020069830073 -0.14740110116945945 -0.60338318573514105 -0.2749373796382707 -0.13361419416725159 0.51350533044513536 -0.19595659940160204 -0.83356421227670374 0.095633033644816748 -0.21265510614847394 -0.7016872356335323 0.33576015209377402 -0.24163055719922977 -0.10690101844316816 0.23246478586217578 -0.124765566984747 0.09406932693865637 -0.10900293368545005 -0.21701772487291859 -0.20589133366445786 0.066168488639617884 -0.070662594167447954 0.13313045077486951 -0.50318567149643012 -0.15985950043801611 0.24134290396444957 -0.24234371436048641 -0.12314321740500161 -0.10000176651713749 -0.25522121049524654 0.48778366237548332 0.0084523780744925649 -0.28665103034428974 -0.57479761880740787 -0.15957672723188662 0.40285180561520439 -0.6685481274863343 -0.050014703965378042 -0.15890917438035831 -0.44661469068242249 0.049046373377827752 -0.42945077943953058 -0.1418040610450719 0.057792284702367372 -0.82143210170813552 0.12449183900334071 -0.28120172288555367 -0.18638152264825561 -0.22686946987818046 0.047721425605204489 -0.28199239377568408 -0.37498039630628943 -0.7673081748849816
leaf_weight=31900 937 533 15981 2903 11688 221 2989 476 176 457 1943 541 1476 1382 85 4748 144 5286 1732 39 1468 3435 320 962 949 1955 4019 7326 1489 10305 688 2176 1308 6037 196 275 1446 999 367 155 2016 1126 114 311 162 154 357 200 137 2311 345 308 199 81 285 65 204 704 2605 205 582 270
leaf_count=31900 937 533 15981 2903 11688 221 2989 476 176 457 1943 541 1476 1382 85 4748 144 5286 1732 39 1468 3435 320 962 949 1955 4019 7326 1489 10305 688 2176 1308 6037 196 275 1446 999 367 155 2016 1126 114 311 162 154 357 200 137 2311 345 308 199 81 285 65 204 704 2605 205 582 270
internal_value=-0.000981113 -0.0997674 0.0520099 -0.0115891 0.0267365 -0.150262 -0.0139764 -0.0575521 -0.0862693 -0.0645316 0.0520827 -0.128549 -0.0783405 -0.185124 0.0950202 -0.106375 0.0327857 0.0584844 -0.0546821 -0.231143 0.132359 -0.142281 0.181092 -0.030417 0.0544072 -0.0807807 -0.0425472 -0.25035 -0.29811 0.0704384 0.10607 0.214761 -0.373864 -0.110471 -0.1621 -0.445532 -0.087797 0.0297851 0.0326728 0.115686 -0.0815415 -0.157484 -0.0423287 -0.43718 0.0105011 -0.0538969 -0.236422 -0.483417 -0.087527 0.040471 -0.0411607 0.00116093 -0.251213 -0.28332 -0.177811 0.260583 0.14342 -0.0469104 -0.0151343 -0.371557 -0.254812 -0.557856
internal_weight=144253 50364 93889 18339 61989 32025 32092 20404 17415 16182 10970 9761 7531 23466 9027 7369 6421 5964 8559 678 7496 14163 853 6055 3852 7706 5974 9303 2230 29897 1650 3644 1977 10728 5229 419 1531 2140 13916 259 4405 2389 1263 1619 1149 987 511 741 358 13549 3244 2700 544 389 5033 220 1141 4691 3987 1233 758 475
internal_count=144253 50364 93889 18339 61989 32025 32092 20404 17415 16182 10970 9761 7531 23466 9027 7369 6421 5964 8559 678 7496 14163 853 6055 3852 7706 5974 9303 2230 29897 1650 3644 1977 10728 5229 419 1531 2140 13916 259 4405 2389 1263 1619 1149 987 511 741 358 13549 3244 2700 544 389 5033 220 1141 4691 3987 1233 758 475
is_linear=0
shrinkage=0.05


Tree=63
num_leaves=63
num_cat=0
split_feature=34 106 114 126 123 111 105 131 107 125 135 80 127 124 111 56 74 87 112 121 82 89 129 133 40 80 74 107 122 62 90 113 90 125 123 113 111 20 69 123 78 34 130 114 125 34 81 79 78 20 50 34 116 115 132 127 78 131 113 68 50 135
split_gain=267180 62604.9 61142.4 46024.1 38961 33070.5 32609 30002.4 28611 27836.5 27665.6 24876.8 23238.5 21162.2 20686.3 19922.6 19497.6 18345.5 18343.8 21587.2 21774.4 17335.8 18018.4 16531.4 16434.9 16206.2 15894.2 15564.3 14858.8 14668.5 14660.8 14490.3 14295.8 14199 13759.8 13724.3 16967.5 20317.2 13668.5 12986.3 12561.9 12884.9 12557.8 12349.4 12149.4 12055.8 12031.3 12021.6 11891.4 11834.2 16822.8 11507.3 11250.7 11228.5 11218.4 14957.2 10986.7 10948.9 10750.4 10623.5 10483.9 10424.6
threshold=0.40424834862296921 0.23203244000234532 0.4720185185826567 0.77338305904531657 0.0018273406115797001 -0.0070215688515735493 -0.021862885121660097 0.0046134363979298508 0.0087251914443065015 -0.012760087452796399 -0.018750769121115746 -0.5198968351809744 0.039949533056228205 -0.24166054550801633 -0.0052103755980662499 -0.63055711667010739 -0.11032793490870839 0.13003113235136651 0.028200628961544402 0.012660524261976802 -0.85725404967909824 0.16141554987370799 0.00061194735645345004 -0.019968225324810299 -1.0905000065167196 -0.17761545483697441 0.075092103994185311 0.035386506385209106 0.19552924395967833 -0.0068789545074834499 -1.2013798886602383 0.027115574342248702 -0.85441836823316863 0.051578151347766457 0.016048697097583504 0.00037939608519895005 0.015469232237158402 -0.14518592462598504 0.46472769404573655 0.037427279001524108 0.22326198981726708 1.0000000180025095e-35 0.63937344479812019 0.2673072290626553 -0.0098790379310436469 -0.63230116707628847 0.21562549201345846 0.20132885656855712 0.27131697753459799 0.22745214298016783 0.17154671624704593 -0.68281203774413812 -0.14696074780320603 -0.0066611050560715984 -0.014288968799098998 0.037337808488249656 0.24101655448153333 0.033738865914968254 0.025632691370479552 -0.63123818179199287 1.2226231007759762 -0.02300905491079815
decision_type=2 2 2 2 2 2 2 2 2 2 2 2 2 2 2 2 2 2 2 2 10 2 10 2 2 2 2 2 2 2 2 2 2 2 2 2 2 2 2 2 2 2 2 2 2 2 2 2 2 2 2 2 10 2 2 2 2 2 2 2 2 2
left_child=2 7 3 6 -4 12 -1 25 32 60 13 17 27 29 -9 -6 24 61 56 31 -21 22 46 -13 -17 30 -16 44 54 34 -2 48 -8 -25 -10 -34 42 -38 -24 -30 41 -7 -37 -28 45 -5 -19 59 -20 -22 -51 -14 -32 -40 55 -15 -12 -48 -44 -18 -3 -11
right_child=1 9 4 5 15 40 8 14 10 11 18 23 51 28 26 16 47 21 19 20 49 -23 38 33 -26 -27 43 -29 39 -31 52 -33 35 -35 -36 36 37 -39 53 -41 -42 -43 58 -45 -46 -47 57 -49 -50 50 -52 -53 -54 -55 -56 -57 -58 -59 -60 -61 -62 -63
leaf_value=0.13675927195746504 -0.22475454962477381 -0.43988827726184426 0.030889032788188039 0.15704459815785507 0.12842118232561994 0.048392711781026158 0.16612141729970595 -0.15922097537500468 -0.074026238435954725 -0.15183068607464312 0.074912776870980011 -0.2245122257489264 0.050000473951237114 -0.059410461165674125 -0.12111727875515904 0.02322795362921343 0.23698131112338927 -0.087466289010753331 0.032205170451548679 0.36114449108188806 -0.16424933953841891 -0.19733200689062283 0.93443061470985411 -0.10135334060056472 -0.31636856795168439 -0.035652092885141921 0.13605743406066936 -0.47399030697693256 -0.19143459648479644 -0.50258491099676461 0.023218600535824644 -0.38713428703085268 0.1039516546619913 -0.2569570901032987 -0.95811661913039847 0.083975534145226488 -0.26525056651238588 0.037826045334882819 -0.50308226607739925 -1.0443217203021049 0.3890630858883794 -0.13070951476507317 -0.0038045984268437957 -0.061579977120248798 -0.04842263914104708 -0.61459821665757586 0.45478260446194324 -0.25948644120408787 0.38343772942801402 -1.0892467327415944 -0.10876957627015971 -0.61161211871010879 0.24094092667065051 -0.053269934371433597 0.054745483530117094 -0.65855983853886979 0.35177136070642695 -0.1650841711549198 -0.42926888149111503 -0.07513563937203005 -0.23883420297749886 0.37798195124071626
leaf_weight=14148 253 979 6513 69 639 4379 4421 4769 692 121 12399 7122 79 2348 2174 420 304 218 6038 187 1688 1373 30 9090 2348 2348 1893 283 636 412 863 199 16143 1748 47 11891 940 1343 178 48 224 1303 3524 1357 2380 190 440 819 251 87 88 391 1899 629 3342 109 369 85 155 2642 1920 399
leaf_count=14148 253 979 6513 69 639 4379 4421 4769 692 121 12399 7122 79 2348 2174 420 304 218 6038 187 1688 1373 30 9090 2348 2348 1893 283 636 412 863 199 16143 1748 47 11891 940 1343 178 48 224 1303 3524 1357 2380 190 440 819 251 87 88 391 1899 629 3342 109 369 85 155 2642 1920 399
internal_value=-0.00114419 -0.111231 0.0408812 0.0557297 -0.0576413 -0.0496629 0.0677527 -0.0328896 0.0532583 -0.161317 0.0157128 -0.141648 -0.17409 -0.0659578 -0.0832572 -0.138037 -0.1641 -0.019151 0.0449756 -0.0117589 -0.153198 -0.0673738 0.0455582 -0.165336 -0.26484 0.0628399 -0.0164669 -0.121603 -0.0308806 -0.26353 0.139543 0.0329313 0.0815417 -0.12645 -0.130254 0.0705426 0.0403335 -0.0869624 -0.113527 -0.251286 0.0217994 0.00732087 0.0589987 0.0535362 -0.0838134 -0.409025 0.224771 -0.090036 0.0462232 -0.204825 -0.596207 -0.500405 0.172913 -0.152485 -0.00488349 -0.0859906 0.0829141 0.354423 -0.0217298 -0.0429281 -0.306731 0.254699
internal_weight=144376 39888 104488 90803 13685 9298 81505 15556 67357 24332 28940 21433 3392 7634 10193 7172 6533 3473 21306 8538 2050 2953 1580 17960 2768 5363 5424 2922 6483 1151 3015 6488 38417 10838 739 33996 17853 2283 837 684 5906 5682 15570 3250 2639 259 743 3765 6289 1863 175 470 2762 807 5799 2457 12768 525 3679 2946 2899 520
internal_count=144376 39888 104488 90803 13685 9298 81505 15556 67357 24332 28940 21433 3392 7634 10193 7172 6533 3473 21306 8538 2050 2953 1580 17960 2768 5363 5424 2922 6483 1151 3015 6488 38417 10838 739 33996 17853 2283 837 684 5906 5682 15570 3250 2639 259 743 3765 6289 1863 175 470 2762 807 5799 2457 12768 525 3679 2946 2899 520
is_linear=0
shrinkage=0.05


Tree=64
num_leaves=63
num_cat=1
split_feature=34 106 124 135 110 36 125 123 102 103 125 127 113 111 136 127 92 131 120 90 107 56 135 80 90 121 123 120 123 127 90 97 121 83 89 73 78 95 94 123 110 81 125 74 133 62 103 111 127 50 96 125 90 107 46 107 45 74 125 80 42 125
split_gain=252801 56137 53014.3 41362.9 38023.3 40453.4 34460.3 33237 28832.6 27535.5 27406.3 25587.4 22924.1 24536.8 30737.5 29877.3 23730.9 21917.3 21377.8 21215.8 19811.7 19767.8 19375.3 18087 17586.6 18227.2 17474.5 17349.4 19602.6 16892.5 16681.3 16585.3 16226.6 16167.1 17957 15810.5 15562.2 15448.8 14677.3 13772.4 13323.3 13254.7 12596.5 12430.9 12122.5 13686.3 12091.6 11819.9 12638.9 11628.3 10618.3 10595.3 10525.5 10322.7 10313.7 10225.9 10186.4 10147.6 10209.1 10105.1 10840.4 10096.7
threshold=0.40424834862296921 0.23203244000234532 0.50324551482973567 -0.017412846386643494 -0.027233076620624446 -0.39662343885290868 -0.0091419981779934986 0.0015126801161118501 0.29996804136860916 -0.0080279590809470992 -0.012760087452796399 0.0056274717300202511 -0.0064565348580445997 0.013832005669403402 0 0.018704586753870354 0.066188825377675856 0.026215439750384054 -0.11346922550192283 -0.17683973347691337 0.032846235523234409 -0.43471854633905888 -0.02300905491079815 -0.57106606483132116 0.33388663207796049 0.012090692545193351 0.00080081371668785006 -0.25883937634676241 0.027704550098994401 0.015594777454455351 0.27560167087501414 0.44790841669528808 -0.0059798090538969997 0.16929025804472117 0.15909993438969502 0.43144487455443942 0.28147755900547433 0.59110122114646257 0.028663172195555555 0.026240913489967054 0.18088434460086214 0.21261951841457738 0.023402364655231152 -0.099576420990319145 -0.015014779937019948 -0.43517647696795397 -0.0073889705091997491 0.0031082760484196508 0.045378026848643858 1.2513385004024238 -0.71902621921138454 -0.012050387439153949 0.91600804162427185 0.034493682797722504 0.43287901001596674 0.00118249865158905 0.055648209484827654 0.17428686256569328 0.0039917242339133508 -0.62292733362784947 0.26684618027525914 0.019542734409225802
decision_type=2 2 2 2 2 2 2 2 2 2 2 2 2 2 1 2 2 2 2 2 2 2 2 2 2 2 2 2 2 2 2 2 2 8 2 2 2 10 10 2 2 2 2 2 2 2 2 2 2 2 2 2 2 2 2 2 2 2 2 2 2 2
left_child=2 8 3 4 5 39 46 42 18 36 49 -8 -11 15 -15 37 26 22 -2 38 47 -9 -12 33 25 61 -16 28 53 55 40 43 44 -24 35 -35 52 54 -20 -1 -28 -37 -4 -32 45 -17 -7 48 59 -3 -41 -34 -5 -6 -14 -10 -40 58 -42 -13 -61 -23
right_child=1 10 7 9 27 6 11 21 29 12 17 20 13 14 16 32 -18 -19 19 -21 -22 24 23 -25 -26 -27 30 -29 -30 -31 31 -33 51 34 -36 41 -38 -39 56 50 57 -43 -44 -45 -46 -47 -48 -49 -50 -51 -52 -53 -54 -55 -56 -57 -58 -59 -60 60 -62 -63
leaf_value=0.050532317069277272 -0.07130118642683661 -0.43364172014080399 0.087285621172528055 0.1134715501999965 -0.0093377487414539606 -0.16686798416521248 0.0028754421366325566 0.12454924153504905 0.069724252023449659 0.17604289907073895 -0.18006465975331848 0.06367618034885833 0.073599528760876096 0.11635728914766236 0.036322858187447703 -0.018283632646386442 0.15465943214643416 -0.19026437323675754 0.26341035781134092 -0.029209495167450691 -0.53623500575054972 -0.10564490802149328 0.43625960229569438 -0.079995465424626003 -0.11008852068595346 -0.51000617990853903 -0.13990288790030722 0.07306289889391103 -0.72837025773796171 -0.18103225576003248 0.080388432477290439 -0.15897504260552686 -0.26936061746235623 0.60607550183035952 -0.19574531407750184 -0.38145281157867855 0.33279901172359433 -0.41016340939015711 0.35783233549900173 0.022936804186214101 -0.072077047015013912 0.20881194943158232 -0.16314450600938579 1.0728307327691544 -0.04785522072393035 -0.41536957067359026 -0.57061341935651722 0.052603565743690683 -0.71675732876253084 -0.22419228000185504 -1.0278627982117097 0.042653076842697375 -0.21407209011545825 -0.3955426967783684 0.20289388494919028 -0.085768055008339159 -0.08574059427342702 -1.0338136123574297 -0.48864588123475583 -0.28122303567151979 0.2150579106559356 -0.48137885815894121
leaf_weight=4824 2684 1024 3105 22278 1936 269 2736 612 1555 3367 3884 338 26955 1964 827 325 670 9645 2017 1764 403 902 308 6421 3477 667 539 13225 110 3422 96 1387 295 176 505 129 811 161 164 44 184 362 599 47 1237 653 597 524 118 1878 53 3503 248 190 1636 3304 614 69 733 1325 120 223
leaf_count=4824 2684 1024 3105 22278 1936 269 2736 612 1555 3367 3884 338 26955 1964 827 325 670 9645 2017 1764 403 902 308 6421 3477 667 539 13225 110 3422 96 1387 295 176 505 129 811 161 164 44 184 362 599 47 1237 653 597 524 118 1878 53 3503 248 190 1636 3304 614 69 733 1325 120 223
internal_value=0.000624227 -0.106499 0.0415271 0.0528577 0.000265634 -0.0692259 -0.151801 -0.070534 -0.0322087 0.073599 -0.153898 -0.106136 0.0505935 0.0403615 -0.0486784 0.0570502 -0.119877 -0.13437 0.0406517 0.106561 -0.211601 -0.144426 -0.0886257 -0.0436758 -0.175667 -0.302909 -0.167568 0.0512842 -0.0775276 -0.0959363 -0.222762 -0.106116 -0.0443078 0.113898 0.0291812 0.199478 0.117613 0.0782475 0.19225 0.0386711 -0.33979 0.0537322 0.0467868 0.406576 -0.151862 -0.283414 -0.445201 -0.157651 -0.215607 -0.298099 -0.551211 0.0184182 0.109865 -0.0438528 0.0809979 -0.0360067 0.00776321 -0.44906 -0.40506 -0.18244 -0.240009 -0.180124
internal_weight=144238 39856 104382 94797 26812 11351 6430 9585 15524 67985 24332 5564 44648 41281 6516 34765 4552 21430 7243 4559 2828 5881 11785 7901 5269 1792 3882 15461 2236 8281 3055 1530 6013 1480 1172 667 23337 28752 2795 4921 1525 491 3704 143 2215 978 866 2425 1901 2902 97 3798 22526 2126 28591 4859 778 986 917 1783 1445 1125
internal_count=144238 39856 104382 94797 26812 11351 6430 9585 15524 67985 24332 5564 44648 41281 6516 34765 4552 21430 7243 4559 2828 5881 11785 7901 5269 1792 3882 15461 2236 8281 3055 1530 6013 1480 1172 667 23337 28752 2795 4921 1525 491 3704 143 2215 978 866 2425 1901 2902 97 3798 22526 2126 28591 4859 778 986 917 1783 1445 1125
cat_boundaries=0 1
cat_threshold=3
is_linear=0
shrinkage=0.05


Tree=65
num_leaves=63
num_cat=1
split_feature=34 118 127 107 102 103 111 125 94 127 135 136 70 125 125 114 34 115 72 115 111 135 134 80 90 77 68 76 121 123 115 111 62 135 121 56 90 98 50 103 92 131 119 123 115 80 123 133 51 77 23 112 131 60 125 51 90 50 127 123 84 125
split_gain=224047 69207.8 48491.1 39173.4 36953.4 31810.5 31329.3 28914.1 25463.8 25140.4 23369 21732.6 21370 22377.7 20973.5 18856.2 18757.1 18738.4 18509.6 17694.3 17306.8 16622 14680.7 14334.4 23200.3 15572.2 16535.1 23703.7 14129.2 14024.5 13410.3 13335.2 12212.6 12178.4 11975 11389.6 11276.2 14517.4 11126.8 10947.8 10936.3 10821.9 10798.7 10722.1 10629.1 10383.3 15584.2 10293.2 10196.1 10146.5 10029.3 9973.11 9720.73 10181.1 9717.41 12719.6 12612.3 14834 12686.2 14561.7 11559.6 9638.34
threshold=0.62200853235647802 0.3332509521169752 0.038146981317970605 0.026246809155814652 1.0000000180025095e-35 0.040018581162176659 0.019540700335145753 0.014528005035680301 -0.084459474936191728 0.018108068858238503 -0.021552013030491746 0 1.2981011210622804 -0.013574270229808097 -0.014522223983232949 0.01158006710684095 -0.049861780928993342 0.015978469378112706 0.1158476861312427 -0.0090591559677695981 -0.0052103755980662499 -0.030546617494114647 -0.13790777275989963 -0.50779077147344898 -1.2013798886602383 0.33333935037341861 0.8740244262169643 -0.60862923886005216 -0.030198551020894044 0.026240913489967054 0.0066948010152806511 -0.013124751939409549 -0.40718472260325606 -0.00055358440906584986 -0.018059814985805996 0.58378475804203622 -0.85441836823316863 -0.049780288893216444 0.56083897391042004 0.013818076692615701 0.08863731615128552 0.0082531259530641016 0.042486715041071557 0.0040418355475956508 0.022502021915822106 0.13720142280171843 0.0035602846799742001 -0.0025378406863829496 0.67049042726752794 0.11530974862185871 -0.64830651022102137 -0.0030789136609459 -0.0074254225116412989 -2.962915813148465e-14 0.032446809068750554 0.70275328737900777 -0.52991344438981425 1.0154352149331298 0.019292129539327702 0.0060192370049086509 0.81214479973859577 -0.0080451558914313975
decision_type=2 2 2 2 2 2 2 2 8 2 2 1 2 2 2 2 2 2 2 2 2 2 2 2 2 2 2 2 2 2 2 2 2 2 2 2 2 2 2 2 2 2 2 2 2 2 2 2 2 2 2 2 2 8 2 2 2 2 2 2 2 2
left_child=1 4 3 6 15 8 10 9 35 28 16 -8 13 -10 -11 18 -3 -17 -1 32 34 -15 48 24 -23 26 27 -26 43 50 -9 -4 -5 -33 -16 -2 37 49 -25 -36 45 -38 -43 -6 61 46 -13 -18 -20 -12 -21 -24 53 -7 56 -56 57 -40 59 60 -58 -30
right_child=5 2 31 19 7 52 11 30 12 14 36 40 -14 21 20 17 47 -19 22 29 -22 23 51 38 25 -27 -28 -29 44 -31 -32 33 -34 -35 39 -37 41 -39 54 -41 -42 42 -44 -45 -46 -47 -48 -49 -50 -51 -52 -53 -54 -55 55 -57 58 -59 -60 -61 -62 -63
leaf_value=0.10152270518766851 0.36075037035126511 0.017823369300541802 -0.45882919982903536 0.001379584341213621 0.060508220429005832 0.21244972465372883 0.12877656759216535 0.053506969868572188 -0.25132812766791252 -0.51734181318322991 0.70876243170350794 -0.21672348985769629 -0.20897296464236101 -0.14703085836377122 -0.460712357563203 0.075745834111262247 -0.24490135461306362 -0.056337743990597336 0.049648749644571916 0.093287385695531411 0.040543009507446492 -0.21145701951363505 0.10140914613131397 -0.19844751456617668 1.3135991247157095 -0.10631399892815729 0.0033656739561100965 0.29632671912175845 -0.016677787113113698 -0.37480038560818146 -0.13769590000723328 -0.29519127720513766 -0.53606610827004686 0.031215778523435198 0.0041475048401260475 -0.16167270717868473 0.082141250917970698 0.39212909753964076 -0.50382685287926632 -0.24660934189817421 0.29839432991432902 0.013577511240904387 -0.34382397154161559 -0.5821334217418761 -0.13845508889791566 -0.16977282139526884 -0.73687279313450982 -0.035948459805746277 0.94231252884774508 0.066228787127395078 -0.097067626739418489 0.35781742782707426 -0.21436270323728313 -0.14498800719763191 -0.14183044647071885 0.75872263255529104 0.29303426967041257 -0.023409228642197702 -0.076817695782756823 -0.075710582482667765 0.061562433292004372 0.083213442332481152
leaf_weight=21919 448 3777 630 145 115 269 571 1214 1568 239 64 377 3447 3529 268 13972 1450 3324 1044 790 2912 517 485 1134 61 410 488 935 2745 411 3749 783 390 450 1026 136 9605 538 249 756 98 8114 217 149 621 1460 233 993 33 1537 5576 1739 8557 768 1985 40 960 453 1695 902 1231 20077
leaf_count=21919 448 3777 630 145 115 269 571 1214 1568 239 64 377 3447 3529 268 13972 1450 3324 1044 790 2912 517 485 1134 61 410 488 935 2745 411 3749 783 390 450 1026 136 9605 538 249 756 98 8114 217 149 621 1460 233 993 33 1537 5576 1739 8557 768 1985 40 960 453 1695 902 1231 20077
internal_value=0.000296128 0.0320488 -0.0228913 -0.0101388 0.0595301 -0.121883 0.0159109 0.0205673 -0.0862598 0.0397087 0.0326739 -0.145017 -0.0959519 -0.0718395 -0.0598415 0.0905703 -0.0520072 0.0503616 0.118146 -0.113575 -0.0378055 -0.0525484 0.228524 -0.0224011 0.0854108 0.166446 0.241804 0.35863 0.0615487 -0.0917213 -0.0909257 -0.271685 -0.390403 -0.176065 -0.149099 0.23909 0.0589113 0.167424 -0.0524548 -0.102234 -0.216723 0.0459704 0.00426817 -0.302195 0.065645 -0.242157 -0.415403 -0.159969 0.0770006 0.0919141 -0.0734452 0.301901 -0.196842 -0.0522679 -0.0304248 -0.124042 0.00410602 -0.193814 0.0331243 0.0933738 0.162983 0.0711987
internal_weight=144378 114596 38209 36346 76387 29782 29034 33871 20188 28908 26295 2739 19604 16157 5201 42516 6220 17296 25220 7312 4962 14589 3301 11060 2411 1894 1484 996 23707 6777 4963 1863 535 1233 2050 584 20075 2139 8649 1782 2168 17936 8331 264 23443 2070 610 2443 1077 1601 6366 2224 9594 1037 7515 2025 5490 702 4788 3093 2191 22822
internal_count=144378 114596 38209 36346 76387 29782 29034 33871 20188 28908 26295 2739 19604 16157 5201 42516 6220 17296 25220 7312 4962 14589 3301 11060 2411 1894 1484 996 23707 6777 4963 1863 535 1233 2050 584 20075 2139 8649 1782 2168 17936 8331 264 23443 2070 610 2443 1077 1601 6366 2224 9594 1037 7515 2025 5490 702 4788 3093 2191 22822
cat_boundaries=0 1
cat_threshold=3
is_linear=0
shrinkage=0.05


Tree=66
num_leaves=63
num_cat=1
split_feature=36 127 125 90 113 136 52 125 74 129 133 127 135 121 127 46 119 122 121 105 124 95 102 74 85 95 78 111 121 74 86 92 79 74 73 70 62 78 83 84 56 92 69 78 125 50 46 121 90 113 90 76 75 84 87 110 43 84 98 77 94 89
split_gain=200783 74484.2 67013.5 36846.2 35471.6 43850.1 40855.7 39948.4 44798.5 38434.4 35219.8 31570.8 31574.6 31359.1 28743.4 26239.3 25274.2 24672 35077.9 23916.7 19817.7 19703.6 19231.8 17941.9 28974 48715.6 17693.8 17662.7 17396.9 16667.2 18200 17205.7 23562.9 19691.2 17963.5 16587.7 16353.9 15776 15745.7 15494.4 16235.3 16544.4 16364.5 15837.9 15421.8 20267.5 15374.6 15347 15312.8 15286.2 15133.5 14952.2 14803.6 17584.9 16894.8 14363.7 14265 14240.2 13409 19002.4 18973.6 25748
threshold=0.14236830944612447 0.0145934331299427 0.023402364655231152 -0.84350258738054429 0.00097002121387650012 0 0.090203610830355871 0.0079460750672978517 -0.099576420990319145 0.0062403134885943004 -0.012236017595059748 -0.010786915669587447 0.022331952420891053 0.00042708781891075007 -0.006667734016474549 -0.13156089619381331 -0.013232909701007598 0.25297135427074863 -0.014505704751932549 -0.018786006403405896 -0.098159998997711537 0.098619062823164752 0.34457241831118751 -0.11032793490870839 0.57254404935887693 0.7016600396276772 -0.025448629842104196 0.0027160356236236006 -0.0021156847213007497 -0.017444109915089896 -0.028507861435299545 -0.92845540569709739 0.035997770561048963 0.10407093270626762 0.59082460443490459 -0.10709820962486534 0.26328297647531956 0.24101655448153333 0.16760944507178951 0.39437223737244403 -0.74204993415774412 0.61698548035132605 0.61372587707569559 -0.047004245962563841 -0.0013961949500629499 1.0874041652743121 -0.45596950828898603 0.013998508075783102 -0.40186336339406675 0.0025704060059077005 0.68887032407465931 0.79946366085301335 0.2122607376772431 -1.1341561938217604 0.1872098050141178 -0.031658394982218348 0.34951966680679936 -0.0094751912725628499 -0.075670116770000281 0.47268602768135237 0.03354779900723711 0.13793477823368358
decision_type=2 2 2 2 2 1 2 2 2 8 2 2 2 2 2 2 2 2 2 2 2 10 2 2 2 10 2 2 2 2 2 2 2 2 2 2 2 2 10 2 2 2 2 2 2 2 2 2 2 2 2 2 2 2 2 2 2 2 2 2 10 2
left_child=3 2 10 58 5 6 11 17 9 49 14 -5 16 27 56 -10 -13 -6 -19 -18 -21 -15 -12 -4 -25 -26 35 44 -16 -17 57 34 33 -33 -32 -7 -23 -30 -29 40 42 -42 -37 -43 45 55 -46 -34 -22 -9 51 -28 54 -54 -11 -3 -2 -31 59 60 -1 -62
right_child=1 13 23 4 7 26 -8 8 15 52 22 12 -14 21 28 29 19 18 -20 20 48 36 -24 24 25 -27 50 38 37 30 31 32 47 -35 -36 39 -38 -39 -40 -41 41 43 -44 -45 46 -47 -48 -49 -50 -51 -52 -53 53 -55 -56 -57 -58 -59 -60 -61 61 -63
leaf_value=0.12758214336905646 0.16160775521530646 -0.46477352399170968 -0.23343201477719636 0.12501171192107649 0.056659174466911912 0.092688777128210317 0.059463579227541807 -0.23482095675473588 0.11225332026446433 0.1986965125413884 0.1178273081116798 0.15186355602545817 0.10070048745133067 0.18091928769196564 -0.17467287857161357 0.13252273254040603 -0.031254682542037282 -0.40267710721704603 -0.0028776463890136071 -0.50782947585992289 -0.041014637022379036 0.10352391134706938 -0.0021165448892912844 -0.10912172889159728 0.02058076519883217 1.8255196175896207 0.15996104582010851 0.18398478705923826 -0.054896265442022876 0.1548368868549522 -0.0060261802133468843 -0.63741154104563202 -0.10325783523405913 0.32988559846150678 1.0775721638701683 0.012664201855659486 -0.13598806362879656 0.3262342819823465 -0.11902838969925832 0.36362859733805464 -0.014943213611516463 0.013315010287544943 -1.0529694410972297 -1.124112165665281 0.032208692991358333 -0.18542481390529283 -0.17806957716604363 -0.58305108289528185 -0.3384463572250907 -0.5095045936873247 -0.29881629212841132 0.4629361323035579 0.1810543593811238 -0.2838064482144888 -0.16911544009965387 -0.20276433061644755 -0.11724086563788563 -0.15927572224963063 0.22309194768025817 -0.54004915074971716 0.2148044827727624 -0.64214416381693329
leaf_weight=6460 1787 1522 3451 1278 19667 16992 11555 1101 3041 766 8119 427 995 882 4148 814 912 714 2369 978 681 929 5680 5074 133 52 7381 546 2238 873 346 486 1533 59 43 61 3061 309 1996 185 1290 55 88 69 969 3623 8446 187 1187 938 171 431 254 1022 527 797 617 615 3053 115 162 191
leaf_count=6460 1787 1522 3451 1278 19667 16992 11555 1101 3041 766 8119 427 995 882 4148 814 912 714 2369 978 681 929 5680 5074 133 52 7381 546 2238 873 346 486 1533 59 43 61 3061 309 1996 185 1290 55 88 69 969 3623 8446 187 1187 938 171 431 254 1022 527 797 617 615 3053 115 162 191
internal_value=-0.0006019 -0.0764689 -0.0268006 0.0452011 0.0339118 0.063493 0.00316712 -0.0035183 -0.0749208 -0.199097 0.0181011 -0.0975566 -0.152468 -0.145412 -0.0582634 -0.00336866 -0.21266 0.0360434 -0.0954682 -0.254079 -0.325483 -0.0329464 0.0684555 -0.144844 -0.0867122 0.527915 0.104116 -0.176025 -0.111515 -0.0743143 -0.114963 -0.193441 -0.2462 -0.532695 0.113755 0.077601 -0.080222 -0.00865781 -0.0539437 -0.069065 -0.12028 -0.067969 -0.616703 -0.619608 -0.196233 -0.259304 -0.156428 -0.155421 -0.230014 -0.361184 0.166491 0.176677 -0.0704495 -0.191271 0.048784 -0.374726 0.0900397 0.0250121 0.13579 0.0973187 0.108077 -0.24887
internal_weight=144451 54379 31608 90072 80091 44736 18013 35355 12605 4608 22898 6458 5180 22771 9099 7997 4185 22750 3083 3758 2846 4872 13799 8710 5259 185 26723 17899 6695 4956 4142 2654 2265 545 389 18740 3990 2547 2542 1748 1563 1414 149 124 15357 5942 9415 1720 1868 2039 7983 7812 2569 1276 1293 2319 2404 1488 9981 6928 6813 353
internal_count=144451 54379 31608 90072 80091 44736 18013 35355 12605 4608 22898 6458 5180 22771 9099 7997 4185 22750 3083 3758 2846 4872 13799 8710 5259 185 26723 17899 6695 4956 4142 2654 2265 545 389 18740 3990 2547 2542 1748 1563 1414 149 124 15357 5942 9415 1720 1868 2039 7983 7812 2569 1276 1293 2319 2404 1488 9981 6928 6813 353
cat_boundaries=0 1
cat_threshold=2
is_linear=0
shrinkage=0.05


Tree=67
num_leaves=63
num_cat=2
split_feature=34 118 110 90 90 105 122 123 126 111 94 125 125 113 133 103 74 68 130 92 85 54 121 121 42 103 107 75 94 113 107 120 88 131 78 90 121 93 127 75 58 79 82 92 85 111 56 136 42 75 85 82 101 80 56 135 74 136 123 131 111 97
split_gain=182822 74725 46471.3 37399.1 35565.8 36847.8 34841.1 30962.8 28646 28298.2 26066.4 24739.4 23162.5 22163.9 19502.3 18063.8 17301.7 26161.7 16646.2 15826.9 15806 15292.5 14871.7 14823.9 14396.3 13626 13827.3 13591.1 13478.6 13457.7 13187.1 12863.6 12032.3 11500.1 11320.5 11266.8 10957 23033.2 21631.1 20434.7 17671.8 12165.2 11970 12643 11057.9 10847.2 13542.6 10684.7 10812.3 10599 10394.6 10606.6 10058.5 9842.42 9892.51 9688.05 9674.28 9681.03 9800.86 9679.42 9668.76 9634.24
threshold=0.13240840594535488 0.53913577502652288 -0.17704596489647517 -0.23950174969101212 -0.81282470166538678 0.0043608378997710513 0.065297938488331472 0.016690403261148203 0.0059287774284338011 0.019540700335145753 -0.07878520093167253 -0.0065369264608449986 -0.0074356242700820497 0.0023275813841716502 -0.010687756668650699 0.037491285506811058 0.089324032954472013 -0.62414114592034664 0.11791779019490486 -0.69436553878861085 0.43604698944864279 -0.12328026516491312 0.0071228423980502003 -0.0057347350560654998 -0.060130984754166894 -0.014665256123424999 -0.0062612920768748996 0.093034756704288318 0.028663172195555555 -0.0027142520273894495 0.025919141179191852 -0.058366105793942739 -0.021934910886898345 0.017074761530171106 0.22326198981726708 -1.2013798886602383 0.0082109816421658526 0.41947011410627733 -0.0026207096317182499 0.12343055704972036 -0.77470664984366244 0.030407569358221306 0.064448769722446314 -0.60208899819912287 0.35954722860180827 -0.0036415955409899495 -0.66764649125660946 0 -0.21450166341899748 0.10281505040466461 0.37255505357469437 -0.0014879732555366499 0.58340189013186183 -0.13359153391894352 -0.25823001053526334 0.048470930414289355 -1.4137451450191902 1 0.00070287250796965018 0.016020657312459004 -0.0098288005992344992 0.7428019274061578
decision_type=2 2 2 2 2 2 2 2 2 2 10 2 2 2 2 2 2 2 2 2 2 2 2 2 2 2 2 2 8 2 2 2 2 2 2 2 2 2 2 2 2 2 10 2 2 2 2 1 2 2 2 10 2 2 2 2 2 1 2 2 2 2
left_child=4 2 11 8 24 25 16 9 31 30 29 -2 -3 20 -13 33 17 -7 -19 -9 28 -12 55 47 -1 -6 -27 -16 53 -10 34 -4 -18 -14 -8 -29 37 -28 -39 56 -40 42 61 -44 -41 46 50 -20 -49 60 -43 -52 -21 54 -5 -23 -38 -58 -59 -60 -31 -42
right_child=1 12 3 13 5 6 7 19 10 -11 21 14 15 -15 27 -17 32 18 23 52 -22 22 -24 -25 -26 26 36 35 -30 49 -32 -33 -34 -35 -36 -37 39 38 40 44 41 45 43 -45 -46 -47 -48 48 -50 -51 51 -53 -54 -55 -56 -57 57 58 59 -61 -62 -63
leaf_value=0.098890767742052688 -0.25197911034305193 -0.24522655638350868 0.050829078661107488 -0.98769640803337111 0.117896619130825 0.063054318427029368 0.0071536985512339378 -0.087280921849968107 0.41277805551209235 -0.24637530416992015 -0.24135477838786318 -0.13846202407584252 -0.027623368286668851 -0.11421729831802765 -0.032156250954266323 -0.19139892735079855 0.045791071513874182 0.0061321303600511039 0.18216689848899842 -0.53341783633228479 -0.13456479709886907 -0.07216396452861186 0.31219249667760474 -0.068340920490029877 0.23653901893232709 0.10641878477280492 0.10432083910290729 -0.55756886181947984 -0.042003024138156826 -0.19556394531439358 -0.15033324102888054 0.22142399785249209 0.16937508007599222 -0.12552887788973852 0.36201652611188334 0.25013782318176742 0.62835515549011312 0.10469180445206527 0.084767254906434539 -0.33144768969297494 -0.099693868458607657 0.061637989245355129 -0.027326338033418399 -1.1495925748959566 -0.045700354659823195 0.013930734873253962 -0.13519660052183077 -0.97995590597896265 -0.28411985156009684 0.40393070391456565 -0.50448440773219905 -1.5708297689755759 -0.15621133756883923 0.1929274372250854 -0.022345278804878826 0.6120321458803033 0.11645144565145248 0.092995761825577991 -0.029763558955718184 -0.32591127244731227 0.10620120920845111 -0.54203943531853815
leaf_weight=7632 2259 4360 1585 30 10305 9731 7185 580 385 1452 1000 4784 5349 5638 3870 5544 5624 5618 115 615 1094 2174 313 3369 2529 7999 8516 46 1373 341 1375 3649 3031 6828 232 703 66 2407 1219 743 415 36 37 78 622 1333 1354 59 1038 229 58 39 248 2039 230 53 1375 670 694 458 1198 175
leaf_count=7632 2259 4360 1585 30 10305 9731 7185 580 385 1452 1000 4784 5349 5638 3870 5544 5624 5618 115 615 1094 2174 313 3369 2529 7999 8516 46 1373 341 1375 3649 3031 6828 232 703 66 2407 1219 743 415 36 37 78 622 1333 1354 59 1038 229 58 39 248 2039 230 53 1375 670 694 458 1198 175
internal_value=0.000811789 -0.0707931 -0.0231469 0.0207296 0.0451056 0.0337627 0.000304428 -0.0724286 0.0853314 -0.0418838 0.00770703 -0.103402 -0.141985 -0.0471196 -0.0677069 -0.116584 0.0300414 0.00440684 -0.0515495 -0.289269 0.0322544 -0.0757303 -0.0105238 -0.122288 0.13315 0.0686712 0.0507427 0.00557567 0.081955 0.144896 -0.00811204 0.169763 0.0890705 -0.0825219 0.0182536 0.200532 0.0287988 0.0487663 -0.0173926 -0.0387966 -0.0793356 -0.136085 -0.321857 -0.788516 -0.201239 -0.0896418 -0.182488 -0.272247 -0.318639 0.0865621 -0.663936 -0.933221 -0.42502 0.155985 -0.133732 -0.0558809 0.0291574 0.0167873 -0.0587424 -0.147503 0.0393384 -0.230898
internal_weight=144106 55074 32993 21331 89032 78871 40272 11687 10927 10244 5693 11662 22081 10404 9403 17721 28585 19930 10199 1443 4766 3540 2540 4581 10161 38599 28294 4619 3672 2153 8792 5234 8655 12177 7417 749 20295 15667 7151 4628 4744 3525 705 115 1365 2820 1487 1212 1097 1768 133 97 863 2299 260 2227 3263 3197 1822 1152 1539 590
internal_count=144106 55074 32993 21331 89032 78871 40272 11687 10927 10244 5693 11662 22081 10404 9403 17721 28585 19930 10199 1443 4766 3540 2540 4581 10161 38599 28294 4619 3672 2153 8792 5234 8655 12177 7417 749 20295 15667 7151 4628 4744 3525 705 115 1365 2820 1487 1212 1097 1768 133 97 863 2299 260 2227 3263 3197 1822 1152 1539 590
cat_boundaries=0 1 2
cat_threshold=8 3
is_linear=0
shrinkage=0.05


Tree=68
num_leaves=63
num_cat=0
split_feature=34 118 125 105 105 133 112 90 123 103 87 72 75 23 80 111 78 66 111 99 105 70 86 125 127 72 71 89 115 103 42 74 121 111 127 115 126 78 82 71 91 87 55 90 89 73 100 58 82 132 40 126 43 76 113 92 88 132 20 99 109 133
split_gain=168864 65278 39540.9 34688.1 29649.6 27980.5 26890 27716.3 31942.5 23789.8 22033.1 27071 20137.5 19398.4 19315.7 19222.3 18807.4 17750.8 16300.7 14718.2 14105.2 13558.5 14786.9 17875.3 13461.5 17745.8 13303.7 13287.4 13168.9 12521.4 12418.8 12324.5 20276.6 13061.9 12086.7 12253.8 11669.4 11113.1 10909.1 10733.3 10858.5 10432.5 10402.8 12386.6 11701.2 14609.6 10968.2 11975.5 10373.5 10263.9 10123.1 10089.5 9946.3 9933.97 9756.08 13089.9 9663.74 9528.91 9433.24 9423.96 9386.86 9368.54
threshold=0.18764081745688727 0.09997528563509496 -0.0076286597217435489 0.0051812230921263512 0.026939190260256953 -1.0000000180025095e-35 0.063177209001116563 -0.78383966671351335 0.019759094221506904 0.040018581162176659 0.14126998475361857 -0.99815086010109022 0.12343055704967647 0.17757003601593832 0.18858673564200312 -0.0032375683537375498 0.28147755900547433 0.47695554938314472 0.0021772717995629004 0.75917606543918192 -0.029472676926310146 -0.23981433297103497 -0.028507861435299545 -0.0011636166188102499 -0.0071006324035129487 0.70345190625136977 0.63426752551425125 0.026174493252348403 -0.0057626639243682489 -0.021640540580083946 -0.14016869003738847 0.081129666766626765 -0.015437225763074948 -0.029877293911624848 0.038146981317970605 0.020815295107394504 0.39331292876201462 0.23103857980557099 0.9549470299490489 0.76030648443935089 0.16428949690940428 0.39503001009800148 0.065004708134378905 -0.86417855119313358 0.16141554987370799 0.53278326792437491 -0.26850218124092617 0.12467634088452727 -0.19461281975468123 -0.076884091771210181 1.0000000180025095e-35 0.054534985920774756 0.26124823687452597 0.86542158742483333 0.0035958135397505006 -0.60208899819912287 -0.11588781901219254 0.051939476519162302 -0.73571226214783259 0.5837152646617968 8.0239777553064905e-05 -0.019968225324810299
decision_type=2 2 2 2 2 2 2 2 2 2 2 2 2 2 2 2 2 2 2 2 2 2 2 2 2 2 2 2 2 2 2 2 2 2 2 2 2 2 10 2 2 2 2 2 2 2 2 2 10 2 2 2 2 2 2 2 2 2 2 2 2 2
left_child=3 5 24 16 9 15 19 -8 10 14 38 -12 31 51 18 36 20 41 42 27 -1 -21 23 -23 -3 28 -25 53 -26 -22 -24 58 -33 -34 35 61 49 39 -9 -29 -41 -10 60 44 45 -44 -45 -48 56 -2 -36 -7 -17 -5 -14 -56 -37 -51 -13 -20 -4 -31
right_child=1 2 4 6 -6 13 7 8 17 -11 11 12 54 -15 -16 52 -18 -19 59 21 29 22 30 26 25 -27 -28 37 -30 34 -32 32 33 -35 50 48 -38 -39 -40 40 -42 -43 43 46 -46 -47 47 -49 -50 57 -52 -53 -54 -55 55 -57 -58 -59 -60 -61 -62 -63
leaf_value=0.11896245043370274 -0.13020509351864396 0.066716956903537114 0.25198749173432589 0.18346952489755172 -0.14727342269432012 0.21079732667372944 0.14803116645254658 0.080419975526552501 -0.32780948472594407 -0.15267905521276998 0.14340769643662929 0.57213626238315007 -0.1269348765786841 -0.033274417838553498 -0.079929368229160302 0.097227523679206965 0.28306954173824 -0.13294820914805466 0.34211885467510977 0.023831703018250168 0.11682668902496551 -0.20257885559415978 -0.59425082584535371 -0.090268133189471689 -0.50741523567885161 -0.17827723827201319 0.31162439939788489 0.056529472405500318 -0.25247919476340996 -0.0012206755892828585 -0.1450333945222248 -0.30264336973691469 -0.47372968193731807 0.13022415590932709 0.028566124823358324 -0.051201391167078725 -0.20295374366118557 0.26725574633126031 0.99699538765531592 0.14640026649137428 -0.1020014027056446 -0.77362380246110407 0.42801401646170173 -0.051747340918420731 -0.047524088077940563 -0.23276732815084636 0.034390946071947218 -0.44143077644297768 0.0053521160122680985 0.23502610202498542 -0.30427249845695398 0.06365680247944068 -0.052167746274021758 0.93867686125967242 -0.26014975568675142 -0.65857462704556124 -0.45320674897576885 -0.038441091090491833 -0.14903616832443128 0.098106743635783353 -0.0021866667714701702 0.069029166222404417
leaf_weight=10217 1824 375 640 1346 11522 2579 1529 1996 266 3874 1082 46 646 2284 5852 2528 1032 507 527 8028 6194 526 168 324 875 3821 565 17183 1203 6188 1827 397 95 1553 450 297 2034 563 33 554 2137 259 371 2141 642 108 193 420 1096 463 464 2125 1992 45 707 291 301 1021 3181 1588 840 20365
leaf_count=10217 1824 375 640 1346 11522 2579 1529 1996 266 3874 1082 46 646 2284 5852 2528 1032 507 527 8028 6194 526 168 324 875 3821 565 17183 1203 6188 1827 397 95 1553 450 297 2034 563 33 554 2137 259 371 2141 642 108 193 420 1096 463 464 2125 1992 45 707 291 301 1021 3181 1588 840 20365
internal_value=0.00111646 -0.0711168 -0.110051 0.0416183 -0.0852077 0.00973638 0.010743 -0.0515012 -0.0790882 -0.0436212 -0.0518267 -0.089158 -0.125543 0.0862791 -0.0119075 -0.0445001 0.0719967 -0.343964 0.0413808 0.0342964 0.0672168 -0.0116476 -0.0951747 0.0284554 -0.223765 -0.242231 0.165153 0.0583714 -0.359827 0.0522632 -0.182862 -0.0778986 0.0181342 0.0954089 0.0385495 0.0443399 -0.108711 0.0481939 0.0953273 0.0419883 -0.0508626 -0.547745 -0.00503744 -0.048106 0.0920106 0.279028 -0.10514 -0.291621 -0.0860426 -0.0507634 -0.140402 0.144328 0.0313878 0.207901 -0.278328 -0.376324 -0.253549 0.0468792 -0.138756 0.158908 0.107726 0.0526579
internal_weight=144300 51842 34992 92458 28718 16850 45854 12588 11059 17196 10027 7998 6916 6988 13322 9862 46604 1032 7470 33266 45572 11438 3410 1415 6274 5899 889 21828 2078 35355 1995 5272 2045 1648 29161 28247 5342 20437 2029 19874 2691 525 5355 3875 1121 479 2754 613 1694 3308 914 4704 4520 1391 1644 998 598 1484 3227 2115 1480 26553
internal_count=144300 51842 34992 92458 28718 16850 45854 12588 11059 17196 10027 7998 6916 6988 13322 9862 46604 1032 7470 33266 45572 11438 3410 1415 6274 5899 889 21828 2078 35355 1995 5272 2045 1648 29161 28247 5342 20437 2029 19874 2691 525 5355 3875 1121 479 2754 613 1694 3308 914 4704 4520 1391 1644 998 598 1484 3227 2115 1480 26553
is_linear=0
shrinkage=0.05


Tree=69
num_leaves=63
num_cat=0
split_feature=34 119 103 104 125 111 87 96 106 113 74 68 28 115 103 122 88 127 125 135 78 70 94 90 80 73 79 119 125 46 111 125 72 115 42 74 46 131 74 117 131 103 69 107 73 11 82 121 118 98 131 77 80 50 45 125 115 125 105 79 121 99
split_gain=148276 52559.9 49311.5 41311.5 34403.7 34272.8 33899 24647.5 22387.6 21452.2 19469.3 22057.9 18937.3 18239 17845.5 17338.3 15743.6 14707.4 14544.8 14251.6 14193 13805.4 13754.2 15563.9 19837.8 15707.1 12989.8 12390.6 14051.6 12300.3 11925.5 11677.2 11640.1 12696.1 11479.4 12646.4 11385.9 11340.9 11062.8 10766.8 10746.3 10303.9 10189 10270.1 10127.4 10792 10940.8 10238.2 10080 10045.1 9998.93 10432.1 9895.33 9789.46 9397.78 9359.27 9232.31 10810.2 9224.47 9054.97 11685 9028.64
threshold=0.55501900256096082 0.0016373990218102503 -0.0014806691876431998 0.019088402349831005 -0.008914729865038799 -0.0026079435863379996 0.18432355844704879 -0.71278494963999661 1.0000000180025095e-35 0.0175827552375287 0.089324032954472013 -0.77023714351468808 2.1861185428802647 -0.0064716938387395489 0.027227279761024605 0.035872132749218612 -0.024041352231288445 0.039949533056228205 0.010848581839144552 -0.023757027296363347 0.24101655448153333 0.044165358275942153 0.028663172195555555 -1.2243681271590721 -0.55185068413755201 0.44051736761543764 0.074280199904107072 -0.011990146407670399 0.022290725617511806 0.29891262305466176 -0.0070215688515735493 -0.0043928794183316989 0.79452127627310998 -0.0014109776728249497 -0.0050788609571477492 -0.099576420990319145 -0.80429934437866712 0.035001806174530858 -0.051770173921207793 0.074221896202139273 0.027186381963361251 -0.055334008032823741 0.48282764854459054 0.03405624972541426 0.6308768302419907 8144.545000000001 -0.20722048848117428 0.011281716455095302 1.3104324718522453 1.9828077512308915 0.020875360395437404 0.31537757558817409 -0.65464626001552728 -0.25839775823270966 0.13100704892836881 -0.0046689318697289489 0.011091616891111301 -0.015043829140732797 -0.008513139983332748 0.035997770561048963 0.0037795798688103504 0.67378916919785381
decision_type=2 2 2 2 2 2 2 2 2 2 2 2 2 2 2 2 2 2 2 2 2 2 8 2 2 2 2 2 2 2 2 2 2 2 2 2 2 2 2 10 2 2 2 2 2 2 8 2 2 2 2 2 2 2 2 2 2 2 2 2 2 2
left_child=1 27 15 8 7 14 29 -5 -4 10 11 -6 22 -9 37 20 21 40 19 -17 48 -12 23 -8 25 -25 34 53 61 -7 -15 -26 33 -16 -13 42 -27 58 39 -37 56 -20 43 -36 45 -18 47 -47 -3 -24 -40 -52 54 -1 -35 -11 57 -10 -2 60 -33 -29
right_child=5 2 3 4 9 6 12 13 17 55 16 26 -14 30 32 18 44 -19 41 -21 -22 -23 49 24 31 36 -28 28 -30 -31 -32 59 -34 52 35 38 -38 -39 50 -41 -42 -43 -44 -45 -46 46 -48 -49 -50 -51 51 -53 -54 -55 -56 -57 -58 -59 -60 -61 -62 -63
leaf_value=0.084936111504383363 0.081570564843456816 0.079763272318961076 0.070510636507721242 0.076740327561084121 0.043056784691539951 0.21752969577389566 -0.72806958738834637 -0.62720078644411936 -0.34496597278101204 -0.66899369870259517 0.017363518518466951 -0.25828750167141362 -0.18925634359704513 -0.45160616585527058 -0.40598518266771788 -0.097822067361342996 0.16610549037891378 -0.34599752096606923 0.68027531438591815 0.077095355981723457 0.32299403272134142 -0.22875882570880393 -0.0844883302505791 0.76119879363104703 -0.25986141404895069 -0.20887210762844638 -0.021780602194130222 0.084094097780711363 -0.13489872470148015 -0.0468228460268722 -0.12507072586414156 0.057819468411842302 -0.14316900256733012 0.31308476919943545 -0.047495337460628333 0.11283080215281982 0.36842771098915356 -0.1740914380648606 -0.025950090975657959 1.0684069639071823 -0.12326591480021359 -0.089581005257444016 -0.24690221861318823 1.0156591172179867 0.95308484186728804 -0.20233359742275578 0.087121782597872288 -1.1122343553079141 -0.19222314713158828 0.67398050251332198 -0.34308142329111629 -0.0070527206756786955 -0.23235193732064438 0.18038505449330958 -0.2559156808137894 -0.21191865572402369 -0.085715904978605276 0.053707597109292182 -0.077976333109836565 -0.0058361948881571627 0.56701051666069835 0.02529664767429652
leaf_weight=12223 1082 16123 9890 392 2747 1621 62 471 176 123 2092 1875 2498 472 1009 1452 1944 369 44 5881 593 783 5544 160 344 130 2615 14211 989 604 686 310 6448 173 85 374 249 2665 2018 32 2115 3562 1793 31 36 188 384 37 348 44 629 365 2231 3443 125 1252 2023 5017 5568 1472 177 12078
leaf_count=12223 1082 16123 9890 392 2747 1621 62 471 176 123 2092 1875 2498 472 1009 1452 1944 369 44 5881 593 783 5544 160 344 130 2615 14211 989 604 686 310 6448 173 85 374 249 2665 2018 32 2115 3562 1793 31 36 188 384 37 348 44 629 365 2231 3443 125 1252 2023 5017 5568 1472 177 12078
internal_value=-0.00025388 0.0270435 2.02986e-05 -0.034902 -0.0828871 -0.0942459 -0.0322087 -0.279211 0.0175755 -0.0624381 -0.0479187 -0.0821846 -0.0682413 -0.364867 -0.136722 0.0511684 0.030873 -0.0363966 0.00202987 0.0424601 0.0826691 -0.0496674 -0.0326436 0.0556261 0.072723 0.345783 -0.11723 0.0704736 0.0501202 0.145768 -0.258166 0.00881532 -0.183156 -0.256032 -0.151887 -0.114436 0.170409 -0.0869422 -0.0568613 0.188147 -0.0241532 -0.0801873 -0.217521 0.236624 0.12031 0.108567 -0.0751012 -0.351962 0.0740167 -0.0785161 -0.089887 -0.219691 -0.196205 0.105913 0.0744101 -0.252806 0.00489658 0.0401958 -0.052017 0.0559949 0.242885 0.0570807
internal_weight=144477 111961 69017 41014 21424 32516 13215 2021 19590 19403 18028 12564 10990 1629 19301 28003 5464 9700 10939 7333 17064 2875 8492 2904 2842 539 9817 42944 27278 2225 1158 2303 9986 3538 7202 5327 379 9315 3418 406 9331 3606 1909 116 2589 2553 609 225 16471 5588 3012 994 2529 15666 298 1375 7216 5193 6650 1959 487 26289
internal_count=144477 111961 69017 41014 21424 32516 13215 2021 19590 19403 18028 12564 10990 1629 19301 28003 5464 9700 10939 7333 17064 2875 8492 2904 2842 539 9817 42944 27278 2225 1158 2303 9986 3538 7202 5327 379 9315 3418 406 9331 3606 1909 116 2589 2553 609 225 16471 5588 3012 994 2529 15666 298 1375 7216 5193 6650 1959 487 26289
is_linear=0
shrinkage=0.05


Tree=70
num_leaves=63
num_cat=1
split_feature=34 133 74 124 120 78 123 127 85 94 121 136 96 110 123 110 115 74 54 87 123 125 60 97 120 115 123 111 56 90 77 81 83 28 69 72 99 105 121 80 123 58 90 107 124 36 39 131 125 80 111 77 44 84 80 119 85 123 39 78 125 80
split_gain=136542 55574.4 37865.1 33818.7 28538.7 25860.7 24760.5 31637.6 33376.9 23575.4 23428.2 26363.6 31479.8 34022.4 20498.9 19893.6 19735.4 28158.4 27542.3 21276.6 23760.2 19693.5 19306.3 18530.3 18296.1 16767.7 16666.7 16258.8 15780.1 15557.5 14604 15727.2 14355.8 14164.6 14699.8 14094.7 17179.5 13985.1 13945 13763.2 13205.4 13135.4 13108 12802.2 18781 17206.3 12578.3 12216.6 12160.8 12159.3 17378.4 11871.1 11786.5 11253.3 11086.5 11044.4 10892.3 12059.8 12393.3 11241.7 10832.2 10721.8
threshold=0.18764081745688727 -0.019610056395385798 0.081129666766626765 0.50324551482973567 -0.0040293784178203488 0.22326198981726708 0.013892622697497801 0.0046541622040517511 0.56528736242819377 -0.082376706476606734 -0.0082063714887833979 0 -0.75243163613831843 -0.04587174735283759 0.0014702473727398002 1.0000000180025095e-35 0.0063219242413724008 -0.099576420990319145 -0.10207311945815913 0.21472642961564922 0.0034171354335491501 -0.0096251964611980493 -0.087583627625585844 0.6666554406442311 1.0000000180025095e-35 -0.0052506353410007997 0.020700003470124403 -0.012657846249302948 -0.5179365692292891 -1.2243681271590721 0.13153170022929581 0.21106321136101422 0.40869719022380036 -0.075378810968581539 0.70626899164806289 0.68647571808998986 0.42613722074701182 0.020959664161284256 -0.0051458615214036987 -0.5902914951047562 0.027704550098994401 0.13323191999456227 -1.2243681271590721 0.014104402286612902 -0.025162275741464044 -0.57491298039843419 0.70791166883300127 0.0011712876847895502 -0.0017506676761955998 0.20655521665627247 0.0059125053897806012 0.17823367884798233 0.69518949560613785 0.19093041706058103 0.48713040670806623 -0.0012953532634649497 0.41841527780186222 0.0019971422705509002 0.46235476681862958 -0.052246598263738848 -0.0011636166188102499 -0.73786882430114564
decision_type=2 2 2 2 2 2 2 2 2 10 2 1 2 2 2 2 2 2 2 2 2 2 8 2 2 2 2 2 2 2 2 2 8 2 2 2 2 2 2 2 2 2 2 2 2 2 2 2 2 2 2 2 2 2 2 2 2 2 2 2 2 2
left_child=3 4 22 5 35 10 7 8 39 33 11 -1 -13 21 -5 -15 27 18 -18 -20 -21 23 56 -14 -6 -17 -27 43 -16 -11 54 -32 -22 34 52 36 -2 -26 -38 42 41 -23 -4 -12 45 -45 -33 61 -47 50 -30 -24 53 -9 -7 -54 57 58 -3 -59 -40 -31
right_child=1 2 6 14 24 30 -8 9 -10 29 16 12 13 15 28 25 17 -19 19 20 32 40 51 -25 37 26 -28 -29 49 47 31 46 -34 -35 -36 -37 38 -39 60 -41 -42 -43 -44 44 -46 48 -48 -49 -50 -51 -52 -53 55 -55 -56 -57 -58 59 -60 -61 -62 -63
leaf_value=0.084707662743824616 -0.6521979967078555 0.072160985086606275 -0.099131848026862313 0.03335071371764349 0.21687571037544917 0.40039314579207269 -0.10869169078902674 0.057624699907061511 1.7890876358747485 -0.41547945327719171 0.050103845212627021 0.069602082309557084 -0.77445933757516161 0.14577738424723027 0.14514982796442535 -0.32748660791724449 0.033304859977854477 0.056649142633113714 0.019226457351235311 -0.12337980777466784 -0.84587981505803977 -0.099127956351057922 0.22443133541024649 -0.12087223806055421 -0.0050722343680255823 0.010942698505709517 -0.47751484764000729 0.088237017279552951 -0.090520808709521505 0.3719560488337732 0.25484117014599361 -0.073650153245560013 -0.34079004929685142 -0.038358855429037275 -0.14970464649418044 -0.13359829612022811 -0.29159782204153933 -0.15763543321450491 -0.28349273042015743 0.072898311421589576 -0.55335554449945834 -0.35935460700863592 0.27676743583410723 0.021772218739764915 0.0056556813810702145 -0.74312615582942965 0.85940815116229818 -0.11266436610553539 -0.18803706563140718 -0.094939433995523959 -0.42454250668205912 -0.1261799921985364 -0.81298938131913911 0.3689946733844755 1.2921170735970522 0.061578436434231942 -0.060101104494074825 0.31068440371255085 0.48643153441968484 -0.20942190259766696 -0.032529529972510705 0.00096981090960260644
leaf_weight=5047 243 374 267 3173 590 328 3107 401 30 331 3434 3724 280 1395 459 567 4145 16634 1258 1797 173 2641 247 177 3286 2298 189 35267 713 230 1379 730 753 1434 315 7437 2840 2767 649 4965 213 594 1765 222 1148 250 38 3504 163 2464 858 10694 41 1050 39 302 1467 150 349 338 1274 1271
leaf_count=5047 243 374 267 3173 590 328 3107 401 30 331 3434 3724 280 1395 459 567 4145 16634 1258 1797 173 2641 247 177 3286 2298 189 35267 713 230 1379 730 753 1434 315 7437 2840 2767 649 4965 213 594 1765 222 1148 250 38 3504 163 2464 858 10694 41 1050 39 302 1467 150 349 338 1274 1271
internal_value=0.000258103 -0.0648125 -0.0251735 0.0366203 -0.132585 0.045704 0.0204107 0.045629 0.124895 -0.0171038 0.0408825 -0.0111665 -0.0512568 -0.105194 -0.0639473 -0.0106607 0.0545441 0.0193809 -0.0569075 -0.150836 -0.229403 -0.212897 -0.0888121 -0.521319 -0.0489068 -0.0821182 -0.0261777 0.0760499 -0.132645 -0.0834927 0.203676 0.153851 -0.435153 0.0828824 0.16532 -0.177258 -0.24212 -0.0748133 -0.221198 0.11776 -0.172018 -0.14691 0.227375 -0.00633483 -0.115034 -0.333225 -0.0274832 -0.0615371 -0.524047 -0.164245 -0.272946 -0.118265 0.220633 0.282944 0.495154 -0.0429617 0.031517 0.142503 0.272134 -0.0495532 -0.117228 0.0578165
internal_weight=144268 51718 32632 92550 19086 84883 19013 15906 7027 8879 82369 17125 12078 8354 7667 4449 65244 24760 8126 3981 2723 3905 13619 457 6643 3054 2487 40484 4494 5336 2514 2147 926 3543 2109 12443 5006 6053 4763 6997 3448 3235 2032 5217 1783 635 768 5005 413 4035 1571 10941 1794 1451 367 343 2678 1211 723 488 1923 1501
internal_count=144268 51718 32632 92550 19086 84883 19013 15906 7027 8879 82369 17125 12078 8354 7667 4449 65244 24760 8126 3981 2723 3905 13619 457 6643 3054 2487 40484 4494 5336 2514 2147 926 3543 2109 12443 5006 6053 4763 6997 3448 3235 2032 5217 1783 635 768 5005 413 4035 1571 10941 1794 1451 367 343 2678 1211 723 488 1923 1501
cat_boundaries=0 1
cat_threshold=12
is_linear=0
shrinkage=0.05


Tree=71
num_leaves=63
num_cat=1
split_feature=34 106 104 127 135 105 111 121 136 111 36 115 111 103 125 125 113 78 104 50 125 127 94 115 119 125 72 126 126 72 102 78 133 111 111 74 111 113 111 36 94 77 118 98 40 125 115 46 92 123 133 31 119 125 113 84 135 113 105 119 115 73
split_gain=121104 49334.2 31510 34413.4 30309.2 26360.2 25770.1 25895.4 21680.1 21110.7 21052.2 20966 17865.6 17426 16525.2 15635.4 15287.2 15101.7 14408.6 28911.8 19191.7 14609.4 14380.9 16703.8 13249.5 14249.8 17984.8 12341.7 11778.2 14932.5 11733.7 11491 10767.2 10765.8 10722.6 10506 15814.9 10456.7 10167.6 9986.89 9699.74 9697.25 9662.42 9613.81 17346.3 9183.46 9147.86 9120.67 12017.3 11806.1 9091.24 9370.64 9076.36 8911.72 8887.58 8705.95 8677.81 8665.11 8614.63 9296.32 8993.08 8534.67
threshold=0.62200853235647802 0.59958257532806991 0.010238600207363701 0.039949533056228205 -0.020136273721026898 0.030226622401256203 0.023753232742879053 -0.032009007466412491 0 -0.0022223219163995498 -0.39662343885290868 0.012307782098286401 -0.0094672823785329988 0.015502107802050103 -0.0093819283160152481 -0.0036552336821930992 0.00085125365532120014 0.18804351923497062 -1.0000000180025095e-35 0.41423472831671998 0.022290725617511806 0.041946527479880105 0.028663172195555555 0.025640698936883654 -0.0046449271290146489 -0.0091419981779934986 -0.35184854298151841 0.62631694972644025 0.13188319825719277 0.73808747175473843 -0.05735796173477304 0.19550672499856983 -0.030048756085987494 -0.018151323989562398 -0.019750357989075148 0.76777326922511568 -0.0040434423660948996 0.01125789363380345 -0.017079709271365096 0.42528085708450675 -0.10635538184257153 0.407053254440497 1.3691299183524894 1.9828077512308915 0.076515746515405214 0.024028863317292353 -0.015047532776145948 0.51125932020902176 0.066188825377675856 0.00090346912239115012 -0.014368336616149049 -0.26577331247795205 -0.0015315568835263997 0.017679798417227905 0.027115574342248702 -1.0754232009839078 -0.020479755147513098 0.0085842209343439512 0.0099264171643206525 0.025536451303549954 0.022502021915822106 0.6308768302419907
decision_type=2 2 2 2 2 2 2 2 1 2 2 2 2 2 2 2 2 2 2 2 2 2 10 2 2 2 2 2 2 2 2 2 2 2 2 2 2 2 2 2 8 2 2 2 2 2 2 2 2 2 2 2 2 2 2 2 2 2 2 2 2 2
left_child=1 2 18 6 10 9 7 41 -8 28 -3 12 15 17 52 32 -13 34 20 39 21 31 23 40 -15 26 -26 -16 -2 -30 -14 33 -6 55 54 42 -37 -33 -5 -20 -11 -4 45 -24 -45 -36 -42 48 49 -10 51 -27 -12 -32 -9 -1 -57 -43 -35 60 -60 -18
right_child=5 4 3 38 11 -7 8 13 47 22 14 16 30 24 27 -17 61 -19 19 -21 -22 -23 43 -25 25 50 -28 -29 29 -31 53 37 -34 58 35 36 -38 -39 -40 -41 46 57 -44 44 -46 -47 -48 -49 -50 -51 -52 -53 -54 -55 -56 56 -58 -59 59 -61 -62 -63
leaf_value=0.15171538026143727 -0.025897540067092585 -0.0025928430726868709 0.038399549214759979 -0.49289755279795061 -0.5473588106823174 -0.1489398417061478 0.16468241009783297 -0.065335198263625813 -0.012030448679896919 0.5626332515605198 0.027240912975317024 0.046784718982879697 0.11896775402312076 0.07959628495987639 -0.10725283783198321 0.00042318043532744997 -0.15229354005991358 0.20799220072818994 0.094316375753972864 0.55007180435971681 -0.11138551604608182 -0.16274606653445073 -0.073635565305757641 -0.10367975952166344 -0.015490380999207208 -0.0053891642502862823 -0.48586879365815039 -0.31816849770045819 -0.24949580925781359 -0.088784240400681724 0.027083444285656889 0.27957756120942334 -0.15388948971016139 0.085253742767624763 0.068967419447850314 -0.43057903069673797 0.030653816860280476 0.013095056290837218 -0.16536014066389434 0.40288397414025978 -0.33420546784579197 -0.24073497785759568 -0.23223362598468419 -0.24846867595400132 1.3493833700815836 -0.12326035337784561 0.13723464758177148 -0.13282135336385931 0.20848881494568056 -0.54456198886377605 0.0092690477858340999 -0.19168021279843631 -0.54112178165971503 -0.23834999913377553 -0.64924933759198677 -0.28525954498988337 -0.030934329392795064 -0.74331256402713575 0.054332209316615601 -0.11557962568476797 -0.22824354907784816 0.13859856517009134
leaf_weight=416 3864 2117 123 309 231 11590 468 1173 132 129 83 1605 4520 2638 2876 1821 4026 1516 12163 369 1712 718 3308 939 412 1290 401 914 2017 5100 5641 1130 703 19276 21285 276 569 546 1016 268 107 181 280 35 33 640 2684 1275 83 492 5442 1416 457 335 69 472 1159 163 7879 1024 292 269
leaf_count=416 3864 2117 123 309 231 11590 468 1173 132 129 83 1605 4520 2638 2876 1821 4026 1516 12163 369 1712 718 3308 939 412 1290 401 914 2017 5100 5641 1130 703 19276 21285 276 569 546 1016 268 107 181 280 35 33 640 2684 1275 83 492 5442 1416 457 335 69 472 1159 163 7879 1024 292 269
internal_value=-0.00020132 0.0231373 0.0407184 0.00898494 -0.0380395 -0.0899908 0.0172236 0.0273898 -0.139933 -0.0524842 -0.131811 -0.00647226 0.0284364 0.0320093 -0.194988 -0.0848833 -0.0848748 0.0548877 0.0685876 0.113916 0.0518306 0.0603206 0.0138285 0.0797622 -0.0188955 -0.0478902 -0.247497 -0.158117 -0.0961753 -0.134331 0.0581807 0.0652955 -0.251204 0.0582952 0.0453328 0.0530439 -0.119997 0.192764 -0.241744 0.100969 0.138753 -0.342633 0.0596289 -0.0615383 0.52696 0.0633562 0.119161 -0.211624 -0.35673 -0.431911 -0.0279736 -0.102872 -0.453762 0.0122039 -0.0977749 -0.0524581 -0.104534 -0.478875 0.0662581 0.0264364 0.044234 -0.134075
internal_weight=144477 114671 89073 41649 25598 29806 40324 37874 2450 18216 6447 19151 13251 37407 4330 2755 5900 25808 47424 12800 34624 32912 7235 3859 11599 8961 813 3790 10981 7117 10496 32194 934 30518 24292 23050 845 1676 1325 12431 2920 467 22205 3376 68 21925 2791 1982 707 624 8148 2706 540 5976 1242 2047 1631 344 28471 9195 8171 4295
internal_count=144477 114671 89073 41649 25598 29806 40324 37874 2450 18216 6447 19151 13251 37407 4330 2755 5900 25808 47424 12800 34624 32912 7235 3859 11599 8961 813 3790 10981 7117 10496 32194 934 30518 24292 23050 845 1676 1325 12431 2920 467 22205 3376 68 21925 2791 1982 707 624 8148 2706 540 5976 1242 2047 1631 344 28471 9195 8171 4295
cat_boundaries=0 1
cat_threshold=3
is_linear=0
shrinkage=0.05


Tree=72
num_leaves=63
num_cat=0
split_feature=34 135 74 105 107 107 133 115 122 127 73 69 130 90 60 121 111 94 111 20 121 68 20 127 72 124 90 111 78 99 121 125 76 92 78 94 85 114 45 125 68 118 80 77 11 131 44 64 9 90 79 83 53 77 77 88 125 80 74 68 86 73
split_gain=113186 51003.3 36599.9 29774.1 28122.3 27574 23391 21411.7 20879.5 24317.9 40435.8 58428.9 20530.1 19549.1 18954.2 18414.8 17893.1 16442.7 15810.8 30311.9 20030.2 25733.6 15887.6 15228.2 19195 18548 15159.6 14861.8 13684.2 13354.8 13341.2 13253.4 12827 13499.5 12649.8 12354.4 12339.8 11928 11919.2 11843 10845.6 10665.9 10623.5 10333 10204.5 10204 11250.1 10177.5 10055 9959.38 9899.52 9893.94 9764.12 9600.87 9600.56 9583.59 12588.8 20001.3 13511.3 10837.5 20352.4 16426.9
threshold=0.18764081745688727 -0.021185652249108549 0.081129666766626765 0.0046335707213533512 -0.0035175072289172996 0.025317572960696703 0.0094802110975321513 -0.010694001819131599 0.55618191142362472 -0.0060105877043260996 0.62349147239274638 0.74272505793369137 1.0000000180025095e-35 -1.0125938323615427 -6.6697524707798455e-14 0.00042708781891075007 0.022869629357392802 -0.082376706476606734 0.016673440029922052 -0.13239910017372142 -0.0049136329538475489 -0.35930540745820405 0.22745214298016783 0.0046541622040517511 0.70345190625136977 -0.079156325770058225 -0.27889371195060714 0.0013922458829814502 0.29342900068427052 0.86042484396430474 0.010754924200543652 0.013162695102936153 -0.073547463009435335 -0.32217506818004404 0.20498090808500571 -0.085500859165980478 0.39211899324919935 -0.27663263289103596 0.052447961802324659 -0.011699796772888548 1.0000000180025095e-35 0.21103302403079158 -0.74506866395968119 0.17823367884798233 8142.9750000000013 -0.00048547110648854993 -0.030891877003900194 -1.1211274260262207 524.12500000000011 0.87673491298773432 0.024512945538991405 0.28749932767946629 0.061748198381157811 0.18348448808498152 0.51751107392236273 0.27597201342834704 -0.00046287770206574993 -0.66887847932257005 0.13643191027108933 0.68106034653901826 -0.36196367890104447 0.40362793173693362
decision_type=2 2 2 2 2 2 2 2 2 2 2 2 2 2 8 2 2 10 2 2 2 2 2 2 2 2 2 2 2 2 2 2 2 2 2 8 2 2 2 2 2 2 2 2 2 2 2 2 2 2 2 8 2 2 2 2 2 2 2 2 2 2
left_child=3 6 7 28 31 13 23 -3 9 10 16 54 41 -5 26 55 -6 44 20 -20 21 -15 -21 35 25 53 38 32 49 -18 42 47 51 -34 -22 40 -8 -35 45 -14 -2 -7 -27 -16 52 -9 -47 -4 -24 -1 -43 -23 -17 -25 -12 56 58 -58 -11 61 -61 -60
right_child=1 2 4 5 8 12 36 14 -10 15 11 -13 39 18 43 17 29 -19 19 22 34 27 48 24 -26 30 -28 -29 -30 -31 -32 -33 33 37 -36 -37 -38 -39 -40 -41 -42 50 -44 -45 -46 46 -48 -49 -50 -51 -52 -53 -54 -55 -56 -57 57 -59 59 60 -62 -63
leaf_value=0.060801919732145653 -0.29620147777928246 -0.30928556891243231 -0.16741640311989556 0.17945385863607211 0.16914903474559681 0.043908713731112409 0.093854617463844936 0.71835758111577619 -0.18338020865317095 0.84645267648081635 0.87180568198362995 2.8208391804686368 -0.52485135161616614 0.038026154611455025 0.24358766601185933 0.8510048984255838 -0.27981755287514026 -0.0044543947562110699 -0.22234172465046989 0.075981186033578993 0.047648536659642027 -0.25249035382553081 0.14455893250914026 -0.81309147429253381 -0.13285989858337344 0.083356017610807534 -0.045528914483354471 0.025742522590146089 0.24975901012885804 0.61272700289462478 0.28320537592224082 -0.035912243134045806 -0.057836121612114148 -0.78484735667705541 0.28652115276112816 -0.090557707651619107 -0.09821996561380493 -0.30807797453574565 0.074038879307235281 -0.14041081246695097 0.40450360117173645 0.32983523689467331 -0.25273875278223462 -0.10760659918083032 -0.01917695557880823 0.47152474978656483 -0.2858729946790472 0.21330219840656253 -0.66266219928680414 -0.11526724385190984 -0.15021011930052564 0.039611574787033393 0.25883152486243544 -0.37531541278737679 -0.38289993386114801 0.026511797409382167 0.33429010931754188 -0.075481489984728978 -0.0044004585044977434 -0.13500637448184175 0.84039351600303991 -0.41110947333653186
leaf_weight=44291 72 986 187 1904 2125 3301 1585 162 1539 31 30 34 212 5469 214 76 387 2285 1929 2336 21351 454 56 140 7372 261 1793 1137 946 47 139 825 497 150 569 3049 1770 1046 750 3639 237 116 2371 9842 322 132 78 2864 124 818 1448 802 828 1188 31 2205 327 3334 341 866 57 913
leaf_count=44291 72 986 187 1904 2125 3301 1585 162 1539 31 30 34 212 5469 214 76 387 2285 1929 2336 21351 454 56 140 7372 261 1793 1137 946 47 139 825 497 150 569 3049 1770 1046 750 3639 237 116 2371 9842 322 132 78 2864 124 818 1448 802 828 1188 31 2205 327 3334 341 866 57 913
internal_value=-5.49154e-05 -0.0592449 -0.0227503 0.0330543 0.021218 0.00484962 -0.126701 -0.0846657 -0.00842589 0.0104838 0.147002 1.15992 -0.075324 0.0233245 -0.067591 -0.0207911 0.109398 0.0748036 0.0150486 -0.0732238 0.0275147 -0.0328989 0.0411038 -0.153675 -0.181089 -0.267829 0.04467 -0.12783 0.061556 -0.18316 -0.194198 0.141889 -0.187041 -0.276858 0.0538492 -0.0600267 -0.00747832 -0.367873 0.188811 -0.161575 0.241233 -0.0070505 -0.21941 -0.100133 0.222524 0.420207 0.190206 0.189967 -0.411527 0.0576091 -0.114606 -0.065973 0.308616 -0.421467 0.234168 -0.0623607 -0.0957504 -0.0388807 -0.190044 -0.204803 -0.0747704 -0.300513
internal_weight=144390 51795 33611 92595 19654 46540 18184 13957 15778 14239 2654 95 8716 37824 12971 11585 2559 3511 35920 4445 31475 9555 2516 14829 11471 4099 2915 4086 46055 434 2771 3876 2949 1693 21920 3358 3355 1196 1122 3851 309 4865 2632 10056 1226 372 210 3051 180 45109 1564 1256 904 1328 61 8074 5869 3661 2208 2177 923 1254
internal_count=144390 51795 33611 92595 19654 46540 18184 13957 15778 14239 2654 95 8716 37824 12971 11585 2559 3511 35920 4445 31475 9555 2516 14829 11471 4099 2915 4086 46055 434 2771 3876 2949 1693 21920 3358 3355 1196 1122 3851 309 4865 2632 10056 1226 372 210 3051 180 45109 1564 1256 904 1328 61 8074 5869 3661 2208 2177 923 1254
is_linear=0
shrinkage=0.05


Tree=73
num_leaves=63
num_cat=0
split_feature=107 102 60 102 113 125 78 90 125 135 133 70 135 103 105 123 126 124 111 103 50 50 107 40 90 111 123 80 46 100 77 92 75 111 85 74 133 58 131 96 125 123 64 40 123 135 86 95 84 67 91 106 50 89 90 72 46 123 49 127 117 89
split_gain=101187 48481.4 42815.2 37376.8 36224.8 30838.6 35944.6 24051.1 22157.8 20908.7 19891.1 22183.8 23599.5 19185 19524.3 18805.6 17166.6 17017.7 16762.9 15792.9 15541 14496.7 14345.8 13600.8 16264.8 13727.5 18928.6 13248.7 15206.8 14923.3 16804.1 13089.9 13603.1 12877.4 12687.2 12354.5 12210.8 12188.8 11989.4 11974 11503.3 11321.5 11037.7 10884.4 11945.1 10790 10700.6 11092.7 12809.8 13280.4 11456.4 10628.6 10326.9 13657.1 13139.3 11555.5 14472.6 10231 10546.6 10060 11063.3 9907.56
threshold=0.022955559646794303 1.0000000180025095e-35 0.17415968974478707 -1.0000000180025095e-35 0.010165355433040901 0.016745683929637753 0.20498090808500571 -0.69787396960488057 -0.014025482923744547 -0.019791274830679446 -0.008610908640094948 -0.27362486740975039 -0.013832208980860497 0.038454843812897509 -0.0023725684302256995 0.0060192370049086509 0.060154618940099457 0.18830093185905852 -0.00048997454950439989 -0.0083786949499596985 1.1148461882170388 0.27519272044016696 -0.014558747868308748 0.073644802153074021 -1.2529815640948365 0.019540700335145753 0.00057378500391130005 -0.85574983282693473 -0.58891507810444643 -0.030849976400752897 0.41391537124889782 -1.0010604759526445 0.2122607376772431 -0.0039083270994376496 0.34129578553973655 -0.099576420990319145 -0.020685183479241698 -0.42331879770775765 -1.0000000180025095e-35 0.38300141883614075 -0.00057329530276849987 0.0015489884573351004 0.39960758685861231 0.22950718560373931 0.027704550098994401 -0.030546617494114647 -0.46704418213103666 0.18031139401356627 0.22964548387302011 0.93168973577289971 0.20001331554191434 0.036835509180371755 0.53344348147577791 0.024070481126291954 -0.94232844992984277 -0.78571815092901476 0.080869728806693769 0.0042111942119217507 0.071456291157142263 -0.032265588196227539 0.11651625919786882 0.028089753909822053
decision_type=2 2 10 2 2 2 2 2 2 2 2 2 2 2 2 2 2 2 2 2 2 2 2 2 2 2 2 2 2 2 2 2 2 2 2 2 2 2 2 2 2 2 2 2 2 2 2 10 2 2 2 2 2 2 2 2 2 2 8 2 10 2
left_child=2 3 4 19 5 6 10 -6 20 41 11 -1 16 14 -10 -9 -13 -7 38 -2 -3 -5 -17 25 -25 -12 -27 29 -29 30 39 -24 43 -21 -30 -35 -37 -28 -14 -11 57 -8 -34 44 -33 -16 -26 -48 -49 -50 -51 -23 53 -15 -55 -56 -57 -18 -59 -19 -61 -47
right_child=1 8 -4 21 7 17 9 15 13 27 23 12 18 52 45 22 40 59 -20 33 -22 51 31 24 46 26 37 28 34 -31 -32 32 42 35 -36 36 -38 -39 -40 -41 -42 -43 -44 -45 -46 61 47 48 49 50 -52 -53 -54 54 55 56 -58 58 -60 60 -62 -63
leaf_value=0.05300883797278419 0.044685583103118723 -0.4517448434164168 -0.12017679700925143 0.10505265642619295 0.093329256967609589 0.057395974407367746 0.2300565401524354 0.0049155849128310822 0.028585212309442443 0.2907757327528227 0.056542655074505045 -0.017288770586162908 0.058081972050546653 0.69583704505647936 -0.19175412550936044 0.056062895700149246 -0.38121808031938764 -0.32076372565719691 0.099697963856452021 -0.13913352544153765 -0.16989144276362855 0.62847699070131624 -0.02378896260554085 -0.4211350706342149 -0.12075219898086186 0.089844856020150923 -0.3586490969546709 0.51005101745533721 0.046116010535587657 0.44800643446519539 -0.65592868222067002 -0.053200106744466097 -0.72391208870179746 -0.14666343228694562 0.34306635975008615 -0.12049541168904288 0.079259044831099842 0.0045981068785358762 -0.11761662486624258 -0.38572437753410721 -0.11351040843310539 -0.151128389900585 -0.28894789823733563 -0.34964036753733585 -0.30975421213290238 0.19424202984544281 0.093102573901921032 0.12216329084439848 0.38448412200857662 0.45932760192333044 -0.30889632069631251 -0.086799168264243151 -0.13314257086176973 0.39338825088280904 0.015504607485914694 -0.56236019397278925 -0.22941480577289841 -0.77012389227747924 0.24165774604806567 -0.071086466270716783 0.77354885409466734 -0.085013310593549843
leaf_weight=16796 3760 729 4755 3673 2253 3248 306 3262 3935 210 25210 2190 1592 35 2518 750 1021 412 3532 4409 1486 231 1048 146 492 849 654 746 564 172 104 1628 214 1469 993 1058 2763 357 2489 95 1487 536 458 706 629 329 12305 2385 1122 74 141 67 4376 65 206 621 688 32 132 6553 39 9180
leaf_count=16796 3760 729 4755 3673 2253 3248 306 3262 3935 210 25210 2190 1592 35 2518 750 1021 412 3532 4409 1486 231 1048 146 492 849 654 746 564 172 104 1628 214 1469 993 1058 2763 357 2489 95 1487 536 458 706 629 329 12305 2385 1122 74 141 67 4376 65 206 621 688 32 132 6553 39 9180
internal_value=-0.00030644 -0.0660938 0.0263437 -0.00253246 0.0334579 0.0442463 0.0551284 -0.0522584 -0.111934 0.206609 0.0473973 0.0154954 -0.0350116 -0.096727 -0.0680911 -0.0899822 -0.121066 -0.0372019 0.0199464 -0.0423034 -0.262655 0.132264 -0.146959 0.0687486 0.104286 0.0468712 -0.0842133 0.270607 0.324434 0.0572455 -0.107084 -0.179474 -0.224359 -0.0760264 0.235501 -0.0234291 0.0239489 -0.230381 -0.0490765 0.0800626 -0.206122 -0.012598 -0.427463 -0.178296 -0.124699 -0.0997217 0.108929 0.11598 0.191614 0.315503 -0.0444844 0.46766 -0.173022 -0.28108 -0.302721 -0.332587 -0.387367 -0.322337 0.0442369 -0.0810702 -0.0660894 -0.0753514
internal_weight=144285 41598 102687 17430 97932 86984 76732 10948 24168 3726 73006 29271 12475 21953 15962 8695 4862 10252 7613 13459 2215 3971 5433 43735 16665 27070 1860 2884 2303 581 409 4683 3635 9699 1557 5290 3821 1011 4081 305 2672 842 672 2963 2257 12027 16519 16027 3722 1337 215 298 5991 1615 1580 1515 1309 1185 164 7004 6592 9509
internal_count=144285 41598 102687 17430 97932 86984 76732 10948 24168 3726 73006 29271 12475 21953 15962 8695 4862 10252 7613 13459 2215 3971 5433 43735 16665 27070 1860 2884 2303 581 409 4683 3635 9699 1557 5290 3821 1011 4081 305 2672 842 672 2963 2257 12027 16519 16027 3722 1337 215 298 5991 1615 1580 1515 1309 1185 164 7004 6592 9509
is_linear=0
shrinkage=0.05


Tree=74
num_leaves=63
num_cat=1
split_feature=34 111 114 118 124 121 78 126 90 90 136 119 111 111 127 44 130 121 40 110 96 80 125 55 107 72 87 20 133 78 34 82 82 80 125 104 104 25 90 90 103 92 34 115 74 54 87 121 89 124 125 121 110 69 72 111 84 113 44 72 71 103
split_gain=92830.5 49825.1 36525.7 27307.7 25942.2 20965 19559.3 20589.2 18619.3 26335.3 23390.9 18801.8 18162.3 16700.6 16559.8 15649.5 15505 15791.4 15143.4 14576.6 17064 16480.5 14181.9 13852 13377.6 13244 12722.3 18560.2 12701.4 12632.4 12508.3 12439.3 12110.5 12007.8 11748.5 11141.4 16060.3 10933.1 10441.8 11709.3 11410.4 10334.7 10223 10113.5 9919.58 24608 16021.2 12447.3 11416.3 11373.4 11446 11133.3 11453.8 17505.4 16555.4 9994.15 9937.26 12634 9874.44 9673.3 11059.2 9638.87
threshold=0.15040051967902515 -0.008462091135036447 0.77212557586394015 0.79759478403771011 0.50324551482973567 0.003909667547996501 0.23103857980557099 1.0688852078324611 -1.2243681271590721 -0.86417855119313358 0 -0.0091456088362928973 0.0017941501955580001 0.0075662858065274506 0.031384774663611302 -0.12159187065001943 0.62775861352477713 -0.014794148441879998 -0.077007201595193739 -0.057306497992033294 0.50155087136034504 -0.65464626001552728 -0.0048072517685160488 0.12404326467120862 0.033229508425427705 -1.027462255396665 0.13275696364358544 0.18656340837467617 -0.013445014455720048 -0.082230607143307488 -0.64951182397250018 0.83878750487857634 0.025499274473774154 -0.49545228403223424 0.00011276138480465002 0.019088402349831005 -0.0097860930984067489 0.85244337831192207 -0.27889371195060714 -0.38572329182711035 -0.00085958747086349986 0.73363355339832137 0.92977679404609315 0.0018270276742649502 -0.11032793490870839 -0.0047567047510564493 0.15098583513357386 -0.0022215472074563996 0.048201784754377412 -0.24166054550801633 -0.012402557936078298 0.0082109816421658526 0.0087314083512931521 0.48017096523650543 -0.67629049374556416 0.00099887280940735021 -1.1341561938217604 0.0036714702179853004 -0.090109643912059043 1.0000000180025095e-35 0.50492332254390504 0.015502107802050103
decision_type=2 2 2 2 2 2 2 2 2 2 1 2 2 2 2 2 2 2 2 2 2 2 2 2 2 2 2 2 2 2 2 10 10 2 2 2 2 2 2 2 2 2 2 2 2 2 2 2 2 2 2 2 2 2 2 2 2 2 2 2 2 2
left_child=4 5 3 8 6 19 7 16 15 10 42 -11 22 -6 24 -3 44 25 -14 20 21 43 29 -12 -9 -18 31 -28 -23 -13 -16 -8 -32 -31 37 36 -21 -5 39 -7 -40 -17 59 -2 45 51 -47 49 -48 50 55 -1 -53 54 56 -46 -54 -58 -20 -10 -61 -24
right_child=1 2 -4 34 13 38 26 14 9 11 23 12 18 -15 30 41 17 -19 58 35 -22 28 61 -25 -26 -27 27 -29 -30 33 32 -33 -34 -35 -36 -37 -38 -39 40 -41 -42 -43 -44 -45 47 46 48 -49 -50 -51 -52 52 53 -55 -56 -57 57 -59 -60 60 -62 -63
leaf_value=0.06747599924379262 -0.18036129408552393 -0.44774414103937477 -0.12977602639434907 -0.3974712965336587 0.0059928889968179902 0.067233550507778198 0.30477686587309599 0.0075559035755376081 -0.21692710941036544 0.16439040523870996 0.29780978042577561 -0.60637804990333899 -0.10748559054138825 -0.14604950473463268 0.047527709409247998 0.42635088785779929 0.13306979840485061 0.013227147804143023 -0.1138818693516887 -0.047603735245902085 -0.12259515093524614 -0.3965313355791471 0.046397266146944741 -0.12519130679090992 -0.36517409939657558 -0.22269926316540217 0.18140578902697047 -0.35168477537540288 -0.1964344189297817 0.15873624017803728 -0.2647948716281589 1.0115935831183667 -0.77922261037029239 -0.19511297026449881 -0.036225839878808203 -0.12745685852932509 0.28795590759511946 -0.12429230255264881 0.23569370405058618 0.51699076496941199 -0.17417473885003754 -0.1435049931368379 0.075756451537001515 0.16886263986626945 -0.50528307948339435 0.23032065037783012 -0.10169637008104991 0.08701880411960182 -0.37863150083716579 0.049048443239576918 -0.0247714820954134 0.063403077532955918 -0.10468380864589447 -0.049388243671979713 0.22896928696528726 0.14653474321732154 -0.38392655250230212 -1.2290262902776401 0.097322710443790816 0.65922712951517071 0.2959995214581681 -0.074728022617259096
leaf_weight=10406 614 365 5920 473 4148 973 344 2731 78 1936 255 155 1272 3199 215 106 328 15843 604 1811 7994 1679 3105 803 264 1292 1587 182 1503 289 445 76 154 1407 3496 3115 444 1623 216 170 794 319 539 313 239 231 899 25032 635 15385 2343 1857 62 2012 69 78 82 96 6607 249 1323 3487
leaf_count=10406 614 365 5920 473 4148 973 344 2731 78 1936 255 155 1272 3199 215 106 328 15843 604 1811 7994 1679 3105 803 264 1292 1587 182 1503 289 445 76 154 1407 3496 3115 444 1623 216 170 794 319 539 313 239 231 899 25032 635 15385 2343 1857 62 2012 69 78 82 96 6607 249 1323 3487
internal_value=-0.00119782 -0.0530259 -0.0167669 0.00671463 0.0298397 -0.1166 0.0378214 0.0338211 0.0309045 0.0394271 0.170952 0.0167858 -9.72498e-05 -0.0602088 -0.0796499 -0.20761 0.0394424 -0.00197691 0.0515743 -0.13474 -0.16516 -0.247969 -0.0520136 -0.0230217 -0.0252991 -0.150667 0.185294 0.12656 -0.302017 -0.174305 -0.279626 0.432677 -0.397052 -0.134817 -0.0923419 -0.0661799 0.0184665 -0.18594 0.0306186 0.134127 -0.0865197 -0.00137623 0.263605 -0.0624464 0.0516139 0.0184546 -0.157876 0.0641988 -0.216334 0.032543 -0.062922 0.0397947 -0.0291502 -0.103201 -0.453592 -0.344899 -0.649829 -0.839711 0.079632 0.326566 0.353534 -0.0176749
internal_weight=144271 54037 34411 28491 90234 19626 82887 80698 22899 22109 3247 18862 16926 7347 3809 790 76889 17463 8483 17473 12103 4109 8443 1058 2995 1620 2189 1769 3182 1851 814 420 599 1696 5592 5370 2255 2096 2153 1143 1010 425 2189 927 59426 16349 1765 43077 1534 18045 2660 14584 4178 2321 309 317 240 178 7211 1650 1572 6592
internal_count=144271 54037 34411 28491 90234 19626 82887 80698 22899 22109 3247 18862 16926 7347 3809 790 76889 17463 8483 17473 12103 4109 8443 1058 2995 1620 2189 1769 3182 1851 814 420 599 1696 5592 5370 2255 2096 2153 1143 1010 425 2189 927 59426 16349 1765 43077 1534 18045 2660 14584 4178 2321 309 317 240 178 7211 1650 1572 6592
cat_boundaries=0 1
cat_threshold=12
is_linear=0
shrinkage=0.05


Tree=75
num_leaves=63
num_cat=1
split_feature=131 106 94 90 102 127 107 123 126 72 90 114 84 110 40 56 72 96 96 79 113 124 115 136 69 99 80 79 71 90 83 74 100 90 82 28 79 103 98 90 81 79 74 97 69 87 76 74 69 59 96 111 74 90 65 97 133 113 132 79 113 98
split_gain=86384.8 49216 37796.7 32952 27324.9 28408.9 24063 20314.5 19971.7 18666.7 17815 15672.8 15220.8 15150.2 14933.6 20075.4 21608.9 18176.2 17478.2 15229.8 14264.6 13121.3 13043.4 12585.1 15954.3 12480.6 11865.7 23773.5 14140.9 12739.3 19665.8 19295.8 21584.2 21447.4 17298.1 16192.6 16471.1 14703.3 12371.3 12358 11938 11581.3 14639.8 11602.9 11460.8 15772.9 13905.6 11212.6 11104.2 11009.3 10873.1 10868.8 10615.9 14569.2 12571.8 11305.7 10307.1 10130.1 10120.4 9867.28 9747.09 9573.54
threshold=0.019636246329100052 0.43907512917188984 0.028663172195555555 -0.86417855119313358 1.0000000180025095e-35 0.029746824210774903 -0.0035175072289172996 0.0029060209720662505 0.53471406477566552 -0.56337285667330794 -1.1806523461263974 0.12043146896067032 0.65166064156244285 -0.084367492742847647 0.15907703779132987 -1.1499257114885781 -0.11232426777632633 0.091158479814675855 0.30464977796903975 0.082409936490376104 0.010165355433040901 0.53776788077993343 -0.0078785846382733987 0 0.8023912670076111 0.56278721036879442 -0.57106606483132116 0.076222363827490161 0.47339113600103561 -0.57666492437181449 0.34354394238564995 0.075092103994185311 -0.67290871546395936 -0.52991344438981425 -0.23650499249575177 0.79914814488620567 0.031674862772160604 0.048517148770342806 -0.51339321297545759 -0.51033221810610085 0.22812978101066103 0.050909789700780507 -0.11032793490870839 0.41796774442335288 0.61024833003947065 0.15708599910275864 -0.22787500697511234 -0.0019650207972969499 0.69202622415459014 0.42848049725532006 -0.086419439689984681 -0.0048065493878488496 -0.049867691531283891 -1.0435636029129207 1.0474243926960878 0.65055805285978796 -0.031953155373349293 0.0071162999056672014 -1.2171748155032911 0.098851047257478619 0.0011630377096510502 -0.95253278217372428
decision_type=2 2 10 2 2 2 2 2 2 2 2 2 2 2 2 2 2 2 2 2 2 2 2 1 2 2 2 2 2 2 10 2 2 2 10 2 2 2 2 2 2 2 2 2 2 2 2 2 2 2 2 2 2 2 2 2 2 2 2 2 2 2
left_child=2 6 3 14 21 7 -2 25 11 -3 12 13 -4 -8 17 18 19 52 -16 -17 41 58 -11 -19 -25 -6 27 -12 -29 30 59 39 38 -34 40 36 -36 -37 -33 47 -35 42 -9 -44 -30 -46 57 -31 -24 -38 -48 -7 -1 -54 -55 -56 -43 -47 -5 -28 -42 -18
right_child=1 9 10 4 5 51 8 20 -10 22 26 -13 -14 -15 15 16 61 23 -20 -21 -22 -23 48 24 -26 -27 29 28 44 31 -32 32 33 34 35 37 49 -39 -40 -41 60 56 43 -45 45 46 50 -49 -50 -51 -52 -53 53 54 55 -57 -58 -59 -60 -61 -62 -63
leaf_value=0.074643469957677205 0.05880223874020301 0.0057946394739240986 -0.83040291272603806 -0.024006065661806547 0.099602283158502392 -0.23218395431079975 -0.061994281452387501 -0.30268320844033059 -0.12882036075248093 -0.24499892136400275 0.62287050026948054 -0.064290076428451179 -0.20319945758081001 0.079082949520388482 0.33113597532741257 0.18184029870799612 0.048269971201196318 0.15649848675592057 -0.19151701896140974 -1.3400188897886585 -0.14568998844114669 -0.052344038767274476 -0.083658649034725419 -0.10488980758253513 -0.77938028473635113 0.015517728245289398 -0.95282152783069207 0.68616426231926431 0.14623359472111419 1.0148038463294506 -0.11994634071248141 -0.025509068722213802 -0.72561389500240114 -0.35582939853391998 -0.32792474761372437 -0.028337273325442391 0.732422319451278 1.1249684518033809 -0.66301744230091575 -0.14937293211500313 0.55133647289457588 -0.15414238737726638 0.7550606104855736 -0.042148387462574398 0.97544394373413068 -0.073353477971959707 0.22303040486018536 0.064059728276038522 -0.17163274495023512 1.6261351475628414 -0.51495524813409577 -0.045182585460361163 0.3581571963653421 0.15803725118433209 -0.76315799181827826 0.12325441092252731 0.046754893494149699 0.70275160636266942 0.074342255661296985 -0.17950608017543954 -0.1237526058100481 0.44447615610371111
leaf_weight=3614 8678 2922 122 2850 5857 1696 2829 699 4876 2184 173 7974 467 5814 267 35 175 407 399 31 2740 2500 10198 832 98 17901 132 73 594 40 526 1561 53 123 32 170 216 33 80 3498 124 731 48 929 31 489 59 138 5533 41 324 1434 988 1420 74 70 5043 46 31833 60 94 1184
leaf_count=3614 8678 2922 122 2850 5857 1696 2829 699 4876 2184 173 7974 467 5814 267 35 175 407 399 31 2740 2500 10198 832 98 17901 132 73 594 40 526 1561 53 123 32 170 216 33 80 3498 124 731 48 929 31 489 59 138 5533 41 324 1434 988 1420 74 70 5043 46 31833 60 94 1184
internal_value=1.87969e-05 -0.0522864 0.0286594 0.0392653 0.0279994 -0.00237323 -0.0114708 0.0109161 -0.0398442 -0.111386 -0.0669813 -0.0137355 -0.333113 0.032906 0.126467 0.244634 0.350548 0.0935359 0.018015 -0.532972 -0.0481425 0.0582863 -0.130498 -0.0735884 -0.174093 0.0362469 -0.0489845 0.0658011 0.00616431 -0.0786553 -0.278043 -0.0555762 0.0507856 0.249657 0.311709 0.501398 0.741803 0.159146 -0.0565881 -0.128693 0.0380233 -0.012266 -0.127976 -0.00298152 -0.0260068 -0.133816 -0.171274 0.27771 -0.114601 0.874999 -0.401271 -0.14651 0.129774 0.207847 0.112895 -0.332263 0.0213209 -0.00662295 0.0662607 -0.71116 0.260243 0.393456
internal_weight=144162 51008 93154 83855 74261 37078 30171 33948 21493 20837 9299 16617 589 8643 9594 2091 1425 7503 666 66 10190 37183 17915 1337 930 23758 8710 1789 1616 6921 718 6203 2527 886 833 492 289 203 1641 3676 341 7450 1676 977 1543 949 918 178 15731 257 383 3130 6166 2552 1564 144 5774 535 34683 192 218 1359
internal_count=144162 51008 93154 83855 74261 37078 30171 33948 21493 20837 9299 16617 589 8643 9594 2091 1425 7503 666 66 10190 37183 17915 1337 930 23758 8710 1789 1616 6921 718 6203 2527 886 833 492 289 203 1641 3676 341 7450 1676 977 1543 949 918 178 15731 257 383 3130 6166 2552 1564 144 5774 535 34683 192 218 1359
cat_boundaries=0 1
cat_threshold=8
is_linear=0
shrinkage=0.05


Tree=76
num_leaves=63
num_cat=1
split_feature=131 118 94 133 113 114 60 91 78 135 133 90 68 122 72 125 90 126 77 107 75 54 89 90 54 99 125 95 72 56 135 45 94 103 136 107 103 93 100 50 70 81 70 68 68 75 135 85 109 87 40 95 115 84 115 119 124 81 42 40 80 82
split_gain=82804.3 55487 30256.5 23934.9 21961.6 21206.5 17976.6 16094.2 18122.6 15278.5 17712.2 13935.2 13422 12822.4 12484.7 12799.1 13574.1 12428.9 12238.8 12093.3 12058.3 16725.2 11611.4 13006.3 10597.7 10699 10177.2 10130.5 9856.43 15883 16960.8 14055.6 11945.3 10089 9783.77 9551.58 9509.86 9519.11 12314.6 9509.56 9842.3 9409.25 9403.63 11978.1 9340.37 10507.4 17115.4 23342 37914.9 15228.8 14212 15625.9 9309.7 9129.79 9745.76 9776.05 9114.73 8949.86 8875.82 8367.47 8210.94 8170.27
threshold=0.0048550694464205508 0.48573356810210372 0.017048060377082206 -0.026527613987282497 0.013680478339793252 0.75575544361553093 0.37323803473975098 0.20925173021753848 0.19550672499856983 -0.0019889086003179995 -0.010068178422308649 -0.70584907876367498 -0.58095586978977376 0.12648567713537417 0.70345190625136977 -0.0040925400389313993 -0.83352846338760223 0.32304669352354859 0.22219204100068676 -0.0032506451729242994 0.12525703963594373 -0.046375879964649487 0.034727691834331657 -0.88692530920642376 -0.03567536821487334 0.61906873281999675 0.023402364655231152 0.51010688447593355 -0.93080851210219773 -0.6841212865321934 0.035362192378140006 0.067109086207275806 -0.13043190200106217 -0.023339082340698047 0 0.026832783361130905 0.026518500268810453 0.41742940913247267 0.32913950320719015 0.24273647991525893 0.33343788158602988 0.25130546359166878 0.3139031281184041 0.049136615669842308 -0.85957106875556744 0.10589236333319377 0.018438466505661354 0.60720030606892605 0.0016670046931142504 0.17107885008904328 -0.37473982443331783 0.098276694733076264 0.0029081497844278504 0.53417889774105742 0.011600684063604752 -0.0067844087157114992 -0.27652882282027519 0.295326230865955 -0.52429830211790385 -0.98482111778002157 -0.64789296138843078 -0.29730374983844926
decision_type=2 2 10 2 2 2 10 2 2 2 2 2 2 2 2 2 2 2 2 2 2 2 2 2 2 2 2 10 2 2 2 2 8 2 1 2 2 2 2 2 2 2 2 2 2 2 2 2 2 2 2 10 2 2 2 2 2 2 2 2 2 8
left_child=5 2 4 12 7 6 9 8 27 10 17 -6 -3 -13 15 -14 -17 -1 -9 -5 24 -22 57 -24 -11 39 -27 36 -25 30 31 60 -33 -31 -18 -19 -2 -38 -39 -26 -41 -36 43 61 -21 46 56 50 -49 -47 51 -48 -23 54 55 -45 -46 -20 -10 -15 -30 -35
right_child=1 3 -4 19 11 -7 -8 18 58 20 -12 13 14 59 -16 16 34 35 22 44 21 52 23 28 25 26 -28 -29 29 33 -32 32 -34 42 41 -37 37 38 -40 40 -42 -43 -44 53 45 49 47 48 -50 -51 -52 -53 -54 -55 -56 -57 -58 -59 -60 -61 -62 -63
leaf_value=0.017023279954152006 0.052740455542707315 0.064064951106881554 -0.10016883763323306 0.023327162552073438 0.079757784065577084 -0.097665050775372908 -0.10548180611008973 0.061507969720849015 0.082193955970275734 0.063192253792712719 0.061230707800557109 -0.02327330237160688 -0.42564574884471362 -0.0066110004025436613 -0.12560967402086906 0.25614733936926054 -0.048894808740552631 -0.049342471146775833 0.091116995011205959 0.081724509170709739 0.055047595717787147 0.12498293847483755 0.089613894423977894 0.031153763997047352 0.14148277447171817 0.10922940315809103 -0.12372745856329209 0.54003153711557395 0.11039284486470261 0.090837679521335285 0.3289536242337921 -1.6203710796435677 -0.57001537050150797 -0.34874615639522183 -0.40255006070559224 -0.23649034356438392 0.038319882717290539 -0.22102505719942869 0.023766883270941792 0.45446653263379072 0.18014428699531387 -0.15904250752875757 0.0022632967020294174 -0.0069678080432555266 -0.20616589388676815 0.087117823873570574 0.035161125404494148 0.029964571446180345 2.2958649448553721 -0.20354491555506296 0.0038037757804098913 1.5902496429284414 -0.24319903865643516 0.43127961981042129 -0.16351546400492145 -0.60027776953953482 -0.074240415480189378 -0.21329273195730317 0.29986945418171079 -0.24627223897692577 -0.53630990400910383 -0.077481520566377873
leaf_weight=8302 16934 611 6974 3553 1023 2581 1833 4200 868 12871 16796 1746 819 448 4459 155 584 3100 2284 869 4225 216 1276 1621 2757 6546 505 100 127 741 79 30 277 302 882 874 2410 1112 955 599 720 721 1554 85 1546 527 35 48 30 3110 2447 30 837 41 442 379 8550 270 1017 1947 80 3433
leaf_count=8302 16934 611 6974 3553 1023 2581 1833 4200 868 12871 16796 1746 819 448 4459 155 584 3100 2284 869 4225 216 1276 1621 2757 6546 505 100 127 741 79 30 277 302 882 874 2410 1112 955 599 720 721 1554 85 1546 527 35 48 30 3110 2447 30 837 41 442 379 8550 270 1017 1947 80 3433
internal_value=-0.000515178 -0.0336839 -0.00315156 -0.0892723 0.0116275 0.0426783 0.0486972 0.0239755 0.0509784 0.0535408 0.0278654 -0.0854951 -0.161416 -0.126319 -0.179496 -0.255509 -0.196012 -0.0177849 -0.0127098 -0.0606479 0.0790372 0.0106129 -0.0366492 -0.0599725 0.0940861 0.129822 0.0925448 0.0379517 -0.0807398 -0.1047 -0.353125 -0.457958 -0.672656 -0.0835856 -0.228058 -0.0905018 0.0356067 -0.0292007 -0.107926 0.194307 0.304723 -0.291208 -0.104312 -0.139685 -0.0780027 -0.0865062 -0.0650266 0.0496371 0.901465 -0.161428 0.0231871 0.752894 -0.167675 -0.29851 -0.331536 -0.49159 -0.0944422 0.0589359 0.199635 -0.201442 -0.139541 -0.0994151
internal_weight=144493 81731 52755 28976 45781 62762 60181 40617 23396 58348 29072 5164 8231 4141 7620 3161 2342 12276 17221 20745 29276 5278 13021 10467 23998 11127 7051 21511 9191 7570 593 514 307 6977 2187 3974 21411 4477 2067 4076 1319 1603 6236 4682 17192 16323 12686 2590 78 3637 2512 65 1053 947 906 464 10096 2554 1885 2395 207 3735
internal_count=144493 81731 52755 28976 45781 62762 60181 40617 23396 58348 29072 5164 8231 4141 7620 3161 2342 12276 17221 20745 29276 5278 13021 10467 23998 11127 7051 21511 9191 7570 593 514 307 6977 2187 3974 21411 4477 2067 4076 1319 1603 6236 4682 17192 16323 12686 2590 78 3637 2512 65 1053 947 906 464 10096 2554 1885 2395 207 3735
cat_boundaries=0 1
cat_threshold=8
is_linear=0
shrinkage=0.05


Tree=77
num_leaves=63
num_cat=1
split_feature=106 107 102 103 123 105 125 125 78 123 125 68 94 102 38 125 125 127 46 78 78 78 96 133 38 127 40 87 54 62 113 50 125 136 40 119 127 119 44 60 46 42 81 34 46 123 125 2 93 127 55 68 92 101 75 54 79 52 91 73 50 81
split_gain=72525.2 40390.8 34706.4 33309.6 23069 21783.2 19536.3 18011.9 16789.6 16553 16217.5 16316.1 15990.8 14417.6 33487.7 15854.8 17895 12871.2 12620.7 12412.9 12296.8 11692.6 10888.6 9867.38 12201.5 11219.3 10946.8 11766.3 11395.9 9743.69 9688.64 9594.72 9280.18 9706.95 9308.08 9236.69 8982.7 11403.6 8926.48 8733.08 8379.24 8070.47 8622.03 7923.85 7832.64 12032.3 11555.8 9175.17 8836 8824.78 8114.07 7764.34 7882.94 8999.29 7628.37 7567.46 7636.84 7552.87 8088.24 7433.57 7314.42 7216.13
threshold=0.4983154495994197 0.036315145593705862 1.0000000180025095e-35 0.035614593415522554 0.014905951499548951 0.042738738167027952 0.022290725617511806 -0.014522223983232949 0.29342900068427052 0.009985711352791601 -0.0070569906523495493 -0.27386746014466473 0.0067672652891683513 -1.0000000180025095e-35 0.39734354005447253 0.016442732544084956 -0.015671378370368649 0.044151138351606105 0.43287901001596674 0.19550672499856983 0.25979882218674599 -1.09390880991869 -0.71902621921138454 -0.010068178422308649 -0.41064644048005494 -0.0048955910015941488 -0.13781912209134603 0.21137474340442752 -0.11292032604084544 -0.67144991587885428 0.0060408120570113509 0.53344348147577791 -0.000223091716433 0 -0.030987562116396399 0.0096235539418275517 -0.010277364307585397 -0.011585325305096098 0.017481747115594352 0.17415968974478707 0.46960522194439563 0.15637451598441307 0.28949530544252461 -0.85054722598931265 -0.27165096109671355 0.0021325406938884502 0.0068820956486797509 1402.8350000000003 0.57888468120493131 0.043019058208708404 0.056263742395704655 -0.13525522743277132 0.5339159580855467 0.8439164918205444 0.053211291232981954 0.20727217107913767 0.48343178906436474 -0.47882446125960826 0.18589928490209928 0.55229035537257676 -0.77541854319409897 0.24519928521656034
decision_type=2 2 2 2 2 2 2 2 2 2 2 2 10 2 2 2 2 2 2 2 2 2 2 2 2 2 2 2 2 2 2 2 2 1 2 2 2 2 2 10 2 2 2 2 2 2 2 2 2 2 2 2 2 2 2 2 2 2 2 2 2 2
left_child=2 5 13 4 6 7 8 38 10 12 11 -4 20 15 31 16 29 19 -8 55 23 -6 -5 24 -9 -26 27 -25 -29 -1 -21 60 35 57 -35 -27 59 -38 -2 44 -39 42 -37 -7 47 49 54 48 -12 -46 -48 -50 53 -53 -47 -18 -57 -34 -59 -13 -15 -22
right_child=1 -3 3 22 21 43 18 9 -10 -11 39 36 -14 14 -16 -17 17 -19 -20 30 61 -23 -24 26 25 32 -28 28 -30 -31 -32 -33 33 34 -36 41 37 40 -40 -41 -42 -43 -44 -45 45 46 50 -49 51 -51 -52 52 -54 -55 -56 56 -58 58 -60 -61 -62 -63
leaf_value=0.15486886833722777 -0.28394365838630309 -0.13562539919496544 0.040143604238359692 0.047763152156738528 0.14172043094060419 0.13016404873794982 -0.29995029354760472 0.051729881881492024 0.19779241061437247 -0.098059023784114963 0.049019975249202291 0.26701424462757639 -0.079431169232313498 0.033168299487799487 0.46532185260244285 -0.046516063843163452 0.054751988026874747 -0.16651094120508864 -0.045980400152580994 0.28841133892043114 0.24443740979089856 -0.15352714647142005 -0.11553449514733179 0.097356751696698801 0.056335683200701051 -0.083942477394194512 0.071633706506337158 0.04251354026991655 -0.21813690852300627 -0.25519292187496601 0.069724777417820294 0.5678991973400116 -0.37000686690378726 0.2356685198015637 -0.18869170269611851 -0.49030849998220083 0.20834789777621193 -0.23343136720831922 0.033918484880004901 -0.090790247047755956 0.44945805085741952 0.13946761291631513 0.15777610456734373 -0.15480930694682438 0.062055918393775812 -0.12286555323770593 -0.23942303285042468 0.20139909114733723 0.09683784520033227 -0.27065308319368198 -0.044194175838719596 0.28380926338334883 -0.18884258148621541 0.8543244967677377 0.097595338596640879 -0.094901402494667664 -0.84173679351806641 -0.17654548517423252 0.20182151188517233 -0.41947209703907068 0.11063849892212214 -0.079316406383046087
leaf_weight=182 879 11161 2147 1175 382 261 605 3093 1521 4066 10325 202 4134 5491 591 4985 28279 639 2555 1020 954 2745 7780 984 1189 548 9658 680 1094 710 1006 100 89 144 1259 515 171 1914 295 1175 46 71 57 3730 8657 537 937 1322 558 204 1232 186 49 110 1457 345 38 183 619 49 6845 210
leaf_count=182 879 11161 2147 1175 382 261 605 3093 1521 4066 10325 202 4134 5491 591 4985 28279 639 2555 1020 954 2745 7780 984 1189 548 9658 680 1094 710 1006 100 89 144 1259 515 171 1914 295 1175 46 71 57 3730 8657 537 937 1322 558 204 1232 186 49 110 1457 345 38 183 619 49 6845 210
internal_value=-0.000974342 -0.0528844 0.0232571 -0.00712659 0.0128017 -0.0262805 0.0241292 -0.0120043 0.0355685 -0.00437278 0.0276799 -0.0598176 0.0105767 0.052316 0.0975852 0.036465 0.049304 0.0555919 -0.0946044 0.0602166 0.0280074 -0.117459 -0.0941079 0.018894 -0.0253081 -0.0762876 0.0465452 -0.0413102 -0.118226 -0.171526 0.179824 0.0801092 -0.121536 -0.0627452 -0.144109 -0.234772 -0.149917 -0.18324 -0.204072 0.0424945 -0.217404 -0.363318 -0.425727 -0.136173 0.0486183 0.0214555 -0.0486594 0.076807 0.0621373 0.0543962 -0.128532 0.212122 0.398582 0.495825 0.0382235 0.0517621 -0.169 0.0662476 0.115486 0.132999 0.076155 0.186028
internal_weight=144145 45873 98272 48041 39086 34712 35959 30721 32799 29547 31278 4529 25481 50231 13027 37204 32219 31327 3160 30688 21347 3127 8955 20183 7767 4674 12416 2758 1774 892 2026 12436 3485 2294 1403 1191 2382 2131 1174 26749 1960 643 572 3991 25574 13024 4163 12550 11228 8861 2169 903 345 296 1994 28662 383 891 802 251 12336 1164
internal_count=144145 45873 98272 48041 39086 34712 35959 30721 32799 29547 31278 4529 25481 50231 13027 37204 32219 31327 3160 30688 21347 3127 8955 20183 7767 4674 12416 2758 1774 892 2026 12436 3485 2294 1403 1191 2382 2131 1174 26749 1960 643 572 3991 25574 13024 4163 12550 11228 8861 2169 903 345 296 1994 28662 383 891 802 251 12336 1164
cat_boundaries=0 1
cat_threshold=8
is_linear=0
shrinkage=0.05


Tree=78
num_leaves=63
num_cat=1
split_feature=103 119 127 123 124 105 56 135 106 96 50 115 121 135 125 94 84 60 58 78 133 111 111 75 74 77 74 75 74 75 19 87 92 123 40 80 87 78 94 84 77 136 133 120 98 46 131 135 8 131 127 68 96 84 110 82 75 131 124 96 98 38
split_gain=67887.6 51785.4 34452.9 31094.6 26665.1 25034.1 24368 17104.8 16926.4 16033.3 18337.4 22326.6 14983.4 14266.9 13841.6 13581.8 13408.6 14729.3 13593.2 12482.3 12390 12077.6 11773.2 10852.5 21600.9 19168.8 17972.4 33351.3 17957.8 18238.1 18563.3 16083.7 21921.3 13792.7 11522.6 9489.19 9321.91 9311.18 9123.84 11298.2 9702.7 8914.06 11276.6 11045.5 8882.9 10819.7 9037.6 8867.81 8850.86 8816.38 8619.69 8409.51 8336.05 10965.3 8971.19 8335.01 10771.1 8059.85 8016.47 7812.09 7802.89 7736.11
threshold=0.011913926648127352 -0.005161414743290349 0.0074556887497508008 0.0034171354335491501 -0.098159998997711537 0.0090335317361137021 -0.72555754986431042 0.022331952420891053 0.051160429417197256 -0.71902621921138454 0.90433650442879687 -0.0026285025912516995 -0.016098017954441695 -0.0082068914084557475 0.00066779038409345011 0.0031241526893644503 -0.34947200319881838 0.28003617868731889 -1.0857862254263406 0.37871823283412592 -0.0025378406863829496 -0.0012209387777410497 0.00099887280940735021 0.10281505040466461 -0.38532678756563232 0.44989928642959981 -0.099576420990319145 0.096839968912394214 -0.03853473235262999 0.085024152950588308 0.38963602792260127 0.1354586091863387 -0.63364830690553153 0.0094136815544532005 -0.98482111778002157 -0.4778094357344374 0.18531286640447142 0.34313112024025061 0.028663172195555555 0.19093041706058103 0.2748731106541073 0 -0.017591245610931647 -0.013558340461412648 1.9828077512308915 2.6696392077545696 0.013232961589322452 -0.015098038293185999 47.435000000000009 0.016860380212537603 -0.012483158997476148 -0.78485836871926284 -0.63385761440813715 0.53417889774105742 -0.19491800047479102 -0.17159668651376322 0.066931115123684312 -0.0013462484760658998 0.0035081207605280004 -0.4911357995740262 0.14861428079080732 0.076947038225774866
decision_type=2 2 2 2 2 2 2 2 2 2 2 2 2 2 2 10 2 10 2 2 2 2 2 2 2 2 2 2 2 2 2 2 2 2 2 2 2 2 10 2 2 1 2 2 2 2 2 2 2 2 2 2 2 2 2 10 2 2 2 2 2 2
left_child=5 38 3 15 9 13 -5 22 -7 -4 11 14 -10 41 -11 19 -15 18 -18 -3 47 37 52 24 25 -8 -26 28 29 33 -31 60 34 -28 -33 -34 55 49 39 61 -41 -1 43 51 46 -46 -30 -13 -24 -20 -51 -43 -6 54 -54 -17 -57 -14 -56 -37 -25 -2
right_child=1 2 4 6 7 8 23 -9 12 10 -12 20 57 16 -16 36 17 -19 21 -21 -22 -23 48 31 26 -27 27 -29 44 30 -32 32 35 -35 -36 59 -38 -39 -40 40 -42 42 -44 -45 45 -47 -48 -49 -50 50 -52 -53 53 -55 58 56 -58 -59 -60 -61 -62 -63
leaf_value=0.068606188012412805 0.066207369957775 0.033505001866702237 0.062614688492382914 0.12228232559713162 0.028427287967839606 0.038663420461081316 0.22490763479381576 0.06662097034915869 -0.16133895226309591 -0.50939577420668813 -0.1155627880357812 -0.40849988859987652 0.033457169685357613 0.050481379589965174 -0.1129251533670582 -0.067123779017867438 -0.061507854823446055 -0.1176788731265638 0.1285891408828535 0.33031781395838261 -0.033398602918996385 0.21093387148212336 -0.044682520923578113 -0.16281136746608443 -0.32241387873711935 1.5552421648397714 -0.045067794983171761 1.2125189076392697 -0.018394104147654855 0.067895807512104514 1.6664001603211678 -0.0056329011663821069 -0.16610867145814395 0.91436217465353298 -0.22238398850085306 -0.88532947248703719 -0.13538940477053743 0.33422218440465301 -0.13362927971334346 0.30383349353004241 0.041356373521788364 0.089895117496136837 0.030573196472913636 0.011440242687688791 1.1242368624630301 -0.037679012967090982 -0.16714606516948419 -0.15537299644315947 0.14188391625627308 0.28902517537845623 -0.068424708896123981 -0.21376363472053708 -0.26208203082826609 -0.079227222413425835 0.039754673543081875 -0.21037810479893404 0.86705511700208882 -0.038645564964383816 -0.16829796541353098 -0.41211317960963112 0.19364788735530367 -0.094090546970030997
leaf_weight=6450 8175 14642 658 1270 1035 16661 133 2188 1951 1120 3650 638 5726 14534 274 134 788 596 2843 363 902 4746 3558 248 677 34 252 52 1848 32 42 842 133 44 2256 185 1810 383 566 896 580 269 6928 1687 33 51 2282 756 774 194 1291 1496 1920 6665 606 34 73 11995 1962 165 403 829
leaf_count=6450 8175 14642 658 1270 1035 16661 133 2188 1951 1120 3650 638 5726 14534 274 134 788 596 2843 363 902 4746 3558 248 677 34 252 52 1848 32 42 842 133 44 2256 185 1810 383 566 896 580 269 6928 1687 33 51 2282 756 774 194 1291 1496 1920 6665 606 34 73 11995 1962 165 403 829
internal_value=0.000619636 -0.0368474 -0.0567738 -0.0180618 -0.0974166 0.0320052 -0.0836819 -0.0647493 0.00158041 -0.173828 -0.195024 -0.273625 -0.0298267 0.058197 -0.431467 0.0241896 0.0818721 0.123956 0.138013 0.0406855 -0.177792 0.154638 -0.0821487 -0.110615 -0.0641674 0.495754 -0.081767 -0.0466251 -0.0609086 0.273071 0.975155 -0.17076 -0.21232 0.0975502 -0.163474 -0.525625 -0.096493 0.0979241 0.0619076 0.0724681 0.200692 0.0225014 -0.00620768 -0.0800431 -0.0902329 0.418788 -0.100586 -0.271223 -0.0113486 0.0770133 -0.0217276 -0.167484 -0.107313 -0.11991 -0.180327 0.195633 0.524693 -0.0153478 -0.119201 -0.662242 0.0578539 0.0514487
internal_weight=144328 65790 54744 28038 26706 78538 10982 18708 36333 7998 7340 3690 19672 42205 1394 17056 25375 10841 10245 15005 2296 9457 16520 9712 5480 167 5313 4636 4584 370 74 4232 3581 296 3098 483 2051 4711 11046 10480 1476 16830 10380 3452 4214 84 4130 1394 4332 4328 1485 1765 12188 11153 4488 241 107 17721 2568 350 651 9004
internal_count=144328 65790 54744 28038 26706 78538 10982 18708 36333 7998 7340 3690 19672 42205 1394 17056 25375 10841 10245 15005 2296 9457 16520 9712 5480 167 5313 4636 4584 370 74 4232 3581 296 3098 483 2051 4711 11046 10480 1476 16830 10380 3452 4214 84 4130 1394 4332 4328 1485 1765 12188 11153 4488 241 107 17721 2568 350 651 9004
cat_boundaries=0 1
cat_threshold=8
is_linear=0
shrinkage=0.05


Tree=79
num_leaves=63
num_cat=1
split_feature=103 119 126 105 104 131 111 125 122 125 115 68 90 113 111 125 56 89 94 50 115 131 96 85 83 71 99 133 38 96 94 85 115 6 84 54 90 58 113 100 136 68 107 50 123 109 56 125 86 66 73 122 80 135 84 29 111 117 83 111 80 133
split_gain=67261.7 40968.7 31270.4 25220.6 24884.4 22187.6 20061.5 16460.6 13591.7 13189.8 13148.2 12205.9 12148.2 12059.2 11964.3 12094.7 14117.7 11885.5 10889.6 10330 11967.8 10543.8 10033 9319.83 16361.3 9150.86 8927.44 8840.3 8678.83 13842.6 8579.13 8522.98 8356.14 8311.57 8438.54 9125.28 10233.3 8350.05 8185.02 10285.8 9635.98 11021 9446.89 10331.7 9157.38 8169.51 8000.8 7976.48 7973.98 14879 7909.45 7845.68 7794.74 7729.69 14541.8 12152.1 8727.6 7578.08 8332.25 7529.25 7499.43 7289
threshold=0.013818076692615701 1.0000000180025095e-35 0.51733950924003669 -0.0054824868748815994 1.0000000180025095e-35 -0.0013462484760658998 -0.0079696692019963471 -0.0070569906523495493 0.062466682300280359 -0.013146045974934299 0.013512652303650301 -0.559160438378416 -0.86417855119313358 0.00017955155443660003 0.018019504979265352 -0.0032647982141712994 -0.74204993415774412 0.029155121472992953 -0.041709045353209746 1.0874041652743121 -0.0014109776728249497 0.021185440256574303 -0.84625849762626293 0.57254404935887693 1.0512751011825372 0.48501725550952707 0.60435639692603693 -0.0036675361094743995 0.93519816281091706 -0.63385761440813715 0.028663172195555555 0.41753074933812967 -0.0033597503967248495 9063.3250000000025 0.19093041706058103 0.69310844699416874 0.27560167087501414 0.90075302776974187 0.030399100922693805 -0.41799540202211138 0 -0.58855070760673656 -0.0090501444070619982 0.68270949457266206 0.0023199009185299003 -0.0024902175885449496 -0.79773240413078217 0.022290725617511806 -0.050904312899409547 0.39265916561796305 0.4179291926528913 0.69522738927557903 -0.6291425987888638 -0.008492403788582948 -0.34947200319881838 -1.325770606785788 -0.0037745043153620994 0.023576719047214503 0.75457423535331669 -0.00072336782427574991 0.50778714772053168 -0.017926256761195997
decision_type=2 2 2 2 2 2 2 2 2 2 2 2 2 2 2 2 2 2 8 2 2 2 2 2 10 2 2 2 2 2 10 2 2 2 2 2 2 2 2 2 1 2 2 2 2 2 2 2 2 2 2 2 2 2 2 2 2 10 10 2 2 2
left_child=3 30 4 53 8 47 7 11 -3 28 -8 -7 -11 -12 15 19 -17 31 32 20 22 -22 -4 26 -25 -9 -15 48 29 -6 33 -14 45 34 -2 36 37 -36 40 -40 44 -42 -43 50 -27 -13 -46 -5 -18 -50 52 61 -44 -1 -55 -56 -57 58 -35 -39 -54 -19
right_child=1 2 14 5 9 6 10 25 -10 12 13 18 17 23 -16 16 27 51 -20 -21 21 -23 -24 24 -26 38 -28 -29 -30 -31 -32 -33 -34 57 35 -37 -38 59 39 -41 41 42 43 -45 46 -47 -48 -49 49 -51 -52 -53 60 54 55 56 -58 -59 -60 -61 -62 -63
leaf_value=0.036498687932039219 0.04024558045894832 0.047215379250781467 0.096106265550074371 0.061499146082046666 0.13252316660114699 0.041871281161516484 0.032391804327323873 0.16129747083503934 -0.054962661229417537 0.075202090266267008 0.076754582163022889 -0.096902345931157485 0.19826296221849457 -0.0077772109761567705 0.13836886017581046 0.11916895589511006 -0.12173468445394911 -0.12834511037458859 -0.18963937225959493 -0.12620287768800065 -0.046390494775425201 -0.36989917714652937 -0.45053715478601658 -0.10899934243670731 0.98919539934556411 0.092596151672446447 -0.13272863580588898 -0.045517782322113461 -0.11932117298086863 -0.53237657969013086 -0.11823085821833688 -0.12363780192114981 -0.27983598366791756 -0.06230754710033836 0.28974593461659442 -0.26610137984409171 -0.13860135373140042 -0.29022074214540994 -0.017524882255210764 -0.56679755148687805 0.070381938450398404 0.069547297893102336 0.19614155123631161 -0.058262788884997689 0.2102141969214936 -0.89999712828154621 -0.11627649966178821 -0.069258256342998856 -0.37739487322983795 -0.01992229627462748 -0.22553357837622562 -0.20076834393021606 -0.80981346932972009 0.051514316024083628 -0.14771419801662064 0.090402872873283746 0.21013253402274201 -0.50047263597608893 0.46782427996588061 0.28365529414777663 0.040308890948372506 -0.051279447226169853
leaf_weight=10662 10485 9665 92 18456 98 389 18658 514 4907 1454 1621 40 649 2293 411 668 3932 4433 1084 2103 683 399 958 86 56 1781 3796 2640 649 389 877 301 217 1490 1201 118 208 130 168 173 705 407 30 876 217 152 1387 1245 910 428 1146 1357 159 9499 331 2510 3867 93 78 102 31 9966
leaf_count=10662 10485 9665 92 18456 98 389 18658 514 4907 1454 1621 40 649 2293 411 668 3932 4433 1084 2103 683 399 958 86 56 1781 3796 2640 649 389 877 301 217 1490 1201 118 208 130 168 173 705 407 30 876 217 152 1387 1245 910 428 1146 1357 159 9499 331 2510 3867 93 78 102 31 9966
internal_value=0.000237731 -0.0391758 -0.0619706 0.0297774 -0.0365111 0.0105809 -0.0127712 -0.0752133 0.0128078 -0.0737558 0.00954868 -0.207588 -0.0634166 -0.0447314 -0.127175 -0.135693 -0.10156 -0.0754813 -0.272585 -0.204829 -0.282386 -0.165688 -0.402641 -0.0763361 0.324092 -0.0424071 -0.0856743 -0.1202 -0.239038 -0.398577 0.033443 0.0962712 -0.492421 0.0430092 0.0572472 0.15859 0.189129 0.236699 -0.0571959 -0.296188 -0.0451026 -0.104994 -0.152065 -0.192295 0.014508 -0.732686 -0.0721066 0.053236 -0.157612 -0.263046 -0.278249 -0.085837 -0.552848 0.0695628 0.0913145 0.147674 0.163007 -0.0619458 -0.0359362 -0.0379132 -0.671109 -0.0750055
internal_weight=144430 61874 47092 82556 33868 55687 35986 9476 14572 19296 26510 1882 18160 7852 13224 12813 8578 16706 1493 4235 2132 1082 1050 6231 142 7594 6089 7910 1136 487 14782 950 409 13905 12244 1759 1641 1433 7080 341 6739 3354 2649 2242 3385 192 1604 19701 5270 1338 1366 15756 220 26869 16207 6708 6377 1661 1568 232 190 14399
internal_count=144430 61874 47092 82556 33868 55687 35986 9476 14572 19296 26510 1882 18160 7852 13224 12813 8578 16706 1493 4235 2132 1082 1050 6231 142 7594 6089 7910 1136 487 14782 950 409 13905 12244 1759 1641 1433 7080 341 6739 3354 2649 2242 3385 192 1604 19701 5270 1338 1366 15756 220 26869 16207 6708 6377 1661 1568 232 190 14399
cat_boundaries=0 1
cat_threshold=9
is_linear=0
shrinkage=0.05


Tree=80
num_leaves=63
num_cat=2
split_feature=131 118 110 124 125 114 133 135 120 136 34 102 135 96 68 125 78 81 77 25 115 70 136 107 97 123 60 107 50 92 85 113 55 134 25 133 38 90 115 118 95 89 81 114 86 68 84 74 74 113 75 81 87 124 77 69 81 93 97 93 86 86
split_gain=61821.2 43924.4 21288.3 19777.8 19528.4 16715.1 14815.7 14623.1 14708 13294.3 13196.2 12730.7 12216.9 11585.2 11413.4 11340.7 10778.1 12409.4 14409.1 10621.2 11869.7 10468.8 11686.6 10176.2 10012.7 9811.36 9114.76 9087.9 8985.02 11335.6 9204.3 9682.34 8971.81 8814.49 8757.32 8468.72 12710.1 8437.75 8826.43 8089.32 8086.31 7743.03 7688.85 7442.68 7868.11 7354.03 7210.06 9055.62 12025.9 30499.1 15789.9 14235.2 10113.7 9452.16 7891.72 22378 7458.8 7206.72 7081.76 7025.36 7022.8 7774.18
threshold=0.0048550694464205508 0.48573356810210372 -0.18077211569155352 0.37492164151894697 -0.0070569906523495493 0.75575544361553093 -0.026527613987282497 -0.014445748634158649 -0.033409944297656848 0 -0.44584264513213062 0.51150013979118636 -0.015098038293185999 -0.75243163613831843 -0.51786211188148523 0.00011276138480465002 0.19550672499856983 0.20952425743149428 0.12245309447817972 0.60125540175592207 -0.0014109776728249497 0.40545726040378305 1 -0.012895679250256748 0.45117123737935871 0.00041039141314705007 0.37323803473972866 -0.0032506451729242994 0.57488550717956277 0.35873383903911576 0.35792749396240831 0.020124840332054403 0.10350511180142871 -0.87824942878311874 -0.34880622104327924 -0.025728808411798847 -0.35035156340843471 -0.77506492109546821 -0.0062761364464876497 1.2866143270141102 0.21427311122135928 0.10779354440987401 0.26802171726186796 -0.14108243140769608 -0.042377874503200096 1.0000000180025095e-35 -1.2303848937183013 -0.11032793490870839 -0.056173965881240899 0.0085842209343439512 0.084641528887868314 0.31067579778218674 0.21273778963781473 -0.079156325770058225 0.69201564997640241 0.74458084729975316 0.43786480464303695 0.50324658154367541 0.75821064373318003 0.28804375638365776 -0.18637249174476869 0.029868995777362854
decision_type=2 2 2 2 2 2 2 2 2 1 2 2 2 2 2 2 2 2 2 2 2 2 1 2 2 2 10 2 2 2 2 2 2 2 2 2 2 2 2 2 10 2 2 2 2 2 2 2 2 2 2 2 2 2 2 2 2 2 2 2 2 2
left_child=5 2 4 11 10 7 14 8 9 -1 -2 33 -6 -11 -3 23 26 -18 -19 20 32 22 59 -15 -20 -5 -9 58 29 30 31 -25 43 -4 -35 36 -13 -24 45 -10 -37 -34 -40 44 -12 -39 -29 52 49 50 -49 -52 -48 -50 56 -56 -55 -17 -8 -16 -59 -62
right_child=1 6 3 25 12 -7 27 16 39 13 19 35 -14 15 21 57 17 18 24 -21 -22 -23 37 28 -26 -27 -28 46 -30 -31 -32 -33 41 34 -36 40 -38 38 42 -41 -42 -43 -44 -45 -46 -47 47 48 53 -51 51 -53 -54 54 55 -57 -58 60 -60 -61 61 -63
leaf_value=0.043502207383627853 0.021794658474918745 0.055626761825429021 -0.02725307147828859 0.047221056107460087 -0.088003362793082907 -0.088692833739747984 0.039153451127616555 0.055084224933168474 0.050062674880660935 0.069381028203079939 -0.24578294789285532 0.079670437303001565 0.011332541617951435 0.099307327644283808 -0.23893376395744112 -0.13341092465565302 0.23982295995396125 0.39339441107749418 0.29553323758339417 -0.1072102710590539 -0.18808525531987574 -0.1136331442757413 -0.060783834791231887 0.07735475717133998 -0.11501212988898944 -0.08525009381731749 -0.10712892265450694 0.14879737112321248 -0.082609435287754329 -0.70432654487057811 -0.35003602027895381 -0.87149762709935519 -1.3582079199857491 0.0392036321186328 0.10871281112187381 0.032845627586956173 -0.21365369910108192 -0.95258647104104366 -0.37020812762193234 -0.26472367950616621 -0.11944855663597238 -0.61410287337347791 -0.091940858720027552 -0.14062394157479532 -1.0916666414450718 -0.38148309338896996 0.032869183384891913 -0.13295658855342571 -0.1313946655859935 1.7505121788258355 0.16523059076246094 1.3734864854498916 -0.18185279529896523 -0.02674230521103494 -0.29396429428687465 1.5224381613731386 -0.18988214781869223 -0.17064726759493354 -0.20835962542039843 0.10926440549223314 0.25002699887634938 -0.030267982929944995
leaf_weight=2937 607 708 2723 1834 5097 2580 3168 36561 10855 976 56 551 7881 239 257 1336 1678 228 179 791 559 5102 302 259 872 5876 887 362 569 168 806 30 43 10534 7952 5579 1120 102 984 208 1033 187 332 183 54 126 664 243 3775 30 68 38 3150 7987 39 30 768 325 318 332 453 545
leaf_count=2937 607 708 2723 1834 5097 2580 3168 36561 10855 976 56 551 7881 239 257 1336 1678 228 179 791 559 5102 302 259 872 5876 887 362 569 168 806 30 43 10534 7952 5579 1120 102 984 208 1033 187 332 183 54 126 664 243 3775 30 68 38 3150 7987 39 30 768 325 318 332 453 545
internal_value=-0.00140598 -0.0301075 -0.0029294 0.0175631 -0.0522476 0.0359274 -0.0796558 0.0412762 0.00596353 -0.0429076 -0.180807 0.0362033 -0.0276808 -0.0873078 -0.136313 -0.119824 0.0584986 0.150398 0.0330757 -0.246466 -0.34827 -0.154343 -0.239641 -0.20755 -0.0450905 -0.0537388 0.051242 -0.0570232 -0.247582 -0.321905 -0.263232 -0.021142 -0.51948 0.0567328 0.0691039 -0.0163634 -0.116932 -0.30086 -0.349767 0.0441442 0.00905254 -0.753218 -0.300007 -0.336 -0.661035 -0.636977 -0.0719796 -0.0767391 -0.056834 0.220673 0.0891682 0.598379 -0.144471 -0.0651819 -0.0368554 0.495776 -0.0410531 -0.0514972 0.0165748 -0.0419536 0.0312213 0.0969601
internal_weight=144236 81545 52660 37202 15458 62691 28885 60111 19706 8643 2480 29492 12978 5706 8245 4730 40405 2957 1279 1873 1082 7537 2435 2071 1051 7710 37448 20640 1832 1263 1095 289 523 21209 18486 8283 1671 1846 1544 11063 6612 230 1316 293 110 228 17154 16792 12978 379 349 106 3814 12599 8824 69 8755 2659 3486 589 1323 998
internal_count=144236 81545 52660 37202 15458 62691 28885 60111 19706 8643 2480 29492 12978 5706 8245 4730 40405 2957 1279 1873 1082 7537 2435 2071 1051 7710 37448 20640 1832 1263 1095 289 523 21209 18486 8283 1671 1846 1544 11063 6612 230 1316 293 110 228 17154 16792 12978 379 349 106 3814 12599 8824 69 8755 2659 3486 589 1323 998
cat_boundaries=0 1 2
cat_threshold=8 8
is_linear=0
shrinkage=0.05


Tree=81
num_leaves=63
num_cat=0
split_feature=103 124 102 121 110 96 135 102 62 20 125 125 89 126 123 107 60 11 74 87 74 82 72 111 115 97 78 40 50 89 41 106 115 56 127 96 133 88 131 129 82 38 105 90 89 85 115 45 123 70 105 125 123 94 70 93 72 135 127 115 77 59
split_gain=56327 32981.7 29189.9 27094.6 23812 19754.7 18920.1 18874.4 18469.7 17605 32795 26291.6 20180.4 17598.3 15395.3 15082.6 13237.6 14457 13046.8 14525.4 21929.5 12931.8 11935.6 15827.9 11841.3 11535.4 11442.9 11304.3 11198.1 11052.2 10705.3 10591.3 10481 10470.6 10113.3 13834.3 14012.3 11720.3 11410.1 9913.27 10479.4 14264.2 9713.87 9483.55 16385.6 9204.48 9138.48 11249.7 9072.22 12009.1 8812.16 8727.65 8598.2 10873.8 10247.9 8537.69 8504.3 8233.52 8209.64 7968.01 7952.75 10038.4
threshold=0.026518500268810453 0.64848815442991892 1.0000000180025095e-35 -0.0066219409120011992 -0.020341001781180295 -0.76340639070156058 -0.0079012649473642494 -1.0000000180025095e-35 -0.50376116649171909 -0.14518592462598504 0.0049178293897695511 -0.0068780274543425992 0.093155860057497514 0.19997313453208401 0.00080081371668785006 -0.0071447960831396489 0.37740357165892091 8141.1050000000005 0.76777326922511568 0.12460149136268951 0.25019325609459081 0.83878750487857634 0.67003635227064229 -0.0067348753359300498 -0.0061087172605522487 0.38635996512946619 0.2510153871134273 -0.58631801437982778 0.48021768037502005 0.25830328654006512 0.30234188343919649 0.76679106533395625 -0.0085656922903164477 -1.266378280677172 -0.0040553689135302993 0.63880798641631797 0.0076541553831226015 -0.40882197077007937 0.0063119675265953515 0.0035324591574570005 0.23936573160926733 -0.93274615586653908 0.031812298789697657 -1.0125938323615427 0.15247312219474882 0.34691475503952862 -0.013140315946814198 0.072033101127535262 0.0039550838042075502 -0.50938549090835716 0.022539464778485705 -0.015043829140732797 0.0025765990158935505 1.0000000180025095e-35 -0.0070026126194090493 0.36517276515539904 -0.043192890862515897 0.0034159165403924506 0.066351526795018004 -0.013541211728602348 0.25892639290033664 0.38956842846925371
decision_type=2 2 2 2 2 2 2 2 2 2 2 2 2 2 2 2 10 2 2 2 2 10 2 2 2 2 2 2 2 2 2 2 2 2 2 2 2 2 2 8 10 2 2 2 2 2 2 2 2 2 2 2 2 10 2 2 2 2 2 2 2 2
left_child=1 3 7 4 8 -4 22 50 -1 10 -5 13 14 -11 27 58 17 26 19 21 -21 -19 23 -7 -15 -25 33 -12 -9 57 -14 -6 -33 -13 37 36 38 -17 -36 40 41 -16 46 44 -35 55 47 -27 -43 -50 -2 -8 53 -53 -54 -22 -23 -20 -10 -40 61 -18
right_child=2 -3 5 9 31 6 51 28 15 11 12 16 30 24 39 34 60 18 29 20 45 56 -24 25 -26 42 -28 -29 -30 -31 -32 32 -34 43 35 -37 -38 -39 59 -41 -42 48 -44 -45 -46 -47 -48 -49 49 -51 -52 52 54 -55 -56 -57 -58 -59 -60 -61 -62 -63
leaf_value=0.035317388937125535 0.0043161443013462388 -0.079875315565498414 0.050094920752503616 0.074393590039848564 0.05102252245621558 -0.2863848625643246 -0.27941270435530763 0.081060264826537998 0.060649795514055582 0.032375271090073467 -0.39972948908148442 -0.31562345129006159 0.057093698154330609 -0.2596179103878945 -0.092289265616949084 -0.60527012090791354 -0.078676358316527695 0.13776449366398089 -0.16192503015235923 0.037089047344705604 -0.32469818250654819 1.1856906781494618 -0.090325652770268661 0.61600429828350367 -0.053755797008060151 -0.095930379668871565 0.20297740892374719 0.029475618946649202 0.54909307795830753 -0.96644648684037693 -0.1931957913812351 -0.34638492950548727 -0.026040844751016912 0.30297740067631945 -0.12999747191346017 -0.047142965435813804 -0.039189359029088065 0.028301018051317208 -0.65500142667917127 -0.081027122007304317 -0.12562469655135433 -0.37989781159013913 -0.29908891911605334 0.079215010025063204 -0.10202900623274108 -0.084100340510873756 -0.072132142602624294 -1.0278088236128642 -1.1966801304942876 -0.36827373218151149 -0.098863106006317189 0.041203843661944066 -0.21316336679508729 -0.12987126120492345 -0.049220395029614311 -0.94715781936162635 0.22670621040255523 0.10476343979675125 -0.74841493540443482 -0.28605313220787404 -0.14484118216258424 0.38623361160518022
leaf_weight=3541 5715 7951 2468 7215 10924 2552 405 4017 1554 5346 170 164 3043 981 381 77 309 1814 1098 5846 182 50 5605 52 2426 75 2110 1572 132 37 497 300 1715 1101 1394 2286 1092 1403 157 1217 876 742 712 31731 323 240 2666 57 87 88 3244 4076 1249 1203 4025 79 43 393 32 2155 1114 186
leaf_count=3541 5715 7951 2468 7215 10924 2552 405 4017 1554 5346 170 164 3043 981 381 77 309 1814 1098 5846 182 50 5605 52 2426 75 2110 1572 132 37 497 300 1715 1101 1394 2286 1092 1403 157 1217 876 742 712 31731 323 240 2666 57 87 88 3244 4076 1249 1203 4025 79 43 393 32 2155 1114 186
internal_value=-0.000695581 0.0180672 -0.0527082 0.0260061 -0.0170411 -0.0842435 -0.0988639 0.00778564 -0.0630049 0.0420477 -0.00436642 0.0553173 -0.0698862 -0.0242224 -0.133224 -0.0973063 0.0701872 0.0752027 0.0213939 0.0462389 0.00988151 0.167246 -0.143027 -0.191341 -0.113031 -0.123246 0.0900594 -0.0124101 0.0959507 -0.112814 0.0219542 0.031594 -0.0737348 0.0829086 -0.123536 -0.148371 -0.196601 -0.0046618 -0.242983 -0.195288 -0.259252 -0.349434 -0.134198 0.0848799 0.211111 -0.307594 -0.0922388 -0.498332 -0.456274 -0.78011 -0.0330444 -0.0516338 -0.0428922 0.00221855 -0.0880457 -0.513106 0.742289 -0.0916309 0.0443257 -0.311107 -0.0707425 0.0960171
internal_weight=144295 106042 38253 98091 26630 25145 22677 13108 13691 71461 15888 55573 8673 8753 5133 10150 46820 45211 9782 8254 6347 1907 11719 6114 3407 3562 35429 1742 4149 1528 3540 12939 2015 33319 8564 7084 4798 1480 3706 3391 2174 1298 3510 33155 1424 501 2798 132 917 175 8959 10958 10553 5279 5274 261 93 1491 1586 2312 1609 495
internal_count=144295 106042 38253 98091 26630 25145 22677 13108 13691 71461 15888 55573 8673 8753 5133 10150 46820 45211 9782 8254 6347 1907 11719 6114 3407 3562 35429 1742 4149 1528 3540 12939 2015 33319 8564 7084 4798 1480 3706 3391 2174 1298 3510 33155 1424 501 2798 132 917 175 8959 10958 10553 5279 5274 261 93 1491 1586 2312 1609 495
is_linear=0
shrinkage=0.05


Tree=82
num_leaves=63
num_cat=2
split_feature=107 103 121 105 133 72 50 90 93 131 74 77 136 113 100 95 70 133 79 69 51 90 82 123 113 94 136 120 115 52 50 105 74 42 85 56 127 50 42 107 119 120 98 134 129 131 125 98 74 49 64 52 115 59 111 81 41 40 75 80 100 118
split_gain=51556.7 39471.3 34532.9 22998.5 20793.3 19133.4 24809.7 17609 22138.3 15686 15154.9 22761.1 20800 17793.5 14959.8 14707.9 14693.6 14860.7 21969.6 14615.4 18446.1 16970.3 14395.1 14377.9 13731.5 13508.5 13115.3 11705.3 12162 10892.4 10637.7 12464.5 10475.1 10102 10011.6 12035.9 10782.6 9994.24 13667.8 9937.99 11342.2 9885.03 9615.88 9383.39 9358.13 9338.79 9281.33 9274.14 9117.3 8733.22 11787.4 8631.76 11241.3 8488.15 8400.77 9034.71 8383.88 8325.44 8293.25 8291.41 8153.93 8074.38
threshold=0.004592118088160701 -0.011953631287466498 -0.0077525576601983493 0.031812298789697657 -0.0031118760797311999 -0.61308283076174697 0.68270949457266206 -0.84350258738054429 0.25537559173876839 0.0046134363979298508 -0.11032793490870839 0.15274379035042859 0 0.00049577169652070005 0.65090762396721769 0.5894025423933128 -0.52361905893513228 -0.017263415872654748 0.030115275370160805 0.70772000354853482 0.64736582249869234 -0.65971811127617197 -0.13198803363454722 0.0035602846799742001 0.011707751645955401 0.03354779900723711 1 -0.016470944827210645 -0.0061087172605522487 -0.23030109903955148 0.59026593669144445 -0.014840150432214799 0.036189574632128456 -0.26808351927459684 0.26702137783863211 -0.44756109268971395 -0.019683806094609544 -0.078649420515032639 -0.40149363478342631 -0.013713303073105849 0.029462050292221053 0.0045925243570276008 -0.088021279948704331 -0.21235927305203564 0.0019438471413238503 0.036402591462845454 -0.0057351452914557498 0.98884023018501677 0.058480425834335506 2.5487566235091026 0.59192840168973826 -0.67700934710626759 -0.014505404156143199 0.32420262131810113 0.0077448055603742509 0.26108983404159697 0.053226947535089358 0.14694424286628197 0.063445123797091316 -1.0276569028176457 0.91054625383193721 0.96657128042023199
decision_type=2 2 2 2 2 2 2 2 2 2 2 2 1 2 2 10 2 2 2 2 2 2 10 2 2 10 1 2 2 2 2 2 2 2 2 2 2 2 2 2 2 2 2 2 8 2 2 2 2 8 2 2 2 2 2 2 2 2 2 2 2 2
left_child=15 48 4 7 5 49 9 8 22 26 11 -9 19 -13 23 39 -14 18 -18 33 21 29 -4 34 47 51 -7 28 -11 -21 31 -20 -17 57 35 -15 -36 38 -25 -1 45 -29 59 58 -40 -41 -6 60 61 -3 -51 -10 -53 -47 55 -30 -33 -12 -28 -27 -19 -2
right_child=1 2 3 -5 46 6 -8 10 25 27 12 13 16 14 -16 32 17 24 30 20 -22 -23 -24 37 -26 42 43 41 54 -31 -32 56 -34 -35 36 -37 -38 -39 44 40 -42 -43 -44 -45 -46 53 -48 -49 -50 50 -52 52 -54 -55 -56 -57 -58 -59 -60 -61 -62 -63
leaf_value=0.069857999394552811 0.02714309568029287 0.094682993169679028 -0.18508853660660918 -0.078269652060867445 -0.12389811922853673 0.11599338295122795 -0.095642930256189834 0.14052110781369881 0.076543647221322106 -0.65246268024293341 0.162638032561918 0.04559859198669803 0.059347014784308351 -0.098748331889510155 -0.064669807619023217 -0.27632857299750307 -0.4585985726397292 0.004660150629430676 0.054625482046112797 -0.25890505174432915 1.0087089296339489 -0.023415373914962619 -1.2885829536752267 -0.02226757068133009 -0.20347641704694738 -0.39945878528735856 -0.48104170898476684 0.16757377740501872 -0.43333281595315487 -1.0586146293238539 0.012995915983596409 -0.37931066551252862 -0.016923997981656547 0.13175108659793389 -0.40590862185523957 -1.349940222018474 -0.046561778215825453 -0.073502912941412674 -0.90911969644408064 0.042586760082127029 -0.068063895457745646 -0.24384046025584746 0.76135307039533351 -0.075572138787260323 -0.46305094596177332 0.051816208218504869 0.013453682324518818 0.54582106948747666 0.08856278887413227 -0.48077854362570432 0.03339119515439961 -0.19951296666945062 0.28861305283860855 -0.11167424861569208 -0.0011350610753992102 -0.15984997300756643 -0.12830260768932286 -0.026219075460640735 -0.10722877991663589 0.0020925061439589637 -0.82173941920200988 -0.13663988982910638
leaf_weight=19561 9269 1290 283 11730 1633 434 8174 1043 1117 333 770 1369 3273 40 2178 599 483 5922 442 141 41 2426 33 138 883 165 394 184 1131 61 1297 655 1111 5424 257 37 1112 195 155 30592 2962 707 35 712 487 1328 4983 79 6859 176 304 127 1655 1974 182 412 676 2410 238 582 30 819
leaf_count=19561 9269 1290 283 11730 1633 434 8174 1043 1117 333 770 1369 3273 40 2178 599 483 5922 442 141 41 2426 33 138 883 165 394 184 1131 61 1297 655 1111 5424 257 37 1112 195 155 30592 2962 707 35 712 487 1328 4983 79 6859 176 304 127 1655 1974 182 412 676 2410 238 582 30 819
internal_value=0.000300442 -0.0242885 -0.0410728 -0.0174621 -0.0940362 -0.127221 -0.148371 0.00233951 0.101293 -0.23955 -0.0100111 -0.0749795 0.00819916 -0.112642 -0.159745 0.0366739 -0.0330942 -0.062032 -0.14514 0.0585067 -0.0436604 -0.0600787 -0.300327 -0.245278 -0.0193238 0.13577 -0.122248 -0.310273 -0.375818 -0.500402 -0.0958244 -0.17543 -0.107791 0.0902675 -0.145223 -0.69997 -0.114021 -0.393667 -0.473708 0.0410527 0.0257645 -0.158879 -0.0486515 -0.198566 -0.570747 0.0339642 -0.0204483 0.00763805 0.0440865 0.026935 -0.155138 0.185518 0.253825 -0.0459216 -0.322414 -0.36031 -0.251826 0.0195105 -0.34027 -0.0866036 0.00049483 0.0138463
internal_weight=144112 85985 69038 47751 21287 14671 12901 36021 3997 4727 32024 7011 25013 5968 4599 58127 13740 10467 3553 11273 2669 2628 316 2421 6914 3681 1778 2949 2058 202 3070 1773 1710 8604 1446 77 1369 975 780 56417 36856 891 782 1344 642 33894 6616 6031 16947 1770 480 2899 1782 3302 1725 1543 1331 3180 632 747 5952 10088
internal_count=144112 85985 69038 47751 21287 14671 12901 36021 3997 4727 32024 7011 25013 5968 4599 58127 13740 10467 3553 11273 2669 2628 316 2421 6914 3681 1778 2949 2058 202 3070 1773 1710 8604 1446 77 1369 975 780 56417 36856 891 782 1344 642 33894 6616 6031 16947 1770 480 2899 1782 3302 1725 1543 1331 3180 632 747 5952 10088
cat_boundaries=0 1 2
cat_threshold=9 8
is_linear=0
shrinkage=0.05


Tree=83
num_leaves=63
num_cat=0
split_feature=105 118 106 94 111 90 103 126 80 77 72 122 113 69 99 40 125 123 111 98 94 25 82 80 82 72 135 84 117 85 54 80 89 84 75 105 125 115 122 74 125 111 75 39 85 85 11 82 80 115 81 101 95 81 79 88 34 91 119 71 90 40
split_gain=50731.8 35402.3 18551.2 18146.4 15711.8 15595.2 14211.3 13016.7 12563.6 13265.9 12634.7 12526 12410.8 12447.3 15429.5 11503.4 10910.8 12474.9 10307.3 10167.6 13206.3 9995.28 9966.25 9290.92 12560 11170.8 9205.76 13073.2 11759.4 11488.3 11920.6 10438.4 11557 9153.12 12482 9144.22 8755.85 8721.62 8643.46 8560.86 15560.7 13389.5 29470.8 38704.5 14865.7 10575.9 9650.05 8549.46 9622.12 8412.37 8350.95 9487.88 9325.5 8038.71 10360.3 8801.47 8010.59 7813.28 10167.7 9136.63 8732.17 11940.8
threshold=0.0099264171643206525 0.39990114254037978 0.32279634936632468 0.017048060377082206 -0.010008031994287249 -0.84350258738054429 0.0039976983171912004 0.95084011111850131 -1.0789563561730711 0.22450255938189503 -0.36850669452516177 0.0015130085476670002 0.0054626910037360006 0.6813988076927725 0.56278721036879442 0.20396530752047251 -0.010458503946327047 0.014360403945469601 0.029073683599214254 -0.088021279948704331 0.087609295747436158 -0.74875576705451219 -0.20513322999381572 -0.84661894733194687 0.053993582479393655 0.59164516029501046 -0.018076448239784895 -0.3319817613113753 -0.0044743052753661488 0.40828342058458028 -0.059758011776081039 -0.39161961340322587 0.086250967237738119 0.73696738784240001 0.091169883829728307 -0.020321717724536347 -0.010458503946327047 -0.0041147773464312995 0.2640043225488603 -0.11032793490870839 0.0025206712542904506 0.050062484765961611 0.085024152950588308 0.44357665580132416 0.57254404935887693 0.35710615568013043 8076.4750000000013 1.8242359100234524 1.1093249655105912 0.013512652303650301 0.31447775049922855 0.40223347130502868 0.16195097756457177 0.25189786169389322 0.056109389904160152 -0.061339536995445941 -0.71648974441284319 0.22125660446185932 -0.0073415435315994492 0.89224602454286339 -0.72200126412873489 0.005634985934150601
decision_type=2 2 2 10 2 2 2 2 2 2 2 2 2 2 2 2 2 2 2 2 10 2 8 2 10 2 2 2 8 2 2 2 2 2 2 2 2 2 2 2 2 2 2 2 2 2 2 10 2 2 2 2 10 2 2 2 2 2 2 2 2 2
left_child=3 2 11 5 37 23 26 16 19 33 -11 -2 13 47 -15 57 -3 39 -13 20 -5 -12 -20 25 50 -1 35 -28 29 30 31 32 -29 34 53 -7 -6 -4 -14 40 -18 45 44 -44 -43 -41 -42 -8 -49 -38 51 -25 -53 55 -55 -10 -47 60 -59 -60 61 -16
right_child=1 7 4 8 36 6 12 -9 9 10 21 18 38 14 15 -17 17 -19 22 -21 -22 -23 -24 24 -26 -27 27 28 -30 -31 -32 -33 -34 -35 -36 -37 49 -39 -40 41 46 42 43 -45 -46 56 -48 48 -50 -51 -52 52 -54 54 -56 -57 -58 58 59 -61 -62 -63
leaf_value=0.092574023648289566 0.055644749299883278 -0.15807854141745203 -0.27685925782130377 -1.0729438847862185 -0.17302589826194981 0.085964785907521823 0.045030168388674872 -0.15211239261991802 0.2204005518183112 -0.87386487722396855 0.77973503325548443 -0.0035705599819069 -0.013202766435534988 0.12572269508991146 -0.096616291075393004 -0.31346896504593358 0.11634694393057066 -0.13387399892563528 -0.92031080938565235 0.31708872035484426 -0.25345679091560025 -0.0558010973635387 -0.16263199376700976 0.48452727515538252 -0.67739457549192972 -0.17916849458996884 0.042243344233307396 0.030779650017102329 0.16190094838703536 0.18275679595675684 0.019164328437652232 -0.92431585734574906 -0.68988500150238607 -0.047200928897975745 0.62971773291749589 -0.033235952678724569 0.028349604096300676 -0.092744427035008653 -0.13911162901395099 0.054343098440685425 -0.3322172395509484 -0.084059397234585873 0.079103978350758553 2.5789374975363413 1.1061636249224345 0.10290472649909146 -0.10347506792976002 1.2377390047535302 0.053732386885865319 -0.063714585227660145 0.81975302946079409 0.065940581924688504 0.36303385036870162 0.76439417902245577 -0.078534767329692848 -0.42944006681856184 -0.058335744704439099 0.12169154354738759 -0.17737398382012165 0.54338493163386981 0.012135048819212705 -0.94927948550067165
leaf_weight=6143 14619 2468 817 72 820 2400 15427 4393 110 47 36 11558 3599 1392 162 409 698 3473 48 44 155 6241 453 259 39 403 13424 173 5464 640 811 62 82 354 173 4881 7143 3024 2194 3582 563 209 32 30 30 838 2547 32 37 3802 58 905 373 83 65 99 9534 380 1919 45 4423 55
leaf_count=6143 14619 2468 817 72 820 2400 15427 4393 110 47 36 11558 3599 1392 162 409 698 3473 48 44 155 6241 453 259 39 403 13424 173 5464 640 811 62 82 354 173 4881 7143 3024 2194 3582 563 209 32 30 30 838 2547 32 37 3802 58 905 373 83 65 99 9534 380 1919 45 4423 55
internal_value=0.000460568 -0.0298012 -0.000802223 0.0294945 -0.0441033 0.037836 0.0287224 -0.0729815 -0.0443295 -0.0317639 -0.0571246 0.0245279 0.00487036 0.0205592 -0.0269866 -0.0557397 -0.0584997 -0.0470881 -0.0131948 -0.378546 -0.513382 -0.0510091 -0.235224 0.102468 0.209123 0.0758444 0.054399 0.0714395 0.125633 0.0135483 -0.0824566 -0.342439 -0.200963 0.149662 0.281152 0.0060556 -0.0154376 -0.131907 -0.0608886 -0.0304017 -0.0970008 -0.0126107 0.317329 1.2887 0.065341 -0.0197278 -0.144884 0.0475139 0.602837 -0.00363103 0.2308 0.208575 0.152651 0.112239 0.394189 -0.0874187 -0.0453084 -0.0406464 -0.115054 -0.16086 -0.00305795 -0.312729
internal_weight=144351 70681 42284 73670 15606 66191 58011 28397 7479 7208 6324 26678 30074 24281 8785 7393 24004 21536 12059 271 227 6277 501 8180 1634 6546 27937 20656 7232 1768 1128 317 255 884 530 7281 11765 3841 5793 18063 3808 14255 301 62 239 13954 3110 15496 69 10945 1595 1537 1278 357 148 209 10372 6984 2344 1964 4640 217
internal_count=144351 70681 42284 73670 15606 66191 58011 28397 7479 7208 6324 26678 30074 24281 8785 7393 24004 21536 12059 271 227 6277 501 8180 1634 6546 27937 20656 7232 1768 1128 317 255 884 530 7281 11765 3841 5793 18063 3808 14255 301 62 239 13954 3110 15496 69 10945 1595 1537 1278 357 148 209 10372 6984 2344 1964 4640 217
is_linear=0
shrinkage=0.05


Tree=84
num_leaves=63
num_cat=0
split_feature=102 127 123 56 121 130 68 94 124 99 125 111 134 84 120 127 113 80 125 123 120 87 74 91 123 129 34 111 74 131 113 78 111 93 125 135 50 115 113 68 83 84 74 111 48 71 90 78 93 43 45 124 86 74 74 127 95 24 51 104 90 91
split_gain=50689.4 37312.9 28117 23726.2 21237.1 18518.1 14161.8 16718.6 13070.9 12897.4 13685 11204.8 11185.5 17226.3 12590.6 11604.2 11137.6 11940.2 20276.4 17567.3 14405.6 12843.6 11045.6 14581.8 10451.3 10246.3 10106.9 9871.14 9805.22 9448.87 9383.14 9336.79 9266.03 9104.85 8962.85 8900.14 13593.2 14225.2 12650.8 9139.44 9454.27 8793.84 8688.85 8654.28 8379.14 8257.3 8157.27 14453.4 8274.72 7964.52 8910.94 7951.23 7921.37 7710.49 7736.87 16484.2 10246.1 11670.3 8176.15 7678.59 7614.04 7606.35
threshold=1.0000000180025095e-35 0.013872514819274852 0.0029659975632454001 -0.75970117939517812 -0.00011089982035809998 0.63937344479812019 -0.47438459107187353 -0.040667661123428338 0.53776788077993343 0.61077150539216263 -0.011023006973213947 -0.017789435832973797 -0.57015750636706519 0.05674296006764646 -0.016470944827210645 0.021188986657664052 -0.0042018386647826493 0.24621208666188588 0.008783903976601953 0.029168186707948053 0.35251685199510757 0.24887668967901658 0.76777326922511568 0.14482355203494438 -0.0012987065301976999 -0.019448032740594399 -0.48446500517029795 -0.010008031994287249 -1.0630208673314347 0.030306812110857603 -0.00073049922994404993 0.075376729433714318 0.0016580388773415001 0.49383309835766159 0.0039917242339133508 0.0014001952759064502 1.0154352149331298 -0.0030558153854400496 -0.0010592021228576498 0.36040853188422933 0.22892999944048417 -0.31268648328040388 0.2317784098916453 -0.031252100620884397 0.045611524817624559 0.72928183644999844 -0.22820667977472478 0.19550672499856983 0.38973740536125895 0.33639594599769285 0.065529125360519511 -0.25843754042820472 0.18757865797757658 -0.11032793490870839 -0.039755741960486389 -0.049154852485603244 0.13687060250914018 2.2739965209063864 0.22552990547992718 0.29916359282778798 -0.03770235311671339 0.17497214006934278
decision_type=2 2 2 2 2 2 2 8 2 2 2 2 2 2 2 2 2 2 2 2 2 2 2 2 2 8 2 2 2 2 2 2 2 2 2 2 2 2 2 2 8 2 2 2 8 2 2 2 2 2 2 2 2 2 2 2 10 10 2 2 2 2
left_child=5 2 9 -4 6 8 -3 11 12 31 24 41 15 -14 51 25 -5 18 19 22 28 42 43 -24 33 -1 -13 -7 -20 46 34 45 61 -11 -28 36 37 -9 39 40 -39 -8 -19 -18 -37 -2 47 -6 -48 50 -16 -15 -32 -23 55 -55 57 -57 -58 -12 -34 -25
right_child=1 4 3 16 29 27 7 35 -10 10 59 26 13 14 49 -17 17 21 20 -21 -22 53 23 32 -26 -27 30 -29 -30 -31 52 -33 60 -35 -36 44 -38 38 -40 -41 -42 -43 -44 -45 -46 -47 48 -49 -50 -51 -52 -53 -54 54 -56 56 58 -59 -60 -61 -62 -63
leaf_value=0.44284955058621889 0.071530879188753158 0.0088978188947871611 0.089484684514200302 0.080695275378863077 0.052271152556284728 -0.080594191097677612 -0.88290837525949828 -0.361906998961744 -0.0392134952280596 -0.20225509108228532 0.040627516145227652 -0.64089842010445963 0.047592525465042695 -0.10406827050661378 0.30043139918080353 -0.10799078365424555 -0.39963472874452038 0.10645804741618743 0.14336083056990076 -0.43176990572077029 -0.45900611639328859 -0.15477455672765172 -1.0585734588842766 -0.65425972053233317 -0.046650638930178935 0.024308254474301825 -0.4499739523691384 0.0081333615586797661 -0.22458569641271767 -0.10613159554404837 -0.13973428306762467 0.18145734862170365 0.51073472533178954 -0.68498997232727421 -0.05652712590884991 -0.071131246630507988 -0.071787263059100895 0.60373285716133462 -0.18893089302470256 -0.18461192047689112 0.054874689914712699 -0.33712846925803303 -0.079869327637373311 -0.00021759059690117265 0.12824151803876735 -0.062299708086492378 0.10603271456792705 0.4562404468877877 -0.084001732283225397 0.058278197149265576 0.1491914683687435 0.090556291593654054 0.29840980061423888 1.1168162714157785 -0.065093738192246772 -0.0036076637676783971 0.59198059504096567 1.3403131887316704 -0.2164949928179826 -0.021265842082796214 -0.42999091188112892 -0.15688805394113448
leaf_weight=149 7406 2344 2544 1071 2493 4215 99 927 4109 384 11688 119 28888 640 1634 1813 141 1818 207 319 633 2474 51 102 976 7858 476 12230 1445 1772 1925 1617 76 131 208 1837 6183 112 2413 224 262 290 954 3553 739 1365 787 243 2105 1095 2411 2915 109 42 2325 35 37 30 202 8772 30 312
leaf_count=149 7406 2344 2544 1071 2493 4215 99 927 4109 384 11688 119 28888 640 1634 1813 141 1818 207 319 633 2474 51 102 976 7858 476 12230 1445 1772 1925 1617 76 131 208 1837 6183 112 2413 224 262 290 954 3553 739 1365 787 243 2105 1095 2411 2915 109 42 2325 35 37 30 202 8772 30 312
internal_value=0.000170183 -0.0277713 -0.00292024 -0.0522628 -0.0768983 0.031586 -0.105846 -0.122737 0.0463334 0.0251558 0.003434 -0.22438 0.0537488 0.066164 0.127865 0.00623336 -0.0750039 -0.0862817 -0.134519 -0.073868 -0.256193 -0.0444296 -0.0470988 -0.25176 -0.142811 0.0320968 -0.189875 -0.0146083 -0.178481 -0.0054409 -0.170128 0.0710565 -0.17263 -0.325048 -0.330329 -0.0969122 -0.118031 -0.190639 -0.13791 0.0679635 0.219239 -0.476029 0.0423324 -0.0154633 -0.0139354 0.0507033 0.026262 0.08815 -0.0322877 0.177903 0.210286 0.0555184 -0.116255 -0.0911748 -0.0322659 0.188326 0.0600474 0.616663 -0.0913335 0.0140914 0.244492 -0.279429
internal_weight=144364 76407 50740 18401 25667 67957 18267 15923 51512 32339 21951 3226 47403 37583 8695 9820 15857 14786 6869 4584 2285 7917 4265 571 1491 8007 2837 16445 1652 7400 2718 10388 520 515 684 12697 10121 3938 3011 598 374 389 2772 3694 2576 8771 5628 2736 2892 5140 4045 3555 2034 5145 2671 346 304 65 239 20460 106 414
internal_count=144364 76407 50740 18401 25667 67957 18267 15923 51512 32339 21951 3226 47403 37583 8695 9820 15857 14786 6869 4584 2285 7917 4265 571 1491 8007 2837 16445 1652 7400 2718 10388 520 515 684 12697 10121 3938 3011 598 374 389 2772 3694 2576 8771 5628 2736 2892 5140 4045 3555 2034 5145 2671 346 304 65 239 20460 106 414
is_linear=0
shrinkage=0.05


Tree=85
num_leaves=63
num_cat=0
split_feature=105 118 114 135 127 134 120 68 121 74 72 74 125 121 125 114 119 115 50 78 81 123 40 102 74 58 73 109 121 127 48 135 69 127 131 121 77 121 113 46 133 56 50 94 46 135 96 34 119 65 28 121 135 100 55 54 121 100 41 123 125 123
split_gain=43257.4 30190.9 15801 15645 15947.8 15135 14441.5 13698.3 13558.9 13169.6 12997.7 12017.7 11698.2 11691 10856.2 10839.3 10504.7 9714.5 13891.8 9559.91 13106.9 9554.94 9131.25 9101.03 8970.05 12559.2 15468.8 26400.7 9018.84 8928.06 8876.62 11320.4 8541.75 8185.49 7973.94 7888.29 7859.63 7842.48 7761.87 9612.64 7746.06 7565.52 8567.07 10091.3 9570.12 8265.82 8145.63 7856.86 8985.21 7640.25 7504.51 7427.33 7097.22 7550.26 8115.06 10758.1 7032.07 8415.91 7018.76 6974.85 8833.84 6949.7
threshold=0.0099264171643206525 0.39990114254037978 0.91197944336983372 -0.0028409017526124995 0.0046541622040517511 -0.23025767953963308 -0.10670055057048143 -0.51786211188148523 -0.014794148441879998 -0.11032793490870839 -1.0085063854025582 -0.0039525797863826494 -0.0063765606928521991 0.0051299923446957016 -0.016989158024637244 0.78995408942908552 0.029462050292221053 0.0018270276742649502 1.0874041652743121 0.29342900068427052 0.22812978101066103 0.014360403945469601 -1.2933203499537449 0.068163899552844964 0.089324032954472013 0.39870832214959123 0.62349147239274638 0.0010385800318385003 0.033814527860299308 -0.0020067482987207994 -0.058468273274442144 -0.057575054620213693 0.64942117743780703 0.018402865322702851 0.031070296734169455 -0.025976373472376395 0.11901413368709597 0.020701689114805955 2.6395493519726073e-05 -0.84001465020503896 -0.049427315168417897 -1.2980695978618817 0.28757319317449931 -0.082376706476606734 0.46960522194439563 0.066723137041761416 0.17374381557432042 0.286102425403717 0.004786085394745101 0.72274189259151511 -0.71228363005972506 -0.0025427857418200499 0.027438677757350354 -0.28299314323060509 0.059141614713335657 -0.045319004546473043 0.010257752178973002 -0.26850218124092617 0.24171306761645359 0.0013260843060115002 0.0089326516608037015 0.027704550098994401
decision_type=2 2 2 2 2 2 2 2 2 2 2 2 2 2 2 2 2 2 2 2 2 2 2 2 2 2 2 2 2 2 8 2 2 2 2 2 2 2 2 2 2 2 2 8 2 2 2 2 2 2 2 2 2 2 2 2 2 2 2 2 2 2
left_child=2 5 3 4 59 8 7 -6 -2 13 -3 16 17 -5 -10 23 30 18 29 34 58 24 -15 -7 32 26 28 -28 35 51 -9 -32 50 37 41 -26 -24 -25 -38 -40 -16 46 44 -44 47 -45 -11 -43 49 -49 -14 -12 53 -50 55 -55 57 -27 -21 -1 61 -61
right_child=1 10 -4 9 6 15 -8 11 14 19 12 -13 21 22 40 -17 -18 -19 -20 20 -22 -23 36 33 25 56 27 -29 -30 -31 31 -33 -34 -35 -36 -37 38 -39 39 -41 -42 42 43 45 -46 -47 -48 48 52 -51 -52 -53 -54 54 -56 -57 -58 -59 -60 60 -62 -63
leaf_value=0.069165950650089458 -0.15576630437268971 0.079397084817052974 -0.11247599274281173 0.058567608747625392 0.045651497328443029 0.057090521614090721 0.01232963884142594 0.019281459133048635 -0.32578157687592402 0.32453986224920855 -0.28201721871867397 -0.084169550057322295 0.19283819800781971 0.096170973701974027 -0.16760290245024984 -0.10566822056591177 -0.69891215387818428 -0.025779740976248206 -0.099867131124972849 0.30181789199131304 -0.082990198166150109 -0.12870298752652717 0.28072728632776828 0.033361950013205646 -0.30053609864324587 -0.037776868972061596 0.0099416369483584458 1.9519824450214704 -0.35088943619344198 -0.35709697820193043 -0.94391354719797771 -0.24542483387549946 -0.10828136629046295 -0.092563088033115498 0.0016857203827691442 0.12198991163590896 0.041987899349472564 -0.13683069829468528 0.042614857223423071 -0.19496568513093149 -0.0047380934707074067 0.064828455134628815 0.33545815464349166 0.10033226734673302 0.22174092664092129 0.60811253473980398 -0.44809868499975319 -0.069855823569829209 -0.0056015002050183041 0.26114971151305294 -0.038521014414977794 0.17347919079588681 0.073932380212919563 0.43344533988615369 -0.81782080058141471 -0.54037075415253644 0.24653507292270663 -0.28178378216635724 -0.11461743523391921 0.056250067812716555 -0.073914634515443875 -0.19401615321110352
leaf_weight=9952 2132 1444 1952 4284 1678 14344 10307 273 285 46 197 4654 380 779 774 1534 129 1305 2117 1144 345 3996 135 7503 117 3763 42 30 118 1261 66 479 6408 2100 4287 1977 682 744 533 2116 12864 15441 586 3542 907 82 132 521 110 262 4515 164 137 41 112 92 195 390 111 4912 2395 294
leaf_count=9952 2132 1444 1952 4284 1678 14344 10307 273 285 46 197 4654 380 779 774 1534 129 1305 2117 1144 345 3996 135 7503 117 3763 42 30 118 1261 66 479 6408 2100 4287 1977 682 744 533 2116 12864 15441 586 3542 907 82 132 521 110 262 4515 164 137 41 112 92 195 390 111 4912 2395 294
internal_value=0.00102584 -0.0268985 0.0278794 0.0317077 0.0079052 -0.000110582 -0.0257474 -0.079664 -0.0383443 0.0546685 -0.0667518 -0.117207 -0.0745753 0.00029559 -0.0203637 0.0232962 -0.27957 -0.143233 -0.184227 0.0712914 0.189953 -0.0587844 -0.0585118 0.0313084 -0.0432062 0.00295653 0.0978912 0.819125 0.0744152 -0.294332 -0.213439 -0.330012 -0.070292 -0.00443315 0.0640719 0.0983817 -0.0932775 0.0180081 -0.108435 -0.147163 -0.0139812 0.0762226 0.0788694 0.14295 0.063561 0.111822 -0.248428 0.0549782 -0.0643136 0.0409021 -0.0205605 -0.0750881 -0.231761 -0.349732 -0.50424 -0.240172 -0.0469125 -0.0606911 0.264986 0.041621 0.00555638 0.0421167
internal_weight=144217 70699 73518 71566 35139 42280 17586 7279 16055 36427 28419 5601 26975 8529 13923 26225 947 5044 3739 27898 1600 21931 4245 24691 17935 6632 2284 72 2212 1622 818 545 11303 10347 26298 2094 3466 8247 3331 2649 13638 22011 21833 4210 17623 3624 178 16716 1275 783 4895 361 492 355 245 133 4348 4153 1255 17553 7601 5206
internal_count=144217 70699 73518 71566 35139 42280 17586 7279 16055 36427 28419 5601 26975 8529 13923 26225 947 5044 3739 27898 1600 21931 4245 24691 17935 6632 2284 72 2212 1622 818 545 11303 10347 26298 2094 3466 8247 3331 2649 13638 22011 21833 4210 17623 3624 178 16716 1275 783 4895 361 492 355 245 133 4348 4153 1255 17553 7601 5206
is_linear=0
shrinkage=0.05


Tree=86
num_leaves=63
num_cat=1
split_feature=106 135 102 107 112 113 103 74 88 125 46 121 113 11 115 115 78 127 90 123 123 125 132 111 90 80 56 73 46 101 82 92 89 69 52 136 125 133 115 50 119 131 94 100 50 89 92 68 133 80 103 73 71 63 34 76 96 50 76 108 100 42
split_gain=44409 28441 22335.3 16861.9 13981.3 12315.9 12066.1 11707.1 11629.3 11557.7 13211.6 11542.5 11033.1 11005.1 10163.2 10648.2 14027.1 9877.59 9659.19 8969.29 8804.96 8692.97 7978.55 7923.13 7344.36 7266.46 8277.15 9455.9 8388.95 7301.64 7484.81 8347.66 10578.2 10239.4 7283.61 7191.66 8329.53 7121.47 6966.92 8372.81 7553.96 6950.14 6914.38 12608.3 8258.31 18914.4 13714.7 9888.44 7119.72 7067.75 6994.28 7554.87 9310.03 7263.27 6855.97 6801.45 8694.22 6787.55 6715.57 8507.01 11101.9 10730.3
threshold=0.4983154495994197 -0.038239099446016243 0.78211533559112356 0.036315145593705862 0.063177209001116563 -0.0020703334751305496 0.039494945558113857 0.096743125747934158 -0.022992490167236899 -0.011699796772888548 -0.42625513170015167 -0.030198551020894044 0.01125789363380345 8143.4750000000013 -0.012742454572655449 0.013512652303650301 0.27131697753459799 -0.032265588196227539 -0.80245484424250024 0.014360403945469601 0.0021325406938884502 -0.0055694089736015992 -0.88459583213369097 -0.018918314794375498 -1.2529815640948365 -0.73028349985063989 -0.6841212865321934 0.4341941209428965 -0.46859939596495354 0.69076837145664116 -0.3128927684566849 0.6624078348887058 0.083322494602268413 0.50682081914482346 -0.42346406889870047 0 -0.0028616599614549993 -0.0062539645485861486 -0.0041147773464312995 0.88480452816463895 0.010720408342092102 0.040703296433688703 0.072454986008322564 -0.82122063357105368 0.079152770522431762 0.055511577975962255 0.58442219147124164 0.30827729202108539 -0.024111344607509397 -0.38201746255589714 -0.019015692932828846 0.42952569754351061 0.65813631039869047 0.6679049406921963 -0.10855908563891954 -0.055600092372205992 -0.39426365574591743 -0.42174337746909957 -0.12428378762880178 0.030084464027716255 -0.20618140000907792 -0.15353337761889449
decision_type=2 2 2 2 2 2 2 2 2 2 2 2 2 2 2 2 2 2 2 2 2 2 2 2 2 2 2 2 2 2 8 2 2 2 2 1 2 2 2 2 2 2 10 2 2 2 2 2 2 2 2 2 2 2 2 2 2 2 2 2 2 2
left_child=2 -2 4 12 7 -6 9 22 24 57 55 -7 14 -10 21 16 23 -17 -13 -20 35 -3 41 54 -9 -26 27 -27 -29 42 -31 -32 33 -33 -34 36 37 -12 39 40 -5 -1 44 -44 -28 46 47 49 -48 -46 -47 -52 53 -53 -16 -11 -57 -4 -24 60 -60 -61
right_child=1 3 6 38 5 11 -8 8 13 10 20 18 -14 -15 15 17 -18 -19 19 -21 -22 -23 58 -25 25 26 29 28 -30 30 31 32 34 -35 -36 -37 -38 -39 -40 -41 -42 -43 43 -45 45 50 48 -49 -50 -51 51 52 -54 -55 -56 56 -58 -59 59 61 -62 -63
leaf_value=-0.010950680078514276 -0.13678806912483424 -0.28722905862117326 0.03027415782188125 -0.12939967046163686 0.098283747753030337 -0.22822210721140232 -0.10345378751092152 -0.21810477351571658 0.14246632376824692 0.028566706741531923 -0.41094677293029203 0.080718733766135364 -0.088509947142634743 0.010966124740521483 0.015158344941872272 -0.2351654773243427 0.22741438813688558 -0.022953883464766948 -0.010325625574936293 -0.11867768904473262 -0.080072832266347455 -0.023264051542365202 -0.0029344508537795821 0.030309046899219056 0.13863365375468081 0.057320072136490666 0.036013210737969752 -0.16123581545872148 -0.70974556026681346 -0.17223719982891392 0.10155790599045492 -0.26930497493171557 -0.34233513581566516 0.67603818398775872 0.3688655894301418 0.056064642296190403 -0.0052552906010421736 -0.049435065493014629 -0.065288501421604958 -0.087215162022507925 -0.47748436285981111 -0.19774961708430169 -0.32633974340226918 0.68628843090276126 0.21046404017087741 0.37237038013380269 -1.4782607296534946 0.4063156374529297 -0.60891383395840726 -0.55183494483809115 0.15135060410185527 -0.58147526789606818 0.12378473031300086 0.10141935345645135 -0.22998484370285477 0.050019976605079647 0.28195048584235655 -0.25335085900937132 0.23840591273720155 -0.30596714056505447 0.057700099222130125 0.010535265099458825
leaf_weight=5002 6650 536 297 281 2540 638 4174 268 7371 3440 269 2431 3687 2029 577 597 867 6728 12544 2253 4762 746 8093 16174 1826 510 5961 500 81 202 1884 33 72 217 72 3562 1835 276 7141 944 350 553 45 97 39 122 35 51 72 138 279 155 135 52 564 916 723 728 899 285 15577 4435
leaf_count=5002 6650 536 297 281 2540 638 4174 268 7371 3440 269 2431 3687 2029 577 597 867 6728 12544 2253 4762 746 8093 16174 1826 510 5961 500 81 202 1884 33 72 217 72 3562 1835 276 7141 944 350 553 45 97 39 122 35 51 72 138 279 155 135 52 564 916 723 728 899 285 15577 4435
internal_value=-0.000527211 -0.041179 0.0183964 -0.0249563 0.0307867 -0.00473602 -0.0273664 0.0434838 0.0718207 -0.00847133 0.00209477 -0.0193823 -0.00741737 0.114082 0.00374349 0.0106478 0.0311529 -0.0402495 -0.0116484 -0.0268234 -0.0294167 -0.133627 0.0253922 0.0213256 0.0408962 0.0464148 0.0307534 -0.0997929 -0.237706 0.0454957 0.119462 0.145329 0.354628 0.551253 0.0132652 0.0111799 -0.0559967 -0.227869 -0.0862824 -0.181468 -0.322474 -0.0295465 0.0199509 0.365385 0.0129824 -0.114371 -0.42628 -0.207119 -0.89328 -0.383871 0.0262612 -0.0417345 -0.199251 -0.409927 -0.106017 0.0685052 0.15233 -0.171169 0.0358119 0.050606 0.0675602 -0.00857558
internal_weight=144320 45842 98478 39192 77496 20406 20982 57090 22246 16808 15783 17866 30476 9400 26789 25507 18182 7325 17228 14797 10704 1282 34844 17315 12846 12578 10752 1091 581 9661 2480 2278 394 250 144 5942 2380 545 8716 1575 631 5555 7181 142 7039 1078 335 228 107 177 743 621 342 207 1141 5079 1639 1025 29289 21196 16476 4720
internal_count=144320 45842 98478 39192 77496 20406 20982 57090 22246 16808 15783 17866 30476 9400 26789 25507 18182 7325 17228 14797 10704 1282 34844 17315 12846 12578 10752 1091 581 9661 2480 2278 394 250 144 5942 2380 545 8716 1575 631 5555 7181 142 7039 1078 335 228 107 177 743 621 342 207 1141 5079 1639 1025 29289 21196 16476 4720
cat_boundaries=0 1
cat_threshold=2
is_linear=0
shrinkage=0.05


Tree=87
num_leaves=63
num_cat=1
split_feature=106 103 110 34 114 135 111 111 110 50 125 127 78 113 80 46 72 125 50 136 50 135 125 120 80 50 78 89 72 34 127 29 79 74 100 123 85 115 28 100 43 119 50 131 77 123 101 135 52 72 104 111 90 75 23 127 135 96 74 127 85 94
split_gain=41357.5 26996.4 18607.4 17232.5 16343 15798.2 14463.5 13702.6 13070.7 11140.9 17297.5 12239.6 11026.9 17530.5 11530.4 11471.8 10411.7 10952.8 12008.7 13563 14295 13387.4 10363.6 10169.4 9572.82 9553.95 11325.1 9019.02 9010.78 8712.02 8787.31 12339.2 9306.37 9289.61 13344 8765.63 8500.1 8401.33 8366.2 8292.7 11175.4 8158.49 8936.78 8775.72 8013.45 7930.5 7920.77 7793.49 8943.67 7717.24 7321.21 8538.01 7312.33 10502.1 11031.4 7290.92 7162.17 8571.45 7103.6 11518.5 32461.1 24563.5
threshold=0.79644821244634201 0.026518500268810453 -0.027233076620624446 -0.4310228343686735 0.4720185185826567 -0.023380909709859697 -0.0037745043153620994 0.00050540567991640009 0.0087314083512931521 1.0154352149331298 -0.004237063117107899 0.0056274717300202511 0.20498090808500571 0.0062122506193838514 -0.84661894733194687 -0.58891507810444643 -0.85010065077947872 0.0034169078333178005 1.1148461882170388 0 0.35505926321687692 0.0063213740835980003 0.0031876925844198504 -1.0000000180025095e-35 -0.49545228403223424 0.66738155224473916 0.59036188298276693 0.026174493252348403 -0.1819177490907681 -0.69949565737509645 0.026442192744377504 -0.67039490600210472 0.026396152233041401 0.76777326922511568 -0.85459225551216489 0.023680401208063154 0.34129578553973655 -0.0078785846382733987 1.1838180161021088 -0.036714097308421144 0.44390771318170202 0.0032373734535550507 0.68270949457266206 0.026215439750384054 0.28065364943684062 0.0060192370049086509 0.77583130009255574 0.0096346598356933516 -0.085090577877079937 0.59164516029501046 0.36412447141069587 -0.046484258320676944 -0.75699092081748154 0.12525703963594373 0.52195404314102967 0.035160166843056305 -0.018750769121115746 0.21911763480080643 -0.11032793490870839 -0.0032316460437671994 0.58157565384658738 0.11728818405087656
decision_type=2 2 2 2 2 2 2 2 2 2 2 2 2 2 2 2 2 2 2 1 2 2 2 2 2 2 2 2 2 2 2 2 2 2 2 2 2 2 2 2 2 2 2 2 2 2 2 2 2 2 2 2 2 2 2 2 2 2 2 2 2 10
left_child=1 4 7 -2 5 23 9 16 -4 10 37 -12 27 14 39 25 -3 18 19 20 -18 41 -6 29 -19 -16 -27 28 -7 35 33 46 -33 -31 -35 -1 -17 -5 -38 40 49 44 43 -43 -21 -15 -32 -39 -49 -14 -29 -52 -24 -54 -55 -53 57 -13 -8 60 -60 -62
right_child=3 2 8 6 22 12 58 -9 -10 -11 11 56 13 45 15 36 17 24 -20 21 -22 -23 52 -25 -26 26 -28 50 -30 30 31 32 -34 34 -36 -37 38 47 -40 -41 -42 42 -44 -45 -46 -47 -48 48 -50 -51 51 55 53 54 -56 -57 -58 -59 59 -61 61 -63
leaf_value=0.072732432351735751 0.020007325362855644 0.05617163372841899 0.072982584344055842 -0.49623468387871983 0.051213510180803272 0.070917114408168266 -0.11259145861867779 0.010810323734384066 -0.02417106527980312 -0.06358544115683315 -0.0063928056102482899 -0.44370030316442394 0.17796337061168199 0.1571846413764052 0.36114673854328988 0.022121304312287822 0.10760592755253169 0.15268258095621112 -0.057136072855117542 0.049765371515811813 -0.34366540775824617 -0.098786989717619192 0.13002352894817273 0.029153831873725267 -0.095177012373219169 1.2374977848149444 0.22213033438595231 0.050329340874415755 0.25890740056438871 -0.028953200387692876 -0.32746501612392342 -0.71239809100117002 -0.11633389729126963 0.076983632399238278 -0.56017512300269523 -0.60609877182512872 0.36314751444798382 -0.30331936265963755 -0.083228494124787472 0.30016387491284507 -0.74250470540756663 -0.44097722140895962 -0.21199621969745275 -0.80663902604632443 -0.41453099115434738 -0.038521323233115384 -1.3061304217156691 -0.26907547862021203 0.39276898580913744 -0.4114330565014595 -0.72865179318648121 0.019053260448094911 -0.036691718663791568 -0.33619507730508658 -0.069779152299039346 -0.13444653436135037 -0.11086652510788267 -0.15594589688688898 0.042552784999936144 -0.054290273587908056 0.18616638677194716 2.1303618149323897
leaf_weight=1613 5980 862 4961 439 3336 2292 2374 3277 11457 5049 1621 461 187 773 406 443 473 438 1260 181 279 536 529 8960 3522 76 43 32633 883 4652 44 70 1015 139 201 49 684 832 124 161 62 592 273 227 191 1567 39 109 96 79 39 16767 7672 650 966 811 1455 590 2714 5952 32 33
leaf_count=1613 5980 862 4961 439 3336 2292 2374 3277 11457 5049 1621 461 187 773 406 443 473 438 1260 181 279 536 529 8960 3522 76 43 32633 883 4652 44 70 1015 139 201 49 684 832 124 161 62 592 273 227 191 1567 39 109 96 79 39 16767 7672 650 966 811 1455 590 2714 5952 32 33
internal_value=-0.000295343 0.0127693 -0.0294959 -0.055166 0.0264768 0.0355134 -0.0758277 -0.0765113 0.00518569 -0.117452 -0.165993 -0.113455 0.0478696 0.122108 0.221265 0.280461 -0.108903 -0.126753 -0.184979 -0.243511 -0.0590355 -0.311024 -0.0249222 -0.00721262 -0.0677622 0.476623 0.8706 0.0414706 0.123199 -0.0488699 -0.0762791 -0.199738 -0.15479 -0.0473928 -0.29969 0.0527188 0.198139 -0.312894 0.294644 0.00627205 -0.137986 -0.390853 -0.459744 -0.542327 -0.188623 0.0261286 -0.78732 -0.23528 0.0408614 0.00291706 0.0363067 0.0103316 -0.0507945 -0.0610931 -0.176939 0.0119712 -0.182707 -0.282164 -0.035901 -0.0150485 0.0689987 1.17322
internal_weight=144231 116494 28529 27737 87965 74812 21757 12111 16418 10652 5603 4127 58030 4605 2265 1776 8834 7972 4012 2752 752 2000 13153 16782 3960 525 119 53425 3175 7822 6160 1168 1085 4992 340 1662 1251 1476 808 489 328 1464 1092 819 372 2340 83 1037 205 266 50250 17617 9817 9288 1616 17578 2506 1051 11105 8731 2779 65
internal_count=144231 116494 28529 27737 87965 74812 21757 12111 16418 10652 5603 4127 58030 4605 2265 1776 8834 7972 4012 2752 752 2000 13153 16782 3960 525 119 53425 3175 7822 6160 1168 1085 4992 340 1662 1251 1476 808 489 328 1464 1092 819 372 2340 83 1037 205 266 50250 17617 9817 9288 1616 17578 2506 1051 11105 8731 2779 65
cat_boundaries=0 1
cat_threshold=8
is_linear=0
shrinkage=0.05


Tree=88
num_leaves=63
num_cat=0
split_feature=130 133 68 114 134 125 105 127 74 124 111 121 127 86 40 115 135 119 79 98 36 68 115 25 120 125 79 94 123 78 133 81 86 86 85 135 84 50 120 50 82 112 87 109 74 40 83 111 107 110 45 75 46 58 24 41 84 36 97 115 127 59
split_gain=39858.4 24415.4 19419.1 18228.4 17370.8 20245.6 14730.4 14581.9 14549.3 14773.2 12394.6 11962.6 11370.5 15173.4 16279.3 16129.7 14989.2 13896.9 13338 11391.1 10815.1 11344 16338.7 10584.5 12366 10247.7 10112.7 9820.13 10363.3 13609.4 8978.31 8844.28 8241.48 8206.84 8178.42 8119.73 7976.24 17150.9 11223.5 8006.12 7957.84 7866.39 7708.57 7699.68 7344.13 7789.78 8670.11 7054.01 6956.66 6866.88 7445.16 6860.78 6833.03 8071.71 7411.91 6804.46 7148.67 8870.69 6740.77 6596.88 6575.46 6888.43
threshold=0.42418646576644131 -0.019968225324810299 -0.50281348199174236 0.72552057051356778 -0.28613451968427711 -0.0057351452914557498 0.027290696497707701 -0.00061569849548184991 -0.11032793490870839 -0.2704589342496353 0.012607087717404051 -0.014505704751932549 -0.0062374786097459493 -0.050904312899409547 -0.030987562116396399 -0.0019401407347442497 0.016135405594295504 0.0016373990218102503 0.030407569358221306 0.6476667817878391 -0.56680860522711807 0.59235647352607124 0.0017090704030857501 -0.11871777040502689 -0.0040293784178203488 -0.0046689318697289489 0.06423520893228836 0.0067672652891683513 0.011663706095905151 0.28147755900547433 -0.0022357167951465996 0.22356769529545814 -0.28198698858882781 0.081101159371519752 0.34691475503952862 0.005666821268084001 0.87041151219056745 0.41423472831671998 0.0045925243570276008 0.60420167534315294 -0.082570318489004327 0.00066173750923755016 0.41609446843465708 -0.00018128732755609997 0.096743125747934158 0.23202402812047482 0.97229742163674826 0.027824432340514852 0.028836088826913103 -0.54577055020853515 0.035323442951041055 0.12525703963594373 -0.10815039791720249 0.27966588688270999 0.10931060647944102 0.10013893134727876 0.50660112444694427 -0.10163161180770384 0.46160787672846815 0.0030298649783828502 0.039049636389624207 0.58324941451146839
decision_type=2 2 2 2 2 2 2 2 2 2 2 2 2 2 2 2 2 2 2 2 2 2 2 2 2 2 2 10 2 2 2 2 2 2 2 2 2 2 2 2 8 2 2 2 2 2 10 2 2 2 2 2 2 2 8 2 2 2 2 2 2 2
left_child=3 2 -2 4 5 7 27 42 10 25 -6 -7 43 51 -15 16 17 33 19 -17 -9 22 31 -11 30 59 41 28 29 47 35 -22 -33 -16 -19 -25 37 -26 39 -39 -20 -12 -1 -4 -13 46 -46 60 -24 50 -34 55 53 -40 -55 -14 57 -57 -49 -10 -3 -62
right_child=1 6 12 -5 8 11 -8 20 9 23 26 44 13 14 15 18 -18 34 40 -21 21 -23 48 24 36 -27 -28 -29 -30 -31 -32 32 49 -35 -36 -37 -38 38 52 -41 -42 -43 -44 -45 45 -47 -48 58 -50 -51 -52 -53 -54 54 -56 56 -58 -59 -60 -61 61 -63
leaf_value=0.0626295936036632 0.029134661159501796 0.033101223286585671 0.14475406050579223 -0.065298234718180803 0.026715400313977927 -0.086898361323790807 -0.060440600743297185 0.025815047184577444 -0.16999409535314663 0.043789219581248096 -0.023291125961934493 0.0056267410459091387 -0.08951532801983958 0.04453701159414656 -0.61348046661033984 -0.68113470636729612 -0.026773662261862671 -0.27124926155927231 -0.40627634116116706 0.19981806664304302 -0.2198417490410905 -0.057305242229560231 -0.0026755122987158373 -0.046984945132039317 0.1059449835401689 0.040502555157204884 -0.00019618773955429455 -0.068491958869700068 -0.063714975144801816 0.20180994032217103 0.11305964193453606 -0.8175994245218231 -1.2419209520022074 0.22876893979581922 -0.97910631467267639 0.097993883352788275 0.0066685770138104816 0.34669304742020668 0.74410548969939516 0.79590312142292374 -0.081373750589245786 -0.25458269921049886 -0.4631091693709668 -0.068362377136853433 0.092807743203690188 -0.0060677415884770308 0.55825879512464305 0.45467122975863855 -0.40413536674870082 -0.30621001288244454 -0.3815944191656615 0.39884559252987739 0.10415289546702544 0.17069564785326741 0.48241569873635015 0.020599890293845211 -0.10193039902894473 -0.57938267072023641 -0.18708764635479358 0.022177359557477759 -0.2605973324861563 0.11457465204229166
leaf_weight=1553 3148 19010 652 5667 8100 2463 10804 814 1427 21378 556 12158 8642 421 61 221 113 49 233 44 624 1237 660 2884 6203 2494 1623 3634 3242 1121 3094 143 45 55 244 1452 1096 329 91 142 986 1085 73 1211 5233 2445 102 44 129 444 57 69 853 731 258 83 367 239 584 650 382 180
leaf_count=1553 3148 19010 652 5667 8100 2463 10804 814 1427 21378 556 12158 8642 421 61 221 113 49 233 44 624 1237 660 2884 6203 2494 1623 3634 3242 1121 3094 143 45 55 244 1452 1096 329 91 142 986 1085 73 1211 5233 2445 102 44 129 444 57 69 853 731 258 83 367 239 584 650 382 180
internal_value=0.000540398 -0.0325227 -0.0828411 0.0214505 0.0274002 -0.00446626 -0.0107987 -0.0879059 0.0438936 0.0571683 -0.00643222 0.0170595 -0.10859 -0.126675 -0.238131 -0.297455 -0.536511 -0.677343 -0.213366 -0.534863 -0.137603 -0.177442 -0.248141 0.0672556 0.0965361 -0.0278173 -0.0886919 0.00822219 0.0195717 0.032236 0.0479931 -0.356201 -0.479697 -0.214138 -0.860727 0.00156424 0.133707 0.149884 0.26326 0.482124 -0.143476 -0.176217 0.0390263 0.00622266 0.0299017 0.0678367 0.101707 0.0228255 -0.0683134 -0.391199 -0.76115 -0.0978981 0.209932 0.293477 0.252014 -0.101571 -0.252788 -0.424729 -0.142124 -0.109854 0.0281182 -0.140435
internal_weight=144132 55839 16838 88293 82626 28180 39001 5779 54446 43082 11364 22401 13690 11827 2427 2006 522 409 1484 265 4153 3339 2102 38511 17133 4571 3264 28197 24563 21321 7430 1313 689 116 293 4336 9703 8607 2404 471 1219 1641 1626 1863 19938 7780 5335 20200 789 546 102 9400 1933 1080 989 9331 689 322 628 2077 19572 562
internal_count=144132 55839 16838 88293 82626 28180 39001 5779 54446 43082 11364 22401 13690 11827 2427 2006 522 409 1484 265 4153 3339 2102 38511 17133 4571 3264 28197 24563 21321 7430 1313 689 116 293 4336 9703 8607 2404 471 1219 1641 1626 1863 19938 7780 5335 20200 789 546 102 9400 1933 1080 989 9331 689 322 628 2077 19572 562
is_linear=0
shrinkage=0.05


Tree=89
num_leaves=63
num_cat=0
split_feature=131 111 127 126 115 78 112 113 135 36 100 76 68 107 82 79 109 68 79 74 92 46 90 77 111 129 98 99 79 87 74 70 81 81 58 135 69 75 85 93 42 88 109 110 127 115 84 90 84 96 100 79 96 81 97 98 61 120 77 41 117 68
split_gain=35973.8 21309.5 24836.4 19739.1 17890.8 16560.2 14143 13602.3 12039.5 12703.8 15974.8 11648.1 11635 11276.3 10770.3 13288.5 12234.4 13534.1 10725.9 10552.1 11382.7 22669.6 22269 14877.8 14797.2 14318.6 12873.4 14221.4 13563.7 16954 13231 11119.2 10955.3 10451.9 17306.6 11094 10348.8 10181.6 9899.92 10353.8 9895.68 9722.16 11535.1 9582.64 9927.14 10895.6 9514.32 26996.4 28930.6 12929.6 16001.8 13018.3 11427.4 10914.3 15268.4 13751.1 10231.9 9653.75 9485 16376.7 19574.3 10109
threshold=0.020875360395437404 -0.0094672823785329988 0.0037040053094064503 0.53471406477566552 0.017249232244040655 0.19550672499856983 0.063177209001116563 0.0029078613689325007 0.021393252529724953 -0.57491298039843419 -0.15628692029194763 -0.32562844018643006 -0.57336839119516059 0.0085115160227695018 0.18373365655051924 0.4035635964710565 -0.0031274472196258494 -0.48153370865890971 0.088805980264340362 0.11070847900409617 0.30376561634879745 -0.88912586869481713 -1.027908526873704 0.34601085315683477 0.011053708820839151 0.0019635301812191502 -0.12598124856005433 0.92028244926759883 0.030407569358221306 0.17107885008904328 0.020535867054340903 0.23919478897328983 0.25916246195138853 0.21106321136101422 0.6792781205398909 -0.049597940033946887 0.73917008811751439 0.12343055704972036 0.55247447395343408 0.50324658154367541 -0.3123858652762011 0.037940714376487862 0.00041503626475755006 -0.0087276716630759494 -0.005117902040455099 -0.0072563694332503986 0.39437223737244403 -1.2529815640948365 0.75507286860258349 0.23246495417325894 -0.25400093491751585 0.048721368052232462 0.46093150246539744 0.29665798592258685 0.73662160005667254 -0.36388359886297239 0.0093144237140738526 -0.085384323000164339 0.1591057680848367 0.12302785950996677 -0.004177056489984449 -0.4958341191794457
decision_type=2 2 2 2 2 2 2 2 2 2 2 2 2 2 8 2 2 2 2 2 2 2 2 2 2 10 2 2 2 2 2 2 2 2 2 2 2 2 2 2 2 2 2 2 2 2 2 2 2 2 2 2 2 2 2 2 8 2 2 2 10 2
left_child=1 2 -1 6 5 11 43 -7 9 -4 -11 33 -5 -12 16 -16 -15 -18 41 20 22 36 23 -13 25 -23 27 30 -29 -30 38 -27 -31 34 -3 40 -22 -6 39 -24 -35 42 -14 44 -2 -46 49 52 53 -37 51 -51 -48 54 56 -55 57 -49 -28 61 -61 -60
right_child=3 4 8 12 37 7 -8 -9 -10 10 13 19 18 14 15 -17 17 -19 -20 -21 21 24 26 -25 -26 31 58 28 29 32 -32 -33 -34 35 -36 46 -38 -39 -40 -41 -42 -43 -44 -45 45 -47 47 48 -50 50 -52 -53 -54 55 -56 -57 -58 -59 59 60 -62 -63
leaf_value=0.037812071579076512 0.05143002721709361 -0.01026120128665289 0.019556250014828212 0.04075369499400705 -0.0026760266039670224 0.25297551735165574 -0.056837687143297677 0.065215858327262871 0.053259073971273434 -0.059675977406614081 -0.10634974676538844 0.37283108629104844 -0.11578667245578529 0.052819917552227529 0.076769808230518891 -0.32711580107954824 -0.064778423911824243 -0.55019455059859956 -0.067159523074662955 0.080949399825061205 -0.30553818121367132 0.068815217638226109 0.19590914525784764 -0.64472082504316386 0.33747915488248509 -0.58159834915979036 0.12401351570581708 -0.84363839843056432 -1.0024852456365314 0.37067559072047995 -0.086352644346005203 -0.12461586252390043 -0.46319317992995768 -0.13406230467700178 -0.23252744161674499 0.020584269322810708 -0.96918416235999905 -0.11896613378064375 -0.37420787240068121 0.52587184695318479 -0.85910759091377253 -0.059034365515420031 -0.31291363058770849 0.034055495556512598 -0.22068861766813411 -0.038079464550094033 -1.1133760000650701 -0.24282324335557953 -0.011296746589249451 -0.88882587505680211 -1.2611561850497599 -0.029031139651599987 -0.22017072430366411 0.92614613351998509 -0.80200679451227197 -0.25731269001960755 0.41071241721931229 0.32763010648623953 0.054652974882413267 0.031316192667406616 -0.31239937233135118 -0.015220813527075589
leaf_weight=9196 2564 3389 2212 1503 9175 1591 13690 2450 1738 5479 1843 657 1413 137 370 453 179 726 6546 14994 201 781 473 38 251 180 2076 55 35 173 241 511 51 326 1181 5598 83 2368 48 478 55 1387 1563 13623 955 5647 52 139 1234 53 38 260 115 135 32 30 709 159 11904 836 821 9159
leaf_count=9196 2564 3389 2212 1503 9175 1591 13690 2450 1738 5479 1843 657 1413 137 370 453 179 726 6546 14994 201 781 473 38 251 180 2076 55 35 173 241 511 51 326 1181 5598 83 2368 48 478 55 1387 1563 13623 955 5647 52 139 1234 53 38 260 115 135 32 30 709 159 11904 836 821 9159
internal_value=-0.000323273 0.0175386 -0.0252095 -0.0352016 0.0305924 0.0412982 -0.0166697 0.13914 -0.0693251 -0.0880154 -0.113916 0.0344282 -0.0896668 -0.194062 -0.280739 -0.145539 -0.387524 -0.454184 -0.107636 0.0468838 0.0293023 -0.0855854 0.0378281 0.317195 -0.0173618 -0.077868 0.0304596 0.170062 -0.130519 0.0209152 0.246176 -0.243656 0.180822 -0.00619532 -0.0677002 0.0252627 -0.499491 -0.0265325 0.326396 0.361758 -0.238728 -0.168364 -0.219318 0.00746028 -0.032067 -0.0644945 0.037021 0.116709 0.158836 0.00212657 -0.29225 -0.174619 -0.498295 0.333208 0.273216 0.710972 0.307384 0.0615462 0.0217105 0.0123628 -0.138986 0.0242692
internal_weight=144359 95468 22333 48891 73135 61592 36479 4041 13137 11399 9187 57551 12412 3708 1865 823 1042 905 10909 44046 29052 2007 27045 695 1723 1472 26350 1554 314 259 1240 691 224 13505 4570 8935 284 11543 999 951 381 4363 2976 22789 9166 6602 8554 2605 2438 5949 351 313 167 1204 1039 165 1007 298 24796 22720 1657 21063
internal_count=144359 95468 22333 48891 73135 61592 36479 4041 13137 11399 9187 57551 12412 3708 1865 823 1042 905 10909 44046 29052 2007 27045 695 1723 1472 26350 1554 314 259 1240 691 224 13505 4570 8935 284 11543 999 951 381 4363 2976 22789 9166 6602 8554 2605 2438 5949 351 313 167 1204 1039 165 1007 298 24796 22720 1657 21063
is_linear=0
shrinkage=0.05


Tree=90
num_leaves=63
num_cat=0
split_feature=103 105 102 133 84 111 121 86 79 86 123 82 107 135 72 93 85 74 111 71 134 102 91 92 94 76 79 123 73 74 84 44 70 62 111 115 80 113 97 100 72 79 103 75 46 99 123 128 100 74 71 50 94 84 65 80 111 111 113 93 97 79
split_gain=33195.5 21686.9 19793.8 16849.1 14894.1 14555.4 13538.1 23792.7 16283.8 22388.7 13486.8 12194.9 11327.1 10417.8 10280 13536.1 10094.9 20442.5 10092.4 10051 9759.36 9655.8 9229.52 9302.36 9170.69 12299.4 12907.5 9838.91 11101.6 11075.4 10024.3 9033.67 8983.95 18265.2 13218.5 10831.1 9656.7 8447.05 8303.44 8192.3 9926.53 9744.61 8620.14 9559.26 12029.8 10792.8 11928 10004.8 9995.4 11357.1 9664.07 8176.96 8066.66 8053.28 7996.35 8265.86 7984.6 7895.4 7856.29 7831.68 7822.1 8931.39
threshold=0.032104749259158759 0.0093277227479934017 1.0000000180025095e-35 -0.0097811283361824482 -0.50366288464691689 0.017083700236557003 0.00020538348872270004 -0.042377874503200096 0.04284266801041451 0.12102789666474216 0.0012898701523427001 -0.019112216769820844 0.028155982408149805 -0.0082068914084557475 -0.094510304737379688 0.5452745355785612 0.58157565384658738 -0.11032793490870839 -0.016739668968289847 0.91370054150238278 -0.27621023913622411 -0.019997869424551149 0.22180528119997464 -0.038045795987028487 -0.083418090706391834 0.18166167074403342 0.025049538459948353 0.00076706484713135012 0.60801832622695229 0.070203070826038563 -0.60264971591992933 0.037875405516592055 0.40545726040378305 -0.39851896716054541 -0.0052103755980662499 0.0018270276742649502 -0.61687736296472073 0.013134106322062402 0.85063828998898894 -0.018609307762390195 0.70345190625136977 0.022373672836856404 -0.030839101168081449 0.098734913017928069 0.6005597291908612 0.46348093336713453 -0.0026010543548441495 -1.0000000180025095e-35 -0.55754632370799551 0.21284346459441197 0.4664582173348098 -0.37569381316123174 -0.026092642619052645 0.31306612746994916 0.95382574518240359 -0.68964532928515188 -0.0076434201834961494 0.0021772717995629004 -0.00037859853988479996 0.6084713269949823 0.67635622789002181 0.036694520332525106
decision_type=2 2 2 2 2 2 2 2 2 2 2 10 2 2 2 2 2 2 2 2 2 2 2 2 8 2 2 2 2 2 2 2 2 2 2 2 2 2 2 2 2 2 2 2 2 2 2 8 2 2 2 2 8 2 2 2 2 2 2 2 2 2
left_child=1 18 21 4 -3 12 7 39 9 11 -7 56 -5 32 -13 -16 -12 -18 20 22 -1 -2 59 24 25 58 31 30 -29 -30 -26 -27 33 -4 35 -35 -37 54 -8 40 41 -6 -43 44 45 46 -44 -45 -47 50 -50 -21 -40 -53 -10 -56 -9 -48 -24 -20 61 -36
right_child=2 3 13 5 6 10 38 8 37 -11 16 14 -14 -15 15 -17 17 -19 19 51 -22 -23 23 -25 27 26 -28 28 29 -31 -32 -33 -34 34 60 36 -38 -39 52 -41 -42 42 43 47 -46 48 57 -49 49 -51 -52 53 -54 -55 55 -57 -58 -59 -60 -61 -62 -63
leaf_value=-0.10517786096250299 -0.028556875204507327 0.019170373702287791 -0.012941666278138784 0.044577832980038007 0.36756521138705711 0.082716234733867716 0.010029294749321247 -0.7651677735998661 -0.04358650531755795 -0.0080622352388772089 -0.11360470495818181 -1.0548009097087581 -0.042193607695882832 -0.038387103596790553 -0.87221628464758405 0.31912303378707485 -0.17453091333519266 1.0684253988618202 0.046088352125994547 0.062145348327955867 0.023231763374965561 0.071402439163704631 -0.03528312142417514 0.042922011211428392 0.0037857116111621085 0.20948022129889013 -0.081360494979338102 -0.085721695035561235 0.13818729090193907 1.1609355656305949 0.21436212529358512 1.1045299249536853 -0.067404190538415384 -0.4743641023923999 0.18312474525175912 0.21209504335380067 -0.27681163518645452 -0.3955975836193929 -0.77667723652809417 0.13262464423314668 -0.020791226104170876 0.11934024594776647 0.1633831485700343 -0.33548439493528881 0.023111419932034555 -0.46947864896174496 -0.67102859813545368 0.17143048867531963 0.53168406722986183 0.40704458874845229 -0.2035844057043133 0.55280152532692639 -0.019368339274582026 -0.0039466846734285358 -0.80592719651248368 -0.16572832606412882 -0.15566317329759755 0.06593111368214212 -0.32822723899710371 0.13923071850253826 -0.30193490708568821 -0.13792737614546466
leaf_weight=2416 6238 6782 1420 21532 95 1306 4834 79 1123 220 4298 183 4557 9526 64 38 83 55 34058 352 3818 3943 329 8678 1671 165 928 2874 225 30 854 34 5374 716 289 116 781 292 67 512 4202 284 62 133 493 292 320 363 46 86 1569 248 74 88 73 163 168 41 752 2417 457 865
leaf_count=2416 6238 6782 1420 21532 95 1306 4834 79 1123 220 4298 183 4557 9526 64 38 83 55 34058 352 3818 3943 329 8678 1671 165 928 2874 225 30 854 34 5374 716 289 116 781 292 67 512 4202 284 62 133 493 292 320 363 46 86 1569 248 74 88 73 163 168 41 752 2417 457 865
internal_value=0.000701817 0.0129311 -0.0463745 -0.00989863 -0.0428534 0.0135593 -0.069349 -0.100541 -0.239453 -0.43231 -0.0585107 -0.607751 0.0294214 -0.0758229 -0.83061 -0.428384 -0.100089 0.32085 0.0336856 0.040676 -0.0265337 0.0101564 0.0382119 0.00723127 -0.0321638 -0.118578 -0.00300292 0.00158246 -0.0576682 0.258511 0.0750064 0.362403 -0.11142 -0.162355 -0.228164 -0.329344 -0.213586 -0.15161 -0.00100282 -0.0612603 -0.0736907 -0.132434 -0.14531 -0.167384 -0.201977 -0.247908 -0.477296 0.0355037 -0.199221 -0.152828 -0.182642 0.230556 -0.379224 0.406987 -0.0991862 -0.363756 -0.350606 -0.58733 -0.23907 0.0522604 -0.126858 -0.0575252
internal_weight=144151 114426 29725 54489 22658 31831 15876 10901 2403 752 5742 532 26089 19544 285 102 4436 138 59937 53703 6234 10181 53015 16540 7862 2208 1127 5654 3129 255 2525 199 10018 4644 3224 1613 897 1651 4975 8498 7986 3784 3689 3405 2909 2416 423 496 1993 1701 1615 688 141 336 1359 236 247 361 1081 36475 1611 1154
internal_count=144151 114426 29725 54489 22658 31831 15876 10901 2403 752 5742 532 26089 19544 285 102 4436 138 59937 53703 6234 10181 53015 16540 7862 2208 1127 5654 3129 255 2525 199 10018 4644 3224 1613 897 1651 4975 8498 7986 3784 3689 3405 2909 2416 423 496 1993 1701 1615 688 141 336 1359 236 247 361 1081 36475 1611 1154
is_linear=0
shrinkage=0.05


Tree=91
num_leaves=63
num_cat=1
split_feature=130 105 124 134 111 135 103 68 133 18 111 75 121 82 124 115 25 132 105 72 110 119 69 123 50 121 4 41 137 68 36 58 68 115 53 8 50 90 86 86 75 84 82 66 117 115 127 82 109 5 5 105 111 50 135 92 20 27 127 81 133 97
split_gain=32348.5 20925.4 15223.4 14945.6 14796 13735.4 10014.8 9171.24 8815.71 8634.3 8488.65 8361.51 16148.6 12143.1 11099.1 9350.84 8953.93 9746.67 10391.1 8409.83 10293.8 8135.49 8060.77 8946.47 7455.25 8687.86 6977.5 6827.54 8898.43 6361.86 6300.83 6284.15 6112.04 6589.68 6637.29 6070.61 9298.43 9909.58 11857.5 6611.32 7931.25 7500.54 7599.87 7318.4 6846.1 6057.65 8406.16 7350.71 5988.09 5960.1 5864.18 5855.15 5846.54 8438.69 8968.21 5823.25 5724.95 6023.27 5705.94 5687.87 5682.69 5628.27
threshold=0.42418646576644131 0.024525967855705402 0.66237921809138212 -0.46369667439423862 -0.0091271368531227488 -0.025683954253876245 0.011647659043953802 -0.6672314671958397 -0.0097811283361824482 -0.40793670432601919 -0.014395482443107498 0.12343055704972036 0.0082109816421658526 -0.40540666095691452 -0.2644876462654519 -0.0062761364464876497 -0.32004740213455102 -0.30553235204277129 0.031014781092555701 0.017049680890618753 0.13118225747070453 0.039088551440559054 0.68409636477260483 0.0023199009185299003 1.1416723829079112 0.0133131173491718 334.17500000000007 0.12632174673287225 0 -0.45281884983407511 -0.28323472091119994 -1.647322765207287 -0.47438459107187353 -0.0068563107344228489 0.056517956855960109 47.735000000000007 -0.45791371536515113 0.24658174350735532 -0.042377874503200096 0.13659930942875007 0.082186231026528764 0.04763250765028141 -0.054388353495848044 1.0000000180025095e-35 -0.0034443699543643493 -0.010694001819131599 0.0029100527316856506 -0.24563681908072141 0.0012295973361105001 2388.0450000000005 2323.9250000000006 0.04588125321531366 0.0012614448199643501 0.84591650862709511 -0.0025758157735151998 0.65150590613404591 -0.64621103849257822 -0.19422255595713397 -0.0048955910015941488 0.21715937032938432 -0.00054491126521429988 0.74507081333676839
decision_type=2 2 2 2 2 2 2 2 2 2 2 2 2 10 2 2 2 2 2 2 2 2 2 2 2 2 2 2 1 2 2 2 2 2 2 2 2 2 2 2 2 2 10 2 10 2 2 10 2 2 2 2 2 2 2 2 2 2 2 2 2 2
left_child=2 5 3 4 7 9 10 49 35 -2 60 14 -13 -14 15 26 -16 18 -18 20 -15 45 23 -8 25 32 30 -12 -29 -24 -5 -19 50 -34 -35 36 -3 38 52 40 41 42 44 -43 -40 46 -6 -48 -22 -1 -11 -44 53 54 59 -56 -33 -58 -41 -38 -7 -31
right_child=1 8 -4 11 21 6 22 -9 -10 24 27 12 13 19 16 -17 17 31 -20 -21 48 -23 29 -25 -26 -27 -28 28 -30 61 -32 56 33 34 -36 -37 37 -39 39 58 -42 43 51 -45 -46 -47 47 -49 -50 -51 -52 -53 -54 -55 55 -57 57 -59 -60 -61 -62 -63
leaf_value=0.086230293842034303 0.011173597883381363 -0.0097497348638755019 -0.060539718272316134 -0.032864422925017976 0.057612587526637407 -0.13492214269198721 0.052279255485044543 -0.10197818098815148 -0.040863785093330926 0.12077651020172038 0.061425842918395437 0.041952865462192603 0.033439022952462642 -0.061945922015905847 0.030430145876925725 0.01549594997732087 0.05966562436067685 -0.11198466237742399 -0.082310313266866567 0.011043644335276728 -0.43010093315739883 -0.14752378791201171 0.019061372354764516 -0.051324297232869034 -0.01043882943624902 0.14083321998683881 -0.021397426260593242 0.026917371356791626 -0.19111832652827274 -0.087875135468576504 -0.35910514333528715 0.45683304389056406 -0.36042013389887395 -0.71403980094652919 -0.14359916834506725 -0.037001853012406237 -0.66508369985877014 -0.078972951876101927 -0.62235167013799275 -0.57449596822261817 0.18080763283528781 -0.55919274225831028 -0.70597151957608606 0.29545427318229234 0.21295075497456961 0.031307832832415172 0.018142929970892757 -0.33520075975040209 -0.18678646487067208 -0.33966068898359048 -0.23765834812619532 -1.2979703624369736 -0.026831884186555584 -0.11735690452888015 -0.027420421254338467 -0.54134550301925 0.023025398490340594 0.11416342221516294 -0.023453096798021187 -0.32244154570901112 0.04469904654773612 -0.27255117119180283
leaf_weight=1067 2475 1228 5667 222 549 1162 4447 5306 9858 343 12182 6438 1225 644 20767 4348 6303 345 1620 526 546 736 1216 3921 1604 260 665 1759 627 2864 444 114 455 52 2633 2151 205 2136 82 66 38 60 143 43 35 14692 229 412 471 89 171 59 570 1094 274 69 2115 12692 163 296 709 482
leaf_count=1067 2475 1228 5667 222 549 1162 4447 5306 9858 343 12182 6438 1225 644 20767 4348 6303 345 1620 526 546 736 1216 3921 1604 260 665 1759 627 2864 444 114 455 52 2633 2151 205 2136 82 66 38 60 143 43 35 14692 229 412 471 89 171 59 570 1094 274 69 2115 12692 163 296 709 482
internal_value=-0.000122572 -0.0298702 0.018735 0.0241762 -0.00997573 -0.00830924 0.00750635 -0.0741749 -0.0732498 -0.0664211 0.0334008 0.037427 -0.00465385 -0.0925947 0.0457779 -0.020002 0.0542765 0.0756322 0.0306361 -0.16319 -0.218365 0.0149885 -0.0254155 0.00373366 -0.101225 -0.13843 -0.135964 0.0462771 -0.0310669 -0.0788833 -0.250358 0.098985 -0.158301 -0.184464 -0.154647 -0.109896 -0.133794 -0.162357 -0.218068 -0.401785 -0.511065 -0.573367 -0.693147 -0.202398 -0.372475 0.0225196 -0.0859821 -0.208967 -0.317415 0.0534411 0.00153067 -0.878882 -0.167597 -0.208999 -0.327785 -0.130805 0.103863 0.101145 -0.182269 -0.462644 -0.0668562 -0.114478
internal_weight=144164 55932 88232 82565 23080 37362 29369 6462 18570 7993 16439 59485 9850 3412 49635 5679 43956 23189 7923 2187 1661 16618 12930 8368 5518 3914 1331 14568 2386 4562 666 15266 3654 3140 2685 8712 6561 5333 3197 689 460 422 319 103 117 15882 1190 641 1017 1156 514 202 2508 1938 844 343 14921 14807 229 501 1871 3346
internal_count=144164 55932 88232 82565 23080 37362 29369 6462 18570 7993 16439 59485 9850 3412 49635 5679 43956 23189 7923 2187 1661 16618 12930 8368 5518 3914 1331 14568 2386 4562 666 15266 3654 3140 2685 8712 6561 5333 3197 689 460 422 319 103 117 15882 1190 641 1017 1156 514 202 2508 1938 844 343 14921 14807 229 501 1871 3346
cat_boundaries=0 1
cat_threshold=11
is_linear=0
shrinkage=0.05


Tree=92
num_leaves=63
num_cat=0
split_feature=111 127 40 121 40 110 34 50 125 74 127 56 41 111 11 69 92 123 74 99 103 75 95 56 74 74 100 82 78 114 72 133 27 73 74 98 94 80 104 68 96 115 36 75 99 69 80 77 93 87 78 100 95 36 82 72 113 87 51 103 99 4
split_gain=30547.9 37171.7 28605.5 36197.3 23960.9 22820.9 17760.7 22780.2 26948.7 16511.2 18385 15963.9 15715.7 14361.2 14250.9 13937.1 19051 17294.8 14406.3 18169.8 13869.7 12845.1 12371 12173.9 12288.6 20929.1 16359.7 13531.4 13816.7 12415.4 12162.2 12614.3 17365.4 17649.1 49316.2 14073.5 13235.5 12364.9 11982.7 11745 21107.8 11591.7 12487.1 11199.7 11080.5 17975.8 10613.8 10564.4 13542.2 13628.2 17539.8 16353.8 14494.6 12573.4 11250.8 10635.1 10544.6 10539.3 13693.9 10501.4 10499 10437.9
threshold=-0.0049384702982844487 0.0027203472125784003 -0.10363437777410558 0.006300860174354001 -1.0905000065167196 -1.0000000180025095e-35 -0.77816974581813148 0.63392051538988059 -0.0091419981779934986 0.76777326922511568 0.039049636389624207 -0.74204993415774412 0.24686111409944067 -0.039156078334430043 8074.1350000000011 0.68808242404556974 0.2849913028678584 0.012077955636233853 -0.0029169463556778497 0.6601897044357643 0.038454843812897509 0.12343055704967647 0.19127701099356728 -1.3367115710653612 0.11655028024546847 0.011654938034208752 -0.24744783429612097 -0.22550830576592967 0.19550672499856983 1.4329118258757616 -0.36850669452516177 -0.0016810357397573996 0.17954734693376842 0.62349147239274638 0.081129666766626765 1.1216229373308293 -0.13043190200106217 -0.27584385478267109 1.0000000180025095e-35 -0.52492107142100075 0.33875363176088497 -0.0010319650143953499 -0.81699501730189006 0.062098398667134257 0.61077150539216263 0.8133160426333621 0.52919889625700212 0.2985953464054571 0.45052551599105806 0.24971263287757509 -0.024567136277774449 0.39760914907718781 0.48553336617158172 -0.046177084250017091 -0.11480019997497279 -0.65281529542792704 -6.3548628619731717e-05 0.17812776189667753 0.40923434020985588 0.0042715259397087006 0.57006969737615332 555.90500000000009
decision_type=2 2 2 2 2 2 2 2 2 2 2 2 2 2 2 2 2 2 2 2 2 2 8 2 2 2 2 10 2 2 2 2 2 2 2 2 8 2 2 2 2 2 2 2 2 2 2 2 2 2 2 2 10 2 10 2 2 2 2 2 2 2
left_child=1 43 3 -2 21 6 -3 8 41 10 13 -6 14 -10 56 17 22 23 19 -18 -15 -5 60 -4 25 26 -25 28 -26 47 37 36 35 44 -35 -33 57 -24 -7 -27 -41 42 -8 59 45 -34 -38 48 -28 50 52 53 -50 55 -53 -52 -13 -32 -59 -1 -17 -19
right_child=2 5 15 4 11 38 7 -9 9 -11 -12 12 -14 20 -16 16 18 61 -20 -21 -22 -23 30 24 27 39 29 -29 -30 -31 31 32 33 34 -36 -37 46 -39 -40 40 -42 -43 -44 -45 -46 -47 -48 -49 49 -51 51 54 -54 -55 -56 -57 -58 58 -60 -61 -62 -63
leaf_value=0.045645298625319568 0.045072732379321773 0.061395866957540658 -0.23844688495230973 0.44038966046175876 0.038385227596679838 0.043600406740598015 0.15343372168909036 -0.051595854623828201 -0.46658676792101206 -0.43641826494056507 -0.31785950061144419 0.028629583253078114 -0.39608508836978601 -0.043771962719724167 -0.092188777044587847 0.15636096306340042 0.55149404971915128 -0.0026380692927329709 -0.054463259121462361 -0.72412160417208316 -0.24526680897537673 0.020733187944841948 -0.084933986730237998 0.33475402257934533 0.036198501682295124 0.081611225474437943 0.098064222664565048 0.14295635510833243 0.16501210904515454 1.073718469142914 -1.1596753245095412 0.31514765573023762 0.026801357475411187 -0.20476097951902719 2.1089658087975272 1.3052139575416977 0.17384060202970031 0.099194815289315869 -0.056735316936467828 -0.17894501313081754 0.030622581965488945 -0.20365486908613184 -0.56238078682439496 0.052341197669170295 -0.24636687833433593 1.1977686683068405 -0.1786232944251091 0.10491736321687484 -0.042686352737330825 0.085957510706367993 -0.099268753519281758 -0.95102482477823891 0.71210378458102541 -0.13027903752838169 0.058015753260702241 -0.74719396776697411 -0.30483177339904433 0.19890307621359826 -0.55047252776742983 -0.083945729376328854 -0.029983678479153692 -0.18625499251746472
leaf_weight=2735 9109 1783 339 198 1407 6201 67 10579 237 405 942 282 573 6299 6701 846 34 3472 6836 156 988 2306 1666 556 11456 1487 2838 7466 2544 30 30 1200 287 61 37 37 1101 2014 5721 2523 2294 615 672 13098 346 37 265 5855 1753 1363 80 30 66 209 349 304 1488 125 119 3649 7096 996
leaf_count=2735 9109 1783 339 198 1407 6201 67 10579 237 405 942 282 573 6299 6701 846 34 3472 6836 156 988 2306 1666 556 11456 1487 2838 7466 2544 30 30 1200 287 61 37 37 1101 2014 5721 2523 2294 615 672 13098 346 37 265 5855 1753 1363 80 30 66 209 349 304 1488 125 119 3649 7096 996
internal_value=0.000415171 -0.0293415 0.0181937 -0.031302 -0.085003 -0.0605136 -0.090054 -0.103034 -0.156253 -0.12454 -0.109621 -0.118287 -0.142661 -0.0835492 -0.125519 0.0341824 0.00173508 0.0499039 -0.0663995 -0.495854 -0.0710914 0.0539169 0.0330912 0.0599573 0.0624125 0.0339356 0.0692073 0.0885956 0.0596058 0.0577416 0.0799571 0.144693 0.228817 0.0420675 0.668789 0.344762 0.0418474 0.0158365 -0.00454761 -0.0412237 -0.0791426 -0.364023 -0.497483 0.0258745 -0.0496023 0.160523 0.105464 0.0553691 0.0138781 -0.0436375 -0.106926 -0.278395 -0.0152998 -0.442355 -0.0218555 -0.61221 -0.251704 -0.275305 -0.166571 -0.028427 -0.0101338 -0.0435697
internal_weight=144358 53991 90367 22064 12955 34509 22587 20804 10225 8871 8466 10451 9044 7524 8471 68303 22293 46010 7026 190 7287 2504 15267 41542 41203 19737 13433 21466 14000 12877 7325 3645 2005 768 98 1237 1640 3680 11922 6304 4817 1354 739 19482 670 324 1366 12847 6992 4154 2791 972 1819 593 379 384 1770 274 244 6384 7942 4468
internal_count=144358 53991 90367 22064 12955 34509 22587 20804 10225 8871 8466 10451 9044 7524 8471 68303 22293 46010 7026 190 7287 2504 15267 41542 41203 19737 13433 21466 14000 12877 7325 3645 2005 768 98 1237 1640 3680 11922 6304 4817 1354 739 19482 670 324 1366 12847 6992 4154 2791 972 1819 593 379 384 1770 274 244 6384 7942 4468
is_linear=0
shrinkage=0.05


Tree=93
num_leaves=63
num_cat=0
split_feature=131 121 50 133 62 120 91 127 78 79 61 56 135 125 50 90 125 92 115 84 125 103 97 83 79 87 48 42 120 71 77 86 92 65 82 123 121 75 40 42 99 75 123 62 59 73 125 84 97 42 75 96 126 101 111 89 109 79 82 102 115 124
split_gain=30934.5 22966.6 17271.6 15402.9 17347.4 20892.1 15009.3 13621 13246.8 11121.9 10997.4 10821.5 10084.1 11864.6 10020.7 14964.6 11686.5 9960.53 10031.1 14694.1 10401.5 9846.97 11390.5 11578 11030.1 12563.9 10694.6 9788.14 9694.54 9645.8 9470.31 9469.51 10139.7 9344.81 9160.93 10772.8 9050.67 11419.6 11567.5 11360.1 10001.1 12242.2 10738.9 10304.4 10491.2 11020.4 8845.93 9284.78 12297.9 10678.7 8590.76 8576.45 8508.2 8427.93 8949.42 10161 8957.58 8340.79 9488.04 8290.5 8286.57 9686.2
threshold=0.0048550694464205508 -0.0066219409120011992 -0.73821582758557192 0.00027347113657840008 0.70027420773363103 -0.020247439443667244 0.21826428165811571 -0.0042631473386694997 0.17954537233370413 0.022730391074903402 0.2476088746147013 0.58378475804203622 -0.022644330755996346 0.023402364655231152 -0.28497884395983369 -1.2013798886602383 -0.012760087452796399 -0.63364830690553153 -0.00050821643483254988 0.17209677529636883 0.0067495708128085009 0.031304935445075212 0.58786622196580085 1.9487190999596982 0.031674862772160604 0.23840870441054132 0.040632145167103555 -0.42353339216978642 0.014455970504480503 0.6389934754254134 0.22219204100068676 0.67065923572947417 -0.653661034091638 1.1976903782654553 0.45431066337190468 0.0021765101842501503 -0.0011738306900100498 0.12719431713430021 -0.52959245696615664 0.07735434318379826 0.65255340457779376 0.067102289865897211 0.0077483824792509504 0.24224884143768938 0.57505347309173549 0.58653556390019213 -0.0028616599614549993 -0.15891295631351368 0.90181605662527442 0.061669601940058057 0.061590218318292152 0.10178129886350203 0.46933561092326409 0.54700463937358823 0.0023123231805394005 0.43696048639141044 -0.0012451087942715996 0.12787412452222444 -0.25604696275221012 0.25997230251939302 -0.0041147773464312995 -0.028859842030977047
decision_type=2 2 2 2 2 2 2 2 2 2 8 2 2 2 2 2 2 2 2 2 2 2 2 10 2 2 10 2 2 2 2 2 2 2 10 2 2 2 2 2 2 2 2 2 2 2 2 2 2 2 2 2 2 2 2 2 2 2 10 2 2 2
left_child=12 2 -2 4 5 7 8 10 21 11 33 -8 52 14 -14 57 -17 -9 19 20 -19 22 34 24 25 29 -27 -26 -7 -24 -11 46 -33 -4 -3 51 39 38 -38 40 53 43 -43 44 45 -42 -29 -48 49 50 -49 -36 -1 54 56 -56 -18 -16 -59 -23 61 -5
right_child=1 6 3 60 -6 28 9 17 -10 30 -12 -13 13 -15 15 16 36 18 -20 -21 -22 59 23 -25 27 26 -28 31 -30 -31 -32 32 -34 -35 35 -37 37 -39 -40 -41 41 42 -44 -45 -46 -47 47 48 -50 -51 -52 -53 -54 -55 55 -57 -58 58 -60 -61 -62 -63
leaf_value=0.01212964590023956 0.036406080033867305 -0.0049842426423364703 0.15030715257194185 -0.24704904880315537 -0.052390979794461626 0.095355355701125841 0.11037353973916984 0.066969626450359268 0.11992184420492269 0.026912356301228704 -0.24612313705215971 0.96429752936730029 0.023840733701933993 -0.056963180127405089 0.18499310425192605 -0.077429936628416518 -0.525569194354368 -0.63941022072732379 -0.21910540005770401 -0.22362873315467283 -0.076690677646547564 0.014690133754585645 0.016199143224862707 -0.89405376240611079 -0.041279098690159138 -0.064169434181068685 0.2738639360312714 0.03403795300245531 -0.10851026316665485 -0.22563042787883614 -0.053238476933027835 -0.022632605936378242 -0.89231940950666155 -0.68321147324103448 -0.14811878493413902 -0.55682264069117693 0.73880893040448425 -0.073388608005587705 0.13464813689337082 0.19608996097786108 -0.27243401934525796 0.022672083333718104 0.60813367115678618 0.02337127651976556 0.026406550709707818 -0.86568399477021218 0.10207573815144061 0.033543105538132445 -0.5103182710569214 0.55036375818633532 0.27789611102428041 0.74335828168738283 -0.076581589033622083 0.16881139529579256 0.31259841319320758 -0.46098717624942465 -0.0085803825234981278 -0.070776397094069202 -0.53387606680081257 -0.11743407079124191 0.025480858299509551 0.0086905652032755083
leaf_weight=11137 4047 10332 510 693 8450 828 762 216 3065 4584 415 39 25521 3083 122 1121 89 568 2275 650 96 2249 754 32 1390 447 491 2222 1972 910 18801 790 35 36 208 166 80 675 8205 1196 525 2372 81 567 244 92 3522 497 54 265 1302 31 3569 1749 367 48 1430 243 203 2515 4558 795
leaf_count=11137 4047 10332 510 693 8450 828 762 216 3065 4584 415 39 25521 3083 122 1121 89 568 2275 650 96 2249 754 32 1390 447 491 2222 1972 910 18801 790 35 36 208 166 80 675 8205 1196 525 2372 81 567 244 92 3522 497 54 265 1302 31 3569 1749 367 48 1430 243 203 2515 4558 795
internal_value=0.000424067 -0.0198762 -0.0585444 -0.0759619 -0.101631 -0.156624 -0.00167321 -0.220307 0.0211995 -0.0312519 -0.0521125 0.15195 0.0268264 0.0379222 0.044433 0.0715099 0.0791329 -0.262787 -0.282633 -0.392623 -0.558053 0.0104741 0.023789 0.0558177 0.0582151 -0.0335611 0.112776 0.0819128 -0.0482243 -0.116051 -0.0375271 0.101625 -0.0595284 0.0953499 -0.0141282 -0.2474 0.0890373 0.12437 0.140482 0.052898 0.0302568 -0.0257509 0.0420045 -0.14214 -0.251135 -0.360893 0.118535 0.151825 0.234552 0.25404 0.21039 -0.0324879 -0.00939969 0.0892755 0.0173478 0.223123 -0.0388714 -0.181349 -0.281559 -0.0550606 -0.00796464 -0.110414
internal_weight=144291 81572 26109 22062 16016 7566 55463 4766 31277 24186 961 801 62719 48013 44930 19409 18841 3805 3589 1314 664 28212 23448 12711 12679 2602 938 10077 2800 1664 23385 8687 825 546 10737 405 17720 8960 8285 8760 7564 3881 2453 1428 861 617 7862 5640 2118 2064 1799 239 14706 3683 1934 415 1519 568 446 4764 6046 1488
internal_count=144291 81572 26109 22062 16016 7566 55463 4766 31277 24186 961 801 62719 48013 44930 19409 18841 3805 3589 1314 664 28212 23448 12711 12679 2602 938 10077 2800 1664 23385 8687 825 546 10737 405 17720 8960 8285 8760 7564 3881 2453 1428 861 617 7862 5640 2118 2064 1799 239 14706 3683 1934 415 1519 568 446 4764 6046 1488
is_linear=0
shrinkage=0.05


Tree=94
num_leaves=63
num_cat=2
split_feature=103 133 38 111 136 127 84 125 127 72 80 109 78 73 40 85 68 110 92 115 125 69 46 111 80 129 90 87 136 80 135 95 103 68 40 74 94 71 46 125 123 90 78 125 42 29 72 110 77 74 71 89 81 77 91 65 75 74 83 74 77 119
split_gain=29954 27688.3 28036.9 18450 25218.2 20009.1 19207.7 16539.2 14644.9 21587.6 19393.3 16984.6 16624.9 14507 32061.6 44373.1 31302.8 13837.5 13044.2 12487.4 12674.9 12432.8 11681.3 11745.2 11416.7 10582.5 10803.4 10270 10231.5 14203.2 11987.9 11469.1 10754 10620.1 10418.7 10140.1 9474.19 11009.3 10857.4 13192.6 11037.8 12869.3 12165.2 9567.74 9323.75 9214.27 9162.23 9074.43 8699.1 8843.21 8674.62 9531.24 9463.33 11429 13330.6 9165.35 9156.8 8608.1 10650.4 29724.1 9502.09 8585.31
threshold=-0.011953631287466498 -0.019610056395385798 -0.35906562441480949 0.018019504979265352 0 0.015109411610930301 -0.32228117970618475 -0.0012749015348922997 -0.0071006324035129487 0.70345190625136977 -0.72382539747895236 -0.00043820436309469996 -0.081082435372958991 0.64948559603697564 -0.073433037457623043 0.52567863183587193 0.48108165229332417 0.20547198449911067 0.066188825377675856 -0.00012613278500034998 -0.0018682310338531997 0.53571534216075001 0.51125932020902176 0.021357152082461354 -0.42929487609677103 -0.013499732077622348 0.28510019801143777 0.40734560992758023 1 -0.42368974492270856 0.027438677757350354 0.44973452925618712 0.021908614465236006 0.28844663996753334 0.14101045965944797 0.17428686256569328 0.055392830609978558 0.57665572912351049 0.43287901001596674 0.017032172955652302 0.010624204903435802 -0.087160842945675179 0.20498090808500571 -0.0010451850112882498 -0.47116353681180101 -0.48846910290153883 -0.86745330988655545 -0.027233076620624446 0.26785126264899051 0.22404176068164591 0.805067124008228 0.032740288466099256 0.16844291417674948 0.22335583253698318 0.18311868668456724 0.62942243010576082 0.089712749896314364 0.070203070826038563 0.94226465834051976 0.10407093270626762 0.13777413876996492 0.011475859854855051
decision_type=2 2 2 2 1 2 2 2 2 2 2 2 2 2 2 2 2 2 2 2 2 2 2 2 2 10 2 2 1 2 2 10 2 2 2 2 10 2 2 2 2 2 2 2 2 2 2 2 2 2 2 2 2 2 2 2 2 2 10 2 2 2
left_child=57 2 27 5 6 36 17 25 48 10 19 12 -12 45 -15 16 -16 -5 35 20 21 -10 23 28 -9 -7 -27 -2 34 30 31 -30 -32 -33 -13 -19 38 -38 39 40 42 -42 -3 -40 -14 61 -29 -31 49 -4 51 -36 56 54 55 -54 -53 -1 -59 -60 -61 -8
right_child=1 3 8 4 -6 7 13 24 9 -11 11 22 44 14 15 -17 -18 18 -20 -21 -22 -23 -24 -25 -26 26 -28 46 29 47 32 33 -34 -35 50 -37 37 -39 43 -41 41 -43 -44 -45 -46 -47 -48 -49 -50 -51 -52 52 53 -55 -56 -57 -58 58 59 60 -62 -63
leaf_value=0.021698176334220491 0.031668081806144811 0.037717471623308449 0.18159838865551459 -0.074311621609016415 0.099533051053846355 -0.0047062244828887725 -0.23092100914774913 0.093451486419194568 0.36919429087463551 -0.039303941652493062 -0.46422139134894158 0.24240847988067751 -0.52774747439793179 -0.1486345514146194 1.673488757411639 2.4303133761181552 -0.26985405710206106 -0.36408283039619621 0.20559727221727375 0.165265355016221 0.12508800303050574 -0.3539526792045809 -0.092114483733790942 0.27404980326297684 -0.02138666480344846 -0.15649271829153633 0.14301312948594355 0.042006871212494246 -0.32452673950913558 -0.48130017937114344 -0.23559491518470976 0.70571674563116948 0.89310328373502879 -0.22081820620940282 0.042526689697675701 -1.2544236385461058 0.10024874220187099 -0.108519922545512 0.39504526910709226 -0.085871128703417121 0.013420747845350689 -0.19455302965344995 0.16975456472563069 0.092494980393159981 0.0097072436296263449 0.15598198694867227 -0.33648305437414638 -0.27147274774101249 -0.05013673417032425 -0.13934292721429661 0.16813824739664385 0.072803536927986801 0.039901288648446408 -0.37134202673030708 0.18783185179575834 -1.1225536410243084 -0.76228272002693775 0.067880812463219253 1.4008552022670446 0.88471084535121924 -0.060117389544656008 -0.060697626604679179
leaf_weight=19953 9659 32637 1062 840 2099 2345 863 2846 68 9186 224 137 84 183 30 34 67 1034 100 754 345 472 1633 107 9035 4257 324 281 439 1157 36 59 51 65 283 33 866 2332 279 2355 2551 1050 1843 4121 2051 425 371 929 1890 269 146 291 30 1426 202 39 37 12491 57 32 158 5228
leaf_count=19953 9659 32637 1062 840 2099 2345 863 2846 68 9186 224 137 84 183 30 34 67 1034 100 754 345 472 1633 107 9035 4257 324 281 439 1157 36 59 51 65 283 33 866 2332 279 2355 2551 1050 1843 4121 2051 425 371 929 1890 269 146 291 30 1426 202 39 37 12491 57 32 158 5228
internal_value=0.000108344 -0.0122255 -0.050021 0.00419127 -0.056014 0.0140416 -0.0929676 -0.029678 -0.0802109 -0.095962 -0.142999 -0.170601 -0.0544327 -0.0531134 0.278837 0.875993 0.33118 -0.229058 -0.340444 0.0157443 -0.111644 -0.26289 -0.209379 -0.244618 0.00612191 -0.09109 -0.13531 0.0187034 -0.255036 -0.32308 -0.120179 -0.204588 0.426056 0.220033 -0.181238 -0.391619 0.0311594 -0.0519866 0.0370899 0.0289735 0.0360757 -0.0472214 0.044775 0.111679 -0.0114385 -0.0691098 -0.173361 -0.387854 0.0188189 0.116735 -0.205627 -0.229271 -0.267256 -0.314776 -0.0171237 -0.617138 -0.0213983 0.0421983 0.07431 0.399437 0.0990116 -0.0848156
internal_weight=144251 111560 33783 77777 10936 66841 8837 18807 23472 20251 11065 9426 2359 6830 314 131 97 2007 1167 1639 885 540 7067 5434 11881 6926 4581 10311 5327 2736 650 563 87 124 2591 1067 48034 3198 44836 40436 38081 3601 34480 4400 2135 6516 652 2086 3221 1331 2454 2308 2025 1697 271 69 328 32691 12738 247 190 6091
internal_count=144251 111560 33783 77777 10936 66841 8837 18807 23472 20251 11065 9426 2359 6830 314 131 97 2007 1167 1639 885 540 7067 5434 11881 6926 4581 10311 5327 2736 650 563 87 124 2591 1067 48034 3198 44836 40436 38081 3601 34480 4400 2135 6516 652 2086 3221 1331 2454 2308 2025 1697 271 69 328 32691 12738 247 190 6091
cat_boundaries=0 1 2
cat_threshold=12 9
is_linear=0
shrinkage=0.05


Tree=95
num_leaves=63
num_cat=2
split_feature=121 110 74 125 6 135 136 72 68 72 8 111 113 94 8 78 124 85 4 87 82 121 110 75 74 40 81 79 90 87 101 115 127 100 123 115 105 81 96 96 101 74 90 75 87 45 98 127 133 136 85 86 90 125 101 78 39 68 88 109 88 87
split_gain=26296.5 24557 20888.7 34399.6 29855.8 19452.1 16015.1 15841.5 14722.6 14449.1 17329.7 15913.4 14166.7 14138.2 13657.9 12793 12348.6 12294 11324.4 21959 19281 14355.5 11164.2 10935.2 10722.4 10366.3 10239.5 10160.3 15563.6 11960.6 10704.7 9895.58 9867.66 12868.3 12523.4 9768.96 9384.08 9407.64 9373.94 9343.9 16628.2 9196.71 9184.33 9179.17 8988.89 8683.4 8350.1 8244.5 8218.14 8412.68 9677.04 9216.06 13525.5 13754.2 11477.1 10953.4 11888.5 10556.5 9342.61 15026.9 12806.5 8116.72
threshold=-0.0061092648298330986 -0.020341001781180295 -0.11032793490870839 0.0049178293897695511 8799.5150000000012 -0.0019889086003179995 0 0.20390197288424258 0.10065360733210367 -1.0185436394157337 47.685000000000009 -0.0022223219163995498 0.025632691370479552 -0.086542243395780385 47.735000000000007 0.51909714269930018 -0.16433946070159575 0.26702137783863211 556.85500000000013 0.12460149136268951 -0.066515396745554747 0.011819215616558803 0.22596514461445807 0.10684687938821781 -0.019313810594581895 0.72637340181555421 0.33288003525365306 0.036694520332525106 -0.56986928700447759 0.24427499968548114 0.69443289096678662 -0.0018009095184780496 -0.0064612785270587994 -0.19327857837542625 -0.00014594022086569997 0.0018270276742649502 -0.038451365304211289 0.2084791754799277 0.47318024453945667 0.11997378931796311 0.65816087019121683 -1.0630208673314347 -1.2243681271590721 0.16990147096568298 0.31169733223887064 0.046774115120987156 0.46609776784097295 -0.013066761201986098 -0.014368336616149049 1 0.35181502522798719 0.24112798233045782 -0.64537094255911709 -0.0035218072497615995 0.95321375371869566 0.07926131201454302 0.65327172815174539 -0.61030227497826139 -0.012377456257035749 0.00096267863148230017 0.037940714376487862 0.15708599910275864
decision_type=2 2 2 2 2 2 1 2 2 2 2 2 2 8 2 2 2 2 2 2 10 2 2 2 2 2 2 2 2 2 2 2 2 2 2 2 2 2 2 2 2 2 2 2 2 2 2 2 2 1 2 2 2 2 2 2 2 2 2 2 2 2
left_child=1 6 3 -2 17 8 7 -1 15 -8 11 12 25 23 32 38 31 27 42 -20 21 -21 -6 -10 26 -11 -22 -5 -29 30 -30 -3 45 -34 36 46 -35 -38 48 40 -9 43 61 -24 -40 -15 -19 -13 49 -4 -51 52 53 54 -52 56 57 -54 -59 -60 -61 -7
right_child=2 16 5 4 22 18 9 39 13 10 -12 47 -14 14 -16 -17 -18 35 19 20 24 -23 41 -25 -26 -27 -28 28 29 -31 -32 -33 33 34 -36 -37 37 -39 44 -41 -42 -43 -44 -45 -46 -47 -48 -49 -50 50 51 -53 55 -55 -56 -57 -58 58 59 60 -62 -63
leaf_value=0.088986286172511544 0.046897744823597827 -0.16824677534519866 0.062282742977478572 0.20742129231195736 0.072668884501144407 0.17443178590507277 0.07467788590935602 -1.0120501568199882 0.063498670485192282 -0.14446456201504604 -0.026743709901760684 0.14966200824317516 -0.43962823823789388 0.19578843506099899 0.082483353355840242 0.49544983125709258 0.026081225331826968 0.034685310451030071 0.25218885378539563 -0.10443584276363255 0.088835209062964909 -0.88548936183504068 0.22545909709757034 0.47768521677267739 -0.12882554624608347 -0.4283671276089514 0.97460893273353588 -0.1463855933577109 -0.6780030602408994 -0.43186707691115855 -1.8968754330346753 -0.0019211331442934413 -0.064325271517610291 0.35415603279283175 -0.11097469072238626 -0.1641887968699601 -0.14154026928340641 -0.59633660290063295 0.91949684659786213 -0.05305088202617636 0.045519017294431349 -0.10508053216273316 0.062746468581864306 -0.039213722122106845 -0.15305306176344555 -0.030883240030195533 -0.44066819887940245 -0.075743905463565062 0.043738835149927102 0.061761763240881618 -0.42152117850137477 0.035137011613909273 -0.052184441012492325 0.23162770102425784 0.48578966855136463 0.15437514559682192 0.050270646364168003 -0.25338948050464649 -0.25388023492173645 -1.1007027742970321 -0.25065133669995704 -0.30355729407172638
leaf_weight=2912 9530 1604 2217 46 2827 124 1258 71 834 7467 5406 468 469 577 1730 145 17094 1083 450 102 177 139 486 197 1242 336 40 104 31 59 43 2021 8726 38 968 5501 163 376 56 3094 78 2976 34369 1005 30 1578 101 3046 15137 1374 184 1063 414 429 43 209 333 984 232 144 64 313
leaf_count=2912 9530 1604 2217 46 2827 124 1258 71 834 7467 5406 468 469 577 1730 145 17094 1083 450 102 177 139 486 197 1242 336 40 104 31 59 43 2021 8726 38 968 5501 163 376 56 3094 78 2976 34369 1005 30 1578 101 3046 15137 1374 184 1063 414 429 43 209 333 984 232 144 64 313
internal_value=-0.000258906 -0.0318016 0.0141829 -0.0266509 -0.0757968 0.0271019 -0.0655743 0.00432823 0.00210438 -0.0888483 -0.100866 -0.134864 -0.172731 -0.0361208 -0.0491402 0.0272812 0.00830552 -0.149812 0.0529713 -0.0583924 -0.140605 -0.554919 -0.00508931 0.14264 -0.072168 -0.15669 0.252111 -0.472603 -0.604591 -0.962886 -1.38627 -0.0755174 -0.0674654 -0.0878747 -0.22088 -0.136147 -0.405261 -0.458801 0.0243185 -0.0716758 -0.458423 -0.0542996 0.0598503 0.0470579 0.545352 0.029808 -0.00586427 -0.045724 0.0223555 -0.0197355 -0.0529764 -0.0915663 -0.135929 0.0650874 -0.249652 -0.191335 -0.224617 -0.274419 -0.33903 -0.530552 -0.839148 -0.167927
internal_weight=144317 45324 98993 23792 14262 75201 24605 6155 38245 18450 17192 11786 8272 15187 14156 23058 20719 6968 36956 2150 1700 241 7294 1031 1459 7803 217 283 237 133 74 3625 12426 10271 1545 6685 577 539 22913 3243 149 4467 34806 1491 86 2155 1184 3514 22827 7690 5473 4099 3036 656 227 2380 2171 1838 1424 440 208 437
internal_count=144317 45324 98993 23792 14262 75201 24605 6155 38245 18450 17192 11786 8272 15187 14156 23058 20719 6968 36956 2150 1700 241 7294 1031 1459 7803 217 283 237 133 74 3625 12426 10271 1545 6685 577 539 22913 3243 149 4467 34806 1491 86 2155 1184 3514 22827 7690 5473 4099 3036 656 227 2380 2171 1838 1424 440 208 437
cat_boundaries=0 1 2
cat_threshold=8 8
is_linear=0
shrinkage=0.05


Tree=96
num_leaves=63
num_cat=1
split_feature=135 120 114 136 96 72 125 84 107 78 103 84 83 85 113 87 133 69 99 40 111 119 135 101 123 78 81 132 127 96 59 69 99 119 101 82 102 71 11 82 68 98 83 99 92 92 119 52 80 76 101 84 71 92 40 89 81 78 82 68 124 88
split_gain=26198.3 22306.5 18715.7 18425.3 16102.6 19982.3 17979.3 15398.1 13764.3 13342.1 11995.1 14882.5 12534.4 11065.9 10823.3 11584.6 10549.5 10174.1 15470.2 10557.5 9912.06 8725.53 11181.3 8592.17 8467.02 17987.9 9207.38 8358.77 8294.61 10615.9 11452.9 9595.69 12185.3 11506.6 11086.8 8281.88 8195.8 8041.26 8032.39 7978.23 7925.56 11491.4 10026.8 9085.09 10925.8 7846.45 7781.33 7757.55 9820.2 11866.9 9011.62 9446.93 8477.3 9754.3 8066.46 13734.7 12161 16298.6 17957.9 12179.5 12044.1 11576.7
threshold=-0.013832208980860497 -0.0040293784178203488 0.69918890001692913 0 -0.75243163613831843 0.70345190625136977 0.0011264843984539503 -0.029189415100281446 -0.018351202158013096 -0.58789306486234338 -0.0097910406197045993 -0.34060485156599107 1.2651625527644492 0.35488563177615584 0.022137324365307753 0.264536820505758 -0.0062539645485861486 0.69340839507968888 0.5652450052204735 0.23923762484130937 -0.0029889203296581996 -0.0022271972714127996 -0.050738166132001244 1.1347140425574846 0.010958630510850602 0.2510153871134273 0.22920692539412277 0.54171361850414557 -0.010277364307585397 0.58673433112573392 0.26262322179031522 0.64372727776735417 0.80106316197972671 0.019093055953788053 0.61655135794717297 -0.19271075290506098 0.42062505272210465 0.71814904766501086 8138.2850000000008 -0.15922846971020987 -0.51786211188148523 0.37982345228484776 0.44378408758395743 0.86650233224002005 -0.59198835143533624 -1.0322909793273387 -0.014164656002102349 -0.25874468174881066 -0.82847373158516435 -0.12428378762880178 0.76754668521363367 0.12263598410107997 0.67725939416202718 -0.26037837440352102 0.086417623496227461 0.10779354440987401 0.17385201252344312 -0.07883706432114683 -0.017139925220718649 -0.53840898801112058 -0.0036553255208028996 -0.72187402168135295
decision_type=2 2 2 1 2 2 2 2 2 2 2 2 10 2 2 2 2 2 2 2 2 2 2 2 2 2 2 2 2 2 2 2 2 2 2 10 2 2 2 10 2 2 8 2 2 2 2 2 2 2 2 2 2 2 2 2 2 2 10 2 2 2
left_child=1 3 10 7 -5 6 8 -1 -6 20 11 -2 -13 14 15 -11 40 24 19 -19 -10 22 -9 27 25 47 -27 -8 -23 30 35 32 33 39 -33 -30 -3 -14 -26 -32 -15 42 -42 44 -43 -40 -20 52 49 -49 -51 -52 -12 -54 55 56 -50 58 -58 -59 -60 -56
right_child=2 36 -4 4 5 -7 23 21 9 13 17 12 37 16 -16 -17 -18 18 46 -21 -22 28 -24 -25 38 26 -28 -29 29 -31 31 34 -34 -35 -36 -37 -38 -39 45 -41 41 43 -44 -45 -46 -47 -48 48 54 50 51 -53 53 -55 61 -57 57 59 60 -61 -62 -63
leaf_value=0.083785304965059884 0.019363100625006069 0.026094043073585441 -0.053566823853749217 0.045653077553705124 0.093897636840392276 -0.029045020009234104 -0.1215693195707251 -0.37240417173298279 -1.0128953902011222 -0.15306710997043413 0.017478798574955174 0.09258940975985136 0.26192746579360504 -0.05114644937693727 -0.6054141557953332 0.21237793509655339 -0.15914208384772041 0.12216482245895606 0.075718175762063231 -0.097289157480412683 -0.19032556727528571 0.17224471753650061 0.1993136451376008 0.47021159421706549 0.042013805359566725 0.24073090934211919 -0.0070459534404780678 0.018928488101191628 -0.50358467225307302 -0.031923278517993176 0.32690922545890017 -0.74277238278796798 0.60523827086476722 -0.40121232197688733 -0.11352051581935328 -0.140699282528992 -0.035651287087953308 0.92975211843200345 0.030115982151337036 -0.32305892536533065 -0.46531455489713336 -1.3800602992375692 -0.21583077686592797 -1.4744942620195247 -0.25924286333065999 -0.12774038490133935 -0.055736808731838686 -0.10326354012160273 0.17468392810293329 0.1149326669932226 0.30620064610447839 0.86872138538027321 -0.59834824593907054 -0.064242237727072868 -0.098597412373703605 0.12066184451738811 -0.038569548395308399 0.05621007999565189 -0.81221677589301877 -0.051583786443699299 -0.22367481381616783 0.097193577277466123
leaf_weight=3484 13127 16774 8711 2093 342 6193 4840 101 94 640 8408 9642 130 215 89 328 1422 2620 1236 693 60 289 558 69 2312 1508 499 1355 405 2034 180 95 85 149 266 257 7908 69 1157 64 767 30 848 37 79 2463 12620 293 840 517 378 93 88 2989 849 2445 484 4554 169 6172 179 6818
leaf_count=3484 13127 16774 8711 2093 342 6193 4840 101 94 640 8408 9642 130 215 89 328 1422 2620 1236 693 60 289 558 69 2312 1508 499 1355 405 2034 180 95 85 149 266 257 7908 69 1157 64 767 30 848 37 79 2463 12620 293 840 517 378 93 88 2989 849 2445 484 4554 169 6172 179 6818
internal_value=0.000129301 -0.0281859 0.0161687 -0.059184 -0.0853358 -0.101134 -0.140942 0.00492919 -0.212151 -0.234861 0.0234567 0.0542115 0.100696 -0.219044 -0.0777529 -0.0292386 -0.262995 0.0117586 -0.0208026 0.0762603 -0.692414 -0.0563435 0.111691 -0.0846588 0.024695 0.033523 0.179126 -0.090839 -0.0853013 -0.106357 -0.207221 -0.0845379 0.0624111 -0.0549943 -0.279113 -0.362706 0.00631112 0.493485 -0.0307897 0.156426 -0.337731 -0.37272 -0.334316 -0.797522 -0.567725 -0.0772874 -0.0440106 0.025239 0.0415301 0.17619 0.259064 0.417272 -0.00850788 -0.0795173 0.0338669 0.0123552 -0.00900387 -0.0223537 -0.235541 -0.00581712 -0.50949 0.0755128
internal_weight=144213 52150 92063 27468 19501 17408 11215 7967 4951 4609 83352 22968 9841 4455 1057 968 3398 60384 17169 3313 154 4483 659 6264 43215 37283 2007 6195 3824 3535 1501 839 478 393 361 662 24682 199 5932 244 1976 1761 1615 146 109 3620 13856 35276 23791 1281 988 471 11485 3077 22510 14843 12398 11558 832 10726 348 7667
internal_count=144213 52150 92063 27468 19501 17408 11215 7967 4951 4609 83352 22968 9841 4455 1057 968 3398 60384 17169 3313 154 4483 659 6264 43215 37283 2007 6195 3824 3535 1501 839 478 393 361 662 24682 199 5932 244 1976 1761 1615 146 109 3620 13856 35276 23791 1281 988 471 11485 3077 22510 14843 12398 11558 832 10726 348 7667
cat_boundaries=0 1
cat_threshold=8
is_linear=0
shrinkage=0.05


Tree=97
num_leaves=63
num_cat=0
split_feature=103 107 121 41 131 127 87 96 38 127 135 8 96 89 133 40 123 72 78 68 105 50 121 101 69 62 58 111 76 87 75 91 90 90 81 41 85 115 123 110 84 99 42 90 75 56 42 91 93 90 104 83 38 62 133 46 93 73 109 78 57 133
split_gain=23544.9 23913.1 21423.6 13182.7 13904.2 12936 12080.6 11387.6 11662.6 11758.5 11041.5 10886.6 13458.7 14564.7 10485.9 9128.69 9005.97 8987.27 8301.09 8641.96 8350.98 8252.61 8248.28 8077.39 7939.02 11921.3 11103.2 10467.6 9506.55 9009.51 9894.91 8847.96 9229.71 11115.6 8334.38 8311.76 7752.04 7736.22 7663.57 10437.2 7655.44 7955.7 7397.6 7270.67 7198.83 7131.91 7087.73 7062.35 7048.63 6922.12 6901.62 6829.61 6592.17 9746.26 7861.54 8028.8 9576.12 7602.87 6670.74 7720.87 6881.16 6571.44
threshold=-0.010497377812651998 -0.0043329607172583997 -0.0082063714887833979 0.10329016928901295 0.040230574522708007 -0.005331800600271849 0.12233363154964096 -0.92916108059987967 0.10746863563092171 -0.0085222562688158487 -0.0019889086003179995 47.725000000000001 -0.79215239379638269 0.5133198115655927 0.010732436855771152 0.72637340181555421 0.021635707931050806 -0.79377689402761176 0.42610113958374224 0.024106135028237306 0.021280937813774103 0.070309354985134812 0.0041661514525972504 0.94798196231117127 0.50273064002796841 0.54340543237423899 -0.38302863171313811 0.0041203246940288004 -0.073547463009435335 0.39503001009800148 0.066745693662288663 0.1930059641917439 -0.33148829123063239 -0.82278874786459377 0.15892583560087561 0.12418437633592776 0.37927072447156857 0.0010872719113397503 0.0024201577015455504 0.23661612449679095 -0.25917624526138344 0.58603545521124623 0.056194512380898461 -1.2529815640948365 0.083229038081395867 2.1734710762402205 0.0095373222847079508 0.19468975634406963 0.41742940913247267 -0.86417855119313358 0.61650062066753719 0.69173713799838865 -0.26164107193408243 0.54340543237423899 -0.0011178583975731498 0.57677159587334192 0.24048592153196832 0.6308768302419907 0.0022583475072022003 1.0000000180025095e-35 0.13041203565567228 -0.014684206043396849
decision_type=2 2 2 2 2 2 2 2 2 2 2 2 2 2 2 2 2 2 2 2 2 2 2 2 2 2 2 2 2 2 2 2 2 2 2 2 2 2 2 2 2 2 2 2 2 2 2 2 2 2 2 10 2 2 2 2 2 2 2 2 2 2
left_child=-1 23 5 4 10 16 -5 -8 9 -9 18 12 -7 14 15 24 -3 -15 20 -20 49 38 52 -2 61 26 29 28 34 30 48 32 33 -30 -28 50 47 -38 -11 -40 -36 -42 -34 -10 -23 -12 -32 -16 -26 -4 -29 -43 -22 54 55 56 -54 58 59 -58 -61 -14
right_child=1 2 3 6 -6 11 7 8 43 21 45 -13 13 17 36 -17 -18 -19 19 -21 22 44 -24 -25 25 -27 27 35 31 -31 46 -33 42 -35 40 -37 37 -39 39 -41 41 51 -44 -45 -46 -47 -48 -49 -50 -51 -52 -53 53 -55 -56 -57 57 -59 -60 60 -62 -63
leaf_value=0.036607400279286446 0.024311615519751764 0.044611873394532951 0.11719645358315178 0.075883699273191885 -0.061657200885222356 0.042046753984047086 0.035838347485950321 -0.26770473446833909 -0.3518625479726557 0.027278596681316158 0.046461964924702906 -0.015228655098751121 -0.089222473417678916 -1.1138000745598864 0.25177068392024771 -0.39339358135117719 -0.23759320962135819 -0.33294802573253657 0.64782349131476713 0.080609442150675795 0.0070901614000045982 -0.98521834427402133 0.015723722885784313 0.13551971585019371 0.27469351214068144 -0.074378193824468294 0.37871751743368809 0.06511752855351606 -0.067526715788645317 -0.37008420346925658 -0.43058446125928751 -0.2339630871096493 -0.52296973769383059 -0.86993775771107795 0.15576036408721636 -0.87921140844623258 -0.22448588104149247 0.0061288764984306788 -0.012503229819447624 -0.38677758205726387 -0.037610726074439785 -0.33322135691637 -0.14017678899690508 -0.034337687195009362 -0.23567619264125825 -0.10757104217186009 0.24282309206465921 -0.024089925363659861 -0.28349844373146194 -0.0073898073148911357 -0.26164429762347818 0.23850389927625659 0.34776618519554969 -0.041137156100311066 -0.088357389155988467 -0.0064380764568121585 -0.12814862933502627 -0.94052290099404634 -0.58915299549951683 -0.92535348200436796 -0.32622711908870511 0.19700998378829404
leaf_weight=34889 23634 3443 1226 1522 6974 1482 1880 1619 188 1110 19883 4916 493 41 417 317 308 364 71 1239 1028 42 2141 1754 71 4450 64 549 54 168 43 784 274 215 136 30 598 928 418 336 375 1039 234 4393 135 781 428 523 278 12304 229 55 46 1481 769 199 378 59 221 66 175 338
leaf_count=34889 23634 3443 1226 1522 6974 1482 1880 1619 188 1110 19883 4916 493 41 417 317 308 364 71 1239 1028 42 2141 1754 71 4450 64 549 54 168 43 784 274 215 136 30 598 928 418 336 375 1039 234 4393 135 781 428 523 278 12304 229 55 46 1481 769 199 378 59 221 66 175 338
internal_value=0.0008293 -0.0105479 -0.0233559 -0.00762499 0.00373001 -0.0637304 -0.0554529 -0.0752034 -0.100535 -0.16708 0.0145701 -0.07979 -0.100981 -0.116689 -0.107552 -0.129112 0.0214396 -0.411997 -0.0105999 0.111352 -0.0185507 -0.0872611 -0.0648329 0.0319947 -0.120984 -0.133979 -0.186749 -0.223509 -0.263773 -0.0365084 0.0318339 -0.35247 -0.472044 -0.708859 -0.180816 -0.0625537 -0.0146657 -0.0842431 -0.0562792 -0.179289 -0.203128 -0.236354 -0.346644 -0.0473686 -0.413534 0.0406403 0.181344 0.0982865 -0.169941 0.00389938 -0.031063 -0.304478 -0.103836 -0.137434 -0.211985 -0.295088 -0.355873 -0.391876 -0.353341 -0.269149 -0.490303 0.0271994
internal_weight=144605 109716 84328 60684 49041 23644 11643 10121 8241 3660 42067 19893 14977 13495 13090 10624 3751 405 21403 1310 20093 2041 6563 25388 10307 9476 5026 4038 3230 988 820 1561 777 269 1669 808 2466 1526 1864 754 1605 1469 508 4581 177 20664 471 940 349 13530 778 1094 4422 3394 1913 1144 945 899 840 619 241 831
internal_count=144605 109716 84328 60684 49041 23644 11643 10121 8241 3660 42067 19893 14977 13495 13090 10624 3751 405 21403 1310 20093 2041 6563 25388 10307 9476 5026 4038 3230 988 820 1561 777 269 1669 808 2466 1526 1864 754 1605 1469 508 4581 177 20664 471 940 349 13530 778 1094 4422 3394 1913 1144 945 899 840 619 241 831
is_linear=0
shrinkage=0.05


Tree=98
num_leaves=63
num_cat=0
split_feature=130 111 121 96 50 127 115 125 125 107 103 68 76 107 62 115 80 113 82 90 135 135 56 81 56 63 111 46 83 129 113 126 34 84 93 92 90 86 8 42 28 91 41 121 92 125 133 56 48 131 111 60 114 120 62 60 125 50 96 134 83 94
split_gain=23376.8 18295.3 15751.4 15023.5 14863.2 19376.9 16941.1 13972.7 12294.9 12221.8 12017.7 11438.6 12272.4 10855.1 9537.89 9377.12 12854.4 11872.5 16299.1 12675.9 9308.08 9228.49 9309.71 9186.01 9428.81 8912.42 8790.54 8322.21 10707.2 8253.87 9821.53 8578.58 8648.78 8245.99 8400.4 8179.74 8058.14 7999.41 7954.15 7609.66 7592.13 7586.11 7360.05 8700.97 8043.89 7438.6 6950.4 6907.62 6872.33 6852.72 6843.75 7355 6712.34 6689.01 6558.76 6547.22 6345.23 7243.35 10792 11913.9 9680.05 8082.36
threshold=0.42418646576644131 -0.0036415955409899495 0.0059850332521822003 -0.64215702764051896 1.0154352149331298 -0.0064612785270587994 -0.0026285025912516995 0.0007801612188346001 0.0090836690946879007 -0.0032506451729242994 -0.014269706165323798 -0.50281348199174236 -0.064835403832321184 -0.011072527916132799 -0.037370084890508193 0.00011466409219930002 0.16240694576717243 0.0010355595985688003 0.32748193074572468 -0.76601767351224692 -0.018398648999318094 -0.0056858913868999489 0.54171462182076968 0.18688618574802868 -0.37499499390326146 1.2079502568528149 -0.0018526502386267498 -0.46859939596495354 0.52739627741126205 -0.0086358778290849484 0.0085842209343439512 0.62631694972644025 -0.31493770985119396 -0.24212353467007994 0.52582313139160253 -0.37638532083951004 -1.2529815640948365 -0.019296068245981197 47.475000000000001 -0.27644628696877999 -0.49927011708427466 0.25022735161747572 0.13099561510426128 0.0096067770325867028 -1.1327734041333439 0.0039917242339133508 -0.034078893941032994 -0.25823001053526334 -0.26774073753353439 -0.021944233367267595 -0.021754113955712296 0.28003617868731889 0.72552057051356778 -0.0072428030796181991 0.6585642848879828 -0.20884759486969653 1.0000000180025095e-35 0.92526840109877095 -0.76340639070156058 -0.046236178091803047 0.49905717232330854 -0.026261733643890797
decision_type=2 2 2 2 2 2 2 2 2 2 2 2 2 2 2 2 2 2 10 2 2 2 2 2 2 2 2 2 10 10 2 2 2 2 2 2 2 2 2 2 2 2 2 2 2 2 2 2 10 2 2 10 2 2 2 8 2 2 2 2 10 10
left_child=9 2 3 -2 5 -5 7 11 29 14 -11 -7 33 -14 -1 -10 17 -17 19 -19 26 22 55 -15 -25 36 56 28 -23 30 38 -31 -33 -13 49 -29 -16 39 -3 -37 -9 -21 50 48 -45 -46 53 -4 -44 -35 -22 -52 -18 -38 -53 -8 57 58 -12 60 -60 -62
right_child=1 8 47 4 -6 6 21 40 15 10 20 12 13 23 25 16 52 18 -20 41 42 27 -24 24 -26 -27 -28 35 -30 31 -32 32 -34 34 -36 37 46 -39 -40 -41 -42 -43 43 44 45 -47 -48 -49 -50 -51 51 54 -54 -55 -56 -57 -58 -59 59 -61 61 -63
leaf_value=0.027850773387776091 0.038586543969491495 0.07181836734566209 0.14224792475910994 0.013447844290854161 -0.028894807303283511 0.05354456779213599 0.39450580985708672 0.12493749881128097 0.089809164168440217 0.048307927334044709 0.035709231723498595 0.17426676770502872 0.087751836635453523 -0.17076848791791249 -0.30378920430140127 -0.025236321552535815 0.026865453357265881 0.14643164793722821 -0.84387412237677184 -0.16770142955179798 -0.070913219444321385 0.062029625644679731 -0.047940930677430729 -0.99789023130083265 -0.49561994067061016 0.81442180258590113 0.0067677614066481489 0.096877483087172048 0.89806072871859488 0.020333750553829334 -0.031528785785868471 0.044687148101492741 -0.17255627277958185 0.20501711390912536 -0.10005153332515196 -0.16453922745688898 -0.15329894349112588 -0.31624081758701283 0.22238102943292293 0.073457420202623358 -0.19835596368543196 -0.42014794040401027 0.046049636242055957 0.0019524245791621168 0.031210730124671921 -0.28318616903007426 0.1225563193573231 -0.017607751529986462 -0.14978097525471329 -0.47030581048051295 0.030470813069861213 -0.2326282613442181 -0.064363386130257369 0.098901750197197047 -0.015216169232740141 -0.22014466753247741 -0.033526424248539875 -0.017566990209128285 -0.36490265533371924 -0.075546541496164576 0.33094441566464244 -0.43549303446175919
leaf_weight=19679 2697 4270 1253 2171 6825 162 44 265 1336 12632 542 88 53 77 126 1735 4520 274 94 1504 2048 581 1266 206 171 43 6284 477 41 9316 1824 717 1269 40 275 911 488 460 1104 532 577 371 2149 662 238 898 5479 1467 566 617 25857 483 3640 570 1231 2825 5126 1234 1104 905 98 53
leaf_count=19679 2697 4270 1253 2171 6825 162 44 265 1336 12632 542 88 53 77 126 1735 4520 274 94 1504 2048 581 1266 206 171 43 6284 477 41 9316 1824 717 1269 40 275 911 488 460 1104 532 577 371 2149 662 238 898 5479 1467 566 617 25857 483 3640 570 1231 2825 5126 1234 1104 905 98 53
internal_value=0.00088766 -0.0243766 -0.0572916 -0.0717216 -0.0876614 -0.121539 -0.151851 -0.262995 0.000413148 0.0168907 0.00477976 -0.345943 -0.388324 -0.589378 0.0453996 -0.0359174 -0.0497558 -0.12345 -0.19942 -0.171231 -0.00633321 -0.112437 -0.160881 -0.668426 -0.77007 0.0968972 -0.038676 -0.0457083 0.117138 0.0268735 0.0687225 0.000220845 -0.0941255 -0.288389 -0.332073 -0.0882673 0.0922667 -0.134675 0.102749 -0.0767955 -0.0966068 -0.217652 0.00820834 -0.0512732 -0.136585 -0.217318 0.0999006 0.0560316 0.00522454 -0.42919 0.0172714 0.0238219 -0.0138298 -0.0174252 -0.0764822 -0.210718 -0.0701887 -0.117935 -0.163774 -0.213829 -0.313547 0.0619299
internal_weight=144550 56055 24081 21361 18664 11839 9668 2531 31974 88495 62110 1689 1527 507 26385 13474 12138 3978 2243 2149 49478 7137 4135 454 377 6706 15346 3002 622 18500 7198 11302 1986 1020 932 2380 6663 1903 5374 1443 842 1875 34132 4513 1798 1136 6537 2720 2715 657 29619 27571 8160 1058 1714 2869 9062 3936 2702 2160 1255 151
internal_count=144550 56055 24081 21361 18664 11839 9668 2531 31974 88495 62110 1689 1527 507 26385 13474 12138 3978 2243 2149 49478 7137 4135 454 377 6706 15346 3002 622 18500 7198 11302 1986 1020 932 2380 6663 1903 5374 1443 842 1875 34132 4513 1798 1136 6537 2720 2715 657 29619 27571 8160 1058 1714 2869 9062 3936 2702 2160 1255 151
is_linear=0
shrinkage=0.05


Tree=99
num_leaves=63
num_cat=3
split_feature=133 70 111 136 124 84 120 74 94 127 50 83 115 135 120 73 74 85 79 25 121 119 95 80 127 97 101 117 85 45 71 104 77 123 51 67 137 121 50 136 89 44 88 111 22 38 84 35 79 90 50 77 3 71 119 96 80 56 68 68 97 98
split_gain=22849.8 23636.6 20072.2 26504.5 19305.7 16331.7 15892.6 18236.1 14964.5 14796.5 18253.6 18962.6 18139.4 19007.3 14302.6 14293 38087.8 43276.2 17728.3 13698.9 13046.6 12794.2 12781.4 12207.4 11952.9 11702.5 11186.1 15526.8 11083.3 11406.9 11070.7 10992.2 10719.3 16172.6 10266.2 10185.9 10114.6 10022 9755.45 12341.3 11082.5 10588.8 9803 11104.1 9677.49 9568.64 10238.7 9472.01 9348.38 9216.66 9360.13 9017.48 10786.9 8885.51 8421.45 8355.11 8242.71 14023.5 11829 13436 8230.17 13768.6
threshold=-0.010068178422308649 -0.25328607579160067 0.013832005669403402 0 -0.098159998997711537 -0.29431333077838329 0.097981654349659567 0.20142931922650756 0.0067672652891683513 -0.011332332772699948 1.0154352149331298 0.46970238411007964 -0.012012615353198848 -0.042397327121999791 -0.029057201268754496 0.62008156878874732 0.070203070826038563 0.47690914080228886 0.057735523752504708 0.047301796576626656 0.0059850332521822003 0.00042226610263735003 0.52455336808430919 -0.97367306140630216 -0.0018140560708562999 0.75530942122184019 0.97827941109187122 -0.065635696154053333 0.38896756357442636 0.022834778095165254 0.70770746585283428 0.33624954908549348 0.16560357369154888 0.0033456881512102508 0.49739065389066878 0.35131625811163308 1 0.00064972552332675008 0.60420167534315294 2 0.031424529880873957 -0.048353537182534996 0.055101314227461756 0.0016580388773415001 -0.083381165726750042 0.3064487623489825 -0.095095910766743744 0.71422771758729031 0.030407569358221306 -1.1806523461263974 0.68270949457266206 0.29318165402047364 21.575000000000003 0.75832306692623297 0.016905493397463955 0.046318964647363209 -0.79388821327567283 -0.6598603785882976 0.36040853188422933 0.21411009547531368 0.61194053779414659 1.1866390824256203
decision_type=2 2 2 1 2 2 2 2 10 2 2 8 2 2 2 2 2 2 2 2 2 2 10 2 2 2 2 8 2 2 2 2 2 2 2 2 1 2 2 1 2 2 2 2 2 2 2 2 2 2 2 2 2 2 2 2 2 2 2 2 2 2
left_child=1 45 8 -4 9 6 -5 23 19 -3 11 12 25 -14 38 51 35 18 -18 30 22 -15 24 -8 -21 -11 27 -13 29 -26 -2 -16 -25 -34 -28 -17 -32 54 39 40 -6 -41 43 -43 -30 -1 -47 -23 -45 50 -10 52 -7 -54 -31 -44 -42 58 59 -58 -22 -62
right_child=2 4 3 5 14 15 7 -9 49 10 -12 26 13 21 31 16 17 -19 -20 20 60 47 -24 32 28 -27 34 -29 44 37 36 -33 33 -35 -36 -37 -38 -39 -40 41 56 42 55 48 -46 46 -48 -49 -50 -51 -52 -53 53 -55 -56 -57 57 -59 -60 -61 61 -63
leaf_value=0.017283241042959193 0.037546198953278376 0.097377073102933503 0.079371158744791642 -0.035546108021642174 0.27862245389505436 0.11914559057656958 0.14928677232512697 -0.93838020986454063 -0.70041142731611983 -0.44027414697823419 -0.038400741267273449 -1.0913451580582438 -0.53321830874227127 0.0044464135129327308 0.056759354518464061 0.62594940112430164 1.2572113356925547 2.6405137697855636 -0.13159341766602464 0.1219066491003532 0.092007204587346014 -0.15764180891746105 0.70051561829290898 0.12914852759895032 0.30768601206371687 -1.1938848816742331 0.14718423544624706 -0.055623197024485607 -0.17914987919885542 -0.043196230425264361 0.025047533744248965 -0.04122743671277955 -0.16433986630085309 -0.46337020027903358 1.2299457623064518 -0.073307645300650745 -0.070756673282736215 0.18083803293977838 -0.022021613283976123 -0.03831276115134799 0.27591389576245468 -0.37261598362364334 0.082478194222217652 -0.42350419807771689 0.0006346257879879931 -1.1224077754899076 -0.051139439473411555 -0.38503015237969446 0.057794338340929077 -0.020076870109512583 -0.14148647620305263 -0.086791411250444719 -0.10662364424573328 0.45675269255062212 0.11217233949323309 -0.18605244471427346 -0.39398118369765101 -0.030969578640439477 0.085437391110156718 -1.4973386049270632 0.21819833054006255 0.99084289968013772
leaf_weight=23813 31193 815 4037 1799 304 1469 220 88 89 406 3709 37 387 843 6721 59 40 30 54 4146 1860 1556 76 178 461 59 81 1644 934 2552 5761 4985 1207 723 30 444 5265 1101 7650 1407 171 1144 410 144 3769 38 54 649 337 7510 473 4935 1291 74 1325 987 77 1203 57 43 1478 60
leaf_count=23813 31193 815 4037 1799 304 1469 220 88 89 406 3709 37 387 843 6721 59 40 30 54 4146 1860 1556 76 178 461 59 81 1644 934 2552 5761 4985 1207 723 30 444 5265 1101 7650 1407 171 1144 410 144 3769 38 54 649 337 7510 473 4935 1291 74 1325 987 77 1203 57 43 1478 60
internal_value=0.00047942 -0.0231945 0.0171826 -0.0320288 -0.0488699 -0.0676991 -0.148059 -0.231838 0.0292213 -0.106993 -0.124711 -0.180952 -0.242814 -0.203139 -0.0257112 -0.0274371 0.202201 0.987079 0.459387 0.0378226 0.0746621 -0.161229 0.0538198 -0.20513 0.0503799 -0.535894 -0.0463192 -0.0784202 0.0211402 0.069744 0.0223238 0.0150317 -0.242119 -0.27636 0.439822 0.00871256 -0.0207412 0.0477088 -0.0599394 -0.1061 0.00255974 -0.151274 -0.204367 -0.287865 -0.03507 0.015317 -0.49362 -0.224569 -0.086295 -0.0346924 -0.23 -0.0459702 0.0251141 -0.0760816 0.00990239 -0.107242 -0.0515328 -0.0921077 -0.507639 -0.789351 0.162767 0.248341
internal_weight=144462 59761 84701 16648 35856 12611 4215 2416 68053 10216 9401 5692 3900 3435 25640 8396 627 124 94 59981 17762 3048 14364 2328 14288 465 1792 1681 10142 5439 42219 11706 2108 1930 111 503 11026 4978 13934 6284 1855 4429 3022 1625 4703 23905 92 2205 481 8072 562 7769 2834 1365 3877 1397 1551 1380 177 120 3398 1538
internal_count=144462 59761 84701 16648 35856 12611 4215 2416 68053 10216 9401 5692 3900 3435 25640 8396 627 124 94 59981 17762 3048 14364 2328 14288 465 1792 1681 10142 5439 42219 11706 2108 1930 111 503 11026 4978 13934 6284 1855 4429 3022 1625 4703 23905 92 2205 481 8072 562 7769 2834 1365 3877 1397 1551 1380 177 120 3398 1538
cat_boundaries=0 1 2 3
cat_threshold=3 33 8
is_linear=0
shrinkage=0.05


Tree=100
num_leaves=63
num_cat=0
split_feature=131 126 111 121 40 125 5 56 90 85 79 95 49 106 125 79 100 127 54 83 54 86 74 87 68 84 89 123 85 100 123 60 109 81 70 76 100 125 55 46 40 70 103 49 87 105 103 71 60 81 85 127 28 86 91 85 99 125 123 91 72 68
split_gain=21630.5 14224.3 11933 14174.6 13856 19430.7 18028.6 13633.5 13230.6 12282.2 11612.2 13868.9 11108.5 11042.8 11019.8 11488.9 10928.2 10533.3 10369.8 13317.3 11206.6 15265.8 10072.2 9945.69 9110.88 15605.8 14195.1 12625.6 12192.2 10803.6 9036.89 8825.54 8538.59 8454.99 8416.02 8386.01 16984.5 20739.3 19601.7 13307.4 10892.9 10147.5 9679.67 8886.36 8638.54 8389.24 8368 20253.4 8609.64 10393.1 8706.52 8035.69 8014.84 8560.76 7938.39 8516.63 11171.9 10929.4 9616.17 8863.06 11305.4 15578.4
threshold=0.020875360395437404 0.53471406477566552 -0.0093033407681651983 0.0037795798688103504 -0.10363437777410558 0.0039917242339133508 2324.0650000000005 -1.266378280677172 -0.86417855119313358 0.26702137783863211 0.12236403013705187 0.71664575177229761 0.12965471578231377 0.43907512917188984 -0.0016375165429257496 0.087742774828688266 -0.63479100585328141 0.0037040053094064503 -0.028468718040682194 0.55509074748494747 0.80434482927826123 -0.41189945307582482 0.22187940228214212 0.12460149136268951 -0.559160438378416 -0.077336599393579994 0.034068026633307262 0.00076706484713135012 0.39051258014370643 1.0081310076746897 0.009985711352791601 -0.083418090706408529 -0.0016759933667036498 0.24246527914833288 0.082156958286066811 -0.30428528979312947 -0.42624396093732464 0.0052772102117730002 0.079262828241639813 -0.34104613559030522 0.22972144552453114 0.37409606032573128 -0.0083786949499596985 0.2732998862640304 0.23914093564880118 0.0084910315539327517 0.060369508074919261 0.65203539715228909 -0.087583627625600638 0.26243947007091523 0.49852147302146083 -0.0085222562688158487 -0.6868638167978619 -0.07738035855530058 0.20175712245077129 0.40326947576214928 0.89283745760829258 -0.011699796772888548 0.00054323493342000012 0.24277288211205922 0.33115107896309659 0.89474346577031116
decision_type=2 2 2 2 2 2 2 2 2 2 2 8 8 2 2 2 2 2 2 10 2 2 2 2 2 2 2 2 2 2 2 10 2 2 2 2 2 2 2 2 2 2 2 10 2 2 2 2 8 2 2 2 2 2 2 2 2 2 2 2 2 2
left_child=2 13 3 17 5 -4 9 10 54 33 -6 -12 30 -2 15 -3 -14 -1 22 20 21 -20 35 -21 -25 27 28 -26 -27 32 -10 -31 -29 -7 -5 36 37 39 40 44 -38 -41 -40 -44 45 -18 48 -48 49 -28 -50 -11 53 -16 -9 59 57 -57 -58 60 -56 -62
right_child=1 14 4 34 7 6 -8 8 12 51 11 -13 16 -15 52 -17 18 -19 19 23 -22 -23 -24 24 25 26 46 29 -30 31 -32 -33 -34 -35 -36 -37 38 -39 42 41 -42 -43 43 -45 -46 -47 47 -49 50 -51 -52 -53 -54 -55 55 56 58 -59 -60 -61 61 -63
leaf_value=0.010368494979981397 0.01038704907087048 -0.23501650736224156 0.046249891282130133 0.023094356417876355 0.34194929512966543 -0.19604292633795295 0.0068534355344201563 0.059021633331281867 0.011648079379421186 -0.18155645351213978 -0.47405003111329891 -0.026401415144542136 -0.051457274643668553 -0.046402698457932177 0.0097410158971539904 -0.069624364324483073 0.57303132788899047 -0.06787416336436207 0.46983421221252519 0.44336898781680284 -0.5596256586371875 0.10976937268632481 0.46076943824781963 0.13499042965938821 0.0062737957589763284 0.69187875281501299 0.47320467902925512 -0.65696452957819462 -0.026515498365630809 -0.23424834051439838 -0.10311036832324955 0.96874752879142767 -0.25009306164670597 -0.83068047589667648 0.18146245319216084 0.035174842238312534 -0.013288701793962075 0.53873065507005202 -0.068826970979571342 -1.1742091780617123 -0.78544404608011253 -0.18573066828881993 -0.22883540039159814 -1.0189475454504675 -0.60840378493508873 -0.13541074078026658 1.4483161955168755 -0.20695219242147039 -0.13478442399651658 -0.057094466877240825 0.26759940005064786 -0.046981748926875899 -0.054021479121622806 0.38556758454852852 0.19161483971215787 -0.29527525330993759 -0.79734360896910617 0.226913991650985 0.066070901177590721 0.050182129256427288 0.67498125767841399 -0.039579500042900596
leaf_weight=7060 22861 1772 6950 3524 97 107 4483 2723 15830 2277 334 359 2540 13684 519 2577 96 11009 303 131 61 10340 133 989 668 151 174 162 97 31 1924 30 632 103 1101 13952 528 193 60 42 50 68 49 130 34 74 33 42 1058 197 154 2163 7256 214 600 121 65 583 64 372 357 97
leaf_count=7060 22861 1772 6950 3524 97 107 4483 2723 15830 2277 334 359 2540 13684 519 2577 96 11009 303 131 61 10340 133 989 668 151 174 162 97 31 1924 30 632 103 1101 13952 528 193 60 42 50 68 49 130 34 74 33 42 1058 197 154 2163 7256 214 600 121 65 583 64 372 357 97
internal_value=0.000501201 -0.0265491 0.0143466 -0.0173108 0.0242136 -0.0167507 -0.0646927 0.0358275 0.0387404 -0.133669 -0.170433 -0.242151 0.031137 -0.0108774 -0.0729684 -0.137013 0.0482083 -0.0373028 0.0564644 0.0856902 0.116147 0.12002 0.0275346 0.0140237 0.00129303 -0.0372683 0.0580811 -0.156596 0.410894 -0.283844 -0.000788287 0.357389 -0.333107 -0.507318 0.0607945 0.0237627 -0.0964962 0.130835 -0.23757 -0.119878 -0.0800841 -0.56315 -0.618434 -0.80266 0.119142 0.264651 0.0053081 0.521366 -0.0191419 0.191617 -0.0836564 -0.115997 -0.038104 0.119464 0.116509 0.185803 0.05878 0.137163 -0.368983 0.260004 0.334059 0.522311
internal_weight=144388 48883 95505 22694 72811 16083 9133 56728 55938 4650 790 693 50956 36545 12338 4349 33202 18069 30662 15253 10704 10643 15409 4549 4418 3429 1906 1523 248 855 17754 61 794 210 4625 15276 1324 507 817 314 578 110 239 179 204 170 1658 75 1583 371 1212 4440 7989 733 4982 2259 833 704 129 1426 1054 454
internal_count=144388 48883 95505 22694 72811 16083 9133 56728 55938 4650 790 693 50956 36545 12338 4349 33202 18069 30662 15253 10704 10643 15409 4549 4418 3429 1906 1523 248 855 17754 61 794 210 4625 15276 1324 507 817 314 578 110 239 179 204 170 1658 75 1583 371 1212 4440 7989 733 4982 2259 833 704 129 1426 1054 454
is_linear=0
shrinkage=0.05


Tree=101
num_leaves=63
num_cat=2
split_feature=121 110 74 125 5 125 126 113 96 27 116 136 89 50 92 85 79 56 84 78 41 80 80 98 135 38 85 127 113 92 124 113 87 99 115 84 80 71 55 82 83 78 99 69 121 79 50 68 115 125 87 136 127 125 73 107 79 68 96 91 78 76
split_gain=21803.8 21291.8 16572.2 24997.6 24695.8 13668.7 16037.2 13329.7 12696.1 14505.9 11970.5 11798 13500.9 13484.5 19095.8 11145.8 12851.6 16828.1 10741.8 11292.5 10174.2 13136.3 12814.8 10199.9 9877.68 14170.3 16919 9868.74 9749.16 10126.8 9558.05 9395.15 9267.25 10712.1 9199.25 8882.42 10822.3 8721.8 8596.45 8424.86 9446.86 8293.83 16071.1 19731.3 32027.7 11076.5 12207.3 10714.7 8275.78 8261.39 8249.8 13479.3 17480.5 11996.2 9585.99 9532.28 12586.7 13861 13502.5 10116.8 9244.22 14084.6
threshold=-0.0064919838310993488 -0.020341001781180295 -0.11032793490870839 0.0049178293897695511 2324.1250000000005 -0.0068780274543425992 0.23871110049893213 0.013680478339793252 -0.75243163613831843 -0.11414757354524369 -2.711584959988866 0 0.028816094445746652 0.53344348147577791 0.24208730496537953 0.26702137783863211 0.036694520332525106 -0.491705503766381 1.770539930095018 0.37871823283412592 0.0078965251964095515 -0.82847373158516435 -0.56466740418857098 -0.10066425844458869 0.027438677757350354 -0.046147201104820595 0.60720030606892605 0.0072502179858774012 -0.0073084946469518493 -0.80609931985802386 -0.13823330028340497 0.028704377526311251 0.24427499968548114 0.74886162849158378 -0.00276297789618335 -0.25917624526138344 -0.73786882430114564 0.63190914110924135 0.17549175494005362 0.67713228751655274 0.80078304944680856 -0.051386966000278346 0.61707091389124913 0.79003093059018337 0.023488999473333955 0.12787412452222444 0.45402306196369169 0.24210711266971 -0.0024886297340949493 0.0072781980890139009 0.25886016743580409 1 -0.012483158997476148 0.0007801612188346001 0.3361388028266859 1.0000000180025095e-35 0.071515509711904915 -0.73311290392348993 -0.020636170141751498 0.19556320571389316 -0.052246598263738848 -0.060335797982055288
decision_type=2 2 2 2 2 2 2 2 2 2 10 1 2 2 2 2 2 2 2 2 2 2 2 2 2 2 2 2 2 2 2 2 2 2 2 2 2 2 2 10 10 2 2 2 2 2 2 2 2 2 2 1 2 2 2 2 2 2 2 2 2 2
left_child=1 8 3 -2 15 6 -4 18 -1 31 37 12 -11 14 27 16 -5 -18 19 24 21 23 -23 -21 50 39 41 -13 -29 -30 48 -10 33 -19 49 -14 38 -9 -37 -26 -41 45 43 -43 -45 46 -27 -48 -3 -31 51 -7 -53 55 -55 -54 57 -57 -58 -59 61 -56
right_child=2 30 5 4 -6 7 -8 10 9 11 -12 13 35 -15 -16 -17 17 32 -20 20 -22 22 -24 -25 25 26 -28 28 29 34 -32 -33 -34 -35 -36 36 -38 -39 -40 40 -42 42 -44 44 -46 -47 47 -49 -50 -51 -52 52 53 54 60 56 58 59 -60 -61 -62 -63
leaf_value=0.041399610115876687 0.039167600270429641 -0.14960836862220889 0.0199461018405841 0.31605507105668179 -0.0010417374564260877 0.040917240047461556 -0.10046975480381425 0.18517244238123842 -0.14651043379126946 0.29503480651218694 -0.12196168144218218 -0.015889932519476065 0.14137198779902427 -0.035516099364870955 -0.33996216757547387 -0.11944505048993817 -0.1043127192421725 -0.72978929830966777 -0.16516106516280721 -0.22258260332455393 -0.10936053287444128 0.56465933413085778 0.19467771996840444 0.29238499209478308 0.04139939166122078 0.2140657139649112 1.2568347480999573 0.32133939725160604 0.17523198893161421 -0.44887272384658544 0.025732697588803685 -0.50687291634351961 -0.49896696478922353 -1.9329429072302742 -0.14986882988411324 0.40021926274067826 -0.081929939690115194 -0.055964170496748844 -0.055889322351498516 -1.0330922878705537 0.030107214881314171 0.22475703081517479 0.03615052466266986 0.1569356929510832 2.2612332105636597 -0.21337459280665191 1.3937991272462043 0.48458457279611722 -0.0005987827605656433 0.099286693202543866 0.065964702253155247 0.10271961418456382 -0.01810366656821389 -0.42742874277652138 -0.12740178030995739 0.13307868600801123 0.22601920468355879 -0.42589206327316759 -0.21898306945430313 -0.17286830961071464 -0.037295628634002688 0.15269178234697248
leaf_weight=2675 9562 1585 7368 47 7319 23693 4426 702 3410 392 2506 2104 765 7480 969 6710 102 37 637 256 289 328 817 154 5009 674 35 100 183 529 16086 191 61 37 1636 225 2895 805 191 39 45 471 1961 40 33 106 38 220 2261 79 11493 2413 1555 135 604 213 346 773 336 808 5636 1747
leaf_count=2675 9562 1585 7368 47 7319 23693 4426 702 3410 392 2506 2104 765 7480 969 6710 102 37 637 256 289 328 817 154 5009 674 35 100 183 529 16086 191 61 37 1636 225 2895 805 191 39 45 471 1961 40 33 106 38 220 2261 79 11493 2413 1555 135 604 213 346 773 336 808 5636 1747
internal_value=0.000134497 -0.0293294 0.0129516 -0.0234272 -0.0652445 0.0242739 -0.025243 0.03327 -0.0612319 -0.0742131 -0.0549953 -0.0554547 0.0147366 -0.079382 -0.138116 -0.132431 -0.439237 -0.589021 0.0390859 0.0412447 0.16307 0.213702 0.300664 -0.0291558 0.0373995 0.0866461 0.162905 -0.0958813 -0.162483 -0.182418 0.00880258 -0.165624 -0.955245 -1.33137 -0.211584 -0.0121843 -0.0476632 0.0563636 0.190804 0.0330716 -0.463521 0.152099 0.102854 0.343306 1.10819 0.27094 0.326023 0.6185 -0.0620081 -0.377648 0.0288166 0.0176573 -0.0201914 -0.0446122 -0.00961576 -0.115126 -0.176059 -0.245567 0.00678055 -0.296579 -0.00255369 0.0807324
internal_weight=144342 43756 100586 23875 14313 76711 11794 64917 23824 21149 4013 17548 4468 13080 5600 6994 284 237 60904 60267 1844 1555 1145 410 58423 8671 3578 4631 2527 2427 19932 3601 135 74 2244 4076 3311 1507 416 5093 84 3543 2505 544 73 1038 932 258 3846 608 49752 38259 14566 12153 8122 4031 2476 1794 682 1581 7987 2351
internal_count=144342 43756 100586 23875 14313 76711 11794 64917 23824 21149 4013 17548 4468 13080 5600 6994 284 237 60904 60267 1844 1555 1145 410 58423 8671 3578 4631 2527 2427 19932 3601 135 74 2244 4076 3311 1507 416 5093 84 3543 2505 544 73 1038 932 258 3846 608 49752 38259 14566 12153 8122 4031 2476 1794 682 1581 7987 2351
cat_boundaries=0 1 2
cat_threshold=8 12
is_linear=0
shrinkage=0.05


Tree=102
num_leaves=63
num_cat=2
split_feature=133 111 74 121 40 127 121 73 54 136 92 90 84 109 113 131 6 23 123 44 123 86 73 80 76 123 71 98 87 109 42 75 68 87 89 129 75 59 136 125 107 75 36 115 84 42 64 76 68 91 98 86 36 94 46 91 97 87 82 121 92 95
split_gain=20141.3 19421.3 14353.2 21456 18310.4 13997.7 13763.2 13399.3 16344.4 13175.4 14455.6 15245.9 19851.8 19384.4 14132.6 13081.1 13059.8 12979.6 14520.8 14830.1 12566.4 11820.8 11359.7 11057.4 12875 23003.1 17618.7 13096.8 12886.7 11386 10450.7 10201.8 10480.8 10000.3 9845.43 9842.94 9841.74 10835.7 9824.23 9769.83 10212.8 9715.29 9365.51 8868.21 9956.46 11669.4 8752.52 8467.1 8426.21 8348.41 8600.16 8235.03 11594.1 8962.02 8261.01 10068.6 8182.83 8352.21 13987.5 13013.3 8657.69 8162.24
threshold=-0.014368336616149049 -0.00023945184245359997 -0.11032793490870839 0.006300860174354001 -1.0905000065167196 0.0072502179858774012 0.0033930952591923005 0.41894451481740042 -0.032503119084217096 0 -0.87588973098644873 -0.75699092081748154 0.66779501921065543 -0.00068418088331604991 -0.005714018078500499 -0.023111171978978998 9061.0550000000021 0.84348984517858749 -0.0080742321506070986 -0.027319839724966197 0.0051227281316230501 -0.15459484184854352 0.43144487455443942 -0.87576767346874784 0.3420356217892187 0.0034822752186888504 0.51533287870608924 0.12440311132335437 0.14872673223740807 0.0058265963815792013 0.07735434318379826 0.28316911827614211 0.42408772443331921 0.39503001009800148 0.028816094445746652 0.0060523945298335009 0.069250722329941061 0.71440137987559849 1 0.0046758795581735004 0.0030743467202450007 0.12343055704967647 0.30053015508232644 0.0023100963650905006 -0.80352304765781879 -0.025535738706969145 -0.14211506593649317 -0.015015231397573598 -0.65248709108944969 0.21197359615903391 0.17442028719188943 -0.014397683797368549 -0.23829798805333777 -0.083418090706391834 -0.42075857287965729 0.24356512310845049 0.67857719555175555 0.12460149136268951 1.4535150497563141 0.012090692545193351 0.70965045585838227 0.11674935476649446
decision_type=2 2 2 2 2 2 2 2 2 1 2 2 2 2 2 2 2 2 2 2 2 2 2 2 2 2 2 2 2 2 2 2 2 2 2 10 2 2 1 2 2 2 2 2 2 2 2 2 2 2 2 2 2 8 2 2 2 2 8 2 2 8
left_child=1 9 3 -2 41 16 7 38 -9 21 -11 47 13 33 -15 -16 -4 18 -17 31 -18 34 -21 -6 25 35 -27 -28 -26 48 51 32 39 -13 -1 43 -24 -38 -7 40 42 -5 -20 -25 45 -45 -42 -12 -29 50 -49 53 61 -10 -54 -56 57 60 59 -59 -22 -53
right_child=2 -3 5 4 23 6 -8 8 30 10 11 12 -14 14 15 17 20 -19 19 22 56 -23 36 24 28 26 27 29 -30 -31 -32 -33 -34 -35 -36 -37 37 -39 -40 -41 46 -43 -44 44 -46 -47 -48 49 -50 -51 -52 52 54 -55 55 -57 -58 58 -60 -61 -62 -63
leaf_value=0.23113425993528325 0.032476131301066899 0.014107161842811808 0.05714874911115491 0.40916733122713744 0.037998609567380826 -0.079100016616133417 0.055285053809593289 -0.098497734200957657 0.18965830327189948 0.045212316747339033 -0.026423766147472546 -0.0016266971441597463 -0.028575615520788189 0.03331798707442854 0.0050492064412537736 0.10015176403140683 0.03738961486326052 -0.069212774838105715 -0.091545346353826579 -0.49173136089444158 0.075631772350848281 0.10699507455083301 -0.34111813958820308 0.016654095642611357 0.29026984059105604 0.0034943830234771401 -0.22462025606747227 -1.0097659969810771 -0.084242085506057107 -0.25037580104417184 0.095900101982353436 -0.64964931133751558 -0.70826973611557931 -0.60389708603771641 -0.041706726683302942 0.13294860325834676 -0.18089772918535099 0.4979197911240838 0.080763249510654 0.023469732241254551 -0.46696118780377288 0.028149989443417123 0.6558503325866617 -0.26668874640581375 -0.075381363229658604 -0.87788030532273376 -0.15983506706794223 0.4973823847694207 -0.5555111228748485 -0.16947759352691905 0.077902867739557999 0.59897509486444533 0.30727563626685384 -0.023684991034343281 -0.43730737883176896 -0.037075976420225025 0.11983124460484884 -0.10744184640437714 -0.11138846305699053 -0.67210447833221787 -0.36259501867461952 -0.026897584122999862
leaf_weight=347 9976 19482 33092 181 1299 1220 8087 7425 538 2446 3184 2357 5701 714 712 281 4114 1188 472 875 658 2047 1732 587 242 235 311 189 4517 146 2200 107 81 71 7013 368 538 66 4420 707 432 2211 46 694 695 88 501 226 222 138 266 62 59 5789 487 232 369 171 1231 253 136 326
leaf_count=347 9976 19482 33092 181 1299 1220 8087 7425 538 2446 3184 2357 5701 714 712 281 4114 1188 472 875 658 2047 1732 587 242 235 311 189 4517 146 2200 107 81 71 7013 368 538 66 4420 707 432 2211 46 694 695 88 501 226 222 138 266 62 59 5789 487 232 369 171 1231 253 136 326
internal_value=-0.000307548 -0.0253088 0.0136246 -0.0216939 -0.0667836 0.0245691 -0.000743605 -0.0206533 -0.0426752 -0.0491213 -0.069616 -0.0834217 -0.104155 -0.143758 -0.179528 -0.199168 0.0440766 -0.219863 -0.25052 -0.268252 -0.018327 0.000715008 -0.33807 -0.0976441 -0.118888 -0.19117 -0.380562 -0.48454 -0.0651978 -0.629666 8.57077e-05 -0.172691 -0.149898 -0.0192384 -0.0288432 -0.105273 -0.280512 -0.106722 0.0461858 -0.12894 -0.203201 0.0569812 -0.0251743 -0.147747 -0.213084 -0.335467 -0.302041 0.00671458 -0.764402 0.174195 0.270591 -0.0280461 -0.150149 -0.0055439 -0.261492 -0.308165 -0.0996677 -0.13274 -0.196697 -0.444375 0.000570257 0.073113
internal_weight=144560 51730 92830 21961 11985 70869 30845 22758 17118 32248 22841 20395 16581 10880 8452 7738 40024 7026 5838 5557 6932 9407 3211 9593 8294 3535 1103 868 4759 557 9693 2346 2239 2428 7360 2432 2336 604 5640 2158 1451 2392 518 2064 1477 782 933 3814 411 630 492 7493 1166 6327 778 719 2818 2449 1655 424 794 388
internal_count=144560 51730 92830 21961 11985 70869 30845 22758 17118 32248 22841 20395 16581 10880 8452 7738 40024 7026 5838 5557 6932 9407 3211 9593 8294 3535 1103 868 4759 557 9693 2346 2239 2428 7360 2432 2336 604 5640 2158 1451 2392 518 2064 1477 782 933 3814 411 630 492 7493 1166 6327 778 719 2818 2449 1655 424 794 388
cat_boundaries=0 1 2
cat_threshold=8 2
is_linear=0
shrinkage=0.05


Tree=103
num_leaves=63
num_cat=1
split_feature=135 133 103 68 104 124 50 127 136 121 50 120 47 125 83 123 85 42 72 135 131 49 86 76 89 121 127 83 99 80 125 77 89 85 124 39 74 88 28 2 101 121 73 124 109 100 113 63 94 121 99 94 84 74 80 91 103 57 85 125 123 80
split_gain=20708.8 14454.1 14132.6 13084.5 11755.8 11360.9 13926.2 13292.6 13245.8 19011.5 10460.3 9184.82 9014.03 8928.36 8548.65 8516.2 7918.81 8035.19 7863.17 7599.86 7796.32 7808.6 7437.75 9404.27 7324.54 8812.93 10001.5 9541.72 8912.15 9783.49 9015.88 8271.96 8053.41 8659.14 7704.64 7406.88 7555.06 7898.73 7287.84 6953.62 7104.36 6861.25 9418.04 6845.87 6808.25 6769.22 6621.53 9027.78 6604.71 6560.63 11402.5 6378.81 14263.7 12459.6 8658.62 8497.24 9241.54 6404.81 6344.77 6242.18 6103.05 6099.22
threshold=-0.019094997392225647 0.010100017599896401 -0.0011728073797821496 -0.45281884983407511 0.4316915608346325 -0.098159998997711537 0.84591650862709511 -0.0064612785270587994 0 0.0044344948125454508 -0.24820399207435667 -0.0040293784178203488 0.31260755190717288 0.025354385034759602 1.2966189014502629 0.012077955636233853 0.57254404935887693 2.119167482154781 0.62193294416575362 -0.041680569865458844 0.0065882572604282512 0.30461456488800831 0.61152180156917879 0.98163889593677511 0.028089753909822053 -0.00021480205139864995 -0.010019723349040848 0.69173713799838865 0.62697606265190042 -0.41234758091646823 0.0079460750672978517 0.13777413876996492 0.040030035759440807 0.36264093226307309 -0.12595372217569442 0.75181648017993863 -0.025391188367921445 0.055101314227461756 -0.14116011356104627 1309.8050000000001 0.78445854605578702 0.0078506685236911008 0.57469021089038763 0.41108876825169571 -0.0036436329362687495 -0.61228559398791449 0.00020999557677245002 0.73243091542663052 0.028663172195555555 -0.0031979369403527997 0.39195400019778714 -0.042750429582994846 0.029323191642175603 0.18594296094736232 -1.059821187633575 0.16428949690940428 -0.0048629564655845491 0.23250324388195884 0.29890585567430061 -0.010148232124606449 0.019759094221506904 0.28764410052451622
decision_type=2 2 2 2 2 2 2 2 1 2 2 2 2 2 10 2 2 2 2 2 2 8 2 2 2 2 2 10 2 2 2 2 2 2 2 2 2 2 2 2 2 2 2 2 2 2 2 2 10 2 2 8 2 2 2 2 2 2 2 2 2 2
left_child=1 3 10 22 43 6 7 12 19 15 -2 18 60 14 24 58 -15 -18 44 45 -21 -22 -1 -24 35 26 -26 41 -28 30 51 -29 33 -33 -31 36 -12 -38 -13 40 -11 -27 -43 -4 -7 -9 47 -47 -34 50 61 52 57 55 -53 -54 -57 -30 -10 -6 -5 -46
right_child=2 -3 4 5 59 11 -8 8 9 39 13 38 -14 16 -16 -17 17 -19 -20 20 21 -23 23 -25 25 27 28 31 29 34 -32 32 48 -35 -36 -37 37 -39 -40 -41 -42 42 -44 -45 49 46 -48 -49 -50 -51 -52 54 53 -55 -56 56 -58 -59 -60 -61 -62 -63
leaf_value=0.027243549946322228 0.014151576715340168 0.021156862688992487 0.025001319660396294 -0.01742503232482193 -0.11556135246961603 0.12442745259860233 -0.038628755605976874 -0.94002558089591359 0.10933552476075979 -0.43926980579600622 -0.3396894008483527 0.059585952208681486 0.47535712555214604 -0.05360566386583019 0.3689110443555555 -0.94217828006713078 -0.039002391599839731 1.1088642831643423 -0.026006843410478861 0.088328609827871399 -0.45601314933135595 -0.053053597843149981 -0.2462272372872493 0.035898853540891021 0.16530860937121561 0.089049803295167346 0.076815378483250485 0.72371852993965158 0.24544995525312202 -0.29153521578194297 0.27562967948162631 0.55834089415260102 -0.30476707965123323 -0.11056642804037908 -0.064300481433133758 -0.46428556900758011 0.23436161481370832 0.83884105404903142 -0.044045222561380173 0.48663552260824616 0.16244686525957339 0.16864549016837441 0.51871589016082675 -0.029413643749014978 -0.81075298043970878 -0.70333484116373424 -0.075731819080159302 0.20120676689677769 0.1537496823502347 -0.054535765074624092 -0.15169397931759787 -0.35020823130274525 0.18496749032946194 0.24452999915247636 0.14498744562109253 -0.81504570115030861 0.11075428016483785 -0.35098531670999111 -0.3974707249881777 -0.021543805433656495 -0.66209112784037227 -0.11930849425818608
leaf_weight=7243 21348 10952 32402 626 1918 281 3131 37 65 85 53 3092 91 1825 253 69 31 30 4755 540 174 389 603 579 1121 3322 2412 32 214 508 329 83 380 116 1404 39 792 58 3759 70 116 1806 215 7035 104 118 252 36 99 1860 2914 102 34 63 656 171 32 57 1237 22199 39 46
leaf_count=7243 21348 10952 32402 626 1918 281 3131 37 65 85 53 3092 91 1825 253 69 31 30 4755 540 174 389 603 579 1121 3322 2412 32 214 508 329 83 380 116 1404 39 792 58 3759 70 116 1806 215 7035 104 118 252 36 99 1860 2914 102 34 63 656 171 32 57 1237 22199 39 46
internal_value=0.000467365 -0.0284835 0.0128513 -0.0453095 -0.00152201 -0.0642062 -0.11736 -0.179863 -0.224563 -0.323247 0.0371558 -0.0418359 0.00863475 0.0674013 0.0808423 -0.400857 -0.0348746 0.525522 -0.0724877 -0.116904 -0.0474041 -0.177592 0.00826533 -0.108028 0.0756727 0.0660289 0.0282515 0.11036 0.00256759 -0.0475965 0.0412898 -0.0618517 -0.0989287 0.168425 -0.124675 0.210357 0.239495 0.275608 0.0027257 0.0574553 -0.0920104 0.133244 0.205887 0.0152945 -0.11495 -0.292586 -0.233582 -0.491884 -0.210001 -0.128611 -0.173578 -0.0167222 -0.142932 -0.380448 0.0783516 -0.546581 -0.669107 0.12 -0.372169 -0.0290209 -0.0552325 -0.59871
internal_weight=144402 43263 101139 32311 63554 23886 7075 3944 3188 1642 37585 16811 756 16237 14351 1371 1886 61 9960 1546 1103 563 8425 1182 14098 13156 7103 6053 5982 3570 1658 710 678 199 1912 942 903 850 6851 271 201 5343 2021 39437 5205 443 406 154 479 4924 3064 1329 571 300 758 237 203 271 1302 24117 665 150
internal_count=144402 43263 101139 32311 63554 23886 7075 3944 3188 1642 37585 16811 756 16237 14351 1371 1886 61 9960 1546 1103 563 8425 1182 14098 13156 7103 6053 5982 3570 1658 710 678 199 1912 942 903 850 6851 271 201 5343 2021 39437 5205 443 406 154 479 4924 3064 1329 571 300 758 237 203 271 1302 24117 665 150
cat_boundaries=0 1
cat_threshold=9
is_linear=0
shrinkage=0.05


Tree=104
num_leaves=63
num_cat=1
split_feature=106 105 89 104 127 115 90 121 127 72 71 99 101 71 42 50 68 115 74 120 71 124 99 121 74 12 62 50 133 136 73 109 99 78 109 68 25 120 56 27 121 27 100 66 110 83 90 123 78 88 119 90 77 133 110 115 74 75 134 42 28 35
split_gain=18284.8 12094.8 11233.6 11257.5 9674.91 9005.66 9978.82 9112.65 8885.54 8833.06 8349.83 8266.29 9480.73 10143.3 8796.76 8129.89 13113.8 12272.5 9095.03 8592.65 9264.31 8681.58 9161.47 6783.85 6874.97 6298.32 6541.56 6272.29 6257.5 6124.8 17333 14720.2 9066.78 6084.8 7280.88 7800.51 6050.46 13167.8 10064.4 11455.9 9960.73 7443.49 7227.74 7081.51 6047.39 6017.3 11490.4 6361.8 5942.88 9940.21 6518.73 10727.6 5928.5 5762.55 5712.27 5712.14 6710.03 13596.3 9742.58 5714.36 5700.91 8324.74
threshold=0.6756090123551729 -0.022419650575986046 0.026174493252348403 0.36412447141069587 0.0076558146247209507 -0.013541211728602348 -0.8758218124737478 -0.034077215520384486 0.039049636389624207 -0.1819177490907681 1.025658962498287 0.88571968039313387 0.6228144904662537 0.71519946153895642 0.0095373222847079508 0.66738155224473916 -0.47438459107187353 -0.0098498252493359976 -0.027351843111887948 0.19757539882920724 0.68102450770142309 -0.11767705591330169 0.90428699027205273 -0.018533734935033148 -0.11032793490870839 10.935750000000002 0.49163230410034042 0.63392051538988059 0.0043814746551616513 0 0.6308768302419907 0.0033919432155667503 0.61077150539216263 -0.010102669722391549 0.00041503626475755006 0.31930438502622133 0.14649893050294302 -0.10222090186350589 0.048826423223940062 -0.25153220692542516 0.0058266858544721509 -0.12398810088965154 -0.29021044149230785 -0.09336661273616019 0.15817560123006927 1.4270057933721063 -0.13796841571115467 0.034813642199850357 -0.43626776326253675 -1.1677360335836191 0.019342872673838152 0.27560167087501414 0.25815050758294916 -0.026527613987282497 0.11869750621023711 0.010426092576416301 -0.043782972700519639 0.085024152950588308 0.31362221752659142 -0.4840701230368496 -0.69513345192622544 0.91286853018181791
decision_type=2 2 2 2 2 2 2 2 2 2 2 2 2 2 2 2 2 2 2 2 2 2 2 2 2 2 2 2 2 1 2 2 2 2 2 2 2 2 2 2 2 2 2 2 2 8 2 2 2 2 2 2 2 2 2 2 2 2 2 2 2 2
left_child=2 -2 9 25 23 28 -7 -8 45 -1 11 12 33 14 -14 16 -6 18 -18 21 -21 22 -19 -3 54 36 -27 -10 -5 30 55 32 -32 -11 -35 -36 -4 41 39 -39 42 -38 43 -41 -43 -9 47 -47 49 -48 -51 -52 -13 -23 -25 59 57 -57 -59 -26 61 -31
right_child=1 4 3 5 15 6 7 8 27 10 -12 52 13 -15 -16 -17 17 19 -20 20 -22 53 -24 24 29 26 -28 -29 -30 60 31 -33 -34 34 35 -37 37 38 -40 40 -42 44 -44 -45 -46 46 48 -49 -50 50 51 -53 -54 -55 -56 56 -58 58 -60 -61 -62 -63
leaf_value=0.040613778256566202 0.062313814837783192 -0.1618459474856446 0.010177801495347459 -0.1989909800073506 -0.0029669940487441738 0.066177498879933197 -0.20725634122114595 -0.018487333610755548 -0.21973686391447181 0.21249503859285662 1.0098470343152683 -0.53749799453653402 0.3221472192954804 0.046711664217022747 0.78526615920490117 -0.035642721829191412 -0.95744483117014179 -0.23225295651499012 -0.31057950823671288 0.14272987928636141 -0.1757759024084935 -0.23406016154954426 -0.7016829434592845 0.027275459740807657 -0.10540917739812389 -0.28036257546064164 -0.013941725289344701 -0.034864608524466538 0.023925190408026663 0.15409976607061701 1.0466410820682845 1.1720161778362175 0.096001585349638416 0.070973624950092226 -0.13845152300782501 -1.1075667428247857 -0.12458948061989689 -0.07899548111428295 0.015385461179064639 0.12803379751067817 0.24698242074576815 -0.0096749787183407904 0.027717303108309208 0.45723668563201331 0.11478912743656576 0.15978773585911521 0.085869393080591841 -0.20363048353916496 0.039282068144017072 -0.14005712063787584 -0.91492273948359792 -0.13619122459786012 0.064783847603979899 -0.073578066644054405 -0.092620032344137126 -0.027034688300175191 -0.067147553522334827 0.19052231487555382 1.3011238042265179 0.10717474217681587 -0.044563742265200761 -0.36053838602859867
leaf_weight=3920 3079 737 45036 1088 2123 3785 634 26299 873 253 30 64 399 234 138 8393 64 872 360 541 395 763 118 1423 362 349 678 967 443 734 30 57 153 153 56 33 1158 726 4400 3251 1438 5384 2157 172 1192 1811 376 129 1407 474 82 96 113 2096 3291 191 1702 39 40 2494 4354 88
leaf_count=3920 3079 737 45036 1088 2123 3785 634 26299 873 253 30 64 399 234 138 8393 64 872 360 541 395 763 118 1423 362 349 678 967 443 734 30 57 153 153 56 33 1158 726 4400 3251 1438 5384 2157 172 1192 1811 376 129 1407 474 82 96 113 2096 3291 191 1702 39 40 2494 4354 88
internal_value=-0.000505858 -0.0322586 0.00947098 0.00583613 -0.0415262 -0.015661 -0.0107352 -0.0195174 -0.0158567 0.0798393 0.184228 0.167063 0.21181 0.321445 0.441161 -0.0692451 -0.10771 -0.150399 -0.40822 -0.127554 0.00831772 -0.160595 -0.288205 -0.0137543 -0.00645765 0.0183756 -0.104478 -0.122578 -0.134489 0.0165371 0.0555444 0.470385 0.251844 0.0410449 -0.138198 -0.497786 0.0203193 0.043296 0.075772 0.110082 0.129642 -0.00769797 0.099403 0.144576 0.012886 -0.0094549 0.0448409 0.135622 -0.027486 -0.11887 -0.23694 -0.494933 -0.15299 -0.116407 -0.0564276 0.0350377 -0.0304125 0.201154 0.752852 0.0802296 -0.0217217 0.0990047
internal_weight=144297 34499 109798 104405 31420 38464 36933 33148 32514 5393 1473 1443 1266 771 537 15725 7332 5209 424 4785 936 3849 990 15695 14958 65941 1027 1840 1531 10244 5068 240 183 495 242 89 64914 19878 12144 7744 7018 7734 5580 3423 6576 30674 4375 1940 2435 1028 652 178 177 2859 4714 4828 1972 270 79 2856 5176 822
internal_count=144297 34499 109798 104405 31420 38464 36933 33148 32514 5393 1473 1443 1266 771 537 15725 7332 5209 424 4785 936 3849 990 15695 14958 65941 1027 1840 1531 10244 5068 240 183 495 242 89 64914 19878 12144 7744 7018 7734 5580 3423 6576 30674 4375 1940 2435 1028 652 178 177 2859 4714 4828 1972 270 79 2856 5176 822
cat_boundaries=0 1
cat_threshold=9
is_linear=0
shrinkage=0.05


Tree=105
num_leaves=63
num_cat=0
split_feature=135 113 99 88 74 125 125 123 127 88 133 121 68 86 52 89 68 129 115 58 110 121 83 125 113 82 74 120 69 75 90 90 111 50 74 69 78 121 85 90 113 83 101 49 74 105 73 112 103 119 43 8 133 117 39 74 123 90 74 39 76 73
split_gain=17591.2 13826.2 20746.5 20113.4 15599.9 18216.6 18020.5 19597.1 14292.9 14243.1 13108.3 12258.3 11352.8 11388.9 12969.6 14399 11261.1 12347.2 10860.5 13661.7 10730.1 10646.2 12878.1 10154.3 9996.64 10551.2 10306.3 9800.81 9545.28 9535.75 9019.52 11992.5 8996.33 9333.95 14186.5 14201 8984.27 10303.9 8861.76 8709.69 9837.36 8547.24 8542.68 8510.05 8432.65 9194.45 8735.12 8417.06 8412.37 9322.47 8965.83 8303.67 9383.38 8207.66 8136.09 8125.14 7959.23 8770.71 8694.75 7918.72 7876.66 11839
threshold=-0.023380909709859697 0.014223167084097902 0.61707091389124913 0.082947274748981017 -0.11032793490870839 0.0025206712542904506 -0.0028616599614549993 0.0017449057490225503 0.0011747837894422002 -1.0936259434456495 0.012032015603457251 -0.0096310939981723489 -0.45281884983407511 -0.019296068245981197 0.12633687354677361 0.085238563325328268 -0.53840898801112058 -0.013015628717060098 -0.0036718509006490496 0.52486361720920993 -0.13767559853359831 -0.00032088022510124993 0.23814529213911373 0.0071429703046351012 0.0060408120570113509 1.0818014162136096 -0.79162173653538714 0.30048283405706094 0.84745748545176924 0.061856377650440407 -0.86417855119313358 -1.2243681271590721 0.0024451985782791507 0.92526840109877095 0.25019325609459081 0.63681608111110966 0.010970638496851653 -0.015761211245208396 0.33064142901484189 0.33388663207796049 -0.0011068038766123497 0.20979097634603688 0.73489219348560197 0.30461456488800831 -0.024315073729644945 -0.01401908977010565 0.47463027829079329 0.28174776464940271 -0.018088298434401694 -0.0078927857080336485 0.10771033562370731 47.715000000000011 -0.010399648116056598 -1.0000000180025095e-35 0.88604582304798407 -0.34460744644779123 0.0015126801161118501 0.32303300359159032 -1.3436199686629064 0.64549021291333386 -0.064835403832321184 0.47286377126818308
decision_type=2 2 2 2 2 2 2 2 2 2 2 2 2 2 2 2 2 10 2 2 2 2 8 2 2 8 2 2 2 2 2 2 2 2 2 2 2 2 2 2 2 8 2 8 2 2 2 2 2 2 2 2 2 10 2 2 2 2 2 2 2 2
left_child=10 2 3 23 5 -4 7 8 -6 -3 12 -8 -1 32 15 48 -10 -18 19 20 59 -7 55 -2 26 -26 -5 -25 -27 -9 31 -13 33 34 35 36 -14 -38 42 40 -36 -17 -33 -39 46 -46 -37 -11 -15 -50 -51 52 -49 -42 -16 -23 -29 58 -58 -19 61 -40
right_child=1 9 4 24 6 21 11 29 16 47 -12 30 13 14 54 41 17 18 -20 -21 -22 22 -24 27 25 28 -28 56 -30 -31 -32 38 -34 -35 39 44 37 43 60 -41 53 -43 -44 -45 45 -47 -48 51 49 50 -52 -53 -54 -55 -56 -57 57 -59 -60 -61 -62 -63
leaf_value=0.0079639906657309988 0.04667118254962125 0.12526549781254587 0.04345742480500342 0.72696502412645492 0.0055727804072689541 0.034457641030280005 -0.031621074343125603 -0.090285580619177047 0.0017004453672299037 -0.010735321935493121 0.024657804548211371 -0.21082804988574677 0.084378774074806526 -0.06102857649824877 -0.052977465506370884 0.34329626565916582 0.053035590667725986 -0.50631741834283805 -0.11268567330576702 -0.13523972435479209 -0.2647236514345373 -1.2300536055650031 -0.12109352545283125 0.0074493503348522149 -0.037112394313226105 0.1415572516154498 0.14790351509596658 0.0018096475551525753 0.99521528780460367 0.11012507870259379 0.034260961611209818 0.53588006436331559 0.033037378200642009 -0.024544670999571215 -0.004714684460190981 0.078326291086212294 -0.34640402792753028 -0.27258914704598375 0.21809700794195971 0.01507622446138529 -0.5889984820042703 -0.11985788392142827 0.076189359162862486 0.11800658290670155 0.070268639569554758 -0.17903006367220384 -0.93918088558835522 -0.29457606894567917 -0.050023776418284371 0.32079179247743206 -0.46239242391056873 -0.033872929435818391 -0.10240334284864967 0.037820512161900605 0.70569473080750977 -0.28671033570915461 0.104223808602793 0.091770653471188707 -0.36118515111011873 -1.1276214167719982 0.24237079891696861 -0.15241141771396963
leaf_weight=7134 19643 1091 3050 78 4013 1175 6944 760 1657 3903 8449 222 1500 269 1923 111 675 322 2823 988 584 42 5757 7388 1696 888 5172 702 34 2710 27455 287 2967 7162 123 31 314 199 402 159 403 971 156 466 439 2348 66 927 190 38 953 2163 2018 60 36 50 118 184 671 61 729 465
leaf_count=7134 19643 1091 3050 78 4013 1175 6944 760 1657 3903 8449 222 1500 269 1923 111 675 322 2823 988 584 42 5757 7388 1696 888 5172 702 34 2710 27455 287 2967 7162 123 31 314 199 402 159 403 971 156 466 439 2348 66 927 190 38 953 2163 2018 60 36 50 118 184 671 61 729 465
internal_value=0.000210306 0.0103323 0.0160789 0.0458838 -0.00169607 -0.0585766 0.00948403 -0.0375073 -0.0698702 -0.0453598 -0.0298963 0.0281896 -0.0464396 -0.0651637 -0.135635 -0.210374 -0.112451 -0.147139 -0.175418 -0.266002 -0.399605 -0.102882 -0.130472 0.0264717 0.116708 0.0368975 0.156507 -0.0173083 0.173037 0.0662311 0.042166 0.138156 -0.045672 -0.0632704 -0.108679 -0.0802777 0.00748008 -0.110342 0.176153 -0.313127 -0.402179 -0.0723439 0.374003 0.00112154 -0.155712 -0.139761 -0.613998 -0.0660181 -0.313373 -0.37085 -0.432361 -0.108259 -0.162894 -0.507769 -0.0390356 -0.717367 -0.126508 -0.219086 -0.29158 -0.605272 0.121236 0.0193814
internal_weight=144314 108003 97901 36574 61327 10074 51253 14593 11123 10102 36311 36660 27862 20728 4491 2532 7110 5453 4778 1955 967 7024 5849 28706 7868 2618 5250 9063 922 3470 29716 2261 16237 13270 6108 5363 2479 979 2039 745 586 1082 443 665 2884 2787 97 9011 1450 1181 991 5108 2945 463 1959 92 1675 973 789 383 1596 867
internal_count=144314 108003 97901 36574 61327 10074 51253 14593 11123 10102 36311 36660 27862 20728 4491 2532 7110 5453 4778 1955 967 7024 5849 28706 7868 2618 5250 9063 922 3470 29716 2261 16237 13270 6108 5363 2479 979 2039 745 586 1082 443 665 2884 2787 97 9011 1450 1181 991 5108 2945 463 1959 92 1675 973 789 383 1596 867
is_linear=0
shrinkage=0.05


Tree=106
num_leaves=63
num_cat=0
split_feature=130 112 99 105 78 123 74 84 80 119 69 106 46 96 119 77 89 46 71 46 125 50 90 54 85 90 55 84 73 96 78 47 71 84 77 60 125 88 67 48 85 125 74 71 42 125 98 89 90 75 125 113 70 96 68 80 85 68 86 53 42 82
split_gain=15996.7 12647.9 11994.6 10928.5 10443.8 12904.5 10726.6 12928.3 14996 10318.7 10249.5 9682.32 9551.11 9318.32 8944.28 8401.4 8285.4 13355.7 10226 8607.65 9663.7 8158.6 8118.77 7907.68 7810.85 13358.9 10971.9 17240.2 9186 15169.3 9061.07 8423.81 7513.58 7183.41 10045 8286.85 10806.9 9966.12 7514.11 8714.66 7976.63 7157.89 8226.16 9118.15 11074.1 7952.53 7948.22 8205.54 8109.03 7845.75 7546.79 8791.77 7941.94 8195.61 7431.91 11078.7 8785.22 7371.4 11475.3 8828.26 8139.13 7219.66
threshold=0.7373757553896827 0.42262164697730709 0.62103148061726932 -0.0088540586886484991 0.071930383018935215 0.0079410180758084526 0.42358613625150726 0.79311811809320154 -0.21426557522645304 -0.011990146407670399 0.68808242404556974 -0.16694196933782271 -0.11988698260035498 -0.91773113072542623 0.014634654037340203 0.13777413876996492 0.028089753909822053 0.36767049270148516 0.65089496505644984 -0.21109657622875977 0.0025206712542904506 -0.42174337746909957 0.21406206909256439 0.0054673127043444007 0.36732366339167499 -0.15177493009121798 0.033879239292370709 -0.10399667556294058 0.40471690719514203 0.075767117469726822 -0.070580945401604325 0.23635648340047097 0.63545463333710173 0.075304228969922019 0.24029222920133061 -0.083418090706393541 0.013610217884739602 -0.096463792317733874 0.97891012540319133 0.0087896482579099527 0.44032011554394107 -0.011699796772888548 -0.11032793490870839 0.73089379620378103 -0.35540981953335304 0.0048068261323061506 -0.38960991066870893 0.032085015470251707 -1.2243681271590721 0.11736193293376977 -0.0028616599614549993 0.00067211502778970016 -0.06538490985600709 0.6065154957135569 0.66595680324171647 -0.61687736296472073 0.39369577348083434 -0.6383928819840059 0.065755518582827716 0.17655474351773251 0.25929701229811669 -0.24116316500648674
decision_type=2 2 2 2 2 2 2 2 2 2 2 2 2 2 2 2 2 2 2 2 2 2 2 2 2 2 2 2 2 2 2 2 2 2 2 10 2 2 2 10 2 2 2 2 2 2 2 2 2 2 2 2 2 2 2 2 2 2 2 2 2 10
left_child=1 2 4 33 16 14 15 8 -8 -5 41 -2 -10 -3 -6 -7 17 21 -19 -18 -21 -1 23 -22 25 30 27 -27 31 -30 -12 -29 -16 -4 -35 36 37 -36 40 -40 -39 -11 45 44 46 -43 48 -48 -44 50 51 52 -46 -54 55 56 -50 -45 -59 60 -60 -57
right_child=11 13 3 9 5 6 7 -9 12 10 24 -13 -14 -15 32 -17 19 18 -20 20 22 -23 -24 -25 -26 26 -28 28 29 -31 -32 -33 -34 34 35 -37 -38 38 39 -41 -42 42 43 57 49 -47 47 -49 54 -51 -52 -53 53 -55 -56 61 -58 58 59 -61 -62 -63
leaf_value=-0.0067586244282145007 0.015589410210228503 0.10210922602585555 0.014505177691181953 0.052905001660436157 0.07928692227361285 0.52149693074763992 -0.024928004596715896 0.052064596265767517 -1.1805748189951097 -0.093982382133620479 0.023232887646335423 -0.046939203698674124 -0.38394101229107608 -0.071538895228588362 0.29052518433691982 0.058018071133174379 0.035678030843595339 0.30785786373130347 1.4069506630753026 0.035038855427849805 -0.057179157250172877 0.1844957913634688 0.0075701574103924016 -0.20943392420312112 -0.075803617815156585 0.024360466760590796 0.015140458287344023 0.49962583088105728 0.92525866168938331 0.12035009866003057 -0.16408330904510926 1.6749229478836061 0.096268117908556064 0.21650711688559224 -0.069938058147926141 -0.014065858215304703 -0.12116337156397375 0.38622301258001623 0.21047916288177171 1.1143594914674759 -0.016232905580111631 0.034182403090640724 -0.41084340234640343 0.090058741000453413 -0.011743499754915687 -0.11890813474407423 0.33099182421341539 -0.26227871490893628 0.70200473044795875 0.50089388661378742 0.082737123879632363 0.10406751140061732 -0.33135864621612965 0.3165127665210854 -0.035660629174555585 0.23089547480119671 -0.11303895085372709 -0.014176998050207246 -0.57599415298806045 -0.11541760964412683 -0.002241165049019314 -0.16145374902293214
leaf_weight=1133 8280 868 12906 5218 3025 102 370 743 43 1929 1225 24539 301 7027 1262 2361 17556 59 33 4743 2828 1098 2806 1221 11194 369 1446 31 89 171 1365 30 822 1136 202 2142 275 385 48 60 181 1344 116 913 979 2300 65 564 133 102 8317 907 434 55 1779 235 44 2920 234 846 84 234
leaf_count=1133 8280 868 12906 5218 3025 102 370 743 43 1929 1225 24539 301 7027 1262 2361 17556 59 33 4743 2828 1098 2806 1221 11194 369 1446 31 89 171 1365 30 822 1136 202 2142 275 385 48 60 181 1344 116 913 979 2300 65 564 133 102 8317 907 434 55 1779 235 44 2920 234 846 84 234
internal_value=-0.000483519 0.00855436 0.013207 -0.000439775 0.0344346 0.0818386 0.0135977 -0.0939398 -0.245874 -0.0132688 -0.0218042 -0.0311637 -0.48352 -0.0524475 0.134198 0.0772121 0.020837 0.111714 0.702098 0.0135958 -0.0198302 0.0873684 -0.0577943 -0.103092 -0.0530473 0.000853293 0.0934205 0.257468 0.525433 0.395876 -0.0754878 1.07764 0.213904 0.0333604 0.0883039 0.0440771 0.152281 0.238122 0.330448 0.712635 0.257522 -0.00153077 0.0063586 0.0195814 0.0403231 -0.0624444 -0.0418409 -0.200971 -0.00244979 0.0644531 0.0602895 -0.0183196 -0.0939362 -0.25849 0.0170857 0.162342 0.499395 -0.0383805 -0.0670938 -0.19984 -0.424437 0.0351391
internal_weight=144227 111408 103513 63007 40506 9029 3920 1457 714 45672 40454 32819 344 7895 5109 2463 31477 2323 92 29154 11598 2231 6855 4049 15920 4726 2136 690 321 260 2590 61 2084 17335 4429 3293 1151 876 674 108 566 24534 22605 18961 13964 3644 3170 629 2541 10794 10692 2375 1468 489 2425 646 177 4997 4084 1164 318 469
internal_count=144227 111408 103513 63007 40506 9029 3920 1457 714 45672 40454 32819 344 7895 5109 2463 31477 2323 92 29154 11598 2231 6855 4049 15920 4726 2136 690 321 260 2590 61 2084 17335 4429 3293 1151 876 674 108 566 24534 22605 18961 13964 3644 3170 629 2541 10794 10692 2375 1468 489 2425 646 177 4997 4084 1164 318 469
is_linear=0
shrinkage=0.05


Tree=107
num_leaves=63
num_cat=0
split_feature=130 112 99 78 123 74 84 80 68 115 46 125 50 119 127 74 125 112 8 125 115 74 81 96 88 115 113 119 111 89 74 86 127 121 72 74 82 83 49 127 62 77 111 73 115 77 38 127 48 83 46 110 118 99 98 78 89 107 89 50 73 126
split_gain=16181.6 11893.3 10553.6 9638.05 11002.7 9213.86 10722.9 11477.3 8869.04 14215.1 12277.9 10870.4 11093.2 12137.4 8689.02 8448.39 13889.7 17755.1 14020.9 12395.4 11987.8 11193.3 9954.23 9139.67 8281.92 8244.16 7982.69 7982.01 7913.93 7886.92 7775.31 11444 8178.59 9435.26 7854.15 7455.7 7387.77 8121.74 8022.35 7743.86 7624.64 14093.7 7834.21 7268.6 10339 7130 7125.02 7038.96 7011.42 6937.42 10247.8 7132.76 7131.92 6952.97 8779.92 7695.68 7007.3 6960.15 6927.42 9884.21 7650.45 6878.64
threshold=0.64637276741278538 0.42262164697730709 0.62697606265190042 0.075376729433714318 0.0079410180758084526 0.51283724359781668 0.79311811809320154 -0.21426557522645304 -0.53157415361436244 -0.0020739206299320995 -0.53597577049601275 0.0034169078333178005 0.69951579867518687 0.0073878859925227006 -0.0073264466910588988 -0.11032793490870839 -0.0029962379187012497 -0.04884428294575914 42.345000000000006 0.0038726388801867003 0.010426092576416301 -0.015410755911696347 0.38400197653457002 0.47318024453945667 -1.0936259434456495 0.00023912060013395002 0.0027381865093034506 0.010338922186359451 -0.0061554306286009993 0.11234491649018737 0.20430922116553188 -0.44623842166474043 -0.013357385576910798 0.0037795798688103504 -0.043192890862515897 0.12136760746397497 0.020809742239297001 0.46536882284618658 0.3839180530847785 -0.013357385576910798 0.95405564308752455 0.43312147146851782 -0.00097557432624564985 0.61377703770854386 0.016986520687428504 0.13777413876996492 -0.055196365573566449 -0.00082985991765859989 1.5529711745731027 0.23408544835441178 -0.20540864246466736 -0.061093701641366648 0.29513640353332943 0.83173752086789421 0.062987585020565409 -0.063883939876601584 0.088378613907354714 0.020317157563905404 0.028089753909822053 -0.36663355865145314 0.58048015817800602 -0.086637456721094894
decision_type=2 2 2 2 2 2 2 2 2 2 2 2 2 2 2 2 2 2 2 2 2 2 2 2 2 2 2 2 2 2 2 2 2 2 2 2 8 10 10 2 2 2 2 2 2 2 2 2 10 10 2 2 2 2 2 2 2 2 2 2 2 2
left_child=1 2 3 58 27 45 7 -7 -2 11 -11 12 13 -10 -15 19 17 18 25 -4 30 22 23 48 -3 29 -19 -5 -29 47 32 -32 34 -34 -18 -13 46 38 -38 40 42 -42 -39 44 -30 -6 -23 -17 -22 50 51 52 -16 55 -55 56 -51 -57 59 -1 -61 -58
right_child=8 24 15 4 5 6 -8 -9 9 10 -12 35 -14 14 49 16 20 26 -20 -21 21 36 -24 -25 -26 -27 -28 28 43 -31 31 -33 33 -35 -36 -37 37 39 -40 -41 41 -43 -44 -45 -46 -47 -48 -49 -50 53 -52 -53 -54 54 -56 57 61 -59 -60 60 -62 -63
leaf_value=0.010378102891398018 0.016184457742691113 0.10699392934102805 0.027173471250450054 0.065365547363147189 0.4674879545218904 -0.031249676177760949 0.05050153366495911 -0.4360151976152713 -0.10414381066533721 0.075490412567120052 -0.037218228186335009 -0.094365619796089539 -0.060099571232392401 -0.0022631536631547299 -0.66544933073660906 -0.16697286488646168 0.067115086800293725 -0.022865006708446118 -0.027125351744176931 -0.096779505110464667 0.087438584107214223 0.08374824702463203 0.74950541431253614 -0.25336413557979454 -0.066761952067421623 -0.10298989260967036 0.084777634253370523 0.058436339285147965 0.32912262321104296 -0.14552070204374973 -0.038588176987713593 0.25521485062210719 0.00032237942212490531 0.081318511295076681 0.24121113508844083 0.12408492410355823 -0.1822270001037434 0.13300657466780849 -0.99743978808964462 0.033201125228688406 0.83571551701296931 -0.14225127931583573 -0.41193865247137113 0.88487106917256664 0.073454639002207722 0.05583993704161775 -0.034121062508747121 -0.53893067077115442 0.79117080776227855 -0.96756361443307493 -0.59081740728655807 0.21112492826413104 -0.0030780710833202499 -0.41207585712628703 -0.9909308213675232 -0.056862331764921864 0.25797094522100505 -0.56926225821447118 0.013926779155901632 0.18528531258372058 0.78105688560427289 -0.62180190310977845
leaf_weight=1277 8345 759 3401 2539 110 367 717 335 1384 2762 19305 831 2260 194 68 177 2755 9536 1571 4956 2103 1647 55 201 7110 707 2102 777 1062 379 496 999 11760 5179 847 737 1139 82 31 1301 46 185 337 44 630 2406 5787 452 36 77 122 142 101 154 114 237 33 92 29600 986 57 68
leaf_count=1277 8345 759 3401 2539 110 367 717 335 1384 2762 19305 831 2260 194 68 177 2755 9536 1571 4956 2103 1647 55 201 7110 707 2102 777 1062 379 496 999 11760 5179 847 737 1139 82 31 1301 46 185 337 44 630 2406 5787 452 36 77 122 142 101 154 114 237 33 92 29600 986 57 68
internal_value=-0.000690518 0.00916478 0.0138594 0.0333257 0.079065 0.0163788 -0.0854997 -0.224407 -0.0291824 -0.0423823 -0.0231111 -0.106679 -0.142411 -0.209182 -0.312872 0.000192908 0.00798362 -0.0324021 -0.135037 -0.0463351 0.025211 -0.012968 0.0846188 0.0689912 -0.0500024 -0.233887 -0.00342311 0.127891 0.191064 -0.325698 0.0476478 0.157739 0.0396352 0.0250865 0.108053 0.00831171 -0.0351111 -0.0996709 -0.203827 -0.0372095 -0.178139 0.0524954 -0.305291 0.250426 0.233927 0.0738373 -0.00800716 -0.434262 0.0992826 -0.362755 -0.202451 -0.0501019 -0.269594 -0.452318 -0.658305 -0.343433 -0.608269 -0.200147 0.0204479 0.103648 0.217844 -0.334351
internal_weight=144069 107043 99174 40907 8987 3935 1419 702 37026 28681 22067 6614 5046 2786 1402 58267 49910 14924 3286 8357 34986 12950 2395 2340 7869 1715 11638 5052 2513 1008 22036 1495 20541 16939 3602 1568 10555 3121 1170 1951 650 231 419 1736 1692 2516 7434 629 2139 1208 433 311 169 775 268 507 178 329 31920 2320 1043 101
internal_count=144069 107043 99174 40907 8987 3935 1419 702 37026 28681 22067 6614 5046 2786 1402 58267 49910 14924 3286 8357 34986 12950 2395 2340 7869 1715 11638 5052 2513 1008 22036 1495 20541 16939 3602 1568 10555 3121 1170 1951 650 231 419 1736 1692 2516 7434 629 2139 1208 433 311 169 775 268 507 178 329 31920 2320 1043 101
is_linear=0
shrinkage=0.05


Tree=108
num_leaves=63
num_cat=0
split_feature=126 84 89 81 125 124 113 74 83 74 11 94 73 92 96 100 101 78 94 92 111 89 69 123 74 83 74 54 75 93 84 85 71 81 74 85 78 40 96 84 96 97 92 98 80 101 92 79 8 115 58 52 123 125 111 68 50 127 97 53 74 92
split_gain=15523.2 12518.1 11096.9 10418.1 11456.5 13069.5 10545.9 11532.6 16084.5 15013.5 14561.5 17475.6 16591.4 19095.6 29604.1 20791.8 14242 15897.1 13142.7 21168 13577.8 12267.7 14342.1 13480.9 18288.3 14051.2 13640.5 11915.8 11863.8 14063 14025.3 11924.9 11672.5 11527.5 18676.5 14246.6 10942.5 10779.9 17827.4 10479.6 12819.4 11568.5 14595.6 13061.6 13846 11905 11541.9 10520.4 10402 10321.3 10106.6 10074.7 10787.6 14852.6 9908.57 9803.22 18069.4 11992.3 9782.89 9994.49 9753.18 9725.02
threshold=0.96936239562626858 1.8205420752850094 0.025700066226678055 0.15892583560087561 -0.011699796772888548 -0.064388364446808385 0.014223167084097902 0.096743125747934158 0.97229742163674826 0.42358613625150726 8140.2350000000006 -0.083418090706399842 0.47550848977370669 0.47430763931990955 0.48535442642874793 -0.70165239224019149 0.65262922309756555 -0.022054097775171547 -0.039626276893617397 0.85565013984003824 -0.014941837995381549 0.088378613907354714 0.72250974747859631 0.0028450645830575007 -0.099576420990319145 0.40869719022380036 -0.20418938557684876 0.017949282003262304 0.091784851444869073 0.22916395969148975 0.87041151219056745 0.29142038865688308 0.58156612183811518 0.24034634104770611 0.15238040732226457 0.5584969194497299 -1.1553153740102624 0.022271656765571354 0.03625178318692391 0.39437223737244403 0.54239024563847715 0.60985007155859883 0.15119767354029218 0.38744045207590599 -0.41790194474713366 0.92352227253358044 -1.0815220968931281 0.062337090237683711 47.715000000000011 0.0038502997696557005 0.7686528964847158 0.84675900857356889 -3.4541866046689875e-05 -0.00046287770206574993 0.015469232237158402 -0.43781151948722491 1.1943387391618425 -0.005331800600271849 0.53750728017244265 0.23851912203621042 -0.68119543886802092 0.8888973872806929
decision_type=2 2 2 2 2 2 2 2 10 2 2 10 2 2 2 2 2 2 10 2 2 2 2 2 2 10 2 2 2 2 2 2 2 2 2 2 2 2 2 2 2 2 2 2 2 2 2 2 2 2 2 2 2 2 2 2 2 2 2 2 2 2
left_child=1 2 -1 -4 5 55 7 21 10 33 11 -9 28 -14 15 -15 17 32 -16 20 -20 23 -23 37 25 26 -25 -22 51 -30 31 61 58 34 -10 -35 -8 38 60 40 41 -40 43 44 -43 -46 -45 -44 -38 -28 -34 52 53 -13 -2 -5 57 -57 -17 -60 -6 -31
right_child=54 -3 3 4 6 -7 36 8 9 -11 -12 12 13 14 18 16 -18 -19 19 -21 27 22 -24 24 -26 -27 49 -29 29 30 -32 -33 50 35 -36 -37 48 -39 39 -41 -42 42 47 46 45 -47 -48 -49 -50 -51 -52 -53 -54 -55 -56 56 -58 -59 59 -61 -62 -63
leaf_value=0.076270747533001823 -0.06199523310470776 -0.12597829355128795 0.06551051941232619 0.027107876286442789 -0.6111081742540454 0.0074264649826919354 0.11548983375283768 0.094159429673179196 1.6118345800373293 -0.51675164389317152 -0.023855432336879468 -0.21768136341431804 0.056935572294759818 -0.89060194734334941 -0.27139971264913471 -1.2896391080894385 -0.11082854169540074 -0.029252200285273214 -0.52042562193942798 -0.016709324998703423 0.775603061764644 0.053481303328793584 -0.048143502962287997 -0.24702336155074622 -0.0040560274549101575 -0.10892358995768935 -0.21321249729845415 0.068477896834327576 -0.22120984789604942 0.41475594583616565 -0.089494931675882294 0.17476093951270366 -0.15703071161253113 0.092218259108395401 0.39809179381379545 1.1966292935032998 -0.10271228704066687 -0.06922048890359625 0.059719794591147068 -0.0096405132464973467 -0.77254393747584382 0.46358005625449805 0.69256398670059849 0.25613162317122634 0.013964496298134328 -0.73218011759659829 0.99333990177550879 -0.13412784067067235 0.013323110095980188 -1.1737396401539446 -0.86080758532302259 -0.43191060495328132 0.076006949953957945 0.037788278759838013 0.15216031412800068 0.015060779562702888 0.0072779548304972852 -0.28391366636533349 -0.13095275827667172 -1.1951033935778672 -0.002470499257387352 1.3377187389472966
leaf_weight=5514 12267 1798 6479 966 66 4358 952 10975 36 61 10492 910 2563 125 355 83 1055 186 33 1487 189 14589 4556 474 4930 4047 43 87 252 264 441 2024 175 503 265 31 5667 5237 668 859 33 132 307 171 250 68 77 44 2930 80 72 123 3943 1518 565 405 1178 1952 57 36 24353 32
leaf_count=5514 12267 1798 6479 966 66 4358 952 10975 36 61 10492 910 2563 125 355 83 1055 186 33 1487 189 14589 4556 474 4930 4047 43 87 252 264 441 2024 175 503 265 31 5667 5237 668 859 33 132 307 171 250 68 77 44 2930 80 72 123 3943 1518 565 405 1178 1952 57 36 24353 32
internal_value=-7.26641e-05 0.00504753 0.0068631 0.00378276 0.000386724 -0.0542923 0.00483461 0.00965816 0.031133 0.240491 0.0261276 0.0455615 0.0122472 -0.049296 -0.118401 -0.268685 -0.221966 -0.414495 0.00659175 0.0615399 0.438099 -0.00385445 0.0292973 -0.0190243 -0.0711266 -0.142328 -0.368771 0.552705 0.0543441 0.136345 0.168979 0.218112 -0.583893 0.29581 0.543257 0.156332 -0.0453542 -0.00356394 0.0091578 0.13339 0.203597 0.222358 0.325926 0.193669 0.033101 -0.145588 0.485023 0.588933 -0.0631655 -0.837946 -0.36218 0.0162986 0.0249518 -0.0579602 -0.0525658 -0.11405 -0.152624 -0.232541 -0.895046 -0.542882 -0.00411553 0.514536
internal_weight=144388 131556 129758 124244 117765 8859 108906 99357 38373 896 37477 26985 16010 6503 3940 1789 1664 609 2151 1796 309 60984 19145 41839 9574 4644 597 276 9507 3013 2761 2320 423 835 301 534 9549 32265 27028 2609 1750 1717 1049 698 450 318 248 351 8597 123 247 6494 6371 2428 12832 4501 3535 2357 176 93 24419 296
internal_count=144388 131556 129758 124244 117765 8859 108906 99357 38373 896 37477 26985 16010 6503 3940 1789 1664 609 2151 1796 309 60984 19145 41839 9574 4644 597 276 9507 3013 2761 2320 423 835 301 534 9549 32265 27028 2609 1750 1717 1049 698 450 318 248 351 8597 123 247 6494 6371 2428 12832 4501 3535 2357 176 93 24419 296
is_linear=0
shrinkage=0.05


Tree=109
num_leaves=63
num_cat=0
split_feature=106 103 115 82 110 90 80 96 76 82 113 112 90 83 95 45 81 93 100 68 103 42 115 8 93 111 100 50 58 94 98 90 77 94 78 93 112 98 101 82 113 79 96 84 72 87 66 45 83 96 72 100 87 105 125 50 53 74 89 121 82 84
split_gain=14196.5 10271.2 8563.38 8731.84 8148.19 7232.58 10301.9 19373.4 13617.2 10250.7 8860.79 9468.7 8914.96 12311.5 14767.8 13631.6 11056.6 9217.42 22548.4 14096.2 9646.74 8829.89 8327.94 9554.23 8198.67 8077.22 9055.61 7952.77 10722.2 7730.15 7648.7 14124.4 13884.6 10558 11077.4 9166.28 7504.05 8696.88 7428.8 9858.26 7362.95 8263.26 7328.57 9300.23 10083.4 7159.56 9103.82 7309.34 7188.19 7009.23 6953.89 9630.98 6949.54 6881.99 6861.55 6739.56 6574.83 6569.8 9007.3 8883.77 11448.8 10978
threshold=0.79644821244634201 0.026518500268810453 -0.013140315946814198 -0.16749550237857844 -0.027233076620624446 -0.85441836823316863 -0.84661894733194687 0.27446271973421132 -0.26030668561088394 0.053993582479393655 -0.0068639818718189997 0.06317720899824357 -0.63783703846632256 0.4591290335156184 0.13565034134014348 0.074506742331285167 0.29665798592258685 0.38167377465777813 -0.26850218124092617 -0.23098970580118841 -0.0029558704947983496 -0.31684503379280177 0.010756131475122001 47.425000000000004 0.53955440769406893 -0.036587664580987646 -0.3354171004876243 0.45402306196369169 0.58805596227239831 -0.035460739974440041 -0.081735163796370428 -1.0587107326617977 0.49914623261701735 0.03354779900723711 -0.099078875242767442 0.59092988865101026 -0.070366893506318348 -0.17084773899076702 0.42308456051894033 -0.23650499249575177 0.0041114083961684509 0.13374203663353762 -0.042014792194151794 0.4927417393112607 0.56196345776423906 0.20368280792790283 0.047104729985262904 0.052447961802324659 0.60328513795541083 -0.13599623027374588 0.50748649979604588 -1.0468876332650259 0.35709124453412372 -0.024726601933440347 0.0046758795581735004 0.8054993990406264 0.20801643242838422 0.76777326922511568 0.25830328654006512 0.0093838578770823518 -0.2275605124175695 -0.36617323326381629
decision_type=2 2 2 10 2 2 2 2 2 10 2 2 2 8 10 2 2 2 2 2 2 2 2 2 2 2 2 2 2 10 2 2 2 10 2 2 2 2 2 8 2 2 2 2 2 2 2 2 8 2 2 2 2 2 2 2 2 2 2 2 8 2
left_child=1 5 3 -2 -3 6 7 30 40 38 22 12 13 14 -12 27 17 18 -17 24 -20 -15 23 -7 -19 26 -13 28 -16 -10 32 49 33 -1 35 -35 37 -21 50 42 -9 -42 -40 -44 -45 46 47 -23 -47 -32 -8 -52 -24 -4 -54 -53 -5 59 -59 -27 61 -61
right_child=2 4 53 56 -6 10 9 8 29 -11 11 25 -14 21 15 16 -18 19 20 36 -22 45 52 -25 -26 57 -28 -29 -30 -31 31 -33 -34 34 -36 -37 -38 -39 39 -41 41 -43 43 44 -46 48 -48 -49 -50 -51 51 55 54 -55 -56 -57 -58 58 -60 60 -62 -63
leaf_value=0.053732153086502289 -0.042449274777350693 -0.049741822705490164 0.066117336179353781 -0.46567382776721139 0.0042436798283459623 0.065021938305075327 0.14679424204155209 -0.16990062398708439 -1.0155599014159165 -0.42682913991808891 0.020557192410580474 0.00045158232096582652 0.025533252882249557 -0.033919201268244416 -0.092099029056307208 -0.34419907232328339 0.34679241898241192 -0.23211181998027094 -0.64181332507481181 0.045983046034769139 -1.7024488300647378 0.25372251699629583 0.061971028300264921 0.25078306978124559 -1.2746784944298932 0.011733535871872255 -0.44158502164296803 0.31097183538195883 -0.76985355560652557 -0.32057419984724173 0.17334692597501261 0.049245816933497888 -0.70379268347751356 -0.71927122012862288 0.28300627719225557 0.24198867284482525 0.1188695392655605 -0.90094916411520298 -0.57890722376328929 0.2187528267379768 0.57738869320338881 -0.0097715613897889856 0.24823195777483797 -0.66495654872722099 -0.0096787380142453715 0.43372577282786368 0.24584900440518248 -0.55978947701578097 0.11647032895410547 0.47991412632593095 0.095230812502226661 0.55944982597301174 0.14779523218639642 -0.03275572205285901 -0.29326040537158998 1.309248498470887 -0.15294117946769387 -0.090171341617005296 -0.73498452380299573 -0.27236942382470647 -0.021729483080497297 0.07461320157399623
leaf_weight=4543 918 12160 1898 278 16438 2468 188 803 58 75 1687 224 45091 1253 1346 245 53 33 36 49 53 38 717 962 44 14006 240 115 61 129 399 1451 64 124 58 31 188 48 54 1111 71 384 277 72 318 300 129 101 441 350 70 86 117 24195 358 46 425 1647 56 1003 3838 295
leaf_count=4543 918 12160 1898 278 16438 2468 188 803 58 75 1687 224 45091 1253 1346 245 53 33 36 49 53 38 717 962 44 14006 240 115 61 129 399 1451 64 124 58 31 188 48 54 1111 71 384 277 72 318 300 129 101 441 350 70 86 117 24195 358 46 425 1647 56 1003 3838 295
internal_value=-0.000324419 0.00732098 -0.0324912 -0.144001 -0.0187112 0.0157805 0.0541817 0.0286988 -0.138024 0.148092 0.0104301 0.00615773 0.0177926 -0.0383218 -0.0915005 -0.174742 -0.349365 -0.402377 -0.591808 -0.227598 -1.27343 0.0547293 0.0775564 0.117122 -0.827864 -0.0218586 -0.228188 -0.0888072 -0.121483 -0.536131 0.0630171 0.140269 0.027757 0.0376013 -0.306449 -0.527019 -0.0654208 -0.422602 0.167498 0.125316 -0.0788457 0.0818512 -0.0186622 0.026695 -0.130653 0.164815 -0.0566521 -0.337391 0.244914 0.316603 0.365645 0.569328 -0.0362936 -0.0255637 -0.184621 0.820743 -0.276611 -0.0172658 -0.111375 -0.00889319 -0.0651428 -0.19351
internal_weight=144316 116602 27714 1621 28598 88004 10762 8465 1445 2297 77242 72620 51311 6220 3958 2271 749 696 334 362 89 2262 4622 3430 77 21309 464 1522 1407 187 7020 2200 4820 4756 213 155 285 97 2222 1832 1258 455 721 667 390 1009 268 139 741 749 390 202 1192 26093 475 132 703 20845 1703 19142 5136 1298
internal_count=144316 116602 27714 1621 28598 88004 10762 8465 1445 2297 77242 72620 51311 6220 3958 2271 749 696 334 362 89 2262 4622 3430 77 21309 464 1522 1407 187 7020 2200 4820 4756 213 155 285 97 2222 1832 1258 455 721 667 390 1009 268 139 741 749 390 202 1192 26093 475 132 703 20845 1703 19142 5136 1298
is_linear=0
shrinkage=0.05


Tree=110
num_leaves=63
num_cat=0
split_feature=102 103 105 107 125 84 50 84 89 85 93 72 70 93 75 60 74 78 95 109 118 27 121 97 115 124 81 46 129 40 79 25 121 49 127 89 69 71 76 55 126 85 96 90 23 123 70 77 76 76 42 95 79 50 93 45 125 95 70 83 115 76
split_gain=14310.1 12038.8 10474.4 7831.38 7960.73 7112.19 7345.22 8362.48 7959.23 13413.7 11501.1 14832.5 10906.2 7769.23 7726.84 7408.44 8565.77 7160.74 9392.02 6922.7 6851.45 6844.6 6716.26 6693.78 7192.02 10003.5 8096.41 7928.44 9127.91 7189.92 8007.7 7006.04 8961.79 7796.49 7590.2 7374.85 9232.26 8449.07 9343.22 7450.54 7754.91 7165.76 7270.16 6744.17 7779.75 13150.9 6609.78 7411.41 12685 6534.44 6523.08 6454 15997.8 13262.4 9881.91 6419.54 7410.97 6365.15 6346.01 6335.44 6332.22 8137.39
threshold=0.3632670909873314 0.040018581162176659 -0.008513139983332748 -0.012895679250256748 -0.0068780274543425992 1.8205420752850094 0.61830302402507342 0.75507286860258349 0.15023743129658793 0.34691475503952862 0.27120715185280003 0.62193294416575362 0.21232137457779374 0.23524987280848977 0.10909986107576301 0.36907249782056611 0.19041157100710174 -0.072573163064445431 0.13606670104157739 0.0014403049476627502 1.1794565091159699 0.052820833012989857 -0.034077215520384486 0.61796744959302796 0.0070787583397711002 0.13030023544176325 0.22258615907370233 0.53137505598855839 0.0058880479091480507 -0.98482111778002157 0.023950010719023553 -0.1158408501027156 0.0022140251355109004 0.84417436276221103 -0.0010200988249237997 0.055039322182904207 0.90676503323900437 0.63426752551425125 -0.26030668561088394 0.075698769247443357 -0.79207154927922496 0.29595560446860064 0.39148552019277577 -0.80245484424250024 0.29094689514145317 0.0023199009185299003 0.22997398292754923 0.30631991262793029 1.0000000180025095e-35 -0.40633450817481737 -0.4840701230368496 0.099570343560178756 0.03807286687580521 0.99269718029298193 0.31697859623173869 0.035705629355102159 -0.00046287770206574993 0.56014602782727507 0.3947758103932642 1.0512751011825372 0.0030298649783828502 -0.49957894016266863
decision_type=2 2 2 2 2 2 2 2 2 2 2 2 2 2 2 10 2 2 10 2 2 2 2 2 2 2 2 2 8 2 2 2 2 10 2 2 2 2 2 2 2 2 2 2 2 2 2 2 2 2 2 10 2 2 2 2 2 10 2 8 2 2
left_child=5 2 -2 -4 60 6 15 8 9 10 21 12 -12 -10 50 20 -17 18 -11 -13 23 -8 -6 24 27 -26 -27 57 -29 -28 -31 -25 33 34 -33 37 39 55 -39 -37 -41 -34 -43 -32 45 -45 -19 48 -48 -21 -14 52 -9 54 -53 56 -36 -1 -55 -44 61 -5
right_child=1 -3 3 4 22 -7 7 51 13 17 11 19 14 -15 -16 16 -18 46 -20 49 -22 -23 -24 31 25 26 29 28 -30 30 43 32 41 -35 35 36 -38 38 -40 40 -42 42 59 44 -46 -47 47 -49 -50 -51 -52 53 -54 58 -56 -57 -58 -59 -60 -61 -62 -63
leaf_value=0.010069096495677155 0.0347819299905976 -0.065974116379023548 0.0461380486381405 -0.0064805480015851305 -0.1854619120253955 -0.12531299152855346 0.91171443026998777 0.82569593361445848 -0.75830361042171723 -0.24198790207738058 0.74324921512085462 0.76852882104198439 -0.77270048778969791 0.027787185573536551 0.5382040763317153 -0.21658323056189011 0.25324701968939944 -0.15115733302389245 0.42982775549665631 -0.39823219279448191 -0.088808594322108136 0.15928568447508462 -0.01506475300032472 0.013735110853909159 0.0078383623502616597 -0.1506402818221767 0.19660170874960078 0.46059070298637173 -0.091931804380992549 0.19161532622081445 0.1662419844519995 0.097052393138193152 0.34357354865638967 0.26377235123098969 0.52576302468776703 0.20123681594572487 -0.59141576793044803 -0.6737463055321804 -0.16197493281870035 0.44373166526305596 -0.031599163070212884 0.13068797422139566 -0.23580394732708831 -0.070655658332951191 -0.0224350800598959 -0.37313783013185686 0.14783826389603402 -0.020061642649098644 1.1287654831128962 0.50306797946085691 -0.078810487415038932 -0.40479412013347676 0.061056976691669998 0.39904285167608788 -0.06810711923282968 -0.22886642564316184 -0.0022966234117800448 0.30206516554698037 0.013551689340417851 0.37184398713020178 0.0032680010806820318 -0.17842162201395789
leaf_weight=25715 11001 11001 3815 979 592 917 115 70 32 64 46 137 40 1771 43 651 114 322 278 30 1718 41 24964 19718 8598 2262 313 207 117 312 276 1862 353 333 100 536 60 104 626 90 1842 2815 245 1082 1926 538 1075 824 34 61 221 323 3002 109 670 147 198 188 5197 52 1292 2316
leaf_count=25715 11001 11001 3815 979 592 917 115 70 32 64 46 137 40 1771 43 651 114 322 278 30 1718 41 24964 19718 8598 2262 313 207 117 312 276 1862 353 333 100 536 60 104 626 90 1842 2815 245 1082 1926 538 1075 824 34 61 221 323 3002 109 670 147 198 188 5197 52 1292 2316
internal_value=0.000699861 -0.0190912 -0.00761947 -0.0213558 -0.029898 0.0132113 0.0146613 0.047163 0.0984543 0.144257 0.332989 0.230166 0.0257346 0.0138355 -0.0828367 0.0082119 -0.146569 0.0909147 0.304108 0.543985 0.00984888 0.713961 -0.019012 0.0122491 -0.000632185 -0.0278669 -0.0736254 0.0152629 0.261069 -0.0344512 -0.051945 0.0306464 0.0662608 0.0287671 0.0147048 -0.0267025 0.0214036 -0.130202 -0.234885 0.0363019 -0.00945642 0.130081 0.105865 -0.0718275 -0.0903575 -0.17111 0.0585812 0.0935196 0.177912 0.205936 -0.185154 0.0190626 0.0784804 -0.0099153 -0.177624 0.0415241 0.174905 0.0121884 0.0214708 -0.129414 -0.0905487 -0.127335
internal_weight=144480 55960 44959 33958 30143 88520 87603 14505 5134 3331 734 578 350 1803 304 73098 765 2597 342 228 72333 156 25556 70615 41534 15307 6709 26227 324 4447 4134 29081 9363 5898 5565 3703 2528 1175 730 2468 1932 3465 3112 3822 3546 1620 2255 1933 1109 91 261 9371 3072 6299 993 445 298 25903 5306 297 4587 3295
internal_count=144480 55960 44959 33958 30143 88520 87603 14505 5134 3331 734 578 350 1803 304 73098 765 2597 342 228 72333 156 25556 70615 41534 15307 6709 26227 324 4447 4134 29081 9363 5898 5565 3703 2528 1175 730 2468 1932 3465 3112 3822 3546 1620 2255 1933 1109 91 261 9371 3072 6299 993 445 298 25903 5306 297 4587 3295
is_linear=0
shrinkage=0.05


Tree=111
num_leaves=63
num_cat=0
split_feature=92 90 119 123 99 27 82 123 70 91 81 97 73 74 100 68 86 42 74 91 121 127 81 91 86 90 78 82 80 71 68 71 93 121 71 50 83 46 96 76 89 44 50 98 85 77 71 81 90 121 88 105 79 100 80 79 45 91 86 84 50 92
split_gain=13551.8 14229.5 12604.7 14036 13723.2 14601 14545.9 16767.9 16539.6 20974.2 14842.8 19243.7 13245.1 16583.2 34173.5 12903 21750.5 18828.4 18802.8 22184.9 16885 14602 13879 14438.3 42492.7 26343.4 15164.2 15033.7 16462 14552.5 14346.3 15094.4 13618.6 12687.4 12607.9 12349.7 12227.9 12183 16756 18968.6 17078.9 12705 12542.1 12376.7 11653 11548.2 13721.8 11233.3 15668 13900.5 18396.4 11928.4 11132 11036 11025.1 10972.8 19004.1 11044.6 10846.6 10818.1 15927.5 15360.2
threshold=1.6735774859547405 -0.86417855119313358 -0.011990146407670399 0.029168186707948053 0.62894027971030997 -0.18271259579263974 0.073154530516851266 0.009985711352791601 -0.43281454929203961 0.18169225711281831 0.17845092049455843 0.57274172628438591 0.62688193197667197 -0.058567022702258394 0.86262415708759066 -0.53157415361436244 -0.033177287367908641 -0.14016869003738847 -0.35247497716221671 0.25022735161747572 0.010498867683111651 -0.010786915669587447 0.17385201252344312 0.16903024717077511 0.16683833186200403 -0.42009119419456725 -0.010102669722391549 0.67713228751655274 0.39219342471807811 0.72759271372442313 -0.24595899940828611 0.62478475931324307 0.53374862242164733 0.0076619151431047512 1.025658962498287 -0.22009561626598653 0.31972601065923317 -0.83083501170439666 0.057688956356135711 -0.22787500697511234 0.12805495103061834 -0.13226657178518178 1.167355706763304 0.056773955472162754 0.25713683654373237 0.25239401459495864 0.69526945520791139 0.22113891465775001 -0.44488267866249004 -0.0064919838310993488 -0.07348013963024308 -0.0081597921682189985 0.017907747091657853 -0.45194013282624551 -0.19845032586970338 0.092351078933248412 0.082373002573381468 0.19128684085805456 -0.56545964132818383 -0.23276330272827592 0.57488550717956277 0.56430867063187795
decision_type=2 2 2 2 2 2 8 2 2 2 2 2 2 2 2 2 2 2 2 2 2 2 2 2 2 2 2 10 2 2 2 2 2 2 2 2 8 2 2 2 2 2 2 2 2 2 2 2 2 2 2 2 2 2 2 2 2 2 2 2 2 2
left_child=1 37 -3 4 6 36 7 45 -8 10 11 -10 -11 -14 -15 18 20 33 19 44 21 -17 -19 24 25 30 -27 28 -26 -25 31 -24 -28 -18 47 -33 55 38 -1 40 -40 42 -42 -41 58 -4 -47 48 49 50 -31 -49 -23 -46 -12 56 -6 -57 -7 -54 61 -61
right_child=-2 2 3 -5 5 15 8 -9 9 12 54 -13 13 14 -16 16 17 22 -20 -21 -22 52 23 29 27 26 32 -29 -30 34 -32 35 -34 -35 -36 -37 -38 -39 39 43 41 -43 -44 -45 53 46 -48 51 -50 -51 -52 -53 59 -55 -56 57 -58 -59 -60 60 -62 -63
leaf_value=0.069773887959015027 -0.14113216040808393 0.041140529989284892 0.033760932660459896 -0.095684924621059778 -0.17970470522948306 -0.081578836608223806 -0.018000491653326855 -0.098549569312889107 0.076163361810771116 0.022504060100807525 0.22612493193605876 0.46869208142510899 -0.15078232516981152 0.16292617786675692 1.9138695678927684 0.11646879926074133 -0.31735364217437212 0.1502440103228358 0.041653757284593224 -0.42755842884538869 0.15742296618186072 0.45106562109844339 -1.1683622049491691 -0.017045510725137526 0.093993432122594145 -0.70247460809596907 -0.0059105803157381452 -0.66996588944815683 0.81088977861650224 -1.2438743102244842 0.20367096665612891 -0.52853893865095947 -0.72966393393521412 0.21906152205254004 0.6442387665498932 0.45512413639913912 -0.063026918782765159 0.1274232595096168 0.31151382970941977 -0.33433022231782722 -0.34054528758938873 0.023018534004062573 -0.0050856606744830212 0.15696025784550743 -0.86244506653812203 0.0025033057552948522 -0.14972577478340032 0.083815344618823451 -0.37553434452899609 0.30980586218933825 0.38794779049292694 -0.13692308401821623 0.081750755061872321 0.024223853256473242 0.016459486072229499 0.54855662436912889 -0.72794956787515752 -0.19662088971752467 -1.2799675357341767 -0.058851822630122612 -0.00060103590060876745 -0.24368400822716843
leaf_weight=7823 1665 14107 16876 4484 439 41 4975 4070 502 5886 1170 826 73 76 44 2118 1062 781 15058 458 1639 124 46 10632 459 507 193 52 97 39 241 76 98 123 53 55 2583 3585 395 765 569 2828 546 154 36 5057 2093 784 838 179 31 2790 2164 1394 1351 69 247 178 35 5605 11691 1406
leaf_count=7823 1665 14107 16876 4484 439 41 4975 4070 502 5886 1170 826 73 76 44 2118 1062 781 15058 458 1639 124 46 10632 459 507 193 52 97 39 241 76 98 123 53 55 2583 3585 395 765 569 2828 546 154 36 5057 2093 784 838 179 31 2790 2164 1394 1351 69 247 178 35 5605 11691 1406
internal_value=0.000689089 0.00234411 -0.00339821 -0.00901291 -0.00539499 -0.0199956 0.0164796 -0.00470046 0.0564094 0.0936967 0.185029 0.320311 0.0358685 0.443448 0.804939 -0.0142762 -0.0286095 -0.0686401 0.0226752 -0.122834 0.00234481 -0.00865454 -0.0558973 -0.0652739 -0.198267 -0.368914 -0.537346 0.143028 0.219063 -0.0494666 -0.0473615 -0.389163 -0.249649 -0.261675 -0.122589 -0.115551 -0.119067 0.0457642 0.0233829 -0.0456522 -0.00193699 -0.0333377 -0.176275 -0.252003 -0.0301617 0.0111976 -0.0420583 -0.131309 -0.272058 0.0761869 -0.52121 -0.0885014 -0.0212801 0.00190212 0.113766 -0.274214 -0.377105 0.0115461 -0.633468 -0.0240871 -0.0363336 -0.0959184
internal_weight=144341 142676 126011 111904 107420 64421 42999 28096 14903 9928 3849 1328 6079 193 120 60905 43883 19136 17022 1964 24747 23108 17951 17170 1824 1216 798 608 556 15346 418 177 291 1185 4714 131 3516 16665 13080 5257 4338 3943 1115 919 1506 24026 7150 4661 1087 249 70 3574 20990 1430 2521 933 686 247 76 20866 18702 7011
internal_count=144341 142676 126011 111904 107420 64421 42999 28096 14903 9928 3849 1328 6079 193 120 60905 43883 19136 17022 1964 24747 23108 17951 17170 1824 1216 798 608 556 15346 418 177 291 1185 4714 131 3516 16665 13080 5257 4338 3943 1115 919 1506 24026 7150 4661 1087 249 70 3574 20990 1430 2521 933 686 247 76 20866 18702 7011
is_linear=0
shrinkage=0.05


Tree=112
num_leaves=63
num_cat=1
split_feature=133 120 68 50 136 115 71 111 75 73 33 75 82 98 89 105 3 81 80 81 70 131 81 53 50 60 110 65 121 65 83 77 93 69 100 111 115 50 96 72 90 92 71 72 79 77 80 54 58 46 81 114 107 127 92 85 129 76 20 92 82 74
split_gain=14391.2 14498.5 11133.7 14028.5 14588.6 11660.8 10872.5 12659.9 16803.4 13486.7 17625.6 36072.9 11570.4 13823.5 11145.4 10136.8 10015.5 9432.32 14544.5 11126.5 10175.1 10009.5 9465.57 11467.2 9092.96 13161.4 10588.7 8868.48 8715.49 8699.51 8603.69 14149 10137.2 8584.92 8451.44 8492.25 8433.76 10504.3 8254 9024.74 11460.5 8178.87 11883.2 9829.14 9396.21 9104.48 16802.4 10342.7 10123.2 12739.1 9543.55 9013.24 8172.63 8485.07 8054.94 7999.2 9216.52 7951.79 7701.14 8582.89 10748.7 10507.7
threshold=-0.019610056395385798 -0.027114857075905597 -0.43022091963344333 0.60420167534315294 0 -0.0072563694332503986 0.71221644727421618 0.012607087717404051 0.12325556594376942 0.62349147239274638 2.2105127337108148 0.078407991006724465 0.42696172571094831 -0.11928072587674084 0.10501860296470207 -0.028724461825613796 21.605000000000004 0.27028069935698956 -0.32330483764585388 0.30376147040548923 -0.28025346255624473 0.025820134046248052 0.16588096952932702 0.17773802816861714 -0.38559373010177839 -2.962915813148465e-14 0.13964617425441797 0.60309306770107973 -0.019564217729123097 0.92983028028068515 1.2063372445551839 0.19524756045403099 0.28804375638365776 0.57822227302123619 -0.56864341539681518 -0.021754113955712296 0.011436074851007002 -0.49947121693673097 0.091158479814675855 0.29927040491679735 -0.73053144575091655 0.52365667521003711 0.8182156445557659 -0.30117793158912565 0.49141408237503409 0.41026700123771648 -0.20904206878757622 0.80434482927826123 -0.78687275325122485 0.43287901001596674 0.16844291417674948 0.63989908234919002 -0.016828927866480745 -0.011051685002024548 0.58442219147124164 0.29300647602999635 0.0078459315200735021 0.030856122713444303 -0.88983897255083966 -0.28619423703106245 -0.2029740576307705 -0.34460744644779123
decision_type=2 2 2 2 1 2 2 2 2 2 2 2 8 2 2 2 2 2 2 2 2 2 2 2 2 10 2 2 2 2 8 2 2 2 2 2 2 2 2 2 2 2 2 2 2 2 2 2 2 2 2 2 2 2 2 2 10 2 2 2 8 2
left_child=1 2 16 4 34 52 7 29 9 58 -11 -12 13 -10 15 -8 -1 20 19 -19 33 22 23 -22 25 26 -15 55 -29 -2 -17 -32 -33 -7 -4 -36 37 -34 -31 40 54 42 45 -44 51 -16 47 -47 -48 50 -50 -45 -6 -54 -40 -24 -57 -23 -9 60 -60 -62
right_child=6 -3 3 -5 5 17 14 8 12 10 11 -13 -14 24 41 30 -18 18 -20 -21 21 57 27 -25 -26 -27 -28 28 -30 38 31 32 36 -35 35 -37 -38 -39 39 -41 -42 -43 43 44 -46 46 48 -49 49 -51 -52 -53 53 -55 -56 56 -58 -59 59 -61 61 -63
leaf_value=0.051789402225254605 0.037711816740086723 0.0054383873548229794 -0.37018284348854025 -0.029823498044165869 0.23925242953830295 0.24574297591549371 0.054035456546025679 0.51583852741918335 0.03828386722643537 0.1382890734286879 -0.12664343138160403 1.909739123513414 -0.018936944582149423 -0.16315132576059307 0.06579662356835525 -0.066313639693869775 -0.12491234571532089 0.1468624876326193 -0.095460694211259564 0.98249819981200359 -0.53177856696729975 -0.26515947682279156 0.21534622859428909 0.35348975202350907 -0.11748906159941355 0.054681255600758295 -0.5257726857077718 -0.48588128871605046 -0.034260610777481403 0.018945455720389678 1.1466049414128097 -0.84376438399155929 0.048528124221782119 -0.11934799774117502 -0.47125326330265543 0.030272843657355681 -0.14742703744430979 0.51983736634759581 -0.95327057225066558 -0.040743051647951133 -0.15406231214129462 -0.043891549562744131 0.049063462398794368 0.44217208194101715 -0.54332226127866778 0.12516335777444201 -0.042054405465300773 -0.57265446438339718 -0.087989625150774742 0.088181609577602821 -0.71340829044701115 0.021263002545544599 0.11706282378922046 -0.46076973114295294 -0.0017456575234731039 -0.29597377037083206 -0.86621095171341533 -0.60848342518723531 -0.35332496519805684 0.066508367852162506 0.22215809445814438 -0.042773946801073298
leaf_weight=3778 52587 21045 157 9041 54 226 2400 73 668 560 43 44 2981 304 3571 13786 1018 138 784 56 47 573 68 165 1054 190 596 122 859 4908 31 30 356 560 88 2067 249 177 86 2074 486 2885 705 555 31 776 336 57 81 99 247 165 71 604 30 774 78 239 257 3101 406 4788
leaf_count=3778 52587 21045 157 9041 54 226 2400 73 668 560 43 44 2981 304 3571 13786 1018 138 784 56 47 573 68 165 1054 190 596 122 859 4908 31 30 356 560 88 2067 249 177 86 2074 486 2885 705 555 31 776 336 57 81 99 247 165 71 604 30 774 78 239 257 3101 406 4788
internal_value=0.000309082 -0.0240864 -0.0528965 -0.0721077 -0.121563 -0.166299 0.0105234 0.0202291 -0.0207611 0.0209786 0.241151 0.903251 -0.0875677 -0.160323 -0.0169938 -0.0412065 0.0142827 -0.137683 0.000455765 0.388077 -0.174088 -0.217006 -0.159669 0.157227 -0.222203 -0.323458 -0.403287 -0.195009 -0.0904255 0.0304919 -0.0568316 0.0982322 0.0582081 -0.0143727 -0.015941 0.00979289 0.0928106 0.205042 -0.0195708 -0.0902126 -0.260644 0.0263714 0.0569782 0.183146 0.309016 0.0214256 -0.0778533 0.0774135 -0.247365 -0.40892 -0.55896 0.345714 -0.352639 -0.39999 -0.707187 -0.306527 -0.348179 -0.366212 0.00446245 9.73412e-05 -0.037683 -0.022065
internal_weight=144385 42612 21567 16771 7730 5418 101773 75236 15065 9272 647 87 5793 2812 26537 17029 4796 4689 978 194 3711 2925 2113 212 2144 1090 900 1901 981 60171 14629 843 812 786 2312 2155 782 533 7584 2676 602 9508 6623 1456 751 5167 1596 833 763 427 328 720 729 675 116 920 852 812 8625 8552 5451 5194
internal_count=144385 42612 21567 16771 7730 5418 101773 75236 15065 9272 647 87 5793 2812 26537 17029 4796 4689 978 194 3711 2925 2113 212 2144 1090 900 1901 981 60171 14629 843 812 786 2312 2155 782 533 7584 2676 602 9508 6623 1456 751 5167 1596 833 763 427 328 720 729 675 116 920 852 812 8625 8552 5451 5194
cat_boundaries=0 1
cat_threshold=8
is_linear=0
shrinkage=0.05


Tree=113
num_leaves=63
num_cat=0
split_feature=104 121 131 124 65 69 99 50 94 90 94 74 84 42 90 75 111 74 52 80 10 73 125 80 106 82 81 83 111 121 92 121 115 101 86 73 60 92 115 68 59 41 82 124 115 71 61 99 38 71 89 84 78 79 101 84 96 68 80 80 46 78
split_gain=13108.5 9324.36 7785.64 7366.72 6922.74 6598.95 8258.07 7267.06 14250.3 9804.25 9670.77 7962.7 11693.5 7843.92 10258.5 9160.05 10721.3 9243.26 9066 9902.17 8889.19 7829 7711.02 7316.46 7760.09 7082.56 9409.35 7828.89 6861.05 9408.15 8440.11 8351.65 6559.93 6499.46 16327.4 14380 6264.15 6489.46 8838.19 6233.2 6011.86 9265.6 7143.78 7196.25 7702.03 6937.81 5941.19 5916.74 7758.42 5829.48 6712.54 9002.26 5805.93 6986 13133.6 7109.36 7323.29 8737.84 6859.43 6925.01 6796.56 6396.32
threshold=0.35533795143534141 -0.013678294834647548 0.043610818126736402 0.97130755246610978 0.65332165189619384 0.68808242404556974 0.5652450052204735 0.46693770979650978 -0.082376706476588235 -1.2243681271590721 0.074537754467914955 0.18749211410569142 0.66779501921065543 -0.35540981953335304 -0.081241541972539785 0.12343055704972036 0.0090561672488813014 -1.4137451450191902 -0.41811424637576661 0.4285813535261056 2388.1950000000002 0.34923644722676078 0.0039917242339133508 -0.93852767361874145 0.022220729037272954 -0.13828028502597342 0.19875433605469628 0.38105880968361211 -0.0023533814872073997 0.027074815392441602 0.75817454593203881 0.010498867683111651 -0.013541211728602348 0.68136043326245355 0.94771848315570517 0.53517413646294731 -1.4806252393057637e-14 -0.68371484234310753 0.00072865278515175014 0.71246616733052359 1.0069268120374486 0.077195317165598118 0.67713228751655274 -0.12595372217569442 -0.0057626639243682489 0.48501725550952707 1.8671289995071895e-08 0.60667180311881685 0.43222365225414844 0.6223243199993963 0.17200828995771539 0.85076730225217922 -0.58789306486234338 0.088805980264340362 0.56939377752606923 -0.13114577555874588 -0.51990744526469224 -0.60310726513005786 -0.21426557522645304 0.026545462569127102 0.43287901001596674 -0.076655830007008333
decision_type=2 2 2 2 2 2 2 2 8 2 8 2 2 2 2 2 2 2 2 2 2 2 2 2 2 8 2 10 2 2 2 2 2 2 2 2 10 2 2 2 2 2 10 2 2 2 10 2 2 2 2 2 2 2 2 2 2 2 2 2 2 2
left_child=3 -2 4 5 -3 7 33 13 11 10 46 -9 -13 14 20 17 -17 -15 19 21 25 -16 -18 24 -19 -1 -27 -28 31 30 -30 -11 -6 -7 -35 -36 37 -24 -39 -33 42 -42 43 44 -8 -44 -10 49 -49 50 51 -32 -25 61 -55 56 57 60 -57 -60 -56 -54
right_child=1 2 -4 -5 32 6 40 8 9 28 -12 12 -14 15 18 16 22 23 -20 -21 -22 -23 36 52 -26 26 27 -29 29 -31 47 39 -34 34 35 -37 -38 38 -40 -41 41 -43 45 -45 -46 -47 -48 48 -50 -51 -52 -53 53 54 55 58 -58 -59 59 -61 -62 -63
leaf_value=0.010713589095612479 -0.065475852362125275 0.01515791627975601 -0.065317911039919629 -0.076421531701503523 -0.16381012174833259 0.015979337462497519 -0.16561281472588329 0.06027599228698699 -0.046790351056390345 0.0094380495108445997 -0.05322513405733216 0.54434242121437026 -0.14922280994218748 0.39522380042176009 0.12345549770715564 0.018357990613992688 0.026665476479835311 0.063913415826271691 -0.058312393550197884 0.16514555422855276 -0.66529494632108543 -0.59713445156529377 -0.11846161154389848 -0.074870609110346237 0.32074902004543399 0.042874038718801147 -0.26290094897415101 -1.0127918871864676 0.22002347694150171 -0.05140940540894498 0.75558865632629024 0.52947120285565175 -0.018941795087828044 0.10022297413397455 0.29192116666129053 1.6546810214407743 0.088878185744035443 0.07246605247923138 -0.42648896346390947 -0.12955199379702004 -0.056279877272058049 1.0096919978813579 -0.85761571889477117 0.0024667902596351935 -0.029045857717482516 -0.13709090757152054 -0.82821345418691639 -0.73645591429301671 0.019313232487949888 -0.0043121475265166668 0.11377548315932098 0.10298752905593977 -0.047339399523766715 0.024200946805034269 0.058100727233429288 0.1498020612673345 0.31248053352640692 -0.1676116350825344 -0.58492704478593971 -0.010270192358656564 0.49836937625061828 0.03128581061198657
leaf_weight=7111 8703 24703 5494 2245 818 3651 1399 244 36 5287 446 340 74 179 44 4211 654 875 597 70 51 263 764 1267 443 273 268 40 1698 794 128 134 17481 1404 49 32 193 108 498 49 47 36 35 15518 3940 735 75 35 1140 287 272 90 2993 4362 215 761 1020 210 65 271 148 19055
leaf_count=7111 8703 24703 5494 2245 818 3651 1399 244 36 5287 446 340 74 179 44 4211 654 875 597 70 51 263 764 1267 443 273 268 40 1698 794 128 134 17481 1404 49 32 193 108 498 49 47 36 35 15518 3940 735 75 35 1140 287 272 90 2993 4362 215 761 1020 210 65 271 148 19055
internal_value=0.000780488 -0.0178214 -0.0092694 0.0129784 -0.00210856 0.01534 -0.00516354 0.0248078 0.0611392 0.046956 -0.157161 0.286841 0.420372 0.0162066 -0.0266005 0.0259515 -0.0284959 0.0369353 -0.179535 -0.371496 -0.00736281 -0.493858 -0.117491 0.0349112 0.15024 -0.00300054 -0.170851 -0.360289 0.058424 0.104571 0.138503 0.0209324 -0.0254177 0.0518512 0.140045 0.830295 -0.17781 -0.215379 -0.337566 0.353011 -0.0186517 0.406069 -0.0202817 -0.0147602 -0.0648311 -0.169842 -0.574779 0.0675895 -0.00319904 0.174638 0.279451 0.486166 0.0299057 0.0344676 0.0777854 0.164676 0.232129 0.0890958 0.0667237 -0.121439 0.237604 0.0206125
internal_weight=144428 57199 48496 87229 43002 84984 26846 58138 11129 10471 557 658 414 47009 8717 38292 6428 31864 974 377 7743 307 2217 31685 1318 7692 581 308 9914 4444 3650 5470 18299 5136 1485 81 1563 1370 606 183 21710 83 21627 20857 5339 770 111 1952 1175 777 490 218 30367 29100 7052 2690 1593 573 1097 336 363 22048
internal_count=144428 57199 48496 87229 43002 84984 26846 58138 11129 10471 557 658 414 47009 8717 38292 6428 31864 974 377 7743 307 2217 31685 1318 7692 581 308 9914 4444 3650 5470 18299 5136 1485 81 1563 1370 606 183 21710 83 21627 20857 5339 770 111 1952 1175 777 490 218 30367 29100 7052 2690 1593 573 1097 336 363 22048
is_linear=0
shrinkage=0.05


Tree=114
num_leaves=63
num_cat=0
split_feature=135 77 41 60 126 44 44 120 50 125 34 120 109 84 89 72 105 50 84 84 82 83 98 47 79 86 99 73 68 101 56 88 109 42 100 73 83 76 88 99 101 70 69 81 51 85 99 52 71 88 82 62 84 49 117 61 35 62 87 45 101 97
split_gain=14518.4 10177.3 11561.2 10088.9 10055.2 9309.94 7975.15 7910.55 7769.63 13862 9290.84 7677.34 6950.32 11022.3 6841.79 9692.25 7548.6 8800.31 12990.2 8929.47 10304.8 11447.7 12425.8 7984.36 7905.07 11935.7 15264.6 12715.9 10944.9 10476.8 11313.6 9765.09 9645.55 8440.12 10021 12892 11195.3 8218.15 9374.04 9394.86 8495.92 7659.66 7617.34 7838.14 7500.03 7467.74 7812.82 9288.49 9118.27 7627.36 7432.86 7300.2 7300.11 7151.8 7101.12 6871.04 9170.61 6854.8 6818.94 6771.79 8785.53 8302.03
threshold=-0.0082068914084557475 0.12421415951108421 0.13538539416896497 0.016662147676679853 0.30289227425240078 0.19185493957752847 -0.66686457611151229 0.090362466205043221 1.1943387391618425 -0.0063765606928521991 -0.657433152102886 1.0000000180025095e-35 -0.0055190030738121992 0.75507286860258349 0.025700066226678055 -0.15703782474792469 0.023848997049144803 0.56083897391042004 0.59057326573797331 0.37003563432376146 -0.072576885848582143 0.46970238411007964 -0.6576899704090603 0.074912342717997765 0.029820344376027205 0.94771848315570517 0.77205190421850933 0.39806477441017757 -0.27386746014466473 0.50498298353188409 0.020942708338716753 0.090796453915224215 0.0033261034145775003 -0.3359932870087084 -0.095753566277966981 0.29738149993031088 0.24916936547927124 -0.029173858056479846 -0.053525673459200999 0.96685827267810631 0.72120154122872193 0.34298321796364767 0.8532512048599743 0.25189786169389322 0.35275092838246536 0.47690914080228886 0.88264380473595627 -0.10757583274552003 0.69118564911306135 -0.022992490167236899 -0.23650499249575177 0.16663650306834363 -0.11344102405775029 0.31614706993796649 -0.021819494558751797 0.19837666121635497 0.44970757722736193 0.23012104296721847 0.45597984939126995 0.045842041819108011 0.94798196231117127 0.63338271268095958
decision_type=2 2 2 10 2 2 2 2 2 2 2 2 2 2 2 2 2 2 2 2 10 10 2 2 2 2 2 2 2 2 2 2 2 2 2 2 8 2 2 2 2 2 2 2 2 2 2 2 2 2 10 2 2 10 8 10 2 2 2 2 2 2
left_child=4 5 3 14 58 -2 -4 8 9 -6 -11 -7 13 -5 15 52 17 19 23 24 21 22 41 -19 25 28 27 -27 42 30 -30 51 37 -26 35 -35 59 -31 -39 40 -40 -21 -16 -44 -24 46 48 -48 49 -17 -51 -29 -3 -34 57 -25 -57 -38 -1 61 -61 -37
right_child=1 2 6 12 7 11 -8 -9 -10 10 -12 -13 -14 -15 16 45 -18 18 -20 20 -22 -23 44 55 33 26 -28 31 29 32 -32 -33 53 34 -36 36 54 38 39 -41 -42 -43 43 -45 -46 -47 47 -49 -50 50 -52 -53 -54 -55 -56 56 -58 -59 -60 60 -62 -63
leaf_value=0.0030179203209962334 0.044174919411861621 0.061704446010488391 0.060876332329055087 1.1403934065372714 -0.18773668065415608 0.098931889125892611 -0.0588750752379395 0.0047213616602080448 -0.0083779931843374969 0.052790318529164673 -0.076471699675984217 0.34559451538412012 -0.06314888066259465 -0.15428817447807108 0.019530147012719212 0.19563976071990474 -0.010240235606435279 0.84970498643022907 0.03978832298336879 -0.023671855468016405 -0.38523877904725623 0.40564359879308898 0.12366123717974176 0.13184714764901537 -0.026066097464948534 -0.16698102393653247 -0.35601693459770134 0.70455979978716055 -0.26024634898072335 0.055283097712870613 -1.2947289714446435 0.23709779426455502 -0.70117254950311203 -0.5150720469128246 0.034600655552262861 0.23282351488021658 0.01000909721949185 0.57797073918218556 0.028494379420470846 -1.0028449437335918 -0.37123966484254051 -0.69565589326876598 -0.1021529599245995 -0.79794865039044194 -0.18675171314903044 -0.25832155967752141 0.47732491039616226 -0.61253103743428772 0.089430041652131864 0.13396882075816394 0.81555057126283659 1.6912373097319353 -0.49335575050628577 -0.15757447380353423 0.1120233823948833 0.84874524234989546 0.2444131061942133 -0.5267984383246479 -0.098759502457748477 0.24695721844114071 -0.43266375423050846 0.74713759070287489
leaf_weight=37148 4903 2049 1657 31 2451 827 8639 6490 5199 1664 8446 510 4358 35 4065 121 15891 47 3967 65 263 129 455 1222 4432 40 57 37 82 728 39 40 109 78 19982 167 198 37 244 38 292 122 146 56 340 63 34 46 182 50 200 38 61 136 2703 81 279 85 1722 556 52 148
leaf_count=37148 4903 2049 1657 31 2451 827 8639 6490 5199 1664 8446 510 4358 35 4065 121 15891 47 3967 65 263 129 455 1222 4432 40 57 37 82 728 39 40 109 78 19982 167 198 37 244 38 292 122 146 56 340 63 34 46 182 50 200 38 61 136 2703 81 279 85 1722 556 52 148
internal_value=0.000734003 0.0147144 0.00960798 0.017442 -0.0172536 0.0760672 -0.0396027 -0.0425194 -0.0597825 -0.0810588 -0.0551965 0.193022 -0.0554364 0.45382 0.0227931 0.0990283 0.0190693 0.0302776 0.0886049 0.0212006 -0.103805 -0.0371831 -0.0953548 0.207485 0.0261668 -0.0250616 0.34362 0.600906 -0.0381494 -0.145231 -0.593675 0.867997 -0.110975 0.0373212 0.0490419 0.121418 0.134119 -0.0581975 -0.193408 -0.243131 -0.189271 -0.462079 0.00463806 -0.295047 -0.00909399 0.260827 0.312496 -0.149342 0.379308 0.521512 0.679234 1.20448 0.0456577 -0.39942 0.0870741 0.188405 0.380388 -0.151223 -0.00149097 0.286314 0.188832 0.474469
internal_weight=144332 81212 74972 64676 63120 6240 10296 24250 17760 12561 10110 1337 4424 66 60252 2806 57446 41555 5596 35959 1374 1111 982 1629 34585 6184 212 155 5972 1705 121 115 1584 28401 23969 3987 3909 1339 611 574 536 187 4267 202 795 696 633 80 553 371 250 75 2110 245 2986 1582 360 283 38870 923 608 315
internal_count=144332 81212 74972 64676 63120 6240 10296 24250 17760 12561 10110 1337 4424 66 60252 2806 57446 41555 5596 35959 1374 1111 982 1629 34585 6184 212 155 5972 1705 121 115 1584 28401 23969 3987 3909 1339 611 574 536 187 4267 202 795 696 633 80 553 371 250 75 2110 245 2986 1582 360 283 38870 923 608 315
is_linear=0
shrinkage=0.05


Tree=115
num_leaves=63
num_cat=1
split_feature=135 133 70 50 72 69 90 98 70 113 89 95 75 133 71 90 92 54 54 84 50 80 89 72 136 121 56 89 72 109 69 89 71 101 59 84 101 55 125 74 96 86 99 85 67 86 82 90 68 89 44 105 69 87 89 123 118 41 121 95 95 95
split_gain=12943.6 10931.1 9223.42 10182 13335.9 18747.9 13662.2 15841.3 10754.9 10056.9 10649.5 9913 12535 9207.4 10386.6 11346.2 9199.62 8939.44 8193.99 8170.03 15599.2 12903 22320.5 11779.1 11432.6 17957.3 18218.3 12046.9 11301.7 10880.8 10524.9 10388.8 13509.9 10388.4 14444.1 9712.49 13685.3 9524.98 9088.47 10849.9 8907.31 11616.5 8729.59 8497.95 8243.95 8167.94 10852.5 8955.46 11295.4 9945.79 8845.33 8163.18 9561.16 8140.25 8079.77 8044.38 7925.02 7900.01 17129.9 10805.8 9759.58 13636
threshold=-0.019094997392225647 0.013054193507133353 1.3902109660753281 0.57488550717956277 0.43233715706570403 0.57573258710908293 -1.0435636029129207 -0.088021279948704331 0.37409606032573128 -0.005714018078500499 0.025700066226678055 0.42821516213779748 0.076940480217825472 -0.025728808411798847 0.53362359853470209 -1.092741233584158 0.67469235386402759 -0.0084916142200088477 -0.11292032604084544 -0.3993754312923482 0.65025809461840944 -0.36665787843421083 0.071274085519700256 -0.026136519344964495 0 0.0067978170250016009 0.23780142488487693 0.029155121472992953 0.56196345776423906 -0.0042525281079301485 0.48565309910951432 0.08142010488240202 0.78774498677906779 0.95916330294686125 0.5187131383625404 0.18171235338323094 0.8050038561040852 0.35096378630186381 -0.0018682310338531997 -0.016498669693105695 0.28367774154448061 -0.19759792643127763 0.67937687473524233 0.27195546696274875 0.59796240641324816 -0.037609641667997039 -0.12522169663437729 -0.087160842945675179 0.26029423565432636 0.066596366523115957 -0.046788991242025242 -0.0054824868748815994 0.52389268641014397 0.26349835124453075 0.08950981312787766 0.016048697097583504 1.0000000180025095e-35 0.11177684243178306 0.0082109816421658526 0.52472765981949843 0.54956588059117673 0.51010688447593355
decision_type=2 2 2 2 2 2 2 2 2 2 2 10 2 2 2 2 2 2 2 2 2 2 2 2 1 2 2 2 2 2 2 2 2 2 2 2 2 2 2 2 2 2 2 2 2 2 10 2 2 2 2 2 2 2 2 2 2 2 2 8 10 10
left_child=1 19 3 4 6 17 7 11 13 -8 -11 -2 -13 -5 15 -15 54 -6 -10 55 21 22 23 -21 30 26 27 42 31 -29 37 32 35 38 -35 36 -24 -23 39 -33 -40 -42 -26 -31 -44 47 -47 48 -45 -50 -48 -41 -53 -27 -17 -1 -9 60 59 -59 61 -12
right_child=2 -3 -4 8 5 -7 9 56 18 10 57 12 -14 14 -16 16 -18 -19 -20 20 -22 24 28 -25 25 53 -28 29 -30 43 -32 33 -34 34 -36 -37 -38 -39 40 51 41 -43 44 45 -46 46 50 -49 49 -51 -52 52 -54 -55 -56 -57 -58 58 -60 -61 -62 -63
leaf_value=0.0095831291822960542 0.063844255718755086 0.022456722045272395 -0.093946353422379267 -0.021618411160983116 0.28964945078073517 -0.20950731078852952 0.065767135315995123 0.15049264511096994 -0.085062435614544241 0.077132911456115727 -0.00052377219268542267 -0.93378005132340547 -0.025664816175897914 -0.32212964795813293 0.13187599396511152 -0.16296657406475765 0.75091438196240912 -0.042560467599871421 0.039098465523416316 0.031077351537370741 -0.013869831787257179 0.36135854804564432 -0.099769725254456321 0.35743707630700539 0.30416838362654475 0.026593083087751209 -0.087117207865498619 0.31288439243411026 -0.47466140519329569 0.1719948750992234 -0.10528562482787861 -0.49374760804794066 -1.0091898019115131 -0.028925459264289768 0.83683463390438984 0.29342793287375035 -0.92517278875327769 -0.28751114888985957 0.067566820138116032 0.10515917424963397 -0.020720061812344499 -0.84258462606714335 -0.55896253662667872 -0.04883883129346224 -0.049552355670476694 0.025654527291058091 -1.2955306792259218 -0.61621802893711586 -0.15550462367377946 -0.84023207690980706 -0.63790879736552186 0.21096253284617614 -0.29189555711988113 0.69668908733184698 0.55771078197068957 -0.164566104196399 0.44411269092683381 -0.057651519824285062 -0.12460940228764349 0.067512559718911527 -0.25044902755306719 0.31083983383378233
leaf_weight=10042 2783 9697 2154 749 315 1649 5681 533 1469 3867 52622 57 114 46 1883 71 187 567 13925 717 11497 230 166 450 94 282 1043 48 187 52 3276 213 60 126 78 78 72 75 1213 324 127 65 127 284 212 53 60 263 97 117 346 115 531 54 86 710 404 3595 4313 3314 387 354
leaf_count=10042 2783 9697 2154 749 315 1649 5681 533 1469 3867 52622 57 114 46 1883 71 187 567 13925 717 11497 230 166 450 94 282 1043 48 187 52 3276 213 60 126 78 78 72 75 1213 324 127 65 127 284 212 53 60 263 97 117 346 115 531 54 86 710 404 3595 4313 3314 387 354
internal_value=-0.00137453 -0.0242905 0.00841071 0.0106384 0.00297037 -0.109984 0.00663447 0.0979598 0.0441798 0.00184111 -0.00346427 0.0411399 -0.32837 0.130419 0.180518 0.415373 0.513993 0.0760859 0.0272502 -0.0378285 -0.0548144 -0.0967138 -0.0314276 0.156923 -0.140692 -0.210407 -0.252581 -0.351029 -0.0969433 -0.426101 -0.0789102 -0.0746475 -0.321378 -0.0414201 0.3021 -0.190781 -0.349471 0.2018 -0.0684982 -0.170611 0.0174798 -0.298955 -0.122174 -0.453987 -0.240393 -0.480668 -0.647252 -0.380193 -0.255545 -0.529865 -0.735094 -0.0996539 -0.202377 0.134287 0.231799 -0.00191668 0.277091 -0.00829 -0.0464232 0.00238521 -0.000270757 0.00155684
internal_weight=144306 43181 101125 98971 80555 2531 78024 3891 18416 74133 68452 2954 171 3022 2273 390 344 882 15394 33484 22732 11235 4522 1167 6713 3132 2796 1753 3355 1320 3581 3168 376 2792 204 316 238 305 2588 1183 1405 192 433 1272 339 1220 459 761 498 214 406 970 646 336 157 10752 937 64585 11222 6909 53363 52976
internal_count=144306 43181 101125 98971 80555 2531 78024 3891 18416 74133 68452 2954 171 3022 2273 390 344 882 15394 33484 22732 11235 4522 1167 6713 3132 2796 1753 3355 1320 3581 3168 376 2792 204 316 238 305 2588 1183 1405 192 433 1272 339 1220 459 761 498 214 406 970 646 336 157 10752 937 64585 11222 6909 53363 52976
cat_boundaries=0 1
cat_threshold=9
is_linear=0
shrinkage=0.05


Tree=116
num_leaves=63
num_cat=0
split_feature=102 103 125 90 112 124 63 127 25 80 120 111 121 115 82 111 131 125 70 34 96 98 59 94 89 74 75 51 49 92 50 64 41 44 113 75 70 73 93 71 91 38 84 41 74 81 93 46 135 55 76 38 44 84 75 79 37 108 94 125 69 129
split_gain=12649.1 9946.39 8712.83 7851.65 7904.77 7830.86 9083.98 7769.33 7305.61 8506.36 8098.79 9246.79 9618.9 7310.29 6427.43 7739.4 6785.74 6583.04 6191.51 6023.54 8778.71 5854.36 7697.98 5827.73 8109.91 5778.58 8364.22 5666.29 6881.9 7278.49 5583.3 7648.46 6706.63 6616.53 6450.62 5938.87 6475.1 5827.67 6671.65 6315.69 5569.71 5508.04 8160.21 6360.75 6358.76 6195.77 5541.79 6541.26 5616.28 5507.7 9439.79 8321.86 6446.55 6778.38 5764.49 5435.5 5431.57 5675.74 5400.31 5397.72 5394.57 6197.64
threshold=0.3632670909873314 0.040018581162176659 -0.014025482923744547 -0.84350258738054429 0.066497368063646908 -0.35176498279444196 1.2816291826821675 0.0027203472125784003 -0.20287257398968203 2.1382510254627971 -1.0000000180025095e-35 -0.0020898090123818496 0.0089838949769151018 0.0072127457046104503 0.3708134631444916 -0.020690392207189049 0.041789440427650357 0.0066044614962725004 -0.40385363819822734 -0.55380809042818369 0.57424278750886526 -0.088021279948704331 0.48990174475136372 -0.10434820540892938 0.095734806958827759 -1.0630208673314347 0.13816764826879727 0.44328150906635916 0.25303685073750526 -0.17412631275754806 0.66738155224473916 -0.77417038323098841 0.077430306571478466 -0.049209317627698541 0.0019770928198913503 0.094314880267479154 0.49045791193624766 0.51888968992084694 0.50878904353178589 0.60339508378452378 0.16545817713175498 0.98063144840090311 -0.24212353467007994 0.09358448207752966 0.20263179629129413 0.22920692539412277 0.40746106718631175 0.10502365102157271 -0.024111543859695498 0.16370002877782389 -0.4656347129958382 0.076947038225774866 -0.12871874242022993 0.16247606806821777 0.11928828673650597 0.018849100696401406 0.82667652165029037 0.16043471515039948 -0.078264508816778142 -0.0017506676761955998 0.69073112057680053 -0.0086851736605281973
decision_type=2 2 2 2 2 2 2 2 2 2 2 2 2 2 8 2 2 2 2 2 2 2 2 8 2 2 2 2 10 2 2 2 2 2 2 2 2 2 2 2 2 2 2 2 2 2 2 2 2 2 2 2 2 2 2 2 2 2 8 2 2 10
left_child=5 2 41 21 14 6 7 -1 -7 10 11 12 30 -12 15 19 -17 18 -16 -5 27 49 23 24 -23 -15 -27 28 29 -21 31 -10 37 -32 56 -35 -37 -33 39 -39 -20 42 46 44 -44 -46 -2 48 -48 52 -51 -52 -4 -54 -55 -3 57 -34 -45 -9 -13 -62
right_child=1 55 3 4 -6 8 -8 59 9 -11 13 60 -14 25 17 16 -18 -19 40 20 -22 22 -24 -25 -26 26 -28 -29 -30 -31 33 32 34 35 -36 36 -38 38 -40 -41 -42 -43 43 58 45 -47 47 -49 -50 50 51 -53 53 54 -56 -57 -58 -59 -60 -61 61 -63
leaf_value=0.021483211738650129 0.14119884066559116 0.45906101848185066 -0.010698560919089425 0.12520546378186032 -0.041344569804910851 0.0017256929272093794 0.82583286271741008 -0.13383868489829917 -0.2512614189131212 -0.088197674474889451 0.088380204286930636 0.080959726696906986 0.21685061780826273 0.19593444999349297 0.033724783585028777 0.010274171504197835 -0.094824941915041455 0.0074223592205473034 0.36628123586641925 0.4894779415249273 0.0037043046391837539 -0.99654696255922315 0.33191249315828597 0.11352819360564559 0.035793013397890788 0.037497701918234476 -0.10103781353954444 -0.61969845078993535 -0.43582528914817992 -0.29061975287857339 -0.14610453785974434 -0.039323422183503404 0.099359712841338654 0.019579622227191409 0.24738191735163773 0.63571827446604956 0.10658116544237231 -0.56491372886424263 -0.041077085369540946 -0.19173910137108829 0.12214018892069969 -0.0091051816051521406 -0.14234794803578371 -1.1093328990434346 -0.23686562356401664 -1.0054044477317645 -0.70284308324257538 0.45411043441032667 -0.13259319586425342 0.045934994715152534 -0.85945258231266686 -0.1545946683362226 -0.014780386743101455 0.22230220304523321 0.91884801541605299 -0.063449497319093981 -0.26914991242145853 -0.27778162837155862 -0.38686506141115123 -0.0037199084769500277 0.14032929595894938 -0.052884545006604611
leaf_weight=2511 257 50 987 161 13498 42719 30 2514 491 1429 9916 5306 412 489 808 18125 1678 2269 393 54 281 30 411 490 52 8534 1249 138 170 67 563 2692 677 3378 323 81 202 156 482 415 576 832 497 38 61 46 60 34 154 1002 46 467 353 710 31 10938 168 117 81 1167 535 1851
leaf_count=2511 257 50 987 161 13498 42719 30 2514 491 1429 9916 5306 412 489 808 18125 1678 2269 393 54 281 30 411 490 52 8534 1249 138 170 67 563 2692 677 3378 323 81 202 156 482 415 576 832 497 38 61 46 60 34 154 1002 46 467 353 710 31 10938 168 117 81 1167 535 1851
internal_value=0.000192179 -0.0184368 -0.00799313 -0.00315852 -0.0105715 0.0119598 -0.0421235 -0.0463287 0.0160543 0.0315639 0.0360632 0.0115264 -0.0197917 0.057757 0.00623163 -0.00504722 0.00136864 0.0638636 0.135932 -0.150918 -0.213532 0.0587132 0.166846 0.0482406 -0.341892 0.0281952 0.0198108 -0.355824 -0.230687 0.057523 -0.0297965 -0.0629002 -0.0445135 0.013472 0.0540492 0.0380122 0.25803 -0.0783327 -0.17806 -0.293692 0.221157 -0.108433 -0.175731 -0.283451 -0.217623 -0.567265 -0.0215091 -0.190122 -0.292476 0.0291541 -0.0433688 -0.217798 0.0819519 0.165541 0.251442 -0.0610719 -0.0108639 0.043786 -0.617569 -0.0925867 0.0528808 -0.00956124
internal_weight=144252 55845 44857 42797 38218 88407 6222 6192 82185 39466 38037 17849 10157 20188 24720 20674 19803 4046 1777 871 710 4579 983 572 82 10272 9783 429 291 121 9745 5521 5030 4224 1285 3661 283 3745 1053 571 969 2060 1228 723 604 107 505 248 214 3596 1515 513 2081 1094 741 10988 962 794 119 3681 7692 2386
internal_count=144252 55845 44857 42797 38218 88407 6222 6192 82185 39466 38037 17849 10157 20188 24720 20674 19803 4046 1777 871 710 4579 983 572 82 10272 9783 429 291 121 9745 5521 5030 4224 1285 3661 283 3745 1053 571 969 2060 1228 723 604 107 505 248 214 3596 1515 513 2081 1094 741 10988 962 794 119 3681 7692 2386
is_linear=0
shrinkage=0.05


Tree=117
num_leaves=63
num_cat=0
split_feature=122 99 69 82 69 94 95 74 89 68 83 42 87 56 81 81 97 94 80 121 87 68 74 68 80 84 44 70 74 45 112 92 85 96 77 86 113 115 82 119 71 100 79 99 89 93 103 123 68 88 78 100 96 82 85 96 92 96 87 95 93 82
split_gain=12683.8 12241.5 12854.6 12440.2 12032.5 12493.2 12996.4 10306.6 16388.9 16266.2 14564.8 14103.8 13033.3 18419.4 12419.2 16243.8 14783.2 21363 18028.4 25218.8 15050.9 14667 13297.3 13899 13163.2 17183.3 15941.6 12463.6 16716.3 12618.2 12818.2 12367.6 11600.5 13249.4 11308.5 12884.9 11982.6 11524.7 11238.4 10126.8 10001.7 9880.81 12986.8 11275.7 10472.5 9824.23 9563.54 10118.6 11975 9370.33 9366.01 9325.32 9192.21 9143.62 11225.9 9072.81 9024.8 13267.7 8993.86 8891.47 8717.36 8710.74
threshold=0.31621419283699781 0.5652450052204735 0.68549831303117614 0.54149154982693282 0.76706495822047016 -0.040667661123420996 0.54948476013570591 0.11655028024546847 0.1064625343476553 -0.53840898801112058 0.21114350228979653 -0.34088108744788209 0.39944587143512827 -0.25823001053526334 0.17385201252344312 0.2414088548725444 0.64311743264501664 -0.13043190200106217 -0.30218265232723202 -0.0016974016491786998 0.19785256048141156 -0.30951970502186887 0.0015851255616766001 -0.20239332233992871 -0.60372119560012061 0.25960473442774906 -0.048353537182534996 0.14395218465423279 0.011654938034208752 0.10637852092973527 0.063177209001116563 -0.13403682857871882 0.38514796415965935 -0.24901735362363997 0.31973638891546197 -0.12026963163320874 0.010909781864185902 -0.011311850697123448 1.4535150497563141 -0.013232909701007598 0.58886514560840542 -0.083803019503736378 0.041658320580531101 0.81602499055176747 0.05412123510974836 0.53170980000560319 -0.028517599121505994 -0.0015228661825347999 -0.43022091963344333 -1.0936259434456495 -0.073497189368540286 -0.32731394344337 0.39148552019277577 -0.060606394041122343 0.4689643948004934 -0.07144254350693878 0.55436732622903773 -0.34022539831521831 0.26749028396087471 0.21368217147217214 0.58345911275802409 -0.011835023863613998
decision_type=2 2 2 10 2 10 10 2 2 2 8 2 2 2 2 2 2 10 2 2 2 2 2 2 2 2 2 2 2 2 2 2 2 2 2 2 2 2 10 2 2 2 2 2 2 2 2 2 2 2 2 2 2 10 2 2 2 2 2 10 2 10
left_child=1 3 7 -1 -5 -6 -7 8 9 45 56 -9 38 -14 22 16 17 18 19 21 -20 -16 23 -11 25 50 40 28 29 30 -17 41 -30 -34 35 52 -36 -37 -13 -4 -26 44 -43 -44 -28 -3 -41 48 -48 -2 -18 59 -29 -19 -55 -35 57 -10 -53 -33 -59 -39
right_child=49 2 39 4 5 6 -8 11 10 14 -12 12 13 -15 15 27 24 53 20 -21 -22 -23 -24 -25 26 -27 31 34 32 -31 -32 51 33 55 36 37 -38 61 -40 46 -42 42 43 -45 -46 -47 47 -49 -50 -51 -52 58 -54 54 -56 -57 -58 60 -60 -61 -62 -63
leaf_value=0.025554239223549682 0.10199730951233116 0.00052185403840266265 0.051059547179422252 0.13306948661478699 0.16605371736976154 1.8299425563125902 0.4042251731599531 -0.010599206896897391 0.052736446676671392 0.098786498730005806 0.036462424907397269 0.092897321152249648 0.14297225334975003 -0.25918416145256201 -2.0992188631840376 0.030638233222351537 -0.011944036649163957 -0.02077770801046587 -1.1746291658570689 -0.2792426486467493 0.047052583517851659 -0.87354911118745804 -0.091987734311193572 0.66621146657588814 -0.91360451378230312 1.2636962971266579 0.047820666631062825 -0.29235574602446868 -0.035342408200730424 -0.98309660431216761 -0.17801856426728443 0.59626229342871484 -0.05766434419916884 -0.89309057909995326 -0.03240291034029965 -0.44011949324607857 0.95698132889886056 0.49097798251607849 0.89377104714512834 0.040943109506272182 -0.26370365994233586 0.11692179328413638 -0.49050423788004799 0.18889006430490152 1.1456203775746483 0.10560865244254264 0.0058811301159508098 -0.030538344541675241 -0.15295833839593007 -0.051703420678547378 0.46735839398922741 -0.36374698404036815 0.10512376111519875 -0.14734146485198593 -0.42046142722623731 -0.38974121090094127 -0.050264573596310959 0.34898547397077967 0.25904250314602484 -0.079411233899660483 0.81821359106236047 0.14454856900941757
leaf_weight=32549 1062 11848 3785 1113 68 33 31 7599 296 279 5705 9845 511 643 46 3292 416 977 31 87 135 52 349 176 74 34 45 191 413 34 948 56 223 124 2389 50 31 428 44 3668 296 917 190 90 42 2738 1700 24121 3929 14962 135 536 610 1839 473 322 209 371 65 373 135 315
leaf_count=32549 1062 11848 3785 1113 68 33 31 7599 296 279 5705 9845 511 643 46 3292 416 977 31 87 135 52 349 176 74 34 45 191 413 34 948 56 223 124 2389 50 31 428 44 3668 296 917 190 90 42 2738 1700 24121 3929 14962 135 536 610 1839 473 322 209 371 65 373 135 315
internal_value=0.000420625 0.00566968 -0.00358937 0.0314873 0.1866 0.63796 1.13936 0.0113266 -0.00348666 -0.018532 0.0674591 0.0418281 0.0779049 -0.0811062 -0.0516437 -0.0611181 -0.119283 -0.188594 -0.559385 -0.898826 -0.181093 -1.44886 0.140188 0.318274 -0.0421057 0.172804 -0.088947 -0.0182299 -0.0681518 -0.0237075 -0.0160143 -0.0402207 -0.243711 -0.372345 0.0483824 0.151789 -0.019729 0.29466 0.0964607 -0.0264535 -0.393684 0.0633096 0.0259161 -0.272127 0.577793 0.0202481 -0.0352329 -0.0446249 -0.104988 -0.0415168 0.105489 -0.169282 0.010344 -0.149024 -0.203218 -0.529686 0.242371 0.318631 -0.29639 0.00878857 0.474175 0.344107
internal_weight=144048 128024 94230 33794 1245 132 64 57027 38385 31669 6716 18642 11043 1154 17083 16279 6909 3640 351 185 166 98 804 455 3269 585 2684 9370 5356 4274 4240 2314 1082 669 4014 1594 2420 793 9889 37203 370 1284 1197 280 87 14586 33418 29750 5629 16024 551 1030 801 3289 2312 446 1011 802 601 429 506 743
internal_count=144048 128024 94230 33794 1245 132 64 57027 38385 31669 6716 18642 11043 1154 17083 16279 6909 3640 351 185 166 98 804 455 3269 585 2684 9370 5356 4274 4240 2314 1082 669 4014 1594 2420 793 9889 37203 370 1284 1197 280 87 14586 33418 29750 5629 16024 551 1030 801 3289 2312 446 1011 802 601 429 506 743
is_linear=0
shrinkage=0.05


Tree=118
num_leaves=63
num_cat=0
split_feature=105 135 99 101 89 94 123 68 73 80 74 100 119 78 82 78 121 79 74 113 72 119 66 46 111 74 127 125 113 58 75 121 99 76 81 107 121 75 115 86 77 85 91 82 46 74 85 99 69 101 36 74 115 85 58 117 88 123 52 119 82 85
split_gain=11049.9 12966.4 9670.58 12596.1 11731.7 11621.8 13207.8 13130.4 12227.7 13980.8 11092.2 10954.4 10247.7 9545.74 9285.55 9141.5 9004.25 9615.1 9079.34 8885.53 9448.52 8867.37 8432.69 8394.63 8376.77 9375.42 14448.4 13604.2 13041.7 9143.92 9066.95 8990.14 8733.62 12281 12485.2 12394.4 11285 8526.93 8355.95 8256.16 11805.6 10252.3 10231.2 9706.33 8855.96 8129.18 9640.87 9077.87 8086.32 9411.97 8314.94 8105.59 8059.75 10874.7 29665 7915.81 7158.69 7142.64 7240.53 7680.11 9634.3 10265.5
threshold=-0.013235986586899449 -0.030546617494114647 0.61707091389124913 0.54966909010201415 0.028089753909822053 -0.041709045353206041 0.009985711352791601 -0.20984473632557341 0.42574629577775897 0.12881604111383313 -1.0630208673314347 1.0081310076746897 -0.0034185027105458495 0.20498090808500571 1.0818014162136096 0.06472879881806487 0.0133131173491718 0.03134505421136561 0.19192224533151128 -0.0097446595292514978 0.67003635227064229 -0.0022271972714127996 -0.40397917073101319 -0.41466244064238689 -0.019750357989075148 -0.11032793490870839 -0.0038412582695520996 -0.0037998947903183995 0.00064261335516470005 -0.38302863171313811 0.061856377650440407 -0.0096310939981723489 0.86650233224002005 -0.082051168884601774 0.27099673084890968 -0.012527070705318699 -0.013940001778162297 0.10014442704844316 -0.0088140491263042475 -0.43974046671481687 0.16249522936284402 0.36340914650056538 0.14482355203494438 -0.066515396745554747 0.3989561107670479 -0.13950798262818787 0.26064950152818073 0.69084617534915271 0.77948751775342939 0.83022779220008525 0.66350907563964123 0.070203070826038563 0.014350299952027452 0.58157565384658738 -2.2168731752926019 -1.0000000180025095e-35 -0.10478640904234574 -0.0028055093800875494 1.1431977706807563 0.017536180426361705 0.32748193074572468 0.32878973965901509
decision_type=2 2 2 2 2 8 2 2 2 2 2 2 2 2 10 2 2 2 2 2 2 2 2 2 2 2 2 2 2 2 2 2 2 2 2 2 2 2 2 2 2 2 2 8 2 2 2 2 2 2 2 2 2 2 2 10 2 2 2 2 8 2
left_child=-1 21 3 5 11 7 13 -3 -9 12 -8 -5 -10 14 16 -6 -7 -18 -19 -12 23 -2 -14 -21 -4 26 45 28 29 -27 -30 -29 37 -34 35 -35 -37 -31 -36 42 44 43 -25 -42 -41 46 47 -26 50 -50 -17 -51 57 -54 -55 -20 -49 -33 59 -59 61 -61
right_child=1 2 24 4 15 6 10 8 9 -11 19 -13 22 -15 -16 48 17 18 55 20 -22 -23 -24 39 25 27 -28 31 30 32 -32 52 33 34 38 36 -38 -39 -40 40 41 -43 -44 -45 -46 -47 -48 56 49 51 -52 -53 53 54 -56 -57 -58 58 -60 60 -62 -63
leaf_value=0.025875714556440152 0.022138675994306908 -0.027223297696652132 -0.081656913340425311 0.19213872776957897 0.022177736158666975 0.023170862675595774 0.06929121605770347 -0.034452633913606409 -0.12018478206274184 -0.054779324097994797 0.16925018219399318 1.1328702203929424 -0.50632730724996533 0.11583098636117634 0.7935334939313563 0.17450676428294407 -0.83222519883847967 -0.040579278859572764 -0.96989361401295904 -0.0095875984480748647 0.001411764852062453 -0.058942146825019061 -1.2669834098284494 -1.1887647189592061 0.15089720397986273 0.0035409598513220192 0.034048104391603613 -0.037935464685518602 -0.12260304470606463 -0.058414261813558514 0.065519965379339018 -0.035709067281739719 -0.10732067339656892 0.089776411025770136 -0.54204221602642177 0.029276017510161109 -0.79031431559270537 -0.2932755279375811 0.4545504124353415 -0.085504444267615096 -0.63788781754952373 -0.10579508119509429 -0.31127436870363345 -0.25089015365004586 0.27956611181927132 -0.32842472576990606 -0.075526261447671703 -0.21035093211701938 0.22503739472851159 0.34868954467276736 0.0013181158497390369 1.5109852774441244 -0.02084097130636112 1.3059347033500672 -0.0016749142896557271 -0.024290777282103115 -1.1158339390466954 0.045160882926618365 -0.20287585095392435 0.37643579260329718 0.42397899532353317 0.08021032007674983
leaf_weight=30641 4195 804 4152 939 11010 10048 1667 180 44 94 351 32 58 2871 38 1487 49 627 53 1047 1948 17190 98 38 37 1790 2970 5769 816 2938 2978 2134 662 63 33 49 294 445 58 781 213 925 264 677 211 371 5141 35 225 30 1298 30 7689 58 172 38 58 11229 254 320 254 3399
leaf_count=30641 4195 804 4152 939 11010 10048 1667 180 44 94 351 32 58 2871 38 1487 49 627 53 1047 1948 17190 98 38 37 1790 2970 5769 816 2938 2978 2134 662 63 33 49 294 445 58 781 213 925 264 677 211 371 5141 35 225 30 1298 30 7689 58 172 38 58 11229 254 320 254 3399
internal_value=-0.000774094 -0.00795418 0.000170352 0.0194445 0.0550444 -0.00372676 0.00484666 -0.15028 -0.359009 -0.557717 -0.0456902 0.223141 -0.794097 0.0347549 0.0133074 0.0434519 0.010566 -0.154563 -0.108316 -0.0753841 -0.0894514 -0.0430369 -0.984175 -0.132041 -0.0134132 -0.00774803 -0.0552137 0.0021248 -0.0482469 -0.0921703 0.0250591 0.0184322 -0.12989 -0.248345 -0.436188 -0.554832 -0.67323 -0.0893079 0.0931487 -0.173279 -0.146553 -0.22236 -0.421687 -0.343509 -0.00785335 -0.102202 -0.0862793 -0.511519 0.119748 0.373416 0.093789 0.929837 0.0311801 -0.0107072 0.32807 -0.575026 -0.775061 0.0500377 0.0618767 0.0663003 0.126047 0.105699
internal_weight=144369 113728 92343 38175 15051 23124 21846 1278 474 294 8122 971 200 13724 10853 14080 10815 767 718 6455 6104 21385 156 4156 54168 50016 8612 41404 10126 6332 3794 31278 4542 1159 497 406 343 3383 91 3109 2807 1815 302 890 992 5642 5271 130 3070 285 2785 60 25509 7919 230 91 93 17590 15456 15202 3973 3719
internal_count=144369 113728 92343 38175 15051 23124 21846 1278 474 294 8122 971 200 13724 10853 14080 10815 767 718 6455 6104 21385 156 4156 54168 50016 8612 41404 10126 6332 3794 31278 4542 1159 497 406 343 3383 91 3109 2807 1815 302 890 992 5642 5271 130 3070 285 2785 60 25509 7919 230 91 93 17590 15456 15202 3973 3719
is_linear=0
shrinkage=0.05


Tree=119
num_leaves=63
num_cat=0
split_feature=111 135 124 127 50 68 49 124 83 94 113 96 113 75 133 124 12 112 52 50 111 121 125 113 33 72 133 82 10 111 41 68 110 4 63 99 125 93 40 113 59 68 45 83 66 97 87 42 103 42 101 94 41 73 88 75 121 68 87 38 79 70
split_gain=10511.7 15579 9553.69 9278.52 11976.3 14594.6 19823.6 14770.2 11239.4 11068.1 15495 10414.4 10347.8 9701.64 8892.94 8466.85 8242.07 11096.9 14777.1 11091.6 13660.2 10536.1 10413.6 11650 9825.67 10490.7 11013.2 13040.8 8748.08 8298.74 13405.7 10901.7 8553.57 8539.22 8006.41 8783.04 7929.34 7751.37 8333.76 7674.98 7499.37 7246.81 11115 14347.2 10494.4 9820.57 8643.17 7686.23 7585.77 7509.45 7799.16 7185.43 7136.3 7216.23 7129.36 7082.81 7055.01 7043.4 6961.82 6929.37 6869.44 6818.2
threshold=-0.0079696692019963471 0.021393252529724953 0.62281974867674417 -0.0057933226176628992 1.0874041652743121 -0.46026039183200379 0.36520007091927559 -0.025162275741464044 1.7729526769483317 -0.12929267297875494 0.0027381865093034506 -0.79215239379638269 0.021078122242664355 0.050732719447367812 0.0026352341939920505 0.0068147830133012009 9.3589500000000019 -0.018061522497646049 0.54804979751202776 -0.24820399207435667 0.0011243614470577 0.027074815392441602 0.0012366925144811503 0.0015888031841757003 0.18458290150730752 0.6369270561653102 -0.021431991091567699 -0.27034487876034424 2388.1450000000004 0.0084847815365814028 0.13538539416896497 -0.84478088661161499 0.18088434460086214 558.16500000000008 1.2079502568528149 0.63486883947242323 -0.0052469663356599491 0.67373912936639424 0.0098746623196646517 -0.010640372042044847 0.25255337252028026 0.58007110594493239 0.053962942455229111 0.41048099342539518 0.43374895470333491 0.75239877678741007 0.21675451626604603 -0.030549139016161447 0.011913926648127352 -0.020411844820791145 0.88777147442745397 -0.064646336489393177 0.10253383730108172 0.58653556390019213 0.052604671493607251 0.091784851444869073 -0.0051458615214036987 0.42408772443331921 0.49123669568446965 0.52131109966543454 0.42606765804200897 0.46499712832897483
decision_type=2 2 2 2 2 2 8 2 8 10 2 2 2 2 2 2 2 2 2 2 2 2 2 2 2 2 2 8 2 2 2 2 2 2 2 2 2 2 2 2 2 2 2 10 2 2 2 2 2 2 2 8 2 2 2 2 2 2 2 2 2 2
left_child=1 3 16 -1 5 8 7 9 -5 -7 -11 -10 34 -13 39 -9 19 22 -19 29 24 -22 23 41 25 26 27 56 55 -2 33 -32 -33 -31 35 -8 40 -17 -39 -15 -30 42 45 44 48 57 47 -47 49 50 -44 -38 53 -29 -37 -28 -21 -18 -56 60 -14 -27
right_child=2 -3 -4 4 -6 6 12 15 11 10 -12 13 59 14 -16 37 17 18 -20 20 21 -23 -24 -25 -26 61 28 52 36 30 31 32 -34 -35 -36 54 51 38 -40 -41 -42 -43 43 -45 -46 46 -48 -49 -50 -51 -52 -53 -54 -55 58 -57 -58 -59 -60 -61 -62 -63
leaf_value=0.018577293820049284 0.021048434970013262 0.05387836822815889 -0.036172550064058166 0.039785192761443176 0.0055018639747654472 -0.47143015601189742 0.065498113965103535 0.060095777520560056 0.015953832397673548 -0.24889484771599674 0.070459461926577982 -0.089084262328593025 -0.068739149543434019 0.11901197514750742 -0.052349012399758768 -0.1304240721466205 0.0025132816934426566 0.027948221526256874 -0.19963247511725823 -0.62439971212632284 0.089850833670105629 -0.026250479730469591 0.005054993538297756 0.092413305648451696 0.094460543190425003 0.24861463033335493 -0.0050422155692360186 0.023197035552970612 -0.72094942076338664 0.0019547588972473797 -0.011159169465473455 -0.08331630055141874 -0.31711179551216329 -0.5298637307003925 0.78159853527040202 -0.13089697090123784 0.13890169871332081 0.87236904799938209 -0.0449037594978626 -0.69845906425924875 -0.18324328091894759 -0.050892995232731858 -0.41106125100439794 -0.077775905830246073 0.22290168827715912 -0.25175626562573972 -0.11808900993078127 -1.1842172739552517 -0.71343921996018256 -0.024015586328717461 -1.2422597271506675 -0.13166286524550588 -0.38130207821703371 -0.32588529253681736 0.087676953420087078 0.15786868013513725 -0.23556954347400971 -0.54809418190871517 -0.37724651560354772 -0.020564286526419701 -0.36663726106901673 0.034350911048423381
leaf_weight=7029 27822 6024 10452 4512 8262 415 2557 772 812 2202 459 490 328 33 109 4184 919 11602 760 167 14858 2250 3053 568 2603 432 3470 1063 90 11030 1205 717 861 76 33 1579 344 40 65 221 232 1172 239 397 53 39 109 51 267 113 32 856 159 172 845 826 387 62 89 608 472 2642
leaf_count=7029 27822 6024 10452 4512 8262 415 2557 772 812 2202 459 490 328 33 109 4184 919 11602 760 167 14858 2250 3053 568 2603 432 3470 1063 90 11030 1205 717 861 76 33 1579 344 40 65 221 232 1172 239 397 53 39 109 51 267 113 32 856 159 172 845 826 387 62 89 608 472 2642
internal_value=0.000451021 -0.0205606 0.00911895 -0.0329767 -0.0454349 -0.0656433 -0.0928249 -0.144856 -0.0011857 -0.231264 -0.193809 -0.112213 -0.0277999 -0.23422 -0.430133 -0.0923383 0.0142814 -0.0146227 0.0139569 0.0220556 0.0449445 0.0745815 -0.0645662 -0.117427 0.00722758 -0.0137196 -0.0446661 -0.147567 -0.0102125 0.00529076 -0.0262745 -0.124405 -0.210882 -0.00168455 0.00531005 0.000257287 -0.113219 -0.119776 0.304534 -0.592252 -0.333534 -0.151945 -0.203866 -0.31813 -0.453671 -0.097252 -0.417514 -0.780151 -0.508753 -0.366432 -0.50921 -0.054101 -0.0660121 -0.0254201 -0.0661258 0.026281 -0.35278 -0.0322856 0.0433748 -0.1478 -0.244499 0.0644621
internal_weight=144290 42140 102150 36116 29087 20825 14648 8137 6177 3076 2661 1665 6511 853 363 5061 91698 19436 12362 72262 30551 17108 7074 4021 13443 10840 7766 1948 5818 41711 13889 2783 1578 11106 5103 5070 1522 4289 105 254 322 3453 2281 1101 704 1180 199 90 651 384 271 1200 1394 1235 2513 4296 554 981 934 1408 800 3074
internal_count=144290 42140 102150 36116 29087 20825 14648 8137 6177 3076 2661 1665 6511 853 363 5061 91698 19436 12362 72262 30551 17108 7074 4021 13443 10840 7766 1948 5818 41711 13889 2783 1578 11106 5103 5070 1522 4289 105 254 322 3453 2281 1101 704 1180 199 90 651 384 271 1200 1394 1235 2513 4296 554 981 934 1408 800 3074
is_linear=0
shrinkage=0.05


Tree=120
num_leaves=63
num_cat=0
split_feature=92 90 102 80 96 100 82 79 103 90 86 98 113 109 89 34 62 101 98 76 82 82 90 50 73 79 71 85 82 119 72 86 99 127 70 123 90 83 94 72 86 77 83 95 45 85 93 127 101 96 82 113 93 87 93 48 85 45 93 72 98 88
split_gain=10762.4 11184 10820 10356.8 14907.6 14760.4 14377.4 13914.7 9929.29 9270.19 9404.42 14325.6 9011.17 9010.64 8884.35 8727.39 9565.17 10654 12932.8 8692.95 11787.4 10763.1 8347.11 8310.3 13911.5 23525.4 11818 10647.4 13094 8525.13 8001.21 13051.9 14636.5 7955.08 7901.42 7588.65 8702.13 20596.4 15516.3 14604.2 15826.8 14770.7 11872.8 10859.7 14835.3 11003.3 8935.64 8767.73 8290.42 8136.3 12562.8 7274.6 7239.88 7208.3 7040.44 9170.61 9169.9 7009.52 8679.48 7875.03 13554.8 14670.1
threshold=1.6735774859547405 -0.86417855119313358 1.0000000180025095e-35 -0.84661894733194687 0.12490121449750062 -0.15001244500883468 0.035722178238879153 0.10497862047095412 0.03608659558842376 -0.012476659830867898 0.46109084187605415 0.60975566575488804 -0.0068639818718189997 -0.0023832469480204997 0.13005424880151814 0.96954482273182563 0.57853684088383284 0.39163060138857314 -0.56046976723059305 -0.12428378762880178 -0.12103330811800674 -0.24563681908072141 -1.0435636029129207 1.2513385004024238 0.48667137346305794 0.1306116800447478 0.53520723428457684 0.38976046935562297 -0.1189740778112675 0.030149803690189502 0.53476295705861088 -0.42249477606456737 0.60435639692603693 0.020877264719187456 0.47705362594456724 0.014905951499548951 -0.62396742499235491 0.46038821450415651 -0.038584892663824893 -0.64450717085821463 -0.3766412775965024 0.28807013464151426 0.25044757198590478 0.16094583971658541 0.074506742331285167 0.31459276341551889 0.55699281709911064 0.038146981317970605 0.80264886069199981 -0.2574367795972437 -0.11246011762840359 -0.0016438599772955499 0.27397451537569789 0.37532074888078787 0.50878904353178589 -0.22397761684184561 0.34216130781589676 0.10637852092973527 0.39657774606611795 -0.15703782474792469 0.18661137451238707 -0.15654674113698247
decision_type=2 2 2 2 2 2 10 2 2 2 2 2 2 2 2 2 2 2 2 2 10 8 2 2 2 2 2 2 10 2 2 2 2 2 2 2 2 8 8 2 2 2 10 10 2 2 2 2 2 2 10 2 2 2 2 10 2 2 2 2 2 2
left_child=1 3 -3 4 19 7 15 -6 12 10 -10 -12 -4 -7 -15 16 -5 34 -19 20 -1 -21 -23 24 25 27 -26 28 -9 -28 31 -27 -33 53 -18 36 37 38 39 -14 -41 43 46 45 51 -42 48 -38 -43 -46 -51 -45 -22 -16 55 56 -40 58 -24 -59 61 -61
right_child=-2 2 8 6 5 13 -8 23 9 -11 11 -13 35 14 33 -17 17 18 -20 21 52 22 57 -25 26 30 29 -29 -30 -31 -32 32 -34 -35 -36 -37 47 -39 54 40 41 42 -44 44 49 -47 -48 -49 -50 50 -52 -53 -54 -55 -56 -57 -58 59 -60 60 -62 -63
leaf_value=0.03698173712457814 -0.12564327709140527 0.011956200455429403 0.088268517547355582 0.12918558028328142 0.28760473250913265 0.2871849462389946 -0.41962084770737001 0.5917188250692561 -0.090918816146995068 -0.019354716986966999 -1.1136697319515965 -0.14968057091997453 0.023279565662346985 -0.0079014802048372659 -0.96363504768321018 0.023283313822067397 0.38209773296117788 0.060884209543043036 0.57937027326780344 -0.6019475747384132 -1.0169594156165276 0.23923506915421036 -0.28142572632711382 0.042264356624893848 -0.70620166844455534 0.25749165577357824 -0.27811436118476046 -0.1122040580114666 -0.49632287922074964 0.10203707394151328 -0.2711889195744101 -0.79733088643449113 0.097929854238930261 -0.18030037637322377 1.26662903509888 -0.074212596520970828 0.0075815716122197997 0.059348229219708476 -0.14523489191538627 0.33269212490104771 -1.0349148010596252 -0.53673917442718988 0.16450037112369897 -0.87331525536820953 -1.635683270626598 -0.13539206791598843 -1.0801341509819031 -0.095697310234485744 0.4792320651392783 -1.2283620419127219 -0.38344184936120596 -0.29694658769751497 -0.20650042432375373 -0.1739719233198746 0.2076800412468372 -0.26176092754776698 0.14337438778606706 0.13556016249591327 0.21058263661738252 -0.97619466499702368 -0.69924377013301975 0.076255821318380421
leaf_weight=5241 1685 59159 2346 1741 322 48 122 256 5837 7885 57 119 370 86 132 1209 50 304 199 50 31 1206 100 1375 128 245 636 106 31 192 538 82 103 78 51 4465 38448 2082 545 83 39 57 187 69 36 265 40 2171 31 89 87 265 248 37 248 478 556 356 865 37 98 315
leaf_count=5241 1685 59159 2346 1741 322 48 122 256 5837 7885 57 119 370 86 132 1209 50 304 199 50 31 1206 100 1375 128 245 636 106 31 192 538 82 103 78 51 4465 38448 2082 545 83 39 57 187 69 36 265 40 2171 31 89 87 265 248 37 248 478 556 356 865 37 98 315
internal_value=-1.85455e-05 0.00146554 -0.00361886 0.0400205 0.0189836 -0.0558508 0.114084 -0.0276207 -0.017401 -0.0550148 -0.101777 -0.461882 -0.00752966 -0.353267 -0.445585 0.132405 0.188665 0.36011 0.266011 0.0574646 0.0201238 0.125559 0.137778 -0.0551132 -0.112901 -0.0102191 -0.259083 0.316032 0.474195 -0.189963 -0.142674 0.0181188 -0.298888 -0.597977 0.828742 -0.0119702 -0.00594779 -0.0648099 -0.139845 -0.252604 -0.334396 -0.381923 -0.0894658 -0.490304 -0.623659 -0.250791 -0.460495 0.00206153 -0.17884 -0.950794 -0.810703 -0.416017 -0.296551 -0.79075 -0.0399857 -0.0788845 0.000511484 0.0686879 0.159597 -0.0401552 -0.179166 -0.0343711
internal_weight=144317 142632 126014 16618 12942 4395 3676 4014 66855 13898 6013 176 52957 381 333 3554 2345 604 503 8547 5520 3027 2977 3692 2317 1361 956 393 287 828 968 430 185 247 101 50611 46146 5527 3445 1618 1248 1165 315 850 546 304 128 40619 88 212 176 334 279 169 1827 1579 1101 1771 965 806 450 352
internal_count=144317 142632 126014 16618 12942 4395 3676 4014 66855 13898 6013 176 52957 381 333 3554 2345 604 503 8547 5520 3027 2977 3692 2317 1361 956 393 287 828 968 430 185 247 101 50611 46146 5527 3445 1618 1248 1165 315 850 546 304 128 40619 88 212 176 334 279 169 1827 1579 1101 1771 965 806 450 352
is_linear=0
shrinkage=0.05


Tree=121
num_leaves=63
num_cat=0
split_feature=130 92 50 54 90 58 75 119 88 79 78 92 74 113 34 99 91 135 129 53 100 100 95 54 75 89 90 100 86 80 26 107 99 117 45 127 62 133 92 76 124 94 56 118 109 99 15 113 121 76 79 64 69 94 107 22 87 131 119 122 92 51
split_gain=10605.5 8151.29 9624.08 10522 9207.02 9594.15 18931.2 14495.8 11606.8 11511.4 15697.8 12898.5 11157 11041.1 10686.8 10996 12893.6 9957.86 10666.5 9770.33 11515.1 9668.57 9580.21 9409.65 9373.62 9336.68 9996.84 9858.21 9336.42 9221.13 8677.27 8453.79 7865.97 9368.75 7768.96 7562.87 7552.25 10949.1 10001.1 9154.99 8758.51 8579.3 7552.14 7381.24 7340.25 7286.81 7172.98 9795.14 7186.86 7143.48 7095.73 7000.77 6975.37 7298.38 6974.86 6937.2 6903.92 6902.48 6888.52 9439.85 10550.7 6863.12
threshold=0.93260704197985678 1.6735774859547405 0.56083897391042004 0.86235908444151088 -1.0125938323615427 0.49372455578763985 0.10684687938821781 -0.013232909701007598 -0.019726356206562299 0.04791708160651701 -0.050577786349017197 0.39309182516801 0.17151901669086048 0.00070487576104900007 0.96954482273182563 0.45371207115187423 0.19038171873619439 0.018438466505661354 0.00023489869844860002 0.239884107338356 -0.26850218124092617 -0.45194013282624551 0.44973452925618712 -0.14952633264234633 0.081119085900658264 0.030783078523017555 -0.15177493009121798 -0.12555113105688381 -0.042377874503200096 -0.038400491394830691 -0.40033393588845884 -0.016828927866480745 0.61707091389124913 -0.0084697213992318988 0.030779851800279003 0.017240613315242004 -0.13599571321500123 -0.028661430207852747 -1.3945504874784376 1.4248778885043552 0.21085647030073568 -0.078264508816778142 -1.0121179215914526 1.2173444691571644 -0.00024481746651324994 0.72895390973444985 28.345000000000002 -0.0022326719662364995 0.020701689114805955 0.14935561583753643 0.032324121077944003 -0.62339065795587889 0.70195409318694557 -0.042750429583013345 0.019820783444170955 -0.095998671789660234 0.19069690544703552 -0.0077666931674832988 0.024102439923573107 0.10860884746126866 -0.85251500183388573 0.4001691758216433
decision_type=2 2 2 2 2 2 2 2 2 2 2 2 2 2 2 2 2 2 10 2 2 2 10 2 2 2 2 2 2 2 2 2 2 10 2 2 2 2 2 2 2 10 2 2 2 2 2 2 2 2 2 2 2 10 2 2 2 2 2 2 2 2
left_child=1 2 3 4 28 36 7 -7 9 10 -9 -12 17 21 15 16 -14 18 22 20 -17 24 -11 -18 -10 -8 27 -27 -1 -23 -5 50 -20 -34 -13 -19 57 41 -39 40 42 49 -40 -44 -31 -22 47 48 -33 61 -4 -28 -21 -54 -26 -45 -52 -6 -59 -60 -61 -38
right_child=-2 -3 31 30 5 6 25 8 13 12 11 34 14 -15 -16 19 23 35 32 52 45 29 -24 -25 54 26 51 -29 -30 44 -32 46 33 -35 -36 -37 37 38 39 -41 -42 -43 43 55 -46 -47 -48 -49 -50 -51 56 -53 53 -55 -56 -57 -58 58 59 60 -62 -63
leaf_value=0.033328964701969277 -0.028617917003437889 -0.12933398217625322 0.67308417567065071 -0.64298971457007736 0.014750702868810606 0.1152664050462458 0.84140934817334445 0.16435718652274875 0.017751927795277438 -0.23621261952929712 0.010585923609684944 -0.28680783468726034 0.15425016745296005 -0.11352084664126427 -0.84213896179810543 0.28605523020151952 0.0031003688472312886 -0.21131055045074654 -0.071989050875980773 0.00018189739269815436 -0.35248001447523669 0.42838829478644058 0.38247224151679915 -0.6152184328485869 -0.81279227853710978 0.27585382239470019 -0.68441039697796702 -0.33399932565217894 0.20288026587410302 0.30490252877490076 -0.090260646675266898 -0.10851871721879941 -0.21243935485772036 -0.7740464626815442 -0.67201593940700877 0.3808160808653786 -0.083584124850109229 -0.23791119560580887 -0.28457110731182156 0.85982361010142749 0.00227060040031419 0.030699137704838377 0.090368743110604013 -0.89817652856149977 -0.0859093039699 0.32306560687720776 0.0606549699002423 0.024089112879180676 0.64683034899644554 0.078079815649409315 0.40370280942855735 -0.019955496001318934 -0.97362125725188153 -0.0035084076903083108 -0.036802289324502156 -0.089336794972053324 0.055740940545791019 -0.011950349124109272 -0.044316962451010446 0.14362999882721744 -0.31993091860615719 -0.29920704557517913
leaf_weight=4514 27000 1100 71 112 23141 852 47 135 503 438 137 207 154 1963 39 576 91 112 91 157 139 264 73 190 67 634 51 74 990 195 194 1979 109 233 356 104 925 303 141 35 5961 1751 9688 31 313 56 10514 10356 32 359 195 178 47 33 51 183 530 30535 3670 151 656 614
leaf_count=4514 27000 1100 71 112 23141 852 47 135 503 438 137 207 154 1963 39 576 91 112 91 157 139 264 73 190 67 634 51 74 990 195 194 1979 109 233 356 104 925 303 141 35 5961 1751 9688 31 313 56 10514 10356 32 359 195 178 47 33 51 183 530 30535 3670 151 656 614
internal_value=-0.000362398 0.00613589 0.0074172 0.000145038 0.00111528 -0.00286062 -0.0527656 -0.0792049 -0.103453 -0.167475 -0.329303 -0.424509 -0.11633 -0.0371232 -0.0254257 -0.00335239 -0.213459 -0.232467 -0.302543 0.0873188 0.173625 0.0705356 -0.147829 -0.41498 -0.0763362 0.153724 0.11923 0.212112 0.063826 0.18868 -0.292567 0.0358655 -0.485126 -0.595055 -0.530385 0.0737875 0.00267565 0.0291868 0.0466722 0.0520484 0.0502819 -0.0491213 0.0787788 0.0839528 0.064107 -0.158477 0.030293 0.00448022 -0.0964992 -0.12276 0.196047 -0.167935 -0.193449 -0.57345 -0.477407 -0.206505 0.149331 -0.00643798 -0.0204425 -0.0783627 -0.233193 -0.169609
internal_weight=144400 117400 116300 92623 92317 86813 8669 7685 6833 3477 835 700 2642 3356 1482 1443 435 1160 944 1008 771 1393 511 281 621 984 937 708 5504 772 306 23677 433 342 563 216 78144 19991 16342 16039 16004 3649 10043 9902 508 195 22881 12367 2011 1898 796 229 237 80 118 214 725 58153 35012 4477 807 1539
internal_count=144400 117400 116300 92623 92317 86813 8669 7685 6833 3477 835 700 2642 3356 1482 1443 435 1160 944 1008 771 1393 511 281 621 984 937 708 5504 772 306 23677 433 342 563 216 78144 19991 16342 16039 16004 3649 10043 9902 508 195 22881 12367 2011 1898 796 229 237 80 118 214 725 58153 35012 4477 807 1539
is_linear=0
shrinkage=0.05


Tree=122
num_leaves=63
num_cat=0
split_feature=84 122 8 126 52 89 72 96 111 8 121 96 129 91 76 6 101 109 36 69 81 103 111 125 34 79 79 105 135 50 90 80 135 94 94 81 94 90 93 73 62 79 49 111 119 113 109 82 75 121 92 95 115 35 90 75 81 85 83 83 76 95
split_gain=9719.33 9337.5 10102.7 8761.14 8232.62 7698.21 8858.4 7343.15 7011.16 7002.64 8566.55 8594.15 6980.82 6950.54 8879.9 13097.2 8441.56 9040.56 7138.8 9639.33 7129.76 7107.47 7810.15 7518.97 6925.57 6939.98 6762.14 6629.98 7375.33 7848.96 12308.7 17264.9 12476.8 10813.3 10111.5 11340 9544.4 8368.1 10015.9 14996.5 10774.7 8495.53 8271.22 7328.18 8125.77 8086.53 7778.02 13044.5 6871.2 12062.5 11191.2 8252.81 10013.5 7895.42 6820.92 6647.47 6536.04 7672.55 7068.26 6712.79 6465.15 7392.62
threshold=1.9452356209253612 0.55618191142362472 47.725000000000001 1.0067250214562125 1.495891822808286 0.025700066226678055 -0.19062092013612211 -0.92916108059987967 0.017083700236557003 47.695000000000007 -0.025976373472376395 -0.10506218131028629 0.011385226190378352 0.15190969277455066 -0.44651979255514646 9053.9450000000015 0.54438182149762693 -1.0000000180025095e-35 0.056878253953193951 0.54923464135165123 0.16187006754730837 -0.022770679545852445 -0.022358656414478147 -0.016290964311285749 -0.69949565737509645 0.03498431383477766 0.3743949144102714 -0.019831579305836098 -0.029169818895961597 0.53344348147577791 -1.2243681271590721 -0.57700859552021311 0.050208779280522559 0.055392830609978558 -0.037543508434023147 0.22759585789306516 -0.042750429582994846 -0.51678322424828615 0.35352053046251403 0.42764627241091485 0.6585642848879828 0.074280199904107072 0.37188700092530941 0.019006736954769256 0.045013566541175908 0.0035151229067555503 0.00078693392199715004 1.0818014162136096 0.062098398667134257 -0.0050308178002270486 0.21717480395830843 0.010413842297940252 -0.0057626639243682489 0.65313788548027996 -0.45119460152797269 0.074376774640333113 0.25189786169389322 0.34855782458801937 1.121637124548007 0.46112277697613863 0.074362094769404072 0.20738591706983028
decision_type=2 2 2 2 2 2 2 2 2 2 2 2 8 2 2 2 2 2 2 2 2 2 2 2 2 2 2 2 2 2 2 2 2 8 10 2 10 2 2 2 2 2 10 2 2 2 2 10 2 2 2 8 2 2 2 2 2 2 10 10 2 10
left_child=1 2 3 5 8 6 60 -3 24 10 11 26 -8 14 15 -7 17 -17 -16 -20 -21 -15 -23 -24 -5 56 -9 -25 -29 43 33 32 34 -31 35 -32 -37 38 39 41 -41 -33 -39 44 48 46 -45 -48 49 50 54 -52 -53 -54 -30 -46 58 59 -26 -58 61 -1
right_child=-2 7 -4 4 -6 13 12 9 -10 -11 -12 -13 -14 21 18 16 -18 -19 19 20 -22 22 23 27 25 -27 -28 28 29 30 31 37 -34 -35 -36 36 -38 42 -40 40 -42 -43 -44 45 55 -47 47 -49 -50 -51 51 52 53 -55 -56 -57 57 -59 -60 -61 -62 -63
leaf_value=-0.019166502233268441 -0.14468278375162341 0.095788051472526503 0.06152983543845103 0.056121029438307657 0.71993427245744646 0.0056462035462462989 0.2013499903790657 0.11621654648934641 0.17204773204631954 -0.011643848184283502 -0.085039126419812386 -0.1211618107998924 -0.12630616606658568 0.03157303096354256 0.03539020474363868 -0.78814398178653999 0.14403688875290585 -0.038818091330559634 0.33768015065795393 0.38493361770321272 0.035320109096433343 -0.071314275730946605 -0.08605729351756003 0.033389949492120957 -0.23096318867785076 -0.053132658444940133 -0.68750031771404407 -0.042756518276715817 0.10743268390429084 -0.76504677188019332 0.14460019102102048 0.62679449869137194 0.99331324109807617 -0.10190640733814707 0.069265275000719148 0.41618081222629488 1.1343780197699864 0.080169895298609628 0.069518368869147584 -0.75182308713945512 -0.2003644936757652 -0.09435159149148116 -0.015196974791169458 -0.081469099497839412 -0.48299105812754456 -0.15700429533742449 0.05237453481403901 0.91347187893546156 0.011075834469027476 -0.00037883560070636323 0.51451970069639141 -0.77574318537434328 -0.37214873290044215 -0.0034903485361520237 -0.10998158282165876 0.0088059254564067796 0.058002139724070027 -0.1352260654019192 -0.82919628592032313 0.94073742036566588 0.068110992961348024 -0.35762907772389041
leaf_weight=1102 1139 769 7476 1170 35 735 1395 31 347 3175 3482 248 184 14203 7099 137 53 57 483 166 1200 4419 2648 12301 722 6319 168 11637 460 81 346 51 48 255 912 202 60 4998 442 163 194 205 4171 1783 159 1657 1002 46 31592 6728 31 103 420 222 1672 121 62 400 53 33 2606 189
leaf_count=1102 1139 769 7476 1170 35 735 1395 31 347 3175 3482 248 184 14203 7099 137 53 57 483 166 1200 4419 2648 12301 722 6319 168 11637 460 81 346 51 48 255 912 202 60 4998 442 163 194 205 4171 1783 159 1657 1002 46 31592 6728 31 103 420 222 1672 121 62 400 53 33 2606 189
internal_value=0.000798231 0.00195515 0.00503411 0.00173128 -0.0454368 0.0053625 0.0632627 -0.0509793 -0.0483786 -0.0668667 -0.111492 -0.317551 0.163168 0.00256314 0.042519 -0.100208 -0.4152 -0.567981 0.0581826 0.145691 0.0778061 -0.00127654 -0.00651122 -0.00313069 -0.0571111 -0.0745682 -0.562298 -0.000454793 -0.00642266 0.000851741 0.0366337 0.0451364 0.199625 -0.261771 0.174561 0.332505 0.580653 0.0214433 -0.111911 -0.24273 -0.452151 0.0493142 0.0367873 -0.00858306 -0.00202058 -0.0692773 -0.0179302 0.0901708 -0.000197438 -0.0371573 -0.122249 -0.284831 -0.318092 -0.244669 -0.0630723 -0.270465 -0.181223 -0.0392928 -0.271875 0.364637 0.0227826 -0.0687168
internal_weight=144367 143228 135355 127879 9141 118738 5476 7873 9106 7104 3929 447 1579 113262 9930 982 247 194 8948 1849 1366 103332 89129 84710 8759 7589 199 82062 69761 58124 12128 11792 1568 336 1520 608 262 10224 1055 613 357 256 9169 45996 41508 4488 2831 1048 41228 9636 2908 776 745 642 2132 280 1270 495 775 95 3897 1291
internal_count=144367 143228 135355 127879 9141 118738 5476 7873 9106 7104 3929 447 1579 113262 9930 982 247 194 8948 1849 1366 103332 89129 84710 8759 7589 199 82062 69761 58124 12128 11792 1568 336 1520 608 262 10224 1055 613 357 256 9169 45996 41508 4488 2831 1048 41228 9636 2908 776 745 642 2132 280 1270 495 775 95 3897 1291
is_linear=0
shrinkage=0.05


Tree=123
num_leaves=63
num_cat=0
split_feature=111 135 124 50 36 121 115 113 115 113 79 100 69 54 74 99 90 81 85 82 88 96 124 46 56 91 70 113 127 58 72 81 54 86 100 79 74 70 123 98 56 123 50 109 73 50 100 91 71 70 94 57 82 102 82 80 121 123 70 52 119 50
split_gain=9317.08 14385.2 8722.9 8831.29 15565.3 10780.3 8905.15 8168.23 7918.1 12506.5 15296.3 14908.3 9572.42 10758.4 12287.2 12222.7 12256.2 10427 9470.55 9313.55 10443.5 17492.5 8847.48 16246.7 12017 10411 8876.63 8498.39 8477.03 8357.42 10985.6 10902.9 9581.06 8335.88 14360.1 13305.7 15222.6 10573.7 9973.06 8484.72 13346.9 8184.63 12275 9078.14 8897.03 8031.86 8004.84 10291.2 7949.57 11982.8 9576.18 9261.71 7794.28 7708.71 7648.67 7595.18 8637.34 8846.44 8395.75 8257.69 8029.98 7575.41
threshold=-0.0074829542133318496 0.020508555087234554 -0.075334251431689037 1.1148461882170388 -0.49485639151920829 0.016011100820948806 -0.0066611050560715984 0.0083127906578461027 0.0093505720671835015 0.00043714219386070007 0.030407569358221306 0.98643211324537228 0.72728127240886875 -0.058638617228673043 -0.28180666271495086 0.94895409327786184 0.34532761179521182 0.20152418182878354 0.36732366339167499 0.28005929960284837 0.079158007344139206 -0.049921240966020193 0.082825824315724259 0.38273239442777202 -0.61579119328130394 0.25205131992807694 -0.32160680221073629 0.00037939608519895005 -0.0010200988249237997 0.63321327886081036 0.31993670562629589 0.29793007405568167 -0.18747203578324623 -0.0047047723990732487 0.32913950320719015 0.023950010719023553 -0.0049341586788935994 -0.19900496816103749 0.00093843519496825004 0.85166507068513908 0.58378475804203622 0.0096976717831023015 -0.25839775823270966 -1.0000000180025095e-35 0.32315502673302482 0.10802225655682286 0.54221048660752058 0.24436532247242596 0.50924765703606345 -0.26018797437291469 -0.040667661123420996 0.15122478771499434 0.21533904078121022 -0.31475366971331536 -0.39650150016491331 -0.24014013541234583 0.0096067770325867028 0.0045919354797642007 -0.79091069392025692 -0.42885383257662785 -0.013232909701007598 0.24273647991525893
decision_type=2 2 2 2 2 2 2 2 2 2 2 2 2 2 2 2 2 2 2 10 2 2 2 2 2 2 2 2 2 2 2 2 2 2 2 2 2 2 2 2 2 2 2 2 2 2 2 2 2 2 10 2 10 2 10 2 2 2 2 2 2 2
left_child=1 2 3 4 7 6 -6 -1 12 19 11 33 13 29 17 41 27 -15 -13 -10 21 -21 -12 24 -24 26 -26 46 -14 30 -2 -31 -33 -11 -35 45 39 38 -38 -37 -41 42 -16 -43 -44 -36 47 -17 49 -30 51 -51 -40 -46 -27 56 57 58 -50 -57 -60 -3
right_child=8 61 -4 -5 5 -7 -8 -9 9 10 22 18 28 14 15 16 -18 -19 -20 20 -22 -23 23 -25 25 54 -28 -29 48 31 -32 32 -34 34 35 36 37 -39 52 40 -42 43 44 -45 53 -47 -48 -49 55 50 -52 -53 -54 -55 -56 59 -58 -59 60 -61 -62 -63
leaf_value=0.045105616410709655 0.010278829952687633 0.016967694948017177 -0.015736956630487041 0.0035855762108344957 -0.25548381481472426 0.29598424363349168 -0.1127969681921986 -0.24149199884875389 0.022339061611099401 -0.032710070466404388 0.037387503170255056 0.7091992897231405 0.030216169410952461 0.16232622222250104 0.037720021655303325 -0.48391787326998181 0.23937832384953703 -0.21895475711585621 -0.02248742625427743 0.22438664751745568 -0.072299499615239599 1.1316363599772254 0.065342703283603573 -0.0024583609328442447 -0.030407532420665347 -0.84785750229512491 -0.18924644562293352 -0.010370470620405216 0.007306793958592306 -0.10160115980080831 0.2383741875609483 -0.30022247565858484 0.47314718693494795 -0.49094910746445236 -0.0094416782509693861 -0.034453210981678389 -0.24356372762624534 -0.17362906987785448 -0.24455320830306701 -1.004978527710773 -0.12064502159919357 -0.12956684081046041 -0.07303357574654229 0.066891841925055387 0.19804757580841728 0.6726553728566208 -0.019967220104722815 0.24236910420336893 0.043516376377609155 -0.1702609095655914 -0.11136488731475486 -0.87809385074412116 -1.1316784795222243 0.09983790199241617 -0.26646766971145114 -0.26542839938507268 0.10206227430538804 0.12018289553860276 0.10918638199693015 0.052489636002888508 -0.19453360652524954 0.14082918817403867
leaf_weight=2157 21759 4807 25678 3145 1451 140 4438 281 10030 947 6086 82 5070 239 9378 378 257 718 96 464 236 60 833 12821 1818 62 1704 650 314 2684 541 54 155 377 528 612 73 141 31 64 128 1043 583 1348 2803 47 220 56 561 70 149 136 123 6958 646 222 571 385 238 2555 2542 1661
leaf_count=2157 21759 4807 25678 3145 1451 140 4438 281 10030 947 6086 82 5070 239 9378 378 257 718 96 464 236 60 833 12821 1818 62 1704 650 314 2684 541 54 155 377 528 612 73 141 31 64 128 1043 583 1348 2803 47 220 56 561 70 149 136 123 6958 646 222 571 385 238 2555 2542 1661
internal_value=-0.000798036 -0.0200595 -0.0319991 -0.06796 -0.0945351 -0.137645 -0.147954 0.0120728 0.00757631 -0.0104271 -0.0284851 -0.130294 0.018501 0.0284133 0.0519108 0.0590111 -0.0762086 -0.123734 0.314582 0.0351262 0.203883 0.32827 -0.0146854 -0.0324061 -0.108242 -0.142426 -0.107256 -0.138406 -0.0200432 0.00543984 0.0158124 -0.0745149 0.273329 -0.15608 -0.211085 -0.150691 -0.247343 -0.513694 -0.724924 -0.125431 -0.415423 0.0685566 0.0791481 -0.0188072 0.116707 0.0463123 -0.265659 -0.390203 -0.0529523 -0.217695 -0.416711 -0.637568 -0.953101 0.12804 -0.31738 -0.0373723 -0.079022 -0.106773 -0.132926 0.0270745 -0.168532 0.0487757
internal_weight=144404 43758 37290 11612 8467 6029 5889 2438 100646 38009 27219 3249 62637 49824 24631 23674 1561 957 178 10790 760 524 23970 17884 5063 4230 3522 1304 12813 25193 22300 2893 209 3071 2124 1747 1172 368 227 804 192 22113 19722 2391 10344 575 654 434 7743 669 355 206 154 9761 708 7074 4297 3726 3341 2777 2780 6468
internal_count=144404 43758 37290 11612 8467 6029 5889 2438 100646 38009 27219 3249 62637 49824 24631 23674 1561 957 178 10790 760 524 23970 17884 5063 4230 3522 1304 12813 25193 22300 2893 209 3071 2124 1747 1172 368 227 804 192 22113 19722 2391 10344 575 654 434 7743 669 355 206 154 9761 708 7074 4297 3726 3341 2777 2780 6468
is_linear=0
shrinkage=0.05


Tree=124
num_leaves=63
num_cat=0
split_feature=134 133 75 125 8 125 127 50 20 115 76 88 118 84 50 99 131 71 79 40 84 77 42 22 112 122 25 122 94 125 135 119 8 115 135 51 86 127 123 46 107 79 38 90 45 110 42 131 76 132 82 90 45 115 49 68 81 121 35 67 48 72
split_gain=9624.6 10771.3 7764.44 10991.1 9168.22 7298.68 7743.2 7712.79 9514.03 10511 9694.41 9072.24 7547.59 7256.37 8201.89 6840.4 7981.84 6714.1 6514.52 6348.1 9645.49 7195.87 8194.5 7180.85 7305.02 7152.31 8569.76 6856.83 7407.95 7458.02 7455.82 9588.9 10126.4 8059.04 7164.95 7130.12 6337.46 6283.98 6235.42 9629.64 6096.82 6035.52 5980.4 5951.55 5876.51 5856.39 8434.64 6065.67 6346.15 6624.3 5831.22 5815.06 5924.9 5753.22 7019.19 5785.37 6081.9 6108.25 5751.37 6762.75 8913.02 5584.87
threshold=-0.29556974682317905 -0.040256533861723544 0.12719431713430021 0.0059727760265282015 44.425000000000004 -0.0043928794183316989 -0.0014115966076151999 1.0874041652743121 -0.14518592462598504 -0.0042739967238004991 -0.31688828615865738 -0.019726356206562299 -0.3999011425403558 -1.2303848937183013 -0.12520400545323962 0.61906873281999675 0.026509581094349356 0.70913912704432047 0.47586451612148128 -0.7640218249289884 -0.98158185807242304 0.17211507435635803 0.071960039044533117 -0.10403108809835374 -0.13370396419740638 0.061760975317839056 -0.21708873761042394 -0.0022518375126355495 -0.041709045353206041 0.0007801612188346001 0.021872266673723852 -0.013232909701007598 42.205000000000005 -0.0055867220373723991 0.059303296170674251 0.32702770187654334 -0.37181438755296431 0.0088891947896672513 0.0025765990158935505 -0.56203947744562532 -0.012895679250256748 0.16304771253880726 0.018675179113176753 -0.86417855119313358 0.072033101127535262 -0.12535490639643085 0.07735434318379826 -0.01053636922143395 1.0000000180025095e-35 0.49783806642515605 -0.23413464244113957 -0.84350258738054429 0.13100704892836881 -0.0006373140206205498 0.30440087847406677 -1.0293039373503301 0.24034634104770611 0.018052735654610106 0.8229198053260135 0.74704340396116375 0.02886067548736455 0.097573107217826319
decision_type=2 2 2 2 2 2 2 2 2 2 2 2 2 2 2 2 2 2 2 2 2 2 2 2 2 2 2 2 8 2 2 2 2 2 2 2 2 2 2 2 2 2 2 2 2 2 2 2 2 2 10 2 2 2 10 2 2 2 2 2 10 2
left_child=1 -1 19 -4 13 6 -3 8 -8 12 11 36 -10 -5 53 18 -17 38 42 20 41 22 -22 27 -25 26 -26 28 29 30 31 -21 33 35 -30 44 -11 -37 -7 -40 -35 -2 -12 -31 -33 46 47 -28 -49 -50 -29 52 -27 -15 -55 -56 -57 -58 59 60 -42 -38
right_child=2 5 3 4 -6 17 7 -9 9 10 15 -13 -14 14 -16 16 -18 -19 -20 23 21 -23 -24 24 25 51 45 50 34 43 -32 32 -34 40 -36 37 61 -39 39 -41 58 -43 -44 -45 -46 -47 -48 48 49 -51 -52 -53 -54 54 55 56 57 -59 -60 -61 -62 -63
leaf_value=-0.073284335031148451 -0.48704259190708399 0.026413393444738104 0.022486022400149318 0.029436053429692272 -0.031825150563874118 0.036791889827837709 0.092527827910264426 0.014842612095115646 0.039862893804631851 -0.1772508276551962 0.054564919492967046 -0.06686980153808196 -0.26000139698257818 -0.017412632674235724 -0.074289221856591772 -0.023154194826854331 -0.25991042229614741 -0.03114760166600531 -0.32519344314035165 0.19095679258857415 0.13824846745943123 0.013251564013186152 0.48684207889579939 0.10353469188179328 0.0090264731296922588 0.15389712195188085 0.10738067963418936 -0.013267743978815534 -0.020913521143701347 0.14842609084460898 0.010326187462509573 -0.76631165829797587 -0.073310914367449451 0.14485450116480933 0.51581148968802559 -0.48612524071272384 -1.2411949060857297 -1.2314584088997105 0.091281770630453896 -0.035820316631526357 -0.28470003697448049 0.0083662394961708641 0.37900108612500705 -0.099755720284785021 0.12515005971256055 0.076926803626630791 0.1586675571284617 -0.012791987596341063 -0.32526538922677384 0.093559471232006114 0.082111835854690077 -0.016135866277160151 -0.0093557390890960639 -0.092105368555492756 0.15456706834705294 -0.26111940268589107 -0.78222270797375804 -0.34264714472912372 -0.71826448485953742 -0.013443669698534222 -1.1382035933434964 -0.50855194100801893
leaf_weight=7178 77 2861 7241 417 6011 15546 582 1998 243 125 523 331 1538 145 677 1508 466 10168 83 106 371 334 309 2672 19929 1080 912 4859 4776 347 333 36 308 64 63 47 32 71 1809 8456 130 305 195 795 38 11909 880 3616 338 131 2391 16787 1145 182 37 184 212 126 96 137 40 139
leaf_count=7178 77 2861 7241 417 6011 15546 582 1998 243 125 523 331 1538 145 677 1508 466 10168 83 106 371 334 309 2672 19929 1080 912 4859 4776 347 333 36 308 64 63 47 32 71 1809 8456 130 305 195 795 38 11909 880 3616 338 131 2391 16787 1145 182 37 184 212 126 96 137 40 139
internal_value=0.000488976 -0.0162687 0.0104294 -0.0221322 -0.0625628 -0.00748686 -0.0439006 -0.0698144 -0.0991543 -0.120678 -0.0691594 -0.246726 -0.219088 -0.155878 -0.205319 -0.029039 -0.079045 0.00326552 0.0941968 0.0170046 0.122636 0.203304 0.296654 0.0150129 0.0227428 0.0189372 0.0315426 -0.0163561 -0.0502593 -0.119261 -0.196356 -0.260499 -0.309986 -0.420602 -0.0139258 -0.693297 -0.447849 -0.934588 0.0168222 -0.0134211 -0.308487 -0.0914937 0.142678 -0.024345 -0.308534 0.0567717 0.0159298 -0.00920714 -0.035236 -0.20828 0.0181878 -0.0060686 0.0698861 -0.30544 -0.361802 -0.44961 -0.492434 -0.618357 -0.380482 -0.274856 -0.485524 -0.645655
internal_weight=144445 53781 90664 15232 7991 46603 10624 7763 5765 5183 3402 627 1781 1980 1563 2775 1974 35979 801 75432 1396 1014 680 74036 59399 56727 37715 14637 7387 2548 1406 1073 967 659 4839 192 296 118 25811 10265 467 382 718 1142 74 17786 5877 4997 4085 469 7250 19012 2225 886 741 559 522 338 403 307 170 171
internal_count=144445 53781 90664 15232 7991 46603 10624 7763 5765 5183 3402 627 1781 1980 1563 2775 1974 35979 801 75432 1396 1014 680 74036 59399 56727 37715 14637 7387 2548 1406 1073 967 659 4839 192 296 118 25811 10265 467 382 718 1142 74 17786 5877 4997 4085 469 7250 19012 2225 886 741 559 522 338 403 307 170 171
is_linear=0
shrinkage=0.05


Tree=125
num_leaves=63
num_cat=1
split_feature=81 35 54 103 107 125 115 20 50 44 126 123 75 90 89 38 67 123 50 98 121 136 50 109 79 81 40 127 73 119 79 76 74 88 82 97 83 87 94 90 90 74 79 98 76 71 100 79 43 40 85 100 125 74 119 74 76 99 75 50 98 120
split_gain=8909.19 10421.8 16292.7 7934.67 8839.43 9498.36 16099.2 10831.9 13496.2 11315.9 10267.5 10125.5 12197.9 9899.79 11745.7 12430.8 15768.6 11426 14563.6 13830.2 12694.8 17614.2 23232.3 16066.7 13559.9 11945 11848.5 11563.3 10918.3 10684.3 10537.1 9899.58 9892.77 9879.89 11010.4 10233.2 9872.5 9846.08 9452.67 9428.48 14491 9603.38 9169.46 20751.5 10476.3 8974.8 11391.5 8607.23 8887.21 8468.35 9219.9 8668.26 8419.53 8236.13 8221.26 7998.19 7817.48 8150.2 8500.01 7757.27 12245 7754.78
threshold=0.43786480464303695 1.1283893350038829 0.43234625887513151 -0.022192599775997145 -0.013713303073105849 -0.0048072517685160488 0.0020720882172045505 -0.13239910017372142 1.2226231007759762 -0.052189711549113692 0.21318221769034149 -0.0058345663620026989 0.060271112579221957 -0.86417855119313358 0.15023743129658793 0.42031958621874838 0.7119842983420771 0.0013602646994099502 0.59026593669144445 -0.45855108211194257 0.0096067770325867028 0 -0.16283322927467928 1.5929891769370985e-18 0.029820344376027205 0.21206133380380962 -1.0905000065167196 -0.0092571762234746977 0.65529210439887031 0.023822038889211656 0.4035635964710565 0.98163889593677511 0.51283724359781668 -0.044057668757935091 0.28005929960284837 0.72956472498274183 1.8081399519346963 0.16701374288209733 -0.15651751559895027 -0.075218109941921282 -0.0061245176044905985 -0.21829521741762742 0.030115275370160805 0.23743766620477305 -0.033641669825352292 0.69926867394629322 -0.40974283546157292 0.038749853546029556 0.1144730434135026 0.11629716263726496 0.34537593068720213 0.75467335327240848 0.0013528544474708003 -0.39536752692033345 -0.0091456088362928973 -0.38532678756563232 -0.29205286733775743 0.64493780013014024 0.15962388685760034 0.079152770522431762 -0.10674101664113303 0.12056798412571286
decision_type=2 2 2 2 2 2 2 2 2 2 2 2 2 2 2 2 2 2 2 2 2 1 2 2 2 2 2 2 2 2 2 2 2 2 8 2 10 2 10 2 2 2 2 2 2 2 2 2 2 2 2 2 2 2 2 2 2 2 2 2 2 2
left_child=3 -2 -3 -1 -5 6 7 -6 9 10 -9 -11 -13 14 15 -7 29 33 19 25 24 -22 23 61 38 54 -25 52 32 45 56 39 37 -15 35 -35 42 -24 -21 -32 -41 -42 43 44 -37 -17 -47 48 -39 50 51 -50 -28 -49 -19 -52 -26 -58 59 60 -59 -23
right_child=1 2 -4 4 5 13 -8 8 -10 11 -12 12 -14 17 -16 16 -18 18 -20 20 21 22 28 26 30 -27 27 -29 -30 -31 31 -33 -34 34 -36 36 -38 47 -40 40 41 -43 -44 -45 -46 46 -48 53 49 -51 55 -53 -54 -55 -56 -57 57 58 -60 -61 -62 -63
leaf_value=0.033054054889127014 -0.091742987473837523 1.3808617868250417 -0.14629935681819917 0.033265240699467839 0.060470254623631592 0.07140987652261066 0.020077748939628954 -0.10538916502639617 0.0056523764321141368 0.26611537286059256 -0.26747232418255734 -0.17587391394171359 -0.022530189231198899 -0.01098280151024783 -0.014407808264560274 0.52996322582288602 0.0093825604162506154 0.14244886021145056 0.019125276446261275 -0.79557871797455937 0.07518706125915664 -0.16192894601584734 0.18267680261127622 0.18779858779867153 -0.063772200791639436 -0.093132566103412695 0.15847103733841966 -0.051012027590740021 0.8480984161581312 1.0597670763425195 -0.038021327195119359 0.12177609771928366 -0.50348349407583748 0.042430549341667567 0.12325825743635295 -0.1985285453878306 -0.92539342549262626 0.77284095324575908 -0.11849871345777876 -0.72640728292016077 -0.51066010262682493 -0.079356168283727657 0.0013366019189034158 0.10253911253102249 -0.71566265556785769 -0.40318990321694942 0.5879261591732502 -0.046389699540253432 -0.15947483699092466 0.4357048025337335 0.20631348375965208 0.40987765130222498 -0.37739686635600012 -0.29451589674138778 -0.4791163438357986 -0.22177234001191848 0.086733842173906228 0.28802904982493954 -0.41321993857683226 -0.082436092177693571 0.01489718473295263 -0.44602352285167757
leaf_weight=19203 3314 31 40 15874 1494 3190 8346 2235 3304 220 1736 2069 3475 17031 3158 286 296 61 13865 53 1327 333 488 251 2289 953 82 820 35 67 971 425 111 12485 3388 201 33 40 1882 142 166 580 1911 299 191 69 50 837 105 107 137 184 691 557 416 536 4799 458 122 1700 3944 862
leaf_count=19203 3314 31 40 15874 1494 3190 8346 2235 3304 220 1736 2069 3475 17031 3158 286 296 61 13865 53 1327 333 488 251 2289 953 82 820 35 67 971 425 111 12485 3388 201 33 40 1882 142 166 580 1911 299 191 69 50 837 105 107 137 184 691 557 416 536 4799 458 122 1700 3944 862
internal_value=0.00125823 -0.0789015 0.520489 0.00318345 -0.00152839 -0.00674564 -0.035269 -0.0670535 -0.0816651 -0.1113 -0.176247 -0.0665562 -0.0797575 0.00111836 0.0575077 0.114888 0.295478 -0.00417065 -0.0223858 -0.0441342 -0.0354953 -0.089921 -0.125316 -0.224045 -0.0122019 -0.195369 -0.131496 -0.181806 -0.0300698 0.474894 0.00328731 -0.0959325 -0.0399782 0.0164995 0.0417886 0.0235334 -0.0660039 -0.0227769 -0.137044 -0.145705 -0.263453 -0.17533 -0.0551047 -0.211196 -0.4505 0.378137 0.0132454 -0.0628334 0.0411196 0.01374 -0.0331938 0.203019 -0.320552 -0.145533 -0.399629 -0.134629 0.0203109 0.0377713 1.88966e-05 0.00828096 0.0433148 -0.366857
internal_weight=144325 3385 71 140940 121737 105863 22879 14533 13039 9735 3971 5764 5544 82984 7116 3958 768 75868 40329 26464 25034 7503 6176 3039 17531 1430 1844 1593 3137 472 15596 2284 3102 35539 18508 15120 2635 2991 1935 1859 888 746 2602 691 392 405 119 2503 1109 1069 962 289 773 1394 477 673 13312 11023 6224 6102 4402 1195
internal_count=144325 3385 71 140940 121737 105863 22879 14533 13039 9735 3971 5764 5544 82984 7116 3958 768 75868 40329 26464 25034 7503 6176 3039 17531 1430 1844 1593 3137 472 15596 2284 3102 35539 18508 15120 2635 2991 1935 1859 888 746 2602 691 392 405 119 2503 1109 1069 962 289 773 1394 477 673 13312 11023 6224 6102 4402 1195
cat_boundaries=0 1
cat_threshold=3
is_linear=0
shrinkage=0.05


Tree=126
num_leaves=63
num_cat=0
split_feature=112 99 78 69 79 89 70 83 93 97 74 89 74 74 68 88 91 68 68 80 73 101 68 45 73 80 89 97 80 127 90 87 93 99 94 72 72 42 90 83 73 98 45 91 96 94 93 125 89 113 88 50 58 121 111 101 74 80 90 91 80 79
split_gain=8562.69 8794.68 10035.7 8313.47 11365.3 16302.1 14264.5 12487.7 15067.1 9336.89 11381.5 15933.6 12074.3 9935.2 23303.9 13963.2 14026.9 11619.9 9618.09 15387.2 17086.3 10971.1 10142.5 13847.9 10116.5 12855.6 17548.8 10063.1 12025.4 9481.1 9216.18 9039.81 8794.5 10681.5 8639.56 8458.29 8181.5 8063.25 8035.52 7986.5 7967.58 11161.1 11118.6 8224.8 9162.93 8130.07 8042.27 7790.92 7750.01 7619.3 8168.48 11303.6 9545.33 9572.92 7689.41 7564.87 7557.51 11359.9 10828.4 13843.2 13645.7 9997.54
threshold=0.37906325399808022 0.61707091389124913 0.06830071926057607 0.68549831303117614 0.088805980264340362 0.14810455426006958 0.66738627497069303 0.21215716355968137 0.58345911275802409 0.62135144582334312 0.12576368127547102 0.068634729216460119 0.011654938034208752 0.20590083326365044 0.17837811309028814 -0.12352494568672838 0.16903024717077511 0.49238756645599097 -0.12782797208466382 -0.44682046779078671 0.58240100486875857 0.95321375371869566 -0.4016998508577293 0.090580290168776709 0.55683234412001281 -0.74506866395968119 0.086250967237738119 0.80691269207905114 -0.18287971689937474 -0.0075578115439883997 -0.31632311537031804 0.18626098265226337 0.24756276012723424 0.6620542628116729 0.2611495141021507 -0.20862115866600647 -0.42647992982466093 0.093530708649362207 -0.60304798013579575 0.38105880968361211 0.45305273087894743 0.069045485896941913 0.062746976297906973 0.21427200453519582 0.18930601612995149 -0.084459474936191728 0.50878904353178589 0.016152794380576155 0.032409658340846102 0.0062122506193838514 -1.0936259434456495 0.53344348147577791 0.75601624893665076 -0.030198551020894044 -0.039156078334430043 0.78662493040698978 0.23969834646974292 -0.49545228403223424 -0.44488267866249004 0.18455207617663602 -0.22396037687718004 0.18372288919610258
decision_type=2 2 2 2 2 2 2 8 2 2 2 2 2 2 2 2 2 2 2 2 2 2 2 2 2 2 2 2 2 2 2 2 2 2 10 2 2 2 2 10 2 2 2 2 2 10 2 2 2 2 2 2 2 2 2 2 2 2 2 2 2 2
left_child=1 2 -1 4 9 6 7 8 -6 48 12 -12 18 14 39 -16 -17 47 22 20 -20 40 -11 24 25 26 -24 32 29 -29 -23 -9 -27 -34 55 -25 -10 -26 -22 -13 43 42 46 44 -21 -43 -42 -18 -3 -2 -51 52 53 -52 -55 -33 -4 -58 59 -59 61 -60
right_child=49 3 56 -5 5 -7 -8 31 36 10 11 13 -14 -15 15 16 17 -19 19 21 38 30 23 35 37 27 -28 28 -30 -31 -32 34 33 -35 -36 -37 -38 -39 -40 -41 41 45 -44 -45 -46 -47 -48 -49 -50 50 51 -53 -54 54 -56 -57 57 58 60 -61 -62 -63
leaf_value=0.0089811206659680485 0.025061041018617787 0.032949150336306479 0.10304418312516948 -0.024390385521499216 0.23288374286840746 -0.0070778350011263483 -0.030191967344881221 -0.040210028374262935 0.10125264782578713 0.034539017863132529 0.17564563724234553 0.27540656784271944 -0.078567893953262302 0.13980733590608146 0.37656475135258272 0.37023614605493621 -1.2909060962106054 -0.39262893308502761 0.4404244933136412 -0.78390859294682746 -0.4643812861665037 -1.1390385882928968 -1.1015286029757638 -0.20232266341713637 -0.063266038663196758 0.75581096927909286 0.022198391682468357 -0.079348054720709729 0.031826616259845529 -1.1513667823351694 -0.16870012296936834 0.082468852221719471 -0.43377352772901462 -0.0015464416207611506 0.84705183075533985 -1.251202346906066 1.0218219655711172 0.3100896135941148 0.30010886638026157 -0.27849764379362268 0.22773995310468165 -0.45788279540168175 -0.23105597984905427 0.062267221653401254 0.063767927510769304 0.082347489202610008 0.74300077281311738 -0.36664016316334408 -0.043617232432884692 0.11926888105595233 -0.36937676197299013 -0.022105781097502428 -0.53117760083156418 -0.4581640528674637 -0.080381283586513058 0.24869672955489897 0.12721429383736382 -0.58809667262766097 0.083538945635654949 -0.036242245782101362 -0.037140087876255772 0.6625209386069929
leaf_weight=35302 3572 4130 5776 34223 514 5833 1335 703 31 6763 2349 235 3549 393 42 33 95 129 555 80 89 32 76 37 305 34 64 30 74 66 104 1715 165 1069 45 40 109 275 56 90 149 78 65 198 53 650 154 30 16544 597 347 5180 145 140 3554 1139 1604 189 187 285 2458 124
leaf_count=35302 3572 4130 5776 34223 514 5833 1335 703 31 6763 2349 235 3549 393 42 33 95 129 555 80 89 32 76 37 305 34 64 30 74 66 104 1715 165 1069 45 40 109 275 56 90 149 78 65 198 53 650 154 30 16544 597 347 5180 145 140 3554 1139 1604 189 187 285 2458 124
internal_value=0.000262466 0.00418997 0.0218027 -0.00537935 0.0075543 0.0513986 0.112406 0.157136 0.358134 -0.00532835 0.020782 0.103339 0.00185122 -0.0588833 -0.17828 -0.474927 -0.599535 -0.725529 0.027196 0.119338 0.31416 0.0320855 0.0040223 -0.0883198 -0.0648103 -0.130443 -0.587825 -0.0859135 -0.44715 -0.816361 -0.397015 0.120641 -0.0374828 -0.0593402 0.159647 -0.747195 0.817982 0.113756 -0.16913 0.122018 0.0729808 0.137909 0.362328 -0.142006 -0.446113 0.0244657 0.489622 -1.06908 -0.0283217 -0.0375914 -0.0600539 -0.0714841 -0.132588 -0.118286 -0.094699 0.148809 0.0644112 0.0183735 -0.0354595 -0.256285 0.00234166 0.314387
internal_weight=143987 130452 45925 84527 50304 11424 5591 4256 654 38880 18206 3396 14810 1047 654 329 287 254 11261 2263 700 1563 8998 2235 2158 1578 140 1438 170 96 136 3602 1268 1234 2899 77 140 580 145 325 1427 1096 368 331 133 728 303 125 20674 13535 9963 9366 4186 4041 3694 2854 10623 4847 3243 474 2769 311
internal_count=143987 130452 45925 84527 50304 11424 5591 4256 654 38880 18206 3396 14810 1047 654 329 287 254 11261 2263 700 1563 8998 2235 2158 1578 140 1438 170 96 136 3602 1268 1234 2899 77 140 580 145 325 1427 1096 368 331 133 728 303 125 20674 13535 9963 9366 4186 4041 3694 2854 10623 4847 3243 474 2769 311
is_linear=0
shrinkage=0.05


Tree=127
num_leaves=63
num_cat=0
split_feature=81 124 50 58 70 53 6 83 6 92 81 87 74 88 15 81 90 74 74 90 57 93 90 88 76 78 73 88 99 79 77 79 83 89 99 77 77 68 89 89 88 90 92 90 83 92 76 79 82 85 125 109 100 91 71 34 79 100 85 82 68 97
split_gain=8466.07 8472.64 7833.19 12358.7 11849.4 8604.05 13513.3 8582.07 8506.35 12744.5 13250.7 13017.7 21179.9 11252.3 10535.8 9757.08 12064.3 8885.45 10524.5 12638.9 9174.93 9023.83 15591.6 11450 10374 15450.4 15152.1 10347.7 10186.9 13063.8 9855.5 12384.7 10581.6 9631.38 9018.76 9336.59 8851.81 8371.35 14308 11308.8 14234.9 19073.1 11417.5 10335.6 9875.32 21873.2 11179.8 10934.5 20366.6 9069.93 8382.44 8352.38 11098.7 8306.14 11129.5 9991.54 9277.16 17317.6 13932.8 16828 13929 13850.8
threshold=0.45871068524422071 -0.35176498279444196 0.60420167534315294 0.85258921254035924 1.2981011210622804 0.19577896968679467 9055.5650000000005 0.41492370751541841 9062.0050000000028 0.67469235386402759 0.22010383744983533 0.12460149136268951 0.24311169733086582 0.074985744273086713 38.895000000000003 0.16333306920633198 0.19041061100593334 0.10407093270626762 0.020535867054340903 -0.71396663592313814 0.16715327458184684 0.29399868685830965 0.80556541337230947 0.37083857292111416 -0.2154044935123485 0.31554102383408672 0.4359991440637645 -0.67648950987903789 0.74886162849158378 0.089936281244810803 0.24117863979156692 0.48343178906436474 0.80078304944680856 0.45398990116950017 0.56034283784881678 0.37362985678975597 0.53947127609763557 -0.18816886534863828 0.029862771441049003 0.040426372494877703 0.033752841931833859 -0.11907041843672304 0.35873383903911576 -0.31632311537031804 0.34354394238564995 0.59467501246697652 -0.33918634886329174 0.072414172391610812 -0.28981648751778244 0.35332513897124568 0.014528005035680301 1.5929891769370985e-18 -0.52703466911229135 0.22231118176267697 0.91370054150238278 -0.10081614283072178 0.03498431383477766 0.21745249995888702 0.44342971095598049 -0.029006331680992647 0.39174266262992902 0.78915203619836849
decision_type=2 2 2 2 2 2 2 8 2 2 2 2 2 2 2 2 2 2 2 2 2 2 2 2 2 2 2 2 2 2 2 2 10 2 2 2 2 2 2 2 2 2 2 2 8 2 2 2 10 2 2 2 2 2 2 2 2 2 2 10 2 2
left_child=1 -1 3 8 51 6 -5 -7 17 11 -11 13 14 -10 15 16 -13 18 53 20 -20 22 37 27 26 -26 -25 -23 29 -24 -29 32 -32 -28 35 -21 -18 -19 43 40 41 42 -40 -39 -41 46 -46 48 -48 -47 -43 52 -4 56 -55 -56 57 58 61 -60 -58 -3
right_child=-2 2 4 5 -6 7 -8 -9 9 10 -12 12 -14 -15 -16 -17 36 21 19 34 -22 23 28 24 25 -27 33 30 -30 -31 31 -33 -34 -35 -36 -37 -38 38 39 44 -42 50 -44 -45 45 49 47 -49 -50 -51 -52 -53 -54 54 55 -57 60 -59 59 -61 -62 -63
leaf_value=-0.03947987141515151 -0.08526206378405865 -0.018790998277161585 0.036217076070327592 0.079277158767407763 -0.049680149090660937 -0.45007700124589101 -0.30015082934923054 -0.050885396923192529 0.014416366443589429 -0.67338920658251322 0.025473221422483525 0.23183533844299786 -0.37215250366535191 0.24302002085562135 0.00093246597276142734 -0.12879754200020374 -0.056173800894369685 0.040965254527656224 -0.08942153904058818 0.081865945578164123 -0.6569403828170739 -0.1349290452014372 1.4537077209506279 -0.41157515142427159 -0.47343615908840936 0.16884171295219516 0.15897168955799929 0.032187246813875019 -0.25988680083537474 0.35044540979487954 0.1412134328229166 -0.076161214411736303 -0.37939987598043501 -0.43354369656842079 -0.073536354700561066 0.98453281116050972 -0.85956944518619116 -0.20966904281861398 -0.095553644194249554 0.0027113154680254315 -1.0210268738546542 0.15259427965015718 -0.64160212050799448 0.23739135727480054 -0.76190847142153428 0.32918659325272537 -0.99975702660803756 0.064795971857781104 -0.21161118070627083 -0.10642880906053352 -0.50417606106452773 0.0099407322485259436 0.1340419955614045 -0.031825557616505303 0.081766143316545151 0.63324204750492108 0.03669790167353524 0.017157698477317084 -0.059116716134131601 -0.51764728684302563 -0.30768038820512972 -0.51158189749645611
leaf_weight=11386 2843 1781 8374 674 4049 347 360 220 2755 156 120 430 494 669 6874 3745 144 3984 134 635 152 619 39 415 112 571 299 7371 36 86 6913 780 99 89 4945 30 45 163 154 2824 56 329 253 625 119 237 101 211 435 241 57 10506 4435 16439 308 112 25812 7055 372 433 297 155
leaf_count=11386 2843 1781 8374 674 4049 347 360 220 2755 156 120 430 494 669 6874 3745 144 3984 134 635 152 619 39 415 112 571 299 7371 36 86 6913 780 99 89 4945 30 45 163 154 2824 56 329 253 625 119 237 101 211 435 241 57 10506 4435 16439 308 112 25812 7055 372 433 297 155
internal_value=0.000167417 0.0018819 0.00549691 -0.000825278 0.0292735 -0.138659 -0.0528254 -0.295188 0.00135291 -0.032825 -0.369536 -0.0266933 -0.051727 0.0590822 -0.0376417 -0.0984022 0.085492 0.00749456 -0.00346077 -0.0668171 -0.39104 0.0311054 -0.00682144 0.0529593 -0.079726 0.0635194 -0.201565 0.0654526 0.481223 0.694663 0.0736328 0.112839 0.133863 0.0230597 -0.0502881 0.122588 -0.247458 -0.0148483 -0.0531535 -0.0842634 -0.250592 -0.196186 -0.434989 0.144916 -0.0503831 -0.161945 -0.311803 -0.2401 -0.360124 0.109556 0.0556101 0.042985 0.0700881 0.00361885 -0.0253321 0.228826 0.0172126 -0.02428 -0.130936 -0.305755 0.0327805 -0.0582448
internal_weight=144504 141661 130275 102911 27364 1601 1034 567 101310 15432 276 15156 11732 3424 11238 4364 619 85878 58660 5896 286 27218 9950 17268 1486 683 803 15782 161 125 15163 7792 7012 388 5610 665 189 9789 5805 5017 849 793 407 788 4168 1344 866 747 536 478 386 23315 12809 52764 16859 420 35905 9796 2741 805 26109 1936
internal_count=144504 141661 130275 102911 27364 1601 1034 567 101310 15432 276 15156 11732 3424 11238 4364 619 85878 58660 5896 286 27218 9950 17268 1486 683 803 15782 161 125 15163 7792 7012 388 5610 665 189 9789 5805 5017 849 793 407 788 4168 1344 866 747 536 478 386 23315 12809 52764 16859 420 35905 9796 2741 805 26109 1936
is_linear=0
shrinkage=0.05


Tree=128
num_leaves=63
num_cat=1
split_feature=84 8 112 96 121 131 111 125 68 83 82 25 87 123 80 109 58 96 136 127 42 121 92 46 85 74 8 121 115 46 125 92 79 48 45 75 68 75 79 101 91 78 94 87 82 129 97 93 113 71 123 131 71 129 135 99 48 113 81 91 75 89
split_gain=8233.17 8166.02 11359.8 9120.24 8844.64 7064.5 8760.54 9636.97 11965.5 10056.4 11364.4 9595.65 10219.5 8820.98 8466.59 9608.99 8374.12 9598.76 11070 10352.4 9251.67 8358.22 8137.7 10216.6 7689.54 7678.91 13663.9 12972.4 10277 14028.7 13997.2 11432.2 8938.95 12504 10307.8 9543.51 9183.46 12605.8 13359.4 11302.6 13114.2 12150.6 7749.31 8044.74 7524.24 13175.6 9716.67 8797.17 8265.81 8618.9 7926.96 7802.84 7665.99 7521.44 11370.8 7393.5 7360.41 10538.2 7329.32 7255.74 7225.99 7081.91
threshold=1.878062294331329 47.725000000000001 0.42262164697730709 -0.92916108059987967 -0.030198551020894044 -0.0016545591008182497 -0.0044192634149951993 -0.0045279195217662492 -0.53840898801112058 0.31972601065923317 -0.013744256136191098 0.2946036283922237 0.22236067933551693 0.0014325444059889003 -0.59689478735947799 -0.0020447490508964995 -0.93655636174304568 0.50155087136034504 0 -0.017187860979510746 -0.47116353681180101 0.0078506685236911008 -0.24278300192831628 0.43287901001596674 0.31993552996825064 -0.099576420990319145 45.355000000000011 -0.00053075424984024987 0.00097236212683200014 0.24112384992342148 0.0055113936893648003 0.11169139149354067 0.030115275370160805 1.5529711745731027 0.050850177221504006 0.062098398667134257 -0.56661637935606957 0.085801477193459014 0.023372678745453405 0.51665643838749753 0.15904727523751336 0.0096860768768562509 -0.10739676607235658 0.26848171994622166 -0.021114174383425399 0.00078581818007425008 0.80175644989438666 0.53756528722264985 0.0019353123066385501 0.62710854030200547 -0.00029300459049624996 0.030682946416942802 0.61423278062391951 0.00078487565812105015 0.020508555087234554 0.64103597237470111 -0.42876659359363639 0.00014811048108290001 0.29294074417566057 0.14595564071754977 0.070878935920678468 0.024070481126291954
decision_type=2 2 2 2 2 2 2 2 2 8 10 2 2 2 2 2 2 2 1 2 2 2 2 2 2 2 2 2 2 2 2 2 2 10 2 2 2 2 2 2 2 2 8 2 10 10 2 2 2 2 2 2 2 10 2 2 10 2 2 2 2 2
left_child=1 2 5 -4 -5 -1 7 8 -7 10 -10 12 -12 -14 -9 -16 -17 18 20 -20 55 22 -21 53 -23 26 27 -8 -29 30 -30 56 33 36 35 -34 58 38 42 40 -40 -42 43 -38 46 47 -41 48 -46 -50 -49 -47 -53 54 -24 -18 -32 -58 -27 -36 -59 -11
right_child=-2 -3 3 4 -6 6 25 14 9 61 11 -13 13 -15 15 16 17 -19 19 21 -22 24 23 -25 -26 32 -28 28 29 -31 31 -33 34 -35 59 -37 37 -39 39 44 41 -43 -44 -45 45 51 -48 50 49 -51 -52 52 -54 -55 -56 -57 57 60 -60 -61 -62 -63
leaf_value=0.018369418618446928 -0.10835372750923998 0.045635139357723828 0.079575712309976607 -0.29534343137401781 -0.067859999258597689 0.030735315719896822 0.07563515131573792 0.052011303223571184 -0.10970042967220711 0.40702385665549912 -0.23957863250563147 -0.11400834037627601 -0.82684681162098872 -0.16177748148257917 0.057354552416130168 0.083853559486644941 -0.067835975086942377 0.011159932559841046 0.10595960473473442 -0.092068380699967034 5.1165587392938253e-05 0.76322787086878507 -0.29046507171869024 -0.073084765948591382 -0.0092482518050589681 0.072606001649091312 0.030626483816327987 0.026429414950257468 -0.06486624630782438 -0.048735966256834115 -0.6048124919692599 0.044569993295649792 -0.024974594895230035 0.90079428136555684 0.11802997180344191 0.098206384223653853 0.15314363157785521 0.10559763888467158 -1.4092749914952689 -0.013836566626776868 -0.05804354298281772 -0.96600352790620603 -0.036984261554985819 1.0055531519348733 0.092370059576231178 -0.28970475462315604 -0.5979439472681598 -1.1704036178127413 -0.67254314794249481 0.045871880632567121 -0.23336822061339416 -0.27082895560870096 -0.98363227749124482 -0.43611660992985302 0.14893504134459154 -0.48984812457717997 0.016534240496819657 -0.80174270552461557 -0.26246326341166754 0.0015134019838885736 -0.33324616521766243 -0.066051158695802803
leaf_weight=44929 1701 10102 976 462 5687 2010 1230 4318 1661 81 268 316 214 65 2871 1198 247 3953 415 1670 3964 35 928 694 405 2245 5774 1231 916 2369 257 196 1979 36 1440 7653 205 879 35 1127 116 54 1697 32 485 463 76 31 84 83 83 63 94 641 175 179 204 92 176 18522 781 3390
leaf_count=44929 1701 10102 976 462 5687 2010 1230 4318 1661 81 268 316 214 65 2871 1198 247 3953 415 1670 3964 35 928 694 405 2245 5774 1231 916 2369 257 196 1979 36 1440 7653 205 879 35 1127 116 54 1697 32 485 463 76 31 84 83 83 63 94 641 175 179 204 92 176 18522 781 3390
internal_value=0.00099806 0.00230281 -0.00100191 -0.0624144 -0.0849518 0.00248924 -0.00638423 -0.02795 -0.0748374 -0.110234 -0.186175 -0.333366 -0.460087 -0.671902 -0.010648 -0.02622 -0.0427632 -0.054163 -0.0817715 -0.132832 -0.0236899 -0.154913 -0.177097 -0.23534 0.0521987 0.00624616 -0.0268064 -0.0723833 -0.102496 -0.135457 -0.219449 -0.311996 0.0177002 -0.028967 0.0304164 0.0728975 -0.0331363 -0.0682763 -0.100602 -0.170528 -0.527912 -0.346454 0.000418745 0.268237 -0.14223 -0.221642 -0.0507378 -0.0829489 -0.0120963 -0.315487 -0.488176 -0.392995 -0.697603 -0.299908 -0.220751 -0.24516 -0.364385 -0.307013 0.0482474 0.00991856 -0.382618 -0.0550114
internal_weight=144263 142562 132460 7125 6149 125335 80406 29698 8005 5995 2524 863 547 279 21693 17375 14504 13306 9353 4963 4390 4548 4108 2438 440 50708 13050 7276 6046 4815 2446 1530 37658 8064 29594 9632 8028 5607 4728 2794 205 170 1934 237 2589 1386 1203 766 652 167 114 620 157 1744 1103 426 1334 1077 2421 19962 873 3471
internal_count=144263 142562 132460 7125 6149 125335 80406 29698 8005 5995 2524 863 547 279 21693 17375 14504 13306 9353 4963 4390 4548 4108 2438 440 50708 13050 7276 6046 4815 2446 1530 37658 8064 29594 9632 8028 5607 4728 2794 205 170 1934 237 2589 1386 1203 766 652 167 114 620 157 1744 1103 426 1334 1077 2421 19962 873 3471
cat_boundaries=0 1
cat_threshold=9
is_linear=0
shrinkage=0.05


Tree=129
num_leaves=63
num_cat=1
split_feature=84 130 115 90 125 135 50 36 25 72 110 121 89 126 50 49 127 58 113 73 103 76 73 94 50 100 60 112 137 123 80 89 10 42 69 62 131 89 89 92 129 83 42 90 49 66 121 83 35 97 18 93 105 0 17 78 80 133 101 89 38 65
split_gain=7792.34 7203.65 7225.51 8362.6 7203.34 7066.81 6669.71 8776.17 6513.95 7955.31 7183.96 8561.97 8344.27 8020.11 9515.01 6813.18 6605.11 6387.19 6064.47 6024.63 6629.76 6019.7 5495.97 5986.58 5370.06 15634.6 8003.33 7076.92 8802.47 7090.5 7038.47 13669.9 6425.38 6279.95 6216.06 5949.52 6403.82 5890.82 5845.03 8275.82 5695.3 5587.12 5495.1 6917.24 5383.6 5267.68 5252.71 5190.43 5164.71 6998.67 5331.67 5278.48 5375.07 5110.04 5349.32 5091.83 6095.02 5742.81 5488.55 6635.99 7891.56 6020
threshold=1.9452356209253612 0.42418646576644131 -0.013541211728602348 -0.85441836823316863 0.00044682019460170005 -0.034064527544548945 0.90433650442879687 -0.47156102259878035 -0.15939571757516763 0.7562167690803322 -0.0048790290324044992 0.00042708781891075007 0.026978699434583253 -0.11089420672258384 1.0874041652743121 0.33695090022295932 -0.0097514337601935491 -1.522526312654837 -0.0060374520997624496 0.42183114049006787 0.019809341170571305 -0.055600092372205992 0.30990661740754549 -0.086542243395780385 0.60420167534315294 -0.623660734191546 0.28565440711420209 0.028200628961544402 0 0.016048697097583504 -0.50158581475539632 0.11734285833763357 2028.1250000000002 -0.28097512620127368 0.61264249313234609 0.54340543237423899 -0.0062047660536211991 0.18801064818548138 0.028089753909822053 0.2849913028678584 -0.00078487565812104994 0.2082474433045152 -0.08412756278434888 -0.40783385471357364 0.29566396311563009 -0.11530351285633188 -0.013678294834647548 0.462665923258613 0.68109199264150988 0.58879860355402036 1.2821658170984798 0.42563188256736445 0.0037862933976607004 555.21500000000015 0.63715826458597713 -0.017378466037240348 -0.36665787843421083 0.038951743145317706 1.0776805884856049 0.071973366737791353 0.2516372842528386 1.1804234317049274
decision_type=2 2 2 2 2 2 2 2 2 2 2 2 2 2 2 8 2 2 2 2 2 2 2 10 2 2 10 2 1 2 2 2 2 2 2 2 2 2 2 2 8 8 2 2 10 2 2 10 2 2 2 2 2 2 2 2 2 2 2 2 2 2
left_child=1 8 4 21 6 55 7 -3 9 -1 11 12 -10 -14 15 16 -15 -12 -7 20 -9 -4 -13 -24 25 33 27 32 48 -30 31 45 44 37 41 36 -28 -20 39 -34 -40 -33 43 -38 -27 -26 -42 -21 50 51 -29 -50 -53 -25 -55 56 58 -58 59 60 -5 -61
right_child=-2 2 3 5 -6 18 -8 19 10 -11 17 22 13 14 -16 -17 -18 -19 24 47 -22 -23 23 53 30 26 35 28 29 -31 -32 34 38 -35 -36 -37 42 -39 40 -41 46 -43 -44 -45 -46 -47 -48 -49 49 -51 -52 52 -54 54 -56 -57 57 -59 -60 61 -62 -63
leaf_value=-0.003794514274605728 -0.13169078248384247 -0.013185768274926261 0.02775835304092324 0.00090012046128970849 0.049383143960161253 0.077897112260541856 -0.043917391823307311 0.14447188378699058 0.19635215189871055 0.8106744878987473 -0.046756569910126236 -0.28327751315452837 0.03799313798690359 0.082904612571643346 0.024972436563960053 -0.021671406567322915 -0.14507463673042925 0.05290478983400293 -0.55170173260599509 -0.50818413712650157 -0.50584793329238897 0.17984554468213657 0.132527767110454 -0.033854901156377029 0.39566791586129479 -0.11637490481546481 0.094259388880296197 -0.10032287946462291 -0.010874585199504697 -0.13932568366605999 0.0081024062195503618 0.76920249549353992 0.0569242555522581 0.19461297492876098 -0.15247861507933502 -0.0153287390479818 -1.4114684976850238 -0.17101346926403144 -0.045689644300570861 0.39791789743190326 -0.096613275269851279 0.058565413136692612 -0.30616679390271506 -0.43721464221414763 -0.84402336501158204 1.0256279812617737 0.037520763319060138 -0.12388810405293399 -0.29382378454736363 -0.1302386585449021 0.42702335502952338 -1.2591930582242854 -0.45947584108872852 0.13912037265110377 -0.014660919495328613 -0.029033376115761816 -0.21136601210231198 0.25321817925332918 0.5224904432626708 -0.23699038290794483 0.75883882161643779 0.39262083260024472
leaf_weight=47661 1126 305 4630 746 619 1938 833 113 430 30 1756 121 3430 348 2863 2635 3650 19032 224 395 60 757 1840 1996 135 73 44 1158 9222 1216 10207 41 1306 54 215 144 35 186 4516 206 810 85 81 38 39 44 7378 113 179 471 50 34 55 1360 968 4501 1337 70 42 513 36 41
leaf_count=47661 1126 305 4630 746 619 1938 833 113 430 30 1756 121 3430 348 2863 2635 3650 19032 224 395 60 757 1840 1996 135 73 44 1158 9222 1216 10207 41 1306 54 215 144 35 186 4516 206 810 85 81 38 39 44 7378 113 179 471 50 34 55 1360 968 4501 1337 70 42 513 36 41
internal_value=-0.000671113 0.000357567 -0.0137888 -0.00990701 -0.0979468 -0.0166067 -0.148083 -0.236084 0.00923433 -0.00328217 0.0239991 0.00231558 -0.0203303 -0.0275385 -0.0512089 -0.084091 -0.125231 0.0444862 -0.00839201 -0.335914 -0.0810726 0.0491302 0.0504395 0.0569904 -0.0127644 -0.0244618 -0.0195263 -0.0164493 -0.0441299 -0.0258141 0.017244 0.196683 0.00747759 -0.312243 0.0109456 -0.259868 -0.437715 -0.378999 0.0104496 0.103382 -0.000611067 0.289804 -0.589708 -0.904323 -0.369752 0.550518 0.0242515 -0.422701 -0.141463 -0.246307 -0.0784956 -0.450292 -0.764986 0.0248468 0.0751769 -0.0619125 -0.11505 -0.188252 -0.0403079 -0.0580007 0.0357924 -0.190395
internal_weight=144541 143415 55295 52857 2438 47470 1819 986 88120 47691 40429 19641 13356 12926 9496 6633 3998 20788 40184 681 173 5387 6285 6164 38246 27519 27055 26713 12385 10438 10727 520 14328 464 341 342 198 410 14216 1512 12704 126 154 73 112 179 8188 508 1947 739 1208 268 89 4324 2328 7286 2785 1407 1378 1336 782 554
internal_count=144541 143415 55295 52857 2438 47470 1819 986 88120 47691 40429 19641 13356 12926 9496 6633 3998 20788 40184 681 173 5387 6285 6164 38246 27519 27055 26713 12385 10438 10727 520 14328 464 341 342 198 410 14216 1512 12704 126 154 73 112 179 8188 508 1947 739 1208 268 89 4324 2328 7286 2785 1407 1378 1336 782 554
cat_boundaries=0 1
cat_threshold=6
is_linear=0
shrinkage=0.05


Tree=130
num_leaves=63
num_cat=0
split_feature=134 34 127 50 125 46 121 83 104 79 119 125 119 8 113 87 63 124 42 75 121 74 77 74 111 78 117 100 97 15 56 46 96 92 90 46 46 83 130 126 49 92 96 121 62 89 85 88 124 75 127 74 83 105 75 73 69 73 79 97 76 51
split_gain=8517.66 8114.23 7417.43 8189.17 10818.3 8688.83 8101.3 7209.34 7618.15 7262.27 6657.06 8614.66 6531.49 6218.11 6676.3 6173.25 6272.06 5925.71 5831.8 9671.86 14484.4 12224.6 8966.22 10200.4 9448.42 9646.48 10258.5 8975.89 8933.33 7774.58 7612.11 7316.07 6481.37 13006.8 7074.72 10101.6 6991.6 6858.82 5893.25 5837.97 5821.33 8305.76 5697.1 5695.48 5676.59 7513.81 7550.06 10399.9 6949.5 7397.13 6749.26 6438.92 6201.57 6905.75 6836.59 8084.41 21142.9 7435.29 7133.72 6530.55 6509.15 6952.32
threshold=-0.4437204357901709 -0.85054722598931265 0.0031039992757737004 1.0398187273638078 -0.0049466322293808497 0.80238207575396259 -0.030198551020894044 0.46536882284618658 -0.5063239887692127 0.46922110735286388 0.026432172017346704 0.0053941035447187006 0.016052136537339053 47.635000000000012 0.034205108474217309 0.20149441209085778 0.77478691111277698 0.29370383105859049 -0.43464476110527855 0.1294927921586356 0.0076619151431047512 -1.4137451450191902 0.31537757558817409 -1.0630208673314347 0.0065358805691805013 -0.33318984536530305 -1.0000000180025095e-35 0.055990911243348561 0.58131387673467083 38.895000000000003 -0.073337192940912788 -0.60275309196061244 0.30464977796903975 0.69782882682636671 -0.51033221810610085 -0.3039631214669663 -0.44410058997436608 1.1403293153295204 -0.4241864657664412 1.0067250214562125 0.29003983983867437 -0.30451571802930716 -0.4911357995740262 0.0085936171985251022 -0.095965682451085041 0.028816094445746652 0.41841527780186222 -0.025104331853018146 -0.35176498279444196 0.064081305160930066 -0.005117902040455099 0.17838498611045259 0.21215716355968137 -0.012839672611244099 0.080057621214793359 0.64948559603697564 0.77948751775342939 0.46844776318065756 0.029820344376027205 0.60985007155859883 -0.25641813216285586 0.34171898089419456
decision_type=2 2 2 2 2 2 2 8 2 2 2 2 2 2 2 2 2 2 2 2 2 2 2 2 2 2 8 2 2 2 2 2 2 2 2 2 2 10 2 2 10 2 2 2 2 2 2 2 2 2 2 2 8 2 2 2 2 2 2 2 2 2
left_child=1 -1 6 4 5 7 -3 8 -4 43 -6 -12 -11 18 -15 17 -17 -10 31 21 29 -20 23 27 -25 26 -26 28 -22 30 42 -2 33 37 -34 -36 -35 -33 -23 44 -24 -42 -21 -9 -40 46 -46 -48 49 -47 -51 -49 -50 -54 58 57 -57 -56 59 -55 61 -59
right_child=13 2 3 -5 10 -7 -8 9 15 12 11 -13 -14 14 -16 16 -18 -19 19 20 22 38 40 24 25 -27 -28 -29 -30 -31 -32 32 34 36 35 -37 -38 -39 39 -41 41 -43 -44 -45 45 48 47 51 52 50 -52 -53 53 54 55 56 -58 60 -60 -61 -62 -63
leaf_value=0.040195312293712641 0.0042596968461386326 -0.27510824871270828 -0.035470759050875177 0.0009935512294964846 -0.024941184663345432 0.68535612002015123 0.0052319788606512534 -0.036863529809401246 -0.16975433111293217 -0.70336192398370345 -0.24310910891357773 -0.040538481528347985 -0.085128527944817123 0.067083871275382914 -0.050952984545805192 -0.37240784978027874 -0.088273698480626356 0.35404200949545567 0.34016206836923191 -0.058876585509922169 -0.90303930067548566 0.043147853785264638 0.076416404348400455 -0.0041325625083431534 -0.77273032081529225 -0.223281766103827 0.065151216969528095 0.057343300497293428 0.17322185327929837 0.051476286983488266 -0.22265131961433859 -0.082761187448074494 -0.15860822918083495 0.14793929111573004 0.34235350991868735 -0.0256201395239017 -0.67165447067308393 -0.84760457446177806 -0.0036200519149133196 -0.06023220969778964 -0.067031212783265612 -0.77529191194578662 0.26378984901989394 0.32074513898955453 0.20250271486019963 -0.29709955745781447 0.31941485427426719 -0.26736349545368182 0.10612752333828122 0.24840953641681263 -0.095258065001652042 0.45030650147369933 0.090186659240950137 -0.32000010601679485 0.10664867326533414 0.12170281607359079 1.5737909530439687 -0.0072075396345288902 -0.010022440757355193 -0.030945426232053666 0.040342743533383157 -0.31562099162266777
leaf_weight=5242 8989 262 615 7387 11202 32 15723 957 782 73 864 1337 103 7356 1431 909 247 58 291 570 51 14681 897 418 164 1391 47 686 31 4359 580 1278 956 31 197 3502 162 30 26509 3026 1108 43 180 126 1168 329 144 292 2339 186 616 35 2719 375 2022 131 31 402 6811 408 1236 335
leaf_count=5242 8989 262 615 7387 11202 32 15723 957 782 73 864 1337 103 7356 1431 909 247 58 291 570 51 14681 897 418 164 1391 47 686 31 4359 580 1278 956 31 197 3502 162 30 26509 3026 1108 43 180 126 1168 329 144 292 2339 186 616 35 2719 375 2022 131 31 402 6811 408 1236 335
internal_value=-0.000568555 -0.0183542 -0.0258994 -0.0430785 -0.0618916 -0.135161 0.0006371 -0.141945 -0.189334 -0.0436681 -0.0405609 -0.120057 -0.341555 0.00771919 0.0478611 -0.236741 -0.311698 -0.133587 0.00378935 0.00953148 -0.0348901 0.0168269 -0.0985087 -0.15686 -0.215831 -0.271068 -0.586093 -0.00175472 -0.49616 0.0191896 -0.086628 -0.0244989 -0.0664923 -0.156841 -0.0373593 -0.00602273 -0.54001 -0.100303 0.0153521 0.00704343 -0.0190735 -0.093491 0.0185634 0.00474191 0.0114605 0.0318789 0.134356 -0.0346363 0.0225166 -0.0974541 -0.0155546 -0.190549 0.0305889 0.0183785 0.00176315 0.0533094 0.399572 0.0392683 -0.0264536 -0.169382 -0.0297855 -0.147395
internal_weight=144462 45919 40677 24692 17305 3902 15985 3870 2611 1259 13403 2201 176 98543 8787 1996 1156 840 89756 74611 10525 64086 4836 2788 2020 1602 211 768 82 5689 1330 15145 6156 1501 4655 3699 193 1308 63795 49114 2048 1151 750 1083 46088 19579 1639 471 17940 1131 802 327 16809 14470 11751 4157 162 3995 7594 783 1973 737
internal_count=144462 45919 40677 24692 17305 3902 15985 3870 2611 1259 13403 2201 176 98543 8787 1996 1156 840 89756 74611 10525 64086 4836 2788 2020 1602 211 768 82 5689 1330 15145 6156 1501 4655 3699 193 1308 63795 49114 2048 1151 750 1083 46088 19579 1639 471 17940 1131 802 327 16809 14470 11751 4157 162 3995 7594 783 1973 737
is_linear=0
shrinkage=0.05


Tree=131
num_leaves=63
num_cat=1
split_feature=121 110 41 136 89 50 92 115 75 80 95 107 50 93 83 68 84 80 11 111 95 72 73 74 96 109 84 101 82 79 92 92 81 69 76 113 84 68 96 80 96 52 89 55 34 57 100 80 42 89 100 53 86 72 87 69 82 70 88 115 72 95
split_gain=7927.42 9743.27 7196.71 7141.55 9962.87 9928.74 21758.2 9898.71 8643.93 11258.8 8191.83 8178.87 7871.28 7317.41 7999.2 7537.16 7264.08 7380.04 10762.9 6786.51 10906.9 8247.29 8952.78 8049.28 8020.65 10203.4 9244.24 7594.1 8587.99 7051.81 7462.95 10061.1 11828.8 11316.5 7662.34 6670.29 6777.52 9338.34 10210.4 9440.03 9094.9 7198.52 13684 11758.3 10523.7 10221.7 8093.11 12517 11829.3 10579 9747.54 8007.93 7519.72 7063.56 9797.35 6708.09 6684.38 6638.41 8280.71 12798.3 16035.9 7412.78
threshold=-0.0058597075741698987 -1.0000000180025095e-35 0.10253383730108172 0 0.029509378917291555 0.53344348147577791 0.23393110206336593 -0.013541211728602348 0.076364855388016059 0.34270722567979656 0.46660339833041869 0.034931211749591552 -0.92468433193306787 0.49948083640653124 0.24556286562747498 0.024106135028237306 -0.25917624526138344 -0.79388821327567283 8118.4050000000007 0.0084847815365814028 0.19127701099356739 0.40968619525373168 0.39806477441017757 -0.61735824761551028 0.057688956356135711 -0.00079365981936639987 -1.1218571400206028 0.78662493040698978 -0.24349554235727064 0.042421294961522853 -0.18252892777689972 -0.51020821809439187 0.2572999202638151 0.48565309910951432 -0.15813339981484989 0.025632691370479552 0.075304228969922019 0.3716707947541189 -0.11426427787856229 -0.044738814384540193 0.27446271973421132 0.079876234763784013 0.082375235784824266 0.065677923562717067 -0.4310228343686735 0.16564550933876362 0.21745249995888702 -0.38676760943304694 -0.14016869003738847 0.036121442482169759 0.12310088464315287 0.21454775181041608 0.0095323583431544019 -0.30117793158912565 0.19470877508861176 0.50880864840447115 0.07696306234255397 0.27634334671446564 0.011671342398465252 0.011436074851007002 0.052223254600903254 0.16145272616826528
decision_type=2 2 2 1 2 2 2 2 2 2 10 2 2 2 10 2 2 2 2 2 8 2 2 2 2 2 2 2 10 2 2 2 2 2 2 2 2 2 2 2 2 2 2 2 2 2 2 2 2 2 2 2 2 2 2 2 10 2 2 2 2 10
left_child=1 3 -2 4 -1 6 7 12 9 13 -10 35 -5 14 -8 -15 -6 18 -18 20 21 23 -23 -4 25 26 -21 -24 -29 -28 31 -31 33 -33 -35 36 41 38 -38 40 -40 42 43 46 -45 -46 47 50 -48 56 -9 -47 -51 -50 -55 -37 -49 58 -25 60 -60 -59
right_child=2 -3 19 5 16 -7 8 11 10 -11 -12 -13 -14 15 -16 -17 17 -19 -20 24 -22 22 27 57 -26 -27 29 28 -30 30 -32 32 -34 34 -36 55 37 -39 39 -41 -42 -43 -44 44 45 51 48 49 53 52 -52 -53 -54 54 -56 -57 -58 61 59 -61 -62 -63
leaf_value=0.21542309435904863 0.014854688918918113 0.0086690526222948597 -0.50484253498184128 0.11842287302017213 0.072957098153542829 -0.013244826756802172 -0.41417004011480546 0.4290393728292683 -0.10780460378541323 -0.047263359047131609 0.70824490714682431 -0.19039416407579429 -0.44649380395417437 -0.77644794907035497 -0.87535726950793968 -0.16514329340482625 -0.0080292273248247139 -0.073123290866820914 0.47637665260147738 0.027989348946594758 0.047186119153715803 0.15667917894583847 -0.42991804347764107 -0.0057373286565426465 0.0084957314285743178 -0.029239626467938963 -0.064752976867252052 0.64608631228145796 -0.24602290375899247 -0.21635079608931462 -0.0095690690677215171 -0.97126222720433919 -0.91696147691943242 0.1138169958777384 -0.46645463489215166 0.19910927963256839 -0.34270610048853123 -0.4923995369724159 0.26476885837329617 -0.061241072359068005 0.89444387203721853 0.01326743362987616 0.024246004655680529 -0.015378642362706802 -1.0862962442910535 -0.049894101876351571 -0.98044756770133967 -0.088146424965518319 -0.053731874228299906 -0.15344473619479687 -0.43991213415531405 -0.93949042801291527 -0.80039714038189202 -0.48259983181953436 0.52280430935678035 -0.32503934170959931 -0.7572325244892476 -0.067302638595743522 -0.25139073911435017 0.10723207505806438 -1.2118780142494612 0.53786092287785292
leaf_weight=530 77949 20548 86 80 1821 8739 410 103 211 306 36 876 269 58 122 386 449 3653 154 460 6702 126 372 3504 3205 2824 504 38 93 661 206 58 134 109 119 75 87 58 398 192 67 3569 1410 85 87 72 30 283 525 62 47 39 163 30 126 328 43 93 194 159 56 111
leaf_count=530 77949 20548 86 80 1821 8739 410 103 211 306 36 876 269 58 122 386 449 3653 154 460 6702 126 372 3504 3205 2824 504 38 93 661 206 58 134 109 119 75 87 58 398 192 67 3569 1410 85 87 72 30 283 525 62 47 39 163 30 126 328 43 93 194 159 56 111
internal_value=-6.99631e-05 -0.0170584 0.00801509 -0.0374074 0.00750591 -0.0527021 -0.0851807 -0.055869 -0.259709 -0.311892 0.0111338 -0.0454595 -0.317 -0.394859 -0.519931 -0.244998 -0.010615 -0.0463728 0.115683 -0.0188921 0.00590106 -0.0513614 -0.220217 -0.0260913 -0.0534289 -0.092536 -0.171945 -0.314629 0.0127569 -0.223296 -0.285382 -0.337943 -0.529305 -0.347676 -0.189044 -0.0293455 -0.0186641 0.118669 0.166306 0.23371 0.355496 -0.0351672 -0.0908398 -0.186575 -0.480733 -0.680506 -0.127618 -0.248173 -0.00875853 -0.358412 0.156768 -0.362455 -0.622126 0.0340472 0.329457 -0.227493 -0.1764 -0.0160907 -0.0305874 -0.243484 -0.46654 0.261978
internal_weight=144290 46527 97763 25979 6607 19372 10633 9104 1529 1282 247 8755 349 976 532 444 6077 4256 603 19814 11534 4832 629 4203 8280 5075 2251 503 131 1791 1287 1081 420 286 228 7879 7476 802 744 657 465 6674 3105 1695 283 198 1412 701 711 551 150 111 225 681 156 403 326 4117 3913 409 250 204
internal_count=144290 46527 97763 25979 6607 19372 10633 9104 1529 1282 247 8755 349 976 532 444 6077 4256 603 19814 11534 4832 629 4203 8280 5075 2251 503 131 1791 1287 1081 420 286 228 7879 7476 802 744 657 465 6674 3105 1695 283 198 1412 701 711 551 150 111 225 681 156 403 326 4117 3913 409 250 204
cat_boundaries=0 1
cat_threshold=8
is_linear=0
shrinkage=0.05


Tree=132
num_leaves=63
num_cat=1
split_feature=124 133 111 25 94 93 111 71 136 109 113 92 127 74 41 120 85 124 107 93 72 125 58 84 68 78 41 72 74 113 123 115 36 94 49 120 127 80 65 100 127 74 127 135 127 46 135 34 92 46 113 84 123 100 94 80 92 123 80 101 70 135
split_gain=7491.62 6748.68 9626.77 8169.92 9527.49 9643.37 8090.53 10643 10353.9 11684.7 16379.8 17529 9695.75 8686.21 10571.9 9719 8314.34 7960.71 7427.34 9364.93 10196 8362.19 11721.1 9885.65 7780.5 7553.19 7416.56 10402.6 11618.6 10138.9 9176.33 9939.51 9468.02 11405.3 9843.17 9138.67 7935.91 7687.1 7464.37 7971.33 7284.58 7130.65 7869.12 7120.29 7052.62 17388.9 6933.14 6926.94 6856.91 6614.86 6543.48 6409.77 6389.9 8682.03 6341.57 6276.48 6325.37 8402.29 6206.1 8153.92 7496.48 6095.99
threshold=1.0080728426877166 -0.0097811283361824482 -0.00023945184245359997 0.047301796576626656 0.0067672652891683513 0.50508480083429819 0.0082928336510501525 0.71221644727421618 0 1.5929891769370985e-18 0.0011311845795894003 -0.18252892777689972 -0.0044741950994013494 -0.21829521741762742 0.22013347046595946 0.10137271006320796 0.35870963464007516 -0.47382114877915738 -0.00300563695525125 0.40186897657094556 -1.027462255396665 -0.0012749015348922997 -0.0081477558220145983 0.04763250765028141 0.083626579571841372 -0.048756787128504495 0.059739397886185056 0.68647571808998986 0.76777326922511568 0.0054626910037360006 3.2705287714138964e-05 -0.0031985024542784996 -0.10163161180770384 -0.016688985757437647 0.44115041620997458 -0.0072428030796181991 -0.011332332772699948 0.30017118950715971 0.52745019987587394 0.11689574382369666 -0.036280930957074499 -1.0630208673314347 -0.0082792014278871475 0.020956515462596154 -0.054788480761146792 2.1019673287659928 -0.030546617494114647 -0.5300236954272185 -0.92845540569709739 0.68207510940872784 -0.0083676967696433967 0.084159920276677971 0.0036393370877690003 -0.24744783429612097 -0.086542243395780385 -0.73786882430114564 0.27642137238163872 0.0051227281316230501 -0.98618607943581538 0.81731718520676255 -0.11376402843315284 0.005666821268084001
decision_type=2 2 2 2 10 2 2 2 1 2 2 2 2 2 2 2 2 2 2 2 2 2 2 2 2 2 2 2 2 2 2 2 2 8 10 2 2 2 2 2 2 2 2 2 2 2 2 2 2 2 2 2 2 2 8 2 2 2 2 2 2 2
left_child=1 2 26 6 5 40 7 -3 -8 10 54 13 -9 14 -12 -15 48 51 -14 24 -21 22 46 -23 -20 -24 27 28 35 -30 31 32 -28 34 36 50 -34 52 -38 -40 -5 -11 -43 55 45 -6 -22 -46 -17 -44 -1 -7 -31 -54 -10 56 58 -58 -19 -60 -61 -52
right_child=-2 3 -4 4 44 17 8 12 9 41 11 -13 18 15 -16 16 -18 43 19 20 21 23 25 -25 -26 -27 30 -29 29 37 -32 -33 33 -35 -36 -37 38 -39 39 -41 -42 42 49 -45 47 -47 -48 -49 -50 -51 61 -53 53 -55 -56 -57 57 -59 59 60 -62 -63
leaf_value=0.082300446669206481 -0.056605893827082157 0.027250976522216464 0.014189447388690758 -0.12477688844658415 1.1943997319601476 -0.60509069861093567 0.024232832429499196 0.033889316123325512 -0.2265789985936959 0.16687592453230174 -0.049114734255792797 0.012103534990616361 0.0050925722881927562 -0.1900863742978966 -0.40133120589997323 -0.096308966626723613 -0.3609428640365025 0.28927024142607488 0.045776612323139045 0.045990917083352456 -0.60877960194455527 -0.18630713652767367 -0.35341973424829703 0.21387416637206283 -0.3301110207921808 -0.97618984110874707 -0.03470325707319874 0.0044432653614903768 -0.07609040184334917 -0.22605664011554569 0.028510060435247338 0.00047311413372114544 0.057918593128685095 -0.082530485963336092 0.16720273311742967 -0.0093637207769431945 -0.90641904733059087 0.06999460905005507 -0.29717066009200899 -0.91573828169793792 0.038521466623418883 -0.10854923109380719 0.013803585194844434 0.26769622764575596 0.6744506480612068 -0.2622593466015089 -0.15512848938714266 -0.020600124338594521 -0.90829312546321983 0.51421213640252761 -0.14453252646259659 0.026901997238397597 -0.68605326536077049 0.03737611442196126 0.0092887410893775866 0.12878669796901443 -0.60081687760774538 0.0397660194105416 -0.19871144005611763 -0.23243703564008078 0.77922279542866857 -0.027509095414744323
leaf_weight=458 5654 27165 22849 712 40 67 5018 3328 339 500 471 567 2041 235 389 30 207 187 1118 473 101 1253 94 176 157 101 1292 6132 621 223 9538 3914 61 611 68 5099 110 89 247 66 16731 1897 2292 732 36 42 507 8415 195 68 4271 100 270 49 1788 3086 99 106 268 30 47 1505
leaf_count=458 5654 27165 22849 712 40 67 5018 3328 339 500 471 567 2041 235 389 30 207 187 1118 473 101 1253 94 176 157 101 1292 6132 621 223 9538 3914 61 611 68 5099 110 89 247 66 16731 1897 2292 732 36 42 507 8415 195 68 4271 100 270 49 1788 3086 99 106 268 30 47 1505
internal_value=-0.000189848 0.00211022 -0.0110009 0.0113893 0.0317322 0.0490153 -0.000974356 0.0114148 -0.0332963 -0.0654047 -0.126032 -0.225301 -0.0345997 -0.313453 -0.208431 -0.448863 -0.589633 0.112402 -0.0724557 -0.112224 -0.16488 -0.209567 -0.338672 -0.13702 -0.000509159 -0.675983 -0.0276244 -0.0489577 -0.0749772 -0.219518 -0.00252248 -0.0489958 -0.127864 -0.231358 -0.396093 -0.0590092 -0.475233 -0.360672 -0.552118 -0.427603 0.0318558 -0.011746 -0.0327258 0.124833 -0.0131617 0.448306 -0.230488 -0.0176393 -0.800029 0.0282221 -0.099616 -0.226652 -0.43139 -0.574931 -0.0283037 0.0974782 -0.033618 -0.269589 0.0573106 -0.0684183 0.38507 -0.114041
internal_weight=144335 138681 57473 81208 30698 22165 50510 36514 13996 8978 4221 2094 9349 1527 860 667 432 4722 6021 3980 2705 2232 803 1429 1275 195 34624 18717 12585 1252 15907 6369 2455 1163 552 11333 484 631 423 313 17443 4757 4257 4555 8533 82 608 8451 225 2360 6234 167 542 319 2127 3823 737 205 532 345 77 5776
internal_count=144335 138681 57473 81208 30698 22165 50510 36514 13996 8978 4221 2094 9349 1527 860 667 432 4722 6021 3980 2705 2232 803 1429 1275 195 34624 18717 12585 1252 15907 6369 2455 1163 552 11333 484 631 423 313 17443 4757 4257 4555 8533 82 608 8451 225 2360 6234 167 542 319 2127 3823 737 205 532 345 77 5776
cat_boundaries=0 1
cat_threshold=3
is_linear=0
shrinkage=0.05


Tree=133
num_leaves=63
num_cat=0
split_feature=135 105 71 79 95 76 107 110 115 50 58 70 43 101 46 60 71 76 90 86 69 89 74 90 92 113 45 125 93 80 86 111 113 69 56 96 71 73 75 22 99 78 84 68 103 95 97 41 77 84 82 100 87 74 70 68 68 79 79 58 95 88
split_gain=7448.2 6521.5 7465.6 7175.88 8214.72 6948.46 9359.17 7953.53 6574.22 7717.89 10964.9 10011.8 9153.46 10484.8 9966.16 8671.24 8934.86 7971.45 15576.1 14017.6 12452.3 12305.8 20306.7 10835.3 8783.52 8488.01 12814.5 12394 12639.5 12696.1 8300.44 8372.75 7790.06 8168.63 7517.46 7490.81 11107.8 7688.38 7452.02 8002.75 7302 8755.31 14204.7 8438.08 7238.88 9819.76 7871.22 7436.75 9747.41 8079.81 10262.5 8286.25 14548 11452 15423.3 21961.5 9194.44 13970 10809.4 8777.48 8746.74 16208
threshold=-0.039553999611156694 0.043312740817059908 0.72759271372442313 0.043641951373864507 0.18147386385865669 0.14935561583753643 -0.008393873426695498 -0.0048790290324044992 -0.013541211728602348 0.60420167534315294 0.80828127155641294 1.3266616426407978 0.26256300791911463 0.69644442679605223 -0.35833093066503202 -0.079252553787208926 0.63786478678413694 -0.33445214616890484 -1.0435636029129207 -0.3306420942944101 0.4773626243936101 0.15247312219474882 0.12136760746397497 -0.65971811127617197 0.72170022124640332 -1.0000000180025095e-35 0.023467619674237054 0.0020542572642115006 0.27675757703740872 -0.80221907072459586 -0.39198890727564145 0.012340778261520151 0.025632691370479552 0.52038357475374786 -0.83924251310513542 0.067838860663476067 0.75832306692623297 0.48947993512846438 0.073162641020396615 0.054416583621652907 0.69266191051371906 -0.07564955677566064 0.39437223737244403 -0.79218001814607575 0.041731870405064257 0.54956588059117673 0.65480747945995921 0.10253383730108172 0.13563037643667869 0.41947230597566382 -0.12976593671139403 -0.19987885476494646 0.26068456169646953 0.011654938034208752 0.16933401657886757 0.34012053181446239 0.3716707947541189 0.053171720031332755 0.027787122659885154 0.20995627624099447 0.48553336617158172 -0.027308308891862396
decision_type=2 2 2 2 8 2 2 2 2 2 2 2 2 2 2 10 2 2 2 2 2 2 2 2 2 2 2 2 2 2 2 2 2 2 2 2 2 2 2 2 2 2 2 2 2 10 2 2 2 2 10 2 2 2 2 2 2 2 2 2 10 2
left_child=-1 8 -3 4 5 6 -4 -8 -2 10 17 35 13 14 15 -12 -17 19 21 20 23 -19 -23 -10 25 26 -21 28 29 -28 31 -25 44 -34 -14 36 37 -11 -15 -40 -22 -42 43 -43 47 -46 -47 49 -49 51 -51 52 53 54 55 -20 60 58 -58 -59 -53 -62
right_child=1 2 3 -5 -6 -7 7 -9 9 11 12 -13 34 38 -16 16 -18 18 32 24 40 22 -24 30 -26 -27 27 -29 -30 -31 -32 -33 33 -35 -36 -37 -38 -39 39 -41 41 42 -44 -45 45 46 -48 48 -50 50 -52 56 -54 -55 -56 -57 57 59 -60 -61 61 -63
leaf_value=-0.030690885458985923 -0.043946627973304835 0.0029203938943730525 0.0027240888701508875 -0.038619971455292113 -0.054108663136198089 -0.1224284542182377 -0.86553635638780324 -0.33443553729214126 -0.02962028699074494 0.52936046085385391 0.15675797525124674 -0.056180035830705549 -0.66436287293680651 -0.16388509824208106 -0.24917079073821743 0.014838560766750768 -0.94365275681018845 0.25452239179215336 0.17265598890825706 0.50307423370640458 0.030422518833679392 -0.58684944198466837 0.16766406250547392 -0.15227309380844237 0.36606970711113657 -0.10112015586482442 -1.6894436465369331 -0.13255782763195964 -0.36522443757031131 -0.61884671180612516 -0.68885500752482542 -0.91097344391047952 0.11029294421649959 -0.15304205586989841 -0.19479366868472081 0.048383232501210557 1.2081626530736687 -0.13729538027753777 0.50094150773344193 -0.20029748087892166 -0.027544283110927867 -0.10688302068016198 0.095850857846438889 -0.74180491475087984 -0.034391932407428841 -0.14897970876523428 -1.172352001246284 0.080389917890279716 -0.048523729059149714 0.070217973458499686 -0.28137520261337795 0.020742709216051879 0.28963772162283757 0.01161011209715814 0.52220913169624139 -0.84496477501214307 -0.37461148733524863 -0.081679517847876401 0.42597279138102828 -0.82682989305312482 0.4501819946556711 -0.08292695784163992
leaf_weight=17630 5763 8383 92 4548 795 335 130 154 727 86 390 2438 107 101 647 62 40 1149 523 41 8473 128 294 400 73 907 45 223 183 72 121 40 378 1333 419 17447 32 87 187 52 2500 79 150 155 5294 42 34 1825 7461 368 476 45417 765 3401 278 59 74 62 98 109 325 254
leaf_count=17630 5763 8383 92 4548 795 335 130 154 727 86 390 2438 107 101 647 62 40 1149 523 41 8473 128 294 400 73 907 45 223 183 72 121 40 378 1333 419 17447 32 87 187 52 2500 79 150 155 5294 42 34 1825 7461 368 476 45417 765 3401 278 59 74 62 98 109 325 254
internal_value=-0.000242439 0.0039967 -0.0276348 -0.0699448 -0.164543 -0.288025 -0.435564 -0.577545 0.00806701 0.0108834 0.00438862 0.0387963 -0.111173 -0.0474617 -0.120197 0.0494095 -0.36104 0.00713596 0.0140496 -0.0270432 -0.00967736 0.169715 -0.0611931 -0.157014 -0.169265 -0.195832 -0.348142 -0.414873 -0.624727 -1.03061 -0.322103 -0.221246 0.0104834 -0.0948652 -0.290314 0.0519139 0.352398 0.194106 0.196201 0.348371 0.00703209 -0.0616874 -0.283974 -0.527451 0.0131792 -0.0424931 -0.606804 0.0180407 -0.023188 0.0253737 -0.128074 0.0278951 0.0888737 0.0528295 0.215838 0.0694951 0.0212813 -0.236631 0.0815354 -0.556658 0.0232046 0.216314
internal_weight=144261 126631 14437 6054 1506 711 376 284 112194 106431 86341 20090 2005 1479 1139 492 102 84336 70147 14189 12645 1571 422 1288 1544 1471 564 523 300 117 561 440 68576 1711 526 17652 205 173 340 239 11357 2884 384 234 66865 5370 76 61495 9286 52209 844 51365 5026 4261 860 582 46339 343 172 171 45996 579
internal_count=144261 126631 14437 6054 1506 711 376 284 112194 106431 86341 20090 2005 1479 1139 492 102 84336 70147 14189 12645 1571 422 1288 1544 1471 564 523 300 117 561 440 68576 1711 526 17652 205 173 340 239 11357 2884 384 234 66865 5370 76 61495 9286 52209 844 51365 5026 4261 860 582 46339 343 172 171 45996 579
is_linear=0
shrinkage=0.05


Tree=134
num_leaves=63
num_cat=0
split_feature=131 97 134 50 68 83 86 73 88 93 123 101 84 44 91 78 100 78 96 40 76 93 135 115 89 62 68 90 46 97 99 98 9 111 109 88 76 40 126 96 50 82 53 77 88 75 109 125 71 82 40 71 83 98 84 72 101 97 56 49 91 91
split_gain=7376.03 6488.8 6010.03 5411.02 10334.4 14986.6 14800.3 14502.9 12974 11362.8 9706.09 9393.29 9398.82 10009 9058.52 7852.04 8782.89 12464.7 7828.82 8946.69 7575.62 9492.37 9397.19 7423.42 7666.31 7336.7 7060.38 9330.07 14453 9273.41 8842.74 8036.91 7940.03 7038.15 8729.55 7929.21 11685.2 7620.24 7436.46 6988.87 7358.83 6986.8 8971.98 6848.14 6834.42 9152.55 10815.9 7336.87 9690.91 7476.25 6944.84 6738.85 6673.2 7770.58 7737.35 6533.43 8897.46 7766.96 13761.9 6744.93 6645.36 6528.67
threshold=0.020875360395437404 0.62004365173426512 0.63322496693936647 0.56083897391042004 0.092083487180973117 0.43187017363172658 -0.27822206595707788 0.53041119452150687 0.64444252974424587 0.65035514127516303 -0.00091803741310684985 0.7061649764492739 0.19093041706058103 0.018994860445649357 0.15098004530331841 0.19550672499856983 -0.623660734191546 -0.036667145244477346 -0.042014792194151794 0.014929148084608152 -0.53661001362151661 0.28915009089971627 -0.020826342631058894 0.015478879048303652 0.13196952277393084 0.47316169481081771 0.83481187637241916 -0.68981719650474249 -0.85858640498946437 0.45117123737935871 0.35961574653192102 1.9828077512308915 520.8850000000001 0.014149969892036351 -0.0016759933667036498 0.049696651539452158 -0.073547463009435335 -0.87442147135452475 -0.023996776143843348 -0.92916108059987967 0.11922929279391657 -0.048247779950099143 0.24351518647663592 0.23281288552267451 -0.039845029046752342 0.11132912441517556 0.0039645981784174516 0.0046758795581735004 0.59730867788845665 -0.026885500322238198 0.32507368052558749 0.43320034343221969 0.23814529213911373 -0.72414660718136636 0.73696738784240001 0.25716984972681006 0.67165084814290454 0.52324432736393922 -0.5179365692292891 0.13155590179848689 0.21475881059544663 0.19038171873619439
decision_type=2 2 2 2 2 10 2 2 2 2 2 2 2 2 2 2 2 2 2 2 2 2 2 2 2 2 2 2 2 2 2 2 2 2 2 2 2 2 2 2 2 10 2 2 2 2 2 2 2 8 2 2 8 2 2 2 2 2 2 8 2 2
left_child=1 3 -3 4 25 7 -7 8 9 15 -9 12 -8 -14 -10 16 17 -6 19 -13 21 -17 -22 24 41 33 27 28 32 -30 -31 44 -5 35 38 -1 51 -38 39 -35 -41 42 43 -20 45 46 -29 48 -46 -50 -49 -37 54 -54 -32 57 -57 59 -59 -12 -58 -52
right_child=-2 2 -4 26 5 6 11 10 14 -11 55 18 13 -15 -16 20 -18 -19 23 -21 22 -23 -24 -25 -26 -27 -28 31 29 30 52 -33 -34 34 -36 36 37 -39 -40 40 -42 -43 -44 -45 47 -47 -48 50 49 -51 61 -53 53 -55 -56 56 60 58 -60 -61 -62 -63
leaf_value=0.00076996889152862436 -0.015975538121366362 0.013856498875785684 0.063202040843332627 -0.10249837549361068 0.038260143869004011 0.36033994254600732 0.046809259494873641 -0.51753766522162803 -1.1179487847267315 -0.57081782274599213 -0.52918799799680716 -0.72730634863089239 -0.79739220756227558 -0.15446650155183286 -0.22797140312215239 0.2321829635148438 -0.046808304146272656 -0.5069986265964429 0.86543804864969953 0.12611516365397943 -0.19835709808844454 -0.37226314363796592 0.24088150556407975 -0.075645782436850009 -0.40408994684348243 0.28146183622021487 -0.019254644842182575 -0.099864784054953956 0.75672998951318171 -0.56103139035403726 0.3576267661847945 0.71910504060132174 0.333406043861673 0.13611270052194596 -0.012531915188101149 -0.42310440446649278 0.58886381316993197 0.012993853143160136 -0.046243211468954382 -0.38002007147374745 0.05814487158663964 0.75758401597120684 -0.14890705582750316 0.25345157547800362 0.33857130394721685 0.32920507706037844 -0.68788981581782249 0.037701237686824679 -0.078487552915889339 0.27269243761455936 -0.50416075970445362 0.2871466953607611 -0.22573582477528942 0.28995106752095529 1.1363278963349082 -0.29047216949554588 0.50705596737417524 -0.93903549474974479 -0.20390332000300526 0.15201026234614726 -0.17889738080816137 -0.044068309188433435
leaf_weight=31801 48794 28614 7867 474 177 353 261 281 47 103 50 56 92 177 73 104 3682 257 62 68 150 173 647 206 37 232 4056 556 104 32 116 42 134 100 4288 35 59 2181 888 601 114 83 101 174 449 101 91 2157 452 228 119 729 88 430 44 130 102 96 189 133 54 219
leaf_count=31801 48794 28614 7867 474 177 353 261 281 47 103 50 56 92 177 73 104 3682 257 62 68 150 173 647 206 37 232 4056 556 104 32 116 42 134 100 4288 35 59 2181 888 601 114 83 101 174 449 101 91 2157 452 228 119 729 88 430 44 130 102 96 189 133 54 219
internal_value=-0.000159772 0.0079194 0.0244977 -0.00232472 -0.00911585 -0.0606607 0.0728302 -0.0952341 -0.0624445 -0.0507891 -0.266722 -0.00423199 -0.16695 -0.374352 -0.576546 -0.0404687 -0.0718841 -0.284624 0.105349 -0.259301 0.0799276 -0.145323 0.158214 0.173549 0.285878 0.00108306 0.0314153 0.0666308 0.178014 0.315779 0.251189 0.0307478 -0.00642734 -0.00051141 -0.050568 0.00810486 0.0857536 0.0281619 -0.14634 -0.255402 -0.310159 0.346661 0.245454 0.414228 0.024135 -0.113467 -0.18257 0.0525363 0.158296 0.039261 0.00467955 0.254609 0.289524 0.202344 0.57177 -0.173248 0.0150275 -0.288306 -0.451527 -0.0341095 0.269611 -0.206054
internal_weight=144313 95519 36481 59038 49146 8118 1670 6448 5413 5293 1035 1317 530 269 120 5190 4116 434 787 124 1074 277 797 663 457 41028 9892 5836 1422 814 710 4414 608 40796 5991 34805 3004 2240 1703 815 715 420 337 236 4372 748 647 3624 1129 680 2495 764 678 518 160 754 286 468 285 183 156 338
internal_count=144313 95519 36481 59038 49146 8118 1670 6448 5413 5293 1035 1317 530 269 120 5190 4116 434 787 124 1074 277 797 663 457 41028 9892 5836 1422 814 710 4414 608 40796 5991 34805 3004 2240 1703 815 715 420 337 236 4372 748 647 3624 1129 680 2495 764 678 518 160 754 286 468 285 183 156 338
is_linear=0
shrinkage=0.05


Tree=135
num_leaves=63
num_cat=0
split_feature=132 125 127 83 68 50 18 119 16 81 134 98 41 45 62 87 105 91 50 84 101 44 87 83 80 66 97 94 73 76 68 90 80 74 81 96 121 98 97 90 97 89 97 79 60 82 125 90 77 87 80 92 76 90 96 78 99 73 90 90 100 69
split_gain=7306.04 6113.65 8508.19 8283.07 7103.55 11152.9 8288.94 9002.28 7640.77 6973.4 5613.74 5606.64 5997.35 6092.93 5677.7 5628.68 5543.3 5434.48 6591.52 8130.34 7364.56 7313.39 7507.06 9767.91 8891.64 10345.5 9069.68 9810.13 11209.2 10530.7 9772.18 8734 11309.3 9802.1 10521.6 8797.67 14917.4 8672.91 10820.3 8379.38 12958 8113.74 7621.32 7194.41 7103.44 7020.74 12687.3 10026.3 7005.43 8248.85 11977.1 6995.14 6992.6 11316.2 13519.9 10076.7 9916.15 9857.14 9155.04 10466.6 11206.8 14431.5
threshold=-0.82987034333153198 -0.0026028643409419998 -0.0032316460437671994 0.41492370751541841 -0.559160438378416 0.73412946901124332 -0.35726248827021218 -0.0036552871057359995 23.328750000000003 0.20317853601275784 1.3366980754118434 0.16724722972028519 0.10253383730108172 0.076413553284030711 0.26328297647531956 0.23126018891979941 -0.039738612700612443 0.439393150866077 0.56083897391042004 1.8205420752850094 0.25021234583125401 -0.15592747109968441 0.45597984939126995 0.88645423777109311 -0.52625223470772797 0.14392714996436037 0.67635622789002181 -0.0086719762812273483 0.45760447962717449 -0.10337034090824489 0.50488210278220513 -0.43861445008274519 -0.21898138200705197 0.16769130680139707 0.1817091359761128 0.62036698359528053 0.010498867683111651 -0.78653799428153948 0.66245583005269693 -1.0748222586414651 0.44790841669528808 0.082375235784824266 0.58536461613369117 0.049552599660978455 0.28357163865460966 -0.28981648751778244 -0.00057329530276849987 -0.64537094255911709 0.11340450770650541 0.24807591037413013 -0.70356830865610576 1.3022945382234696 -0.33918634886329174 -1.0435636029129207 0.27446271973421132 0.5543156132809558 0.75107078418495765 0.4359991440637645 -0.081241541972539785 0.35641633983254933 -0.51674474404250281 0.5256406550750925
decision_type=2 2 2 8 2 2 2 2 2 2 2 2 2 2 2 2 2 2 2 2 2 2 2 8 2 2 2 8 2 2 2 2 2 2 2 2 2 2 2 2 2 2 2 2 10 10 2 2 2 2 2 2 2 2 2 2 2 2 2 2 2 2
left_child=1 2 9 4 -4 6 16 -8 10 -1 11 12 -9 14 -14 -13 -6 18 44 20 -20 -22 23 24 25 26 27 28 30 -30 -23 35 33 43 -35 36 45 -36 -39 -29 -41 42 -37 -33 52 46 -26 -47 51 -50 -51 -42 55 54 -54 58 -56 -57 -2 60 -60 -62
right_child=17 -3 3 -5 5 -7 7 8 -10 -11 -12 15 13 -15 -16 -17 -18 -19 19 -21 21 22 -24 -25 31 -27 -28 39 29 -31 -32 32 -34 34 37 41 -38 38 -40 40 48 -43 -44 -45 -46 47 -48 -49 49 50 -52 -53 53 -55 56 57 -58 -59 59 -61 61 -63
leaf_value=-0.11776446322550937 -0.010191444882628669 -0.0072432920320768396 0.010356226150780135 -0.029801864495305527 0.45650047691928786 -0.038782857523371086 -0.05898259566906764 -0.33926293897800308 0.16606222945930704 0.095894668607120648 0.088956604478880763 -0.45310939022898672 -0.053915213122963906 -1.1978736135092649 -0.94746231324970731 -1.0812490098616656 -0.13676181835086509 -0.079195928240796049 0.65053974542082571 -0.084822436969306469 -0.11482929824529681 0.23417126197680718 -0.035537248054651999 0.1299949022680712 -0.10961025667473162 0.7052313072200288 -0.046300299597933886 -0.048037875237493755 0.059721249917506852 1.0054743344895543 0.82709854428429874 0.46033365172453417 0.022330985307543821 -0.20833973110767834 0.97475979331834817 0.9996529168043381 0.48976172395050527 0.11040935616572978 0.84648426488622452 0.71352015448361639 0.60077190840904549 -0.0178125517102448 -0.050665594276881991 -0.086934066803633483 -0.13836213570646219 -0.53620059290807021 -0.84753312682175741 -0.05685907638571143 -0.048530839168428846 0.74525337102572609 0.020231941596408481 -0.16772258854829347 0.17624984199476784 0.0060541998688693225 -0.0065115809072682886 -0.65670406697541484 -0.89653387741715296 -0.032472422358114275 -0.47921698825220105 0.08417931158982099 -0.46143734187023827 0.020807208413524288
leaf_weight=531 13746 20609 620 3390 43 927 245 559 56 1360 48 75 40 44 32 68 467 1839 49 1428 767 131 2709 3415 116 71 844 731 367 32 148 78 8984 57 81 39 75 142 77 100 123 1327 31 261 902 139 117 507 567 93 147 39 1588 71657 81 125 51 128 305 374 219 532
leaf_count=531 13746 20609 620 3390 43 927 245 559 56 1360 48 75 40 44 32 68 467 1839 49 1428 767 131 2709 3415 116 71 844 731 367 32 148 78 8984 57 81 39 75 142 77 100 123 1327 31 261 902 139 117 507 567 93 147 39 1588 71657 81 125 51 128 305 374 219 532
internal_value=0.000418993 -0.0219623 -0.0576288 -0.084369 -0.141746 -0.177961 -0.254894 -0.32838 -0.399966 0.0358984 -0.436568 -0.467406 -0.407155 -0.734326 -0.451047 -0.751805 -0.0867417 0.0060685 0.00745001 0.0308473 0.0382331 0.0368886 0.042289 0.0534802 0.0365392 0.108025 0.0952614 0.143477 0.305575 0.135571 0.548699 0.0163786 0.0373735 0.231543 0.414391 -0.0700659 -0.187111 0.53271 0.369212 0.0824199 0.171629 0.00986297 0.534512 0.0389859 0.00124468 -0.244864 -0.480155 -0.159999 0.115706 0.0554717 0.301178 0.415764 0.00266266 0.00909631 0.135834 -0.0279344 -0.350384 -0.340887 -0.0227171 -0.143121 -0.223624 -0.119821
internal_weight=144453 29114 8505 6614 3224 2604 1677 1167 922 1891 866 818 675 116 72 143 510 115339 113500 23792 22364 22315 21548 18839 15424 3393 3322 2478 678 399 279 12031 9680 696 357 2351 954 300 219 1800 1069 1397 70 339 89708 879 233 646 969 807 240 162 88806 73377 1720 15429 132 253 15176 1430 1056 751
internal_count=144453 29114 8505 6614 3224 2604 1677 1167 922 1891 866 818 675 116 72 143 510 115339 113500 23792 22364 22315 21548 18839 15424 3393 3322 2478 678 399 279 12031 9680 696 357 2351 954 300 219 1800 1069 1397 70 339 89708 879 233 646 969 807 240 162 88806 73377 1720 15429 132 253 15176 1430 1056 751
is_linear=0
shrinkage=0.05


Tree=136
num_leaves=63
num_cat=0
split_feature=103 105 133 71 73 81 97 79 76 81 73 93 101 79 77 99 90 93 119 46 84 111 62 79 50 82 58 38 85 71 88 73 66 69 90 74 90 95 71 82 84 38 84 123 135 119 58 72 90 95 95 88 44 70 76 56 119 125 123 85 97 68
split_gain=6565.05 7572.28 7215.7 8435.37 9702.01 8903.17 7923.18 13706.6 9955.29 8817.49 6405.9 6309.67 6742.11 7757.66 8567.47 9595.82 7341.13 7293.89 7081.13 7048.6 7175.99 8672.09 9529.05 6738.67 6641.03 8452.69 6313.95 8460.78 6317.95 6187.67 7640.51 6169.88 23011.8 6842.52 7457.6 9755.85 11039.2 10829.7 9640.21 9303.12 8825.07 13358.5 8548.37 8259.98 8028.73 8375.72 7953.79 7650.79 12212.7 7309.02 7110.21 9148.52 9967.4 10536.8 7323.32 10182 7067.66 8193.1 7696.44 7700.54 8568.42 7060.06
threshold=-0.022192599775997145 -0.029472676926310146 -0.019610056395385798 0.71221644727421618 0.38693373300557748 0.16844291417674948 0.81158876495196541 0.028088484596197203 0.23499540562248003 0.19985765233054248 0.48383930052245244 0.52001653350913968 0.36813264975137333 0.049991325829570256 0.27092977060358936 0.69084617534915271 -0.52991344438981425 0.21705807441153122 0.041768102351146162 0.43287901001596674 1.1009270208954638 -0.00072336782427574991 -0.66225541918514785 0.18372288919610258 0.56083897391042004 -0.3128927684566849 0.7686528964847158 0.16820624122440703 0.26702137783863211 0.83075174931633899 -0.081884740329670982 0.66202703964594078 2.0913414048035577 0.69202622415459014 -0.11907041843672304 0.14642053161404403 -1.0587107326617977 0.53728556810536132 0.52109895776184623 -0.14699945851168003 1.0504054007008488 0.43222365225414844 0.32423079790736997 0.0014325444059889003 0.037857737877063209 -0.010140484914982848 0.63321327886081036 -0.21756716768733797 -0.075218109941921282 0.42821516213779748 0.19127701099356728 -0.10623478004179919 -0.029982506667556249 0.12828572246850264 0.096156220664536912 -0.99740755910352774 -0.0054121959140800485 -0.00069821136777629988 0.00044169412874735004 0.35710615568013043 0.60740786738166286 -0.20239332233992871
decision_type=2 2 2 2 2 2 2 2 2 2 2 2 2 2 2 2 2 2 2 2 2 2 2 2 2 8 2 2 2 2 2 2 2 2 2 2 2 10 2 10 2 2 2 2 2 2 2 2 2 10 10 2 2 2 2 2 2 2 2 2 2 2
left_child=-1 -2 -3 31 -5 -6 11 8 -8 -9 29 12 23 14 15 17 -16 -14 -17 20 21 22 -15 -7 -24 -26 27 28 -23 -11 -31 33 -33 -4 35 39 37 -37 -36 -35 41 56 -43 47 45 49 -44 61 -49 -41 51 54 -53 -54 55 -47 -38 58 59 -58 -61 -40
right_child=1 2 3 4 5 6 7 9 -10 10 -12 -13 13 19 16 18 -18 -19 -20 -21 -22 26 24 -25 25 -27 -28 -29 -30 30 -32 32 -34 34 38 36 40 -39 43 44 -42 42 46 -45 -46 50 -48 48 -50 -51 -52 52 53 -55 -56 -57 57 -59 -60 60 -62 -63
leaf_value=0.026906107944916269 0.037151723503978912 -0.02727144935271901 0.017457854283581247 0.063901376385013156 0.10071903405858856 0.47133920763929682 -0.83379285410672677 0.29814444875312796 0.13633663952350616 -0.23076829862711021 -0.071214876234828847 0.0040003427508490006 0.61723584261899056 -0.034601398555976319 0.19159184832443305 0.17956380315116119 -0.10916195423287985 -0.10095364066182169 -0.56428360008832179 -0.021387758259452688 0.056457004093403589 -0.64175108447670937 -0.37648470282625979 -0.0086186097505703274 -0.59061484243266471 -0.022701779123327118 -0.37958467501882442 0.21419702218229736 -0.084957911275287581 -1.3428127851337195 -0.25849667295362011 0.079076013403497514 1.2325061091449525 0.037602165550834898 -0.11638923257002805 0.29827594931052642 0.10559499916834299 -0.24034037894569338 0.080358377185709859 0.16379963023170097 0.11252376097231741 -0.87026019237374763 0.23758104753035766 -0.006868299341969206 0.19631183236314542 -0.29876651833398959 -0.41822265722226759 0.79605689353721099 0.168151455812975 -0.52481856022116746 -0.064775902392173984 -0.055863438146814132 -0.58229537051188884 0.26115780394938259 0.12826158237807891 -1.0616564865202405 -0.29369312155918753 -0.058122544306566375 -0.12601249857265273 -0.50135082224240668 -1.4747314527630806 -0.27447022210446098
leaf_weight=19412 10102 34135 43623 2528 1046 114 119 117 34 200 573 5277 37 418 223 1050 2251 794 33 1621 398 53 992 204 82 326 169 242 1316 32 33 1107 45 3171 1175 247 244 150 1467 371 205 93 52 3781 228 89 417 86 778 43 1093 566 209 45 34 86 102 442 162 52 40 155
leaf_count=19412 10102 34135 43623 2528 1046 114 119 117 34 200 573 5277 37 418 223 1050 2251 794 33 1621 398 53 992 204 82 326 169 242 1316 32 33 1107 45 3171 1175 247 244 150 1467 371 205 93 52 3781 228 89 417 86 778 43 1093 566 209 45 34 86 102 442 162 52 40 155
internal_value=-0.000144596 -0.0043496 -0.00800237 0.000154256 -0.0277428 -0.0407921 -0.0496514 -0.178848 -0.618209 -0.108458 -0.165227 -0.0404751 -0.0632105 -0.0704144 -0.020601 0.0588303 -0.0820528 -0.0689765 0.156898 -0.109329 -0.145002 -0.167287 -0.244096 0.163442 -0.306646 -0.136841 -0.0888379 -0.0583375 -0.106514 -0.368506 -0.792314 0.00952847 0.124132 0.00729858 -0.0211413 -0.0542125 -0.143991 0.0947685 0.0150362 -0.0208425 -0.196388 -0.235869 -0.432347 0.0396771 -0.0878931 -0.113445 -0.345511 0.110469 0.230651 0.0922765 -0.153581 -0.247909 -0.172642 -0.432865 -0.543214 -0.673672 -0.129899 -0.201905 -0.380422 -0.592867 -0.92456 0.0464506
internal_weight=144289 124877 114775 80640 20282 17754 16708 1108 153 955 838 15600 10323 10005 4388 1914 2474 831 1083 5617 3996 3598 1818 318 1400 408 1780 1611 1369 265 65 60358 1152 59206 15583 8141 2206 397 7442 5935 1809 1604 562 6267 2764 2536 469 2486 864 414 2122 1029 820 254 209 175 1042 798 356 194 92 1622
internal_count=144289 124877 114775 80640 20282 17754 16708 1108 153 955 838 15600 10323 10005 4388 1914 2474 831 1083 5617 3996 3598 1818 318 1400 408 1780 1611 1369 265 65 60358 1152 59206 15583 8141 2206 397 7442 5935 1809 1604 562 6267 2764 2536 469 2486 864 414 2122 1029 820 254 209 175 1042 798 356 194 92 1622
is_linear=0
shrinkage=0.05


Tree=137
num_leaves=63
num_cat=1
split_feature=87 81 8 75 111 77 123 95 121 109 74 127 62 96 86 64 80 136 110 80 84 62 55 80 80 100 68 58 81 74 86 86 77 72 95 73 95 89 72 55 79 79 83 74 83 91 74 82 72 101 97 93 97 83 100 99 91 83 100 62 121 100
split_gain=7090.1 7760.46 7112.03 8470.58 11552.9 9078.51 9006.36 10950 10671.4 11059.9 9571.9 10214.4 9821.44 9315.97 14196 10505.5 9542.51 8844.41 9343.29 11572.8 10583.2 8768.5 8684.77 11828.4 11887.4 13518.2 21514.2 17196.1 16382.3 35363.3 15697.9 20565.8 20231.1 14561.7 23137.8 12985.1 12072.3 30934 17538.1 16328.5 22871.1 17356 15854 18290.3 12800.3 12122.5 11750.7 12273.9 13039.7 14775.1 16446.1 11705.5 19291.1 11696.6 16798 12480.6 26362.1 14966.4 15148.4 11568.6 11268 14807.7
threshold=0.47529645418178751 0.17287298201408169 47.735000000000007 0.062098398667134257 0.0015221182368401001 0.14713186842468712 -0.0015228661825347999 0.098948710241439863 0.012090692545193351 0.0015599740920772501 -0.11032793490870839 -0.0085222562688158487 -0.0068789545074834499 -0.5016039069576318 0.050931191738440608 0.24193750248980167 -0.81983884703477494 0 -0.12218726571945364 0.37411959818173218 0.79311811809320154 -0.63099758418748775 0.17087274036473937 -0.79388821327567283 -0.26052615807240037 -0.55754632370799551 0.3716707947541189 0.38094424510880792 0.36000815968805455 -0.068732253219143044 -0.0095067655627790477 0.076062687863846665 0.28392546782536254 -0.21756716768733797 0.22896762646455687 0.42183114049006787 0.25550440075453479 0.069919331202140264 -0.64450717085821463 0.071722882647087025 0.091103648684120311 0.038402634342621957 0.3399768176131796 0.23969834646974292 1.1614841438159178 0.23829381938122027 0.18749211410569142 0.028235249528225707 -0.72998860917073727 0.86745140477816307 0.54354269600610683 0.52396825775022082 0.61643146239631497 0.55872706665646976 0.15405132780803102 0.57916923147308064 0.28432424382948984 0.99920407980296622 0.39760914907718781 1.2260036852787506 0.0055409690462884511 -0.37610823480240241
decision_type=2 2 2 2 2 2 2 10 2 2 2 2 2 2 2 2 2 1 2 2 2 2 2 2 2 2 2 2 2 2 2 2 2 2 10 2 8 2 2 2 2 2 10 2 10 2 2 10 2 2 2 2 2 10 2 2 2 10 2 2 2 2
left_child=2 -2 3 4 17 -6 7 -5 9 -9 11 -8 -13 -11 -15 16 -16 -1 19 20 21 -19 23 -12 36 26 27 -26 30 -30 -27 32 -32 34 -34 -33 39 38 -38 41 44 46 43 51 60 -42 47 -25 -49 50 -50 -39 -53 -37 -55 56 -56 58 -57 -31 61 -41
right_child=1 -3 -4 6 5 -7 10 8 -10 13 22 12 -14 14 15 -17 -18 18 -20 -21 -22 -23 -24 24 25 28 -28 -29 29 59 31 35 33 -35 -36 53 37 42 -40 40 45 -43 -44 -45 -46 -47 -48 48 49 -51 -52 52 -54 54 55 57 -58 -59 -60 -61 -62 -63
leaf_value=-0.0015003478214053454 0.076795239541034066 -0.076437067665548919 0.046016183485126039 0.037872815405721891 0.11017619178113261 -0.0015678747798545931 -0.058553586097564329 -0.034119549879466859 0.075928199444697586 -0.0043064108737345249 0.11562890074426742 0.0027725192285415578 0.18335399942308625 -0.14503561476535798 -1.5489048823841256 -0.21931799970254862 -0.59456639987394566 0.020761873928083957 -0.031069867913665634 -0.023573815984164487 -0.019326031331246527 -0.23990508889461096 -0.04278182556954805 0.0084465304535749682 0.57137669296652982 0.1073931853108213 -0.0099653338586543263 -0.65408962099248091 1.8584938438315142 0.066269153791169322 -0.3301022706222444 -0.055233664366565731 0.064127745221576424 0.28306961784002149 -0.95334874752320742 0.11291015741911353 -0.2931855404099753 -0.39930088041055073 0.46852752158349537 -0.016975744749018872 0.30904392684281518 0.087192769762605704 0.13608323478460513 0.10806793248401936 0.46918037732442219 -0.24906372136370405 -0.47952618461330332 -0.026049206054872043 -0.0031948392674818918 0.066905508126710131 -0.52412663578054042 -0.89261962305754428 0.44543477736552745 -0.55057329975846991 0.13365491231349774 -0.84844525848748165 1.3836372420515703 0.085077234463729945 -0.10314053638774404 0.99621926257386806 0.038525814039140738 -0.30832954067327073
leaf_weight=8850 981 5239 8717 5494 2179 10960 7867 9746 1619 875 3909 9469 818 1905 33 161 127 367 8849 2405 979 2668 4194 6192 33 9010 3353 216 38 204 774 2636 211 326 76 5980 86 549 623 579 416 4225 1072 477 75 127 147 1389 212 253 531 36 107 134 508 72 46 1540 1284 40 443 1767
leaf_count=8850 981 5239 8717 5494 2179 10960 7867 9746 1619 875 3909 9469 818 1905 33 161 127 367 8849 2405 979 2668 4194 6192 33 9010 3353 216 38 204 774 2636 211 326 76 5980 86 549 623 579 416 4225 1072 477 75 127 147 1389 212 253 531 36 107 134 508 72 46 1540 1284 40 443 1767
internal_value=-5.09839e-05 -0.0522697 0.00230302 -0.000644875 -0.0207586 0.016964 0.00750017 -0.0222206 -0.0450433 -0.0602883 0.0157344 -0.0156662 0.017132 -0.142533 -0.196867 -0.504467 -0.791399 -0.0413091 -0.0643409 -0.110307 -0.162274 -0.208385 0.0263124 0.0321434 0.025016 0.0467691 -0.0432653 -0.491678 0.0609438 0.439682 0.0562173 0.0222809 -0.16016 0.0544162 -0.205309 0.0430223 -0.00482156 0.0882777 0.376134 -0.0216131 -0.119008 0.00401237 -0.0027931 -0.130146 -0.175416 0.17851 -0.0362716 -0.0286747 -0.12505 -0.263114 -0.375489 -0.294348 0.108582 0.0701033 -0.00132098 0.0200123 0.237444 -0.021582 -0.142714 0.21872 -0.19275 -0.236423
internal_weight=144198 6220 137978 129261 37257 13139 92004 19960 14466 12847 72044 18154 10287 3101 2226 321 160 24118 15268 6419 4014 3035 53890 49696 45787 26481 3602 249 22879 282 22597 13587 1387 613 287 12200 19306 2950 709 16356 3407 12949 2241 1169 2864 543 8724 8577 2385 996 743 692 143 9564 3584 3450 554 2896 1356 244 2789 2346
internal_count=144198 6220 137978 129261 37257 13139 92004 19960 14466 12847 72044 18154 10287 3101 2226 321 160 24118 15268 6419 4014 3035 53890 49696 45787 26481 3602 249 22879 282 22597 13587 1387 613 287 12200 19306 2950 709 16356 3407 12949 2241 1169 2864 543 8724 8577 2385 996 743 692 143 9564 3584 3450 554 2896 1356 244 2789 2346
cat_boundaries=0 1
cat_threshold=9
is_linear=0
shrinkage=0.05


Tree=138
num_leaves=63
num_cat=0
split_feature=102 104 125 72 77 89 83 86 50 118 107 115 131 21 78 73 68 111 77 32 123 123 83 103 25 119 71 69 121 72 123 80 49 115 8 123 45 125 46 82 88 125 40 122 115 97 59 70 89 111 124 127 55 67 105 25 47 66 38 62 76 79
split_gain=7130.38 6643.72 5479.85 5059.2 5455.56 4933.67 9153.81 7124.49 6482.93 9008.19 7839.82 9640.15 6021.49 7333.87 7141.76 5773.97 5443.31 5671.2 5394.48 5163.34 5039.48 5028.38 6130.64 5016.54 4771.23 4736.53 4984.91 4799.7 4702.65 5056.53 5206.77 5053.64 4617.3 4373.1 7665.03 6136.22 6597.03 6181.6 7465.81 7849.84 5829.83 5742.85 5717.35 5560.63 5308.59 5169.86 6179.96 4747.71 4608.5 4428.37 4340.74 4340.31 9549.83 5492.06 5059.05 4692.06 4971.72 4309.92 8857.95 5446.91 5584.4 6520.22
threshold=-0.1720738852043194 0.29916359282778798 -0.016290964311285749 -1.0676414683456616 0.12769080511148809 0.028449811376234653 0.23921656396562507 0.060797649756548909 0.65025809461840944 1.2173444691571644 0.025000909947384603 -0.0098498252493359976 -0.010194808950086148 -0.3697530565519111 -0.05316062709001159 0.49238408965116803 -0.43022091963344333 -0.0096478119229755476 0.29227562438399962 -1.454860750492126 0.029168186707948053 0.0016223646214428501 0.33620552057536601 0.047693759264001608 -0.19076219711072792 0.0094306096255746524 0.54946547545172353 0.50039233042710818 -0.0045624297197825988 0.67003635227064229 0.0043926588207480509 0.26622443720231576 0.37433935843131111 0.0072127457046104503 47.425000000000004 0.0011097101644606002 0.047256901854845955 1.0000000180025095e-35 0.38273239442777202 0.62351610783303313 -1.1677360335836191 0.0078099267522541505 -0.98482111778002157 -0.16868351623036834 0.016727748740302653 0.79331940897643261 0.15670769522724448 -0.41860588562458367 0.026587370376880953 0.00062631739971880009 0.055042478184512356 0.033137944272553108 0.029622028809385102 1.1382507029221354 0.037490791064881956 0.023849753045566555 0.23101180150991871 0.32076643334501154 -0.028773892097384294 0.23012104296721847 -0.064835403832321184 0.03807286687580521
decision_type=2 2 2 2 2 2 10 2 2 2 2 2 2 2 2 2 2 2 2 2 2 2 10 2 2 2 2 2 2 2 2 2 10 2 2 2 2 2 2 10 2 2 2 2 2 2 2 2 2 2 2 2 2 2 2 2 2 2 2 2 2 2
left_child=2 -2 -1 -3 28 6 7 15 9 10 12 16 -7 14 19 -6 -12 -18 50 -14 51 24 -23 -13 -8 26 -16 -27 29 30 -5 -32 -28 34 45 36 44 -37 39 40 -39 -42 -43 -36 -35 48 -47 -46 -4 -45 -11 -15 -53 54 55 56 -54 59 -59 -48 -61 -62
right_child=1 3 33 4 5 8 21 -9 -10 18 11 23 13 20 25 -17 17 -19 -20 -21 -22 22 -24 -25 -26 27 32 -29 -30 -31 31 -33 -34 35 43 37 -38 38 -40 -41 41 42 -44 49 47 46 57 -49 -50 -51 -52 52 53 -55 -56 -57 -58 58 -60 60 61 -63
leaf_value=-0.091999549533583344 0.0038301739567288247 0.04457495898455878 0.12095123637259356 0.012113553670885629 -0.78959816456704912 0.021730514873067829 0.044123630894462945 0.029452553453945346 -0.0089084997223888452 -0.57996104940927284 0.032161826023767735 -0.070144568062762536 -0.57609271590792854 -0.016968624663474947 0.13684232647773689 -0.16169272405214799 -0.156204932989323 -0.69913429002812577 -0.087533554962807986 -0.016862270424565153 -0.29525768874307812 -0.56775844107239937 0.033864683084189891 -0.26073204110337733 0.22939490116776745 0.19748601049948963 -0.26567690663559496 -0.38033059554573101 0.087435563800514038 0.050825253698957684 -0.53588126980956052 0.090507579177972822 0.15708740447696889 0.053028856061666144 0.21792436966850204 0.070457764396014547 -0.0045538547581523885 0.1944682209444604 0.0015388811755658914 -0.85566452703241147 -0.023837718858689405 0.13418988107356447 -0.16800461930819227 0.030551315378272499 0.046925152003743947 -0.63718180680492276 -0.23929032354626095 0.2964749410607852 0.02068585443335072 0.15113032325863934 -0.2231940886941538 -0.81687165629863745 -0.3015142351701543 -0.66816479051724464 -0.34931200407775104 0.22751037625509293 0.16512602340233953 0.0032696542477877975 0.88084093928337104 -0.12181125670432738 -0.21593373159567519 0.69753945624189717
leaf_weight=1126 58403 2623 1218 146 69 3902 778 155 12751 144 58 3423 43 8765 138 78 73 141 330 1029 177 59 150 384 628 39 430 458 1795 434 138 42 76 2381 746 1542 4246 183 5376 33 1675 169 2119 2464 308 48 445 500 19396 1102 209 50 143 39 113 172 95 397 31 158 30 56
leaf_count=1126 58403 2623 1218 146 69 3902 778 155 12751 144 58 3423 43 8765 138 78 73 141 330 1029 177 59 150 384 628 39 430 458 1795 434 138 42 76 2381 746 1542 4246 183 5376 33 1675 169 2119 2464 308 48 445 500 19396 1102 209 50 143 39 113 172 95 397 31 158 30 56
internal_value=0.000620708 -0.00694371 0.016937 -0.0225662 -0.0272433 -0.0323782 0.0456134 -0.20705 -0.0368839 -0.0543434 -0.0481691 -0.109915 -0.0320953 -0.0499442 -0.131962 -0.456424 -0.397483 -0.513929 -0.232867 -0.0392941 -0.0309465 0.0928608 -0.135972 -0.0893685 0.126876 -0.219025 -0.129531 -0.334989 0.0432968 -0.060952 -0.20976 -0.389724 -0.202179 0.0196859 0.0328776 0.00111344 0.0362631 -0.0224369 -0.0374284 -0.0875571 -0.0814434 -0.0941842 -0.145683 0.0937838 0.090609 0.0208189 -0.0816539 0.20135 0.0266101 0.0678138 -0.368731 -0.0259573 -0.154693 -0.0957802 -0.0530976 0.028542 -0.11525 -0.0577816 0.0668321 -0.13519 0.054664 0.378886
internal_weight=144429 98680 45749 40277 37654 35099 1917 302 33182 20431 19748 4079 15669 11767 2213 147 272 214 683 1072 9554 1615 209 3807 1406 1141 644 497 2555 760 326 180 506 44623 26091 18532 7435 11097 9555 4179 4146 3963 2288 4312 3189 21779 1165 808 20614 3566 353 9377 612 562 523 410 238 1117 428 689 244 86
internal_count=144429 98680 45749 40277 37654 35099 1917 302 33182 20431 19748 4079 15669 11767 2213 147 272 214 683 1072 9554 1615 209 3807 1406 1141 644 497 2555 760 326 180 506 44623 26091 18532 7435 11097 9555 4179 4146 3963 2288 4312 3189 21779 1165 808 20614 3566 353 9377 612 562 523 410 238 1117 428 689 244 86
is_linear=0
shrinkage=0.05


Tree=139
num_leaves=63
num_cat=0
split_feature=92 50 58 71 53 80 16 27 113 126 94 113 74 100 129 101 125 39 54 89 86 109 93 71 96 99 96 56 56 107 124 38 60 50 99 127 97 99 62 76 101 70 44 85 92 79 87 72 89 97 83 74 123 56 92 76 101 113 34 72 111 96
split_gain=6645.66 7067.07 12435.9 11189.4 8285.71 7943.37 7637.36 12811.1 8500.67 7326.3 7046.69 6839.92 7092.4 10303.5 9887.76 8885.96 9939.96 9922.53 6962.66 6922.09 6875.66 7138.35 6799.64 6569.52 8084.65 8988.12 12929.2 9375.88 8526.39 6640.17 9061.84 9155.33 8056.42 6833.66 7857.67 7545.16 6790.84 8130.3 13454.5 12164.9 11538.5 10457.3 12939.2 11641.3 9307.74 9106.56 9001.76 8725.23 10581.4 9226.8 8590.09 8457.72 8415.69 11580 11266.8 13929.5 8564.01 8314.48 7926.22 7782.79 7440.51 7375.58
threshold=1.6735774859547405 0.65025809461840944 0.79462051510409704 0.45868418719636794 0.24734218558650103 2.2493747673037765 14.632450000000002 0.055496484899067104 -0.0024105036400560993 1.3624836232787312 -0.054739767265993444 0.0091678205541320511 0.17838498611045259 -0.57951835825174702 0.0001561955521378 0.67942521259977906 0.0012366925144811503 0.6204948324401115 -0.020959121027130444 0.047375913204310706 -0.58667312744520372 0.0045653989123344016 0.57192995010012537 0.91370054150238278 -0.24046821461429788 0.81602499055176747 0.39148552019277577 0.087243847094832266 -0.37499499390326146 0.032470511734688706 -0.057092407040757347 0.057353252329756362 0.46915273620363979 -0.22009561626598653 0.72319983339847771 -0.011332332772699948 0.62407589256527884 0.76568962580974353 -0.04658877013807259 0.0052435358987524003 0.95321375371869566 0.22997398292754923 -0.065795143289439847 0.29890585567430061 0.58442219147124164 0.055590729754311806 0.23347164465108863 0.40968619525373168 0.055964330059893007 0.56696387664604242 0.39533159395396528 0.17971970981995963 0.011305526527007802 -0.27556779361552736 -0.653661034091638 0.61212690996336205 0.65065532604154364 0.00046704818977715007 0.1146763305217512 -0.051832590448433441 0.016233811705192652 -0.32735842304083013
decision_type=2 2 2 2 2 2 2 2 2 2 10 2 2 2 10 2 2 2 2 2 2 2 2 2 2 2 2 2 2 2 2 2 10 2 2 2 2 2 2 2 2 2 2 2 2 2 2 2 2 2 10 2 2 2 2 2 2 2 2 2 2 2
left_child=1 2 9 -4 11 6 8 -8 10 23 -3 12 14 19 -5 17 18 -15 -17 -14 -21 -22 -16 29 -25 27 28 -26 -27 32 31 -31 36 34 -33 -35 37 52 46 40 41 42 45 -44 -45 -40 59 48 49 -43 -42 -49 -1 -54 -55 56 60 -46 -48 -39 -56 -57
right_child=-2 5 3 4 -6 -7 7 -9 -10 -11 -12 -13 13 15 22 16 -18 -19 -20 20 21 -23 -24 24 25 26 -28 -29 -30 30 -32 33 -34 35 -36 -37 -38 38 39 -41 50 47 43 44 57 -47 58 51 -50 -51 -52 -53 53 54 55 61 -58 -59 -60 -61 -62 -63
leaf_value=0.010992553123213754 -0.098856618227592133 -0.39924872614155038 0.22804177214530075 0.021892167725737263 -0.27515911166579166 -0.057889118020740996 0.15661855171723801 0.033665410001533294 0.020819983811908579 -0.086883102307292834 -0.062112102811966753 -0.29883202361835604 -0.52371321841255647 0.068129030423623893 -0.53979311022103171 0.40257675961042061 0.11754716457934587 -0.81393868880612519 1.1729770200049623 -0.74486463692571436 0.010503082554518066 -0.72233014677252094 -0.015452847577804744 0.0059630867128848001 0.21088545708917084 0.21639467551726704 -0.41394793160614518 -0.29087931406326017 0.75549422308802605 -0.02932817701024077 -0.013440275158757379 -0.18033513219460198 -0.52235267270509511 0.1664848758599588 -0.94344551820646638 -0.2260980860938922 0.019928545851279636 -0.037758305505500231 0.42362223144458694 -0.25854414338070114 -0.13330285169184208 0.16083380026633251 0.19017546939804952 -0.30072919990473751 -1.4341350658486287 -0.089776239834017307 0.02220522592507981 -0.4184233080380324 -0.072051214129116734 0.79722036071577851 0.51370308021656597 0.13983349992878855 0.030007896297727883 -0.016257242232923918 -0.14453656151276187 -0.92841371267249717 0.21475933292847393 -0.35187558821269449 0.29961044587582408 -0.24786846973496127 -0.4437645853653478 -0.14536741863597522
leaf_weight=38346 1690 168 242 272 709 2789 2560 12287 10145 2481 2002 313 91 358 220 78 189 35 47 35 657 35 86 1146 328 129 42 130 170 1342 8699 69 73 140 66 973 36587 4384 115 1165 80 136 112 724 36 347 4276 147 194 98 143 126 2399 1571 1254 95 140 35 274 490 249 44
leaf_count=38346 1690 168 242 272 709 2789 2560 12287 10145 2481 2002 313 91 358 220 78 189 35 47 35 657 35 86 1146 328 129 42 130 170 1342 8699 69 73 140 66 973 36587 4384 115 1165 80 136 112 724 36 347 4276 147 194 98 143 126 2399 1571 1254 95 140 35 274 490 249 44
internal_value=-0.000287983 0.000879589 -0.00485656 -0.0995024 -0.124867 0.0224678 0.0307189 0.0548657 0.00160751 -0.00194245 -0.088213 -0.0807627 -0.0483064 0.00822326 -0.197455 0.148019 0.346329 -0.0104266 0.692247 -0.112603 -0.0611435 -0.0265622 -0.39243 2.93879e-05 0.0910812 0.213166 0.407516 0.0684631 0.522906 -0.00165838 -0.0378839 -0.119982 0.00270888 -0.217465 -0.553411 -0.176717 0.00311853 -0.00767523 -0.0426198 -0.126976 -0.0601306 -0.0969443 -0.177362 -0.28707 -0.354305 0.0380178 -0.0116665 0.0601054 0.200988 0.427355 0.281593 -0.160766 0.00253286 -0.0538641 -0.113873 -0.19993 -0.15927 -0.900627 0.0389105 -0.0588814 -0.194109 -0.680543
internal_weight=144363 142673 112722 3367 3125 29951 27162 14847 12315 109355 2170 2416 2103 1525 578 707 314 393 125 818 727 692 306 106874 1945 799 341 458 299 104929 11289 2590 93640 1248 135 1113 93567 56980 12882 3458 2293 2070 1369 907 795 462 9424 701 428 234 223 273 44098 5752 3353 1782 1643 71 4550 4874 1503 139
internal_count=144363 142673 112722 3367 3125 29951 27162 14847 12315 109355 2170 2416 2103 1525 578 707 314 393 125 818 727 692 306 106874 1945 799 341 458 299 104929 11289 2590 93640 1248 135 1113 93567 56980 12882 3458 2293 2070 1369 907 795 462 9424 701 428 234 223 273 44098 5752 3353 1782 1643 71 4550 4874 1503 139
is_linear=0
shrinkage=0.05


Tree=140
num_leaves=63
num_cat=2
split_feature=120 25 16 29 122 127 121 123 115 25 130 111 136 58 85 124 113 84 72 74 97 125 103 122 31 102 115 136 68 100 133 83 81 113 42 81 46 80 119 56 82 72 73 115 88 90 68 99 46 89 99 91 69 90 83 81 102 81 82 109 92 82
split_gain=6889.04 9396.91 9271.86 9024.99 11004 8928.7 7571.01 8320.23 7656.38 8338 7281.96 7226.87 8313.56 11511.8 9268.75 9958.88 8769.33 8470.71 8065.32 7731.19 7047.82 6857.73 7269.37 6642.02 6634.78 6579.46 6447.84 6391.53 8867.26 9530.04 8651.23 8297.54 9577.11 7768.71 8899.77 7991.7 7789.84 6737.12 7472.69 7845.26 8906.92 7792.97 9692.47 6612.04 8509.57 7819.74 6845.33 6855.77 8757.66 7349.35 9729.77 7788.16 6758.43 7045.47 10174.6 6859.3 6557.44 6524.42 6408.26 6182.67 6237.56 9201.27
threshold=-0.16607017642036367 -0.38562209375766371 8.8843500000000013 -1.1796290740522848 -0.039002211341818339 -0.012483158997476148 0.0082109816421658526 0.00090346912239115012 0.004474013706345501 0.52502017853893246 -0.63454461175076982 0.0065358805691805013 0 -0.7266239991961615 0.26702137783863211 0.031254824783464204 0.00034844135344200001 -0.82968019220800893 -0.95803483924760469 -1.4137451450191902 0.81158876495196541 -0.00057329530276849987 0.044136290111984604 0.066712235777797654 -0.29547326364637105 0.45328124046326018 0.009820722924548551 1 -0.66000089798544381 -0.13742937885768697 0.0055575609479204006 0.095418548412771365 0.17845092049455843 0.0033726179240322006 0.030019611637307854 0.31447775049922855 -0.21109657622875977 -0.86510360445847223 0.048058295200026156 -0.72555754986431042 -0.030684745159306595 -0.23530854565460907 0.34457115124853527 -0.012012615353198848 -0.067649961487638147 -0.54955474970025964 -0.43781151948722491 0.89667612110193839 -0.85858640498946437 0.08950981312787766 0.78978683718377252 0.18814831300767057 0.63446139768422283 -0.32118719466205259 0.441152571447116 0.22210092028335984 -1.2994753941712605 0.25978084096372173 -0.098818263724336594 -0.0015634627258988498 0.08863731615128552 -0.082570318489004327
decision_type=2 2 2 2 2 2 2 2 2 2 2 2 1 2 2 2 2 2 2 2 2 2 2 2 2 2 2 1 2 2 2 10 2 2 2 2 2 2 2 2 10 2 2 2 2 2 2 2 2 2 2 2 2 2 10 2 2 2 10 2 2 10
left_child=5 11 3 -3 6 -1 7 8 9 20 -4 -2 -13 16 15 -15 -14 18 -17 -18 21 24 -23 -12 25 -5 -6 28 -7 -30 58 -31 -33 34 35 43 -37 -36 39 40 -39 42 -41 44 -34 46 -45 49 -49 50 51 -48 53 54 -47 -55 -54 -50 -29 -43 61 -61
right_child=1 2 10 4 26 27 -8 -9 -10 -11 23 12 13 14 -16 17 19 -19 -20 -21 -22 22 -24 -25 -26 -27 -28 30 29 31 -32 32 33 -35 37 36 -38 38 -40 41 -42 59 -44 45 -46 52 47 48 57 -51 -52 -53 56 55 -56 -57 -58 -59 -60 60 -62 -63
leaf_value=0.044305821379619192 0.0040663458274331852 -0.1052224471585121 0.090397310006048462 0.17543003001111621 0.064367771277866026 0.039463663252571876 0.082679270247055819 0.024535558378981213 -0.012060319051455977 -0.085856215769030519 0.046558225097208639 0.010850103789913138 0.071875841282957861 -0.068536532902765998 -0.029666310490438354 -0.28697772309870312 0.22343191537739979 -0.10527852334909969 -0.97802898190523457 -0.32276387193775469 -0.81549895757011004 -0.043501967638214796 -0.79264237003667015 0.00094642783467497281 -0.47398140787584392 -0.50175732256009664 -0.0057682714071733143 -0.035649431091416224 -0.023864552585641935 -0.82975694529712207 0.043171031506340031 0.15724457020836849 -0.8465648925181517 0.026796254034301172 0.23529502249683346 0.76399750976186054 -0.088349717134957789 0.14280011967608805 -0.71562194434963933 -0.91174842320431615 -0.78503968627364551 0.40459916415374453 -0.10508196999829947 0.46467350434373933 -0.11059558569862876 -0.41671017936959465 -1.2876422427354322 -1.0573910795152188 -0.46626701994192987 0.11369722667944471 0.16419577988840284 -0.30882464485653377 0.34255196772077506 -0.75933790138789592 -1.3701230088869731 -0.19628675306536758 -0.24185656332131786 0.41977353365190573 0.08638375775581475 -0.39293591277453599 -0.36755400046706205 0.23714967299155082
leaf_weight=5288 28783 2061 5192 94 6866 2285 926 1577 1276 1486 18259 5168 215 431 7050 76 70 108 95 870 56 433 35 14180 379 58 6269 15325 6153 40 5969 324 97 760 155 38 91 38 49 38 81 123 1857 54 66 74 31 40 63 299 63 59 51 70 45 238 816 31 1157 74 90 267
leaf_count=5288 28783 2061 5192 94 6866 2285 926 1577 1276 1486 18259 5168 215 431 7050 76 70 108 95 870 56 433 35 14180 379 58 6269 15325 6153 40 5969 324 97 760 155 38 91 38 49 38 81 123 1857 54 66 74 31 40 63 299 63 59 51 70 45 238 816 31 1157 74 90 267
internal_value=0.000496972 0.00753151 0.0204504 -0.00573018 0.00480971 -0.0164683 -0.0494011 -0.0720756 -0.111991 -0.162172 0.0354195 -0.0102941 -0.0396442 -0.0688505 -0.0470077 -0.219201 -0.2162 -0.451947 -0.670895 -0.28209 -0.269666 -0.239068 -0.0995274 0.02662 -0.362054 -0.0829704 0.0308936 -0.0251515 -0.0509395 -0.0678096 -0.00840095 -0.111977 -0.107256 -0.12214 -0.144787 -0.219242 0.162729 -0.0849974 -0.103968 -0.0922967 -0.488755 -0.0730323 -0.121258 -0.24274 -0.548565 -0.216965 -0.0740045 -0.123644 -0.437742 -0.030526 -0.312374 -0.645973 -0.287671 -0.450496 -0.777244 -0.324253 -0.20748 -0.174062 -0.027083 0.091927 0.0026957 0.100416
internal_weight=144312 102013 59147 21516 19455 42299 6320 5394 3817 2541 37631 42866 14083 8915 7760 710 1155 279 171 940 1055 999 468 32439 531 152 13135 37011 14560 12275 22451 6122 6082 5758 4998 2226 129 2772 2617 2568 119 2449 1895 2097 163 1934 640 586 134 452 153 90 1294 427 119 308 867 94 16482 554 431 341
internal_count=144312 102013 59147 21516 19455 42299 6320 5394 3817 2541 37631 42866 14083 8915 7760 710 1155 279 171 940 1055 999 468 32439 531 152 13135 37011 14560 12275 22451 6122 6082 5758 4998 2226 129 2772 2617 2568 119 2449 1895 2097 163 1934 640 586 134 452 153 90 1294 427 119 308 867 94 16482 554 431 341
cat_boundaries=0 1 2
cat_threshold=3 2
is_linear=0
shrinkage=0.05


Tree=141
num_leaves=63
num_cat=0
split_feature=111 77 97 97 81 99 98 44 104 127 6 80 113 69 76 81 68 87 81 88 74 80 75 77 69 98 87 68 95 135 82 80 71 87 85 123 37 77 84 129 94 74 103 100 68 98 83 71 80 76 83 73 82 79 91 87 91 48 73 69 92 80
split_gain=5971.76 6511.39 6055.02 9772.37 8612.08 7454.75 9564.65 18070.6 7744.97 9263.55 7217.23 9205.35 10529.7 10967.7 8891.21 12736.2 18036.3 7109.77 6812.01 6650.95 6989.58 9815.04 10019.9 12333.2 8310.54 7874.49 17293.1 18077 9783.53 9348.35 7576.39 7416.65 10476.6 6995.81 9026.3 6657.14 7850.63 6238.8 6092.41 13462.4 12471.6 10639.4 10563.2 9546.22 18526.6 9827.16 9568.44 8889.71 7972.32 7886.97 7147.24 9253.62 8373.09 8411.56 6667.96 6565.98 6331.04 6652.48 6445.39 7004.19 6313.87 7979.64
threshold=-0.023595576975243945 0.49344316912610625 0.73178682261580363 0.62004365173426512 0.19985765233054248 0.70378390486860443 1.9828077512308915 0.32891740156223453 1.0000000180025095e-35 -0.054788480761146792 9061.0550000000021 0.24621208666188588 0.0085842209343439512 0.54494167198388965 -0.28428857088436993 0.24519928521656034 -0.12782797208466382 0.468592711709299 0.15172205472163522 -0.025104331853018146 0.15908022077162667 -1.1498107862081726 0.10281505040466461 0.29059649376316227 0.64942117743780703 -0.45855108211194257 0.20368280792790283 0.092083487180973117 0.13522425803428667 0.021872266673723852 -0.16950730849968473 -0.98618607943581538 0.57665572912351049 0.25044623910953906 0.32187955937275975 0.0024201577015455504 0.53245348585723662 0.33463656180228524 -0.34947200319881838 0.0078520901869436523 0.03354779900723711 0.013350631487155202 -0.025815522619859147 -0.12555113105688381 0.36040853188422933 -0.088021279948704331 1.5098479535592959 0.83985890667524543 -0.018886733382456146 -0.038004915194539794 0.48112782374199942 0.42574629577775897 -0.10553418574668659 0.064915621574355764 0.15904727523751336 0.19307741564323058 0.15098004530331841 -0.331117533049399 0.28913363510702467 0.59937936136685244 -0.5813516706000994 0.10380825908533657
decision_type=2 2 2 2 2 2 2 2 2 2 2 2 2 2 2 2 2 2 2 2 2 2 2 2 2 2 2 2 10 2 10 2 2 2 2 2 2 2 2 10 10 2 2 2 2 2 8 2 2 2 8 2 8 2 2 2 2 8 2 2 2 2
left_child=1 -1 3 5 -4 10 8 -8 -7 -10 19 12 13 14 15 -12 -17 38 -19 20 -2 -22 24 31 -23 28 30 -28 -26 35 -27 32 -24 -33 -35 36 -29 -25 40 41 48 43 -41 44 -40 -46 47 -45 -5 -49 51 60 53 -52 -44 -56 57 -43 59 -58 61 -50
right_child=2 -3 4 17 -6 6 7 -9 9 -11 11 -13 -14 -15 -16 16 -18 18 -20 -21 21 22 23 37 25 26 27 29 -30 -31 -32 33 -34 34 -36 -37 -38 -39 39 42 -42 56 54 46 45 -47 -48 49 50 -51 52 -53 -54 -55 55 -57 58 -59 -60 -61 -62 -63
leaf_value=-0.011192109707570206 0.021593224820679019 -0.097944775013648927 0.046609702876833123 -0.0094372533766543913 -0.040254571882270496 0.0036292392012622996 1.49165601481994 -0.07903925466569181 0.58652933324246026 -0.052114395889812072 -0.17543979204221741 0.026442233155080076 -0.14403401820605266 0.036052226579205086 -0.041521125485651136 -1.823813665707906 -0.33802388967014851 0.35179621914194692 -0.09512069398291513 0.048077681994181207 -0.65144828721451076 -0.030138654232570557 -1.0818491823971272 0.57023313508712148 0.41770412483831132 -0.24332559283330044 -0.11476431741153426 -1.6182398440474171 -0.13677839035754677 -0.10903579538518733 0.14808315585507323 0.053108497072006655 -0.078766151535958839 -0.98314807396885517 -0.066552394111545718 -0.38927503991872076 -0.83002659051733874 -0.17899813054896452 0.37681290800975648 0.26553161185519353 -0.89520909339189536 -0.10680881850872979 0.21211161292417879 0.06296112755783255 0.0080927210369547784 -0.90911555956391732 0.71737821297567406 -0.026626903400534675 0.071844602680724609 0.49635783175087494 -0.91588333610977457 0.17999464446651922 0.022117930413136793 -0.042411473180566518 -0.21158386004951818 -0.034782347168406412 0.19338895864784719 0.2477221700082628 0.038289520422356518 -0.65193772373208114 0.094112605188103562 -0.49209622691142496
leaf_weight=7779 15837 2996 3541 11807 14695 12638 30 47 57 14754 477 5482 2444 3317 1230 30 64 90 1620 13610 65 2386 36 152 99 344 132 59 405 33 193 2187 94 37 98 32 68 34 828 288 38 165 233 3541 207 34 61 105 115 230 49 1874 1659 63 626 3259 38 668 10597 69 340 138
leaf_count=7779 15837 2996 3541 11807 14695 12638 30 47 57 14754 477 5482 2444 3317 1230 30 64 90 1620 13610 65 2386 36 152 99 344 132 59 405 33 193 2187 94 37 98 32 68 34 828 288 38 165 233 3541 207 34 61 105 115 230 49 1874 1659 63 626 3259 38 668 10597 69 340 138
internal_value=0.000491847 -0.0353138 0.00338288 0.00762013 -0.0233876 -0.00274469 -0.0235618 0.53292 -0.0251229 -0.0496566 0.00896257 -0.0228903 -0.0586535 -0.0178817 -0.117215 -0.280267 -0.812212 0.0280788 -0.0715988 0.0205358 0.00371976 -0.0401386 -0.0339193 0.0407462 -0.0864301 -0.184827 -0.276708 -0.565191 -0.0278622 -0.874859 -0.102652 0.0109703 -0.356543 0.0315459 -0.317768 -1.0338 -1.1962 0.433277 0.0326815 0.0504511 0.00953559 0.0711366 -0.0272156 0.132009 0.264515 -0.121306 0.0960305 0.0862518 0.0116783 0.332437 0.070506 0.125521 -0.00613019 -0.424555 -0.0476895 -0.0632708 0.0447234 0.177497 0.0343908 -0.351728 -0.0466254 -0.235759
internal_weight=144224 10775 133449 115213 18236 76471 27526 77 27449 14811 48945 13044 7562 5118 1801 571 94 38742 1710 35901 22291 6454 6389 2638 3751 1365 861 324 504 192 537 2452 130 2322 135 159 127 186 37032 20949 16083 16543 4406 5006 1069 241 3937 3876 16045 335 4238 2467 1771 112 4118 3885 11537 833 10704 107 593 253
internal_count=144224 10775 133449 115213 18236 76471 27526 77 27449 14811 48945 13044 7562 5118 1801 571 94 38742 1710 35901 22291 6454 6389 2638 3751 1365 861 324 504 192 537 2452 130 2322 135 159 127 186 37032 20949 16083 16543 4406 5006 1069 241 3937 3876 16045 335 4238 2467 1771 112 4118 3885 11537 833 10704 107 593 253
is_linear=0
shrinkage=0.05


Tree=142
num_leaves=63
num_cat=0
split_feature=135 133 69 96 50 101 121 74 68 81 67 109 97 76 41 25 95 113 120 111 135 125 116 40 69 74 70 91 89 100 129 56 70 115 101 44 87 72 44 77 132 96 52 68 85 75 84 74 42 79 86 83 81 93 83 71 117 38 58 80 87 79
split_gain=5925.33 7518.42 6666.7 6672.51 10037.5 10287.1 7871.37 7456.49 17153.1 7993.92 7173.97 6885.01 6370.31 6366.54 6347.58 6286.09 10479.6 7075.5 6640.27 7007.38 7061.78 6871.04 6433.19 6205.38 6750.74 25587.1 6146.22 7611.69 7246.26 5991.9 5703.34 5885.82 7274.66 6114.82 8301.75 8416.91 8046.87 6855.84 5682.05 5466.09 5437.39 5406.55 6071.58 5399.5 5295.69 25403.9 5292.96 6870.78 6762.41 6581.72 6368.5 6061.19 5980.02 5896.98 5230.01 11161.2 5101.06 5057.11 9842.68 8096.59 8086.84 9443.48
threshold=-0.0082068914084557475 0.010100017599896401 0.72728127240886875 -0.47276561095071468 1.1148461882170388 1.0608589966110886 0.0056792729686031005 -0.025391188367921445 -0.3161532797806762 0.23525691959941328 0.44093316159398471 -0.0034063925509824995 0.6666554406442311 -0.10753599133749568 0.088463547109927612 0.11074589594746737 0.53728556810536132 0.027115574342248702 -0.065378702854679629 0.0042616738037103514 0.066723137041761416 0.0082093647222387014 0.78025192071839766 -0.35316480847015541 0.57950002330242556 -0.43281069419950724 -0.11376402843315284 0.21016447694260645 0.031112271554087304 0.5259317884504443 -0.015293716352875398 -0.073337192940912788 0.16933401657886757 -0.00276297789618335 0.89486308605696063 -0.05124522234727779 0.23126018891979941 0.24616307117319122 -0.016702487730593494 0.12421415951108421 0.56256690572268753 1.0000000180025095e-35 0.090203610830355871 0.34012053181446239 0.57254404935887693 0.076940480217825472 0.066013005043991865 0.013350631487155202 -0.050567211062065097 0.029820344376027205 -0.12026963163320874 0.35605497362139221 0.24686452400024297 0.38167377465777813 0.24029254237317663 0.72431615579763575 -0.00072082406185914986 0.53502318299674889 0.50382701927898188 -0.78557614790985908 0.42058095644367144 0.43790149986636323
decision_type=2 2 2 2 2 2 2 2 2 2 2 2 2 2 2 2 10 2 2 2 2 2 8 2 2 2 2 2 2 2 8 2 2 2 2 2 2 2 2 2 2 2 2 2 2 2 2 2 2 2 2 10 2 2 8 2 10 2 2 2 2 2
left_child=1 2 40 -4 5 6 7 8 29 11 -10 -9 -11 -7 15 -2 17 18 19 20 22 46 -17 24 25 -23 27 56 -28 -5 -13 32 33 -32 35 -35 -36 38 -37 -16 57 42 -12 -18 -45 -46 48 50 -20 51 52 -50 -48 -52 55 -33 -14 58 60 -60 -1 -62
right_child=14 -3 3 4 -6 13 -8 9 10 12 41 30 26 -15 39 16 43 -19 21 -21 -22 23 -24 -25 -26 -27 28 -29 -30 -31 31 54 -34 34 36 37 -38 -39 -40 -41 -42 -43 -44 44 45 -47 47 -49 49 -51 53 -53 -54 -55 -56 -57 -58 -59 59 -61 61 -63
leaf_value=-0.0093443639286213357 0.0044838029356171691 0.017294833537065506 0.010696259183574234 0.15437909078766074 0.0024500876350310994 -0.19743196598270485 0.00081935794328728188 0.136305224828254 -1.17791348764052 0.00094426244486342471 -0.96380446026974098 0.19907553298398853 -0.32136455405017605 0.43415814507052419 0.082478337396352339 -0.032552366187024041 -0.16294326120683067 -0.064210410388405428 -0.047952975417112388 0.12113740324542291 0.6703182485623238 0.10993185008034832 0.10400495392483187 0.026394815997575788 0.072185596680225103 1.5253792868104092 0.39653110257708113 -0.070335616825557334 -0.16103453416555963 -0.52279426434210374 -0.63117090874554027 -0.11151357132984303 -0.15936147768634121 0.087601781464847081 -0.35356439060635036 -0.52439702519408937 -1.3815037840243543 -0.92640233015527529 -0.00032103755096397777 -0.019563124490854435 0.032718963450040127 -0.18581685932550479 -0.18767291927659835 -0.022546878279098469 -0.043623394059575153 1.1988433830010203 0.28150833374261858 0.13577086748820863 -0.41065352967984625 0.23751919200755425 -0.064374302473722722 0.10901468325648787 -0.37955275573409519 0.51230230938236632 -0.201137543143598 1.0068890130519867 -1.0264213830296851 0.0079836664898983566 0.05896044666777045 -0.16280095268744013 -0.024710726149964567 -0.26643657885722999
leaf_weight=15219 35776 16402 2775 147 2579 57 951 133 48 1275 79 72 46 133 1396 4266 650 1149 793 1532 39 124 1081 4039 278 43 65 82 563 42 230 87 434 140 45 106 33 49 101 21913 5794 82 37 3615 197 52 100 2867 84 643 51 169 52 339 437 30 58 10417 503 2265 969 693
leaf_count=15219 35776 16402 2775 147 2579 57 951 133 48 1275 79 72 46 133 1396 4266 650 1149 793 1532 39 124 1081 4039 278 43 65 82 563 42 230 87 434 140 45 106 33 49 101 21913 5794 82 37 3615 197 52 100 2867 84 643 51 169 52 339 437 30 58 10417 503 2265 969 693
internal_value=-0.000348449 -0.0118333 -0.0220471 -0.0562598 -0.079083 -0.116888 -0.129677 -0.157748 -0.35431 -0.136296 -0.629517 -0.210601 -0.0688208 0.244681 0.00858214 0.0174464 0.038371 0.055759 0.0641132 0.0267832 -5.50738e-05 0.0910647 -0.00494465 0.0459186 0.223125 0.474388 -0.178097 -0.430552 -0.103325 0.00389612 -0.236757 -0.255303 -0.320369 -0.419627 -0.316979 -0.224111 -0.788462 -0.394579 -0.268688 -0.0134518 -0.0116326 -0.496573 -0.716245 -0.0296132 -0.0071845 0.215848 0.130773 0.166634 0.0583936 0.152515 0.329892 -0.0635234 0.0553559 0.436891 -0.121646 0.175256 -0.714569 -0.0201795 -0.0351104 -0.122503 -0.0207806 -0.125503
internal_weight=144426 63178 46776 10916 8141 5562 5372 4421 435 3986 246 1897 2089 190 81248 57939 22163 17649 16500 6918 5386 9582 5347 4484 445 167 814 186 628 189 1764 1692 1138 704 474 396 78 256 207 23309 35860 198 116 4514 3864 249 5098 3409 1689 896 542 253 152 390 554 117 104 30066 19649 2768 16881 1662
internal_count=144426 63178 46776 10916 8141 5562 5372 4421 435 3986 246 1897 2089 190 81248 57939 22163 17649 16500 6918 5386 9582 5347 4484 445 167 814 186 628 189 1764 1692 1138 704 474 396 78 256 207 23309 35860 198 116 4514 3864 249 5098 3409 1689 896 542 253 152 390 554 117 104 30066 19649 2768 16881 1662
is_linear=0
shrinkage=0.05


Tree=143
num_leaves=63
num_cat=1
split_feature=106 130 59 51 134 62 102 105 121 105 50 40 123 81 38 127 122 107 48 71 85 84 108 31 6 8 136 87 123 79 79 123 55 59 82 115 69 68 33 67 59 83 84 82 89 80 72 124 22 72 92 80 70 35 39 44 51 44 63 88 97 99
split_gain=6089.56 6571.84 4855.15 9167.41 4471.6 9154.62 8332.2 6010.62 4669.07 5381.3 4900.28 8470.45 6872.73 8527.9 7560.07 5926.21 6749.22 6087.55 6940.97 5356.05 5267 4927.36 6249.46 4934.02 4800.6 4690.35 4461.96 7753 5299.1 5170.35 4468.44 10287.4 5849.55 4603.22 4356.34 4333.97 4313.47 5214.47 4740.59 4990.31 4778.99 4415.14 6904.88 5441.82 4951.11 4223.43 4206.33 4161.68 4119.88 4090.48 5222.31 4405.27 4322.84 4311.74 4033 6594.36 4030 4027.38 4008.7 3989.8 4325.29 3911.79
threshold=-0.39151375206749922 0.99686991392990298 0.77622846950440694 0.72456743901073739 -0.24841290392397461 -0.13599571321500123 0.050937518441029055 -0.0092063194343092996 -0.0052587199425197491 0.06339872786380206 1.0627167949828278 0.24471925553275761 0.027704550098994401 0.15729148269447893 0.24065879699634954 0.014872983631725853 -0.046850011725143643 0.033229508425427705 -0.24869161281775473 0.58525548387051607 0.54200574333357088 -0.20559815569509587 0.057520683241787003 -0.41901192085071326 8349.0050000000028 47.495000000000012 0 0.20724646631592772 0.00080081371668785006 0.035997770561048963 0.044776062507883956 -0.0014107312839273499 0.057937891745235157 0.29480668613476491 -0.14469588169553707 0.0020720882172045505 0.53410855627791942 -0.56661637935606957 -0.97274349002866545 1.1255855495362448 0.36647785445498499 0.4638739133802261 -0.31268648328040388 -0.050381067219609645 0.10088182994906326 -0.12220753820553569 -0.25234894742250552 0.25416875888489548 0.49713749402802632 0.77476647010109223 0.78382526215822723 0.37411959818173218 0.40545726040378305 1.1283893350038829 0.6204948324401115 -0.0092096847302000472 0.41894649728611627 -0.025574460729917897 0.57751068225732516 -0.021934910886898345 0.70289889485177703 0.56762946156176886
decision_type=2 2 2 2 2 2 2 2 2 2 2 2 2 2 2 2 2 2 10 2 2 2 2 2 2 2 1 2 2 2 2 2 2 2 8 2 2 2 2 2 2 10 2 10 2 2 2 2 2 2 2 2 2 2 2 2 2 2 2 2 2 2
left_child=2 4 -1 -4 8 -6 47 -8 10 61 11 12 13 58 35 16 17 21 -19 59 25 46 23 -23 -21 36 27 30 29 45 31 -3 -33 -32 -26 -14 -17 -38 40 41 57 54 -43 -44 -45 -28 -15 -7 -31 50 -30 -52 -51 -54 -40 -56 -25 -39 -2 60 -18 -10
right_child=1 26 3 -5 5 6 7 -9 9 -11 -12 -13 14 15 -16 20 19 18 -20 24 -22 22 -24 56 34 -27 28 -29 49 48 33 32 -34 -35 -36 -37 37 38 39 -41 -42 42 43 44 -46 -47 -48 -49 -50 52 51 -53 53 -55 55 -57 -58 -59 -60 -61 -62 -63
leaf_value=0.018278554343021444 0.054260016671490399 -0.86335152663064729 0.10760119576524529 0.95815312573404021 -0.0081920188248431839 0.079596528658478272 0.073067235422037399 -0.010546234840880117 0.037417049653646825 -0.16252564446852977 0.011902051911708525 -0.21602873744560253 -0.65631962768864216 -0.020174595673671081 -0.052271564246008276 0.060873616074628024 0.098239072033265346 -0.068555082189850514 -0.72927927748311927 0.067136247765950188 -0.39710877918305676 -0.46256143722410609 -0.5943289944265463 0.08027201162045261 0.066138636540494872 0.023521396927259814 0.033751502772366403 -0.036249617878475991 -0.047111538921907732 -0.01270648340067909 -0.37868008721139162 -0.14522629773232726 -0.76941884898001378 -0.050093710974890474 -0.10726135644285742 -0.20769046702075242 0.0033119554479801375 -0.57517003595941896 -0.2379558462621989 -0.65388854840030408 0.067968516131016343 -0.46251080796530808 -0.10738945724030512 0.86437987039486563 0.046114341032348183 0.24436560638281174 0.4107423559552239 0.017921897829780417 0.19812433299983284 0.58775425014900973 -0.36362544056836299 0.029503523488298503 -0.0028102466023763235 0.46032507665017075 -0.8792939905355226 -0.080182198115757539 -0.27549905023641058 -0.058482293165500535 0.38281667274836256 0.23316766499382469 -0.22899894169645341 -0.0089658651967212503
leaf_weight=24210 206 66 792 33 34534 8693 2627 11821 6441 492 3908 747 114 654 285 282 564 80 79 1155 140 82 79 249 489 760 491 5859 5833 3016 124 444 41 759 1397 102 430 66 540 73 275 73 113 36 38 462 62 3991 251 32 242 101 3439 51 67 42 117 88 169 435 123 15448
leaf_count=24210 206 66 792 33 34534 8693 2627 11821 6441 492 3908 747 114 654 285 282 564 80 79 1155 140 82 79 249 489 760 491 5859 5833 3016 124 444 41 759 1397 102 430 66 540 73 275 73 113 36 38 462 62 3991 251 32 242 101 3439 51 67 42 117 88 169 435 123 15448
internal_value=-7.74021e-05 -0.00477932 0.0223432 0.141623 0.000673904 0.00888393 0.0306184 0.00465674 -0.0131968 0.00100692 -0.035712 -0.0539351 -0.0411409 -0.0310672 -0.221362 -0.0412586 -0.0106461 -0.10553 -0.396839 0.0213087 -0.0976128 -0.068267 -0.184303 -0.111999 -0.0131404 -0.0830691 -0.0300172 -0.0616694 -0.0133776 0.0333828 -0.165959 -0.277691 -0.197993 -0.0962372 -0.0623024 -0.444467 -0.121227 -0.14912 -0.195574 -0.256149 -0.0569145 -0.224208 -0.0501088 0.110882 0.444189 0.135854 0.0171394 0.0601907 0.00349142 -0.0337388 -0.0582609 -0.247864 0.00926186 0.00395763 -0.293955 -0.571379 -0.0334581 -0.27992 0.20233 0.114677 0.0396506 0.00468265
internal_weight=144412 119377 25035 825 98166 61666 27132 14448 36500 22381 14119 10211 9464 8963 501 8588 5565 1402 159 4163 3023 1243 527 448 3041 2883 21211 7293 13918 4220 1434 551 485 883 1886 216 2123 1841 1411 982 429 909 260 187 74 953 716 12684 3267 9698 6176 343 3522 3490 649 109 366 154 375 1122 687 21889
internal_count=144412 119377 25035 825 98166 61666 27132 14448 36500 22381 14119 10211 9464 8963 501 8588 5565 1402 159 4163 3023 1243 527 448 3041 2883 21211 7293 13918 4220 1434 551 485 883 1886 216 2123 1841 1411 982 429 909 260 187 74 953 716 12684 3267 9698 6176 343 3522 3490 649 109 366 154 375 1122 687 21889
cat_boundaries=0 1
cat_threshold=2
is_linear=0
shrinkage=0.05


Tree=144
num_leaves=63
num_cat=0
split_feature=92 116 124 43 25 120 111 15 29 72 100 91 80 49 71 42 73 100 105 55 125 115 96 79 114 86 127 115 38 121 71 79 90 96 78 73 91 131 84 133 93 80 113 80 55 77 82 100 68 62 73 111 65 100 90 84 68 87 81 49 87 57
split_gain=6117.41 5591.75 6118.28 9481.78 6758.82 8208.72 8424.51 6829.34 7229.68 6355.83 11058.1 9875.46 11429.1 8914.16 7935.11 8595.81 9124.96 6887.08 6419.67 6334.78 6326.72 6234.55 7497.29 6191.12 5933.81 5867.47 6773.51 7135.92 7517.59 6033.47 5847.7 5975.33 5784.75 7961.93 6326.73 8783.76 7488.74 6305.47 7646.63 5928.49 5739.93 5693.21 6545.08 5869.28 8438.02 6945.49 6895 6828.62 9147.8 8492.71 8599.89 7692.55 6914.52 7985.12 6878.52 7180.87 9265.68 6508.76 6484.65 6350.63 7614.05 6138.72
threshold=1.6735774859547405 1.3999664915905816 -0.35176498279444196 0.79121687201448876 -0.23403479950551317 -0.0040293784178203488 0.0042616738037103514 14.785000000000002 -1.2026563505367529 0.68647571808998986 -0.623660734191546 0.17285872247970102 -0.72382539747895236 0.5821692919356648 0.48803372970534903 0.071960039044533117 0.57109620441735054 0.35894382679307718 -0.027950699588329148 0.043603250419659102 -0.004237063117107899 -0.0031985024542784996 -0.49245282655743744 0.030407569358221306 0.37169182592704586 -0.46704418213103666 -0.0022137375898614495 0.0027929353873624003 0.85261798590209137 -0.022225418186692797 0.58284959239111511 0.46922110735286388 -1.0748222586414651 0.11997378931796311 0.63179624855938155 0.48011210308199953 0.18072493470507492 -0.010824325800831898 0.21065544796885188 0.038045173789772103 0.58345911275802409 0.25568013195269929 -0.0083676967696433967 0.16240694576717243 0.061043370425068806 0.2596963334562325 0.16425062947926647 -0.36781622371294365 0.10065360733210367 0.50970220755898021 0.39217406079926076 0.0024451985782791507 0.31926579608727196 -0.018609307762390195 -0.85441836823316863 0.44394383052565251 0.46958163552835036 0.25718177632445577 0.20482861973146932 0.79397112776129586 0.20996398082116183 0.28570002457260107
decision_type=2 10 2 2 2 2 2 2 2 2 2 2 2 8 2 2 2 2 2 2 2 2 2 2 2 2 2 2 2 2 2 2 2 2 2 2 2 2 2 2 2 2 2 2 2 2 10 2 2 2 2 2 2 2 2 2 2 2 2 10 2 2
left_child=1 2 3 20 -4 6 9 8 -7 10 11 12 -6 -14 -12 16 17 18 -16 -10 25 22 -19 -21 -9 -1 29 28 -28 -27 -17 -32 33 -20 37 36 -36 38 -34 -40 -18 42 -39 44 46 -45 57 -46 49 50 -49 52 53 -52 -50 56 -56 59 -59 -44 -61 -54
right_child=-2 -3 4 -5 5 7 -8 24 19 -11 14 -13 13 -15 15 30 40 21 32 23 -22 -23 -24 -25 -26 26 27 -29 -30 -31 31 -33 34 -35 35 -37 -38 41 39 -41 -42 -43 43 45 47 -47 -48 48 54 -51 51 -53 61 -55 55 -57 -58 58 -60 60 -62 -63
leaf_value=0.011555766310804308 -0.093152117490248668 -0.044105672757904106 -0.0048234950844729309 0.74668073996137352 0.19389950182774796 -0.11964125257156676 0.050010888088013211 0.073179741332835876 0.074062039447904876 0.021008784471567316 0.11578968823492329 -0.088174964804816791 -0.6576643519769324 0.039331649845106564 0.12103457920153321 0.23840690932818109 -0.19552623255638302 -0.039856693937497981 0.38310058710983763 -0.27879902387001348 0.0070011282036831109 -0.11233094745222479 -0.99112813545847844 0.00040166702599400201 0.01568462542121966 -0.56025489968332376 -0.23871938745772225 -0.020286783805386035 -0.037691786008051786 0.038297813733396524 0.055128801968634983 -0.27949566148629745 -0.027243753708721542 -0.04442818285089202 -0.66547086528964405 0.30652645639678899 0.062192965831075399 0.19822903492708427 0.22592710512300285 -0.4940577324231466 0.0085513929822726188 0.027073705682918465 0.016926262812412451 -0.50495635934404282 -0.014549249175498435 -0.054641136721228112 -0.66761252139065719 0.15789637804556522 0.0073396848114721611 0.50790292160995942 -1.0193131900351982 -0.87802058122096927 -0.13892176966780309 0.029209819634755455 -0.37413361334382178 -0.065924415237862952 -1.1184150497118632 -0.16678738554693617 0.48655932692449488 -0.74439014023350136 0.071803161417538272 0.54331853168351318
leaf_weight=1625 1704 6248 59508 39 69 1035 6967 13549 3514 9506 1049 1258 235 57 771 402 1391 34 198 204 5012 200 53 7436 6710 44 1667 957 645 976 1547 146 1050 242 127 47 49 207 609 30 458 1727 1543 178 911 165 37 227 163 59 46 39 569 30 591 176 45 53 134 62 53 35
leaf_count=1625 1704 6248 59508 39 69 1035 6967 13549 3514 9506 1049 1258 235 57 771 402 1391 34 198 204 5012 200 53 7436 6710 44 1667 957 645 976 1547 146 1050 242 127 47 49 207 609 30 458 1727 1543 178 911 165 37 227 163 59 46 39 569 30 591 176 45 53 134 62 53 35
internal_value=0.00102419 0.00214865 0.00426637 -0.0315509 0.00739571 0.0184142 0.00107058 0.0363441 0.00677144 -0.0117583 -0.0300037 -0.154326 -0.384848 -0.521607 -0.0169785 -0.0266476 -0.0425826 -0.0244827 -0.0176681 0.0185015 -0.0343287 -0.266032 -0.619367 -0.00705343 0.0541367 -0.069355 -0.10001 -0.135109 -0.182637 0.0124779 0.0669773 0.0262716 -0.0290423 0.14796 -0.0377324 -0.30072 -0.462883 -0.0310215 0.0557501 0.192125 -0.144976 -0.0518098 -0.0774028 -0.0885553 -0.0741988 -0.288332 0.00819775 -0.127838 -0.179962 -0.074106 -0.110405 -0.195112 -0.155945 -0.605423 -0.289075 -0.348577 -0.426795 0.0217506 0.301386 -0.00978854 -0.368231 -0.099388
internal_weight=144418 142714 136466 10965 125501 65993 33545 32448 12189 26578 17072 1619 361 292 15453 14404 12309 10460 10173 11154 10926 287 87 7640 20259 5914 4289 3269 2312 1020 2095 1693 9402 440 8962 223 176 8739 1689 639 1849 7050 5323 5116 4773 343 1882 2891 1980 1005 946 719 680 76 975 812 636 1845 187 1658 115 604
internal_count=144418 142714 136466 10965 125501 65993 33545 32448 12189 26578 17072 1619 361 292 15453 14404 12309 10460 10173 11154 10926 287 87 7640 20259 5914 4289 3269 2312 1020 2095 1693 9402 440 8962 223 176 8739 1689 639 1849 7050 5323 5116 4773 343 1882 2891 1980 1005 946 719 680 76 975 812 636 1845 187 1658 115 604
is_linear=0
shrinkage=0.05


Tree=145
num_leaves=63
num_cat=0
split_feature=121 89 2 125 113 77 97 104 72 85 113 88 79 100 72 54 69 99 74 90 61 97 79 88 100 86 80 83 105 37 89 81 79 86 100 76 70 92 68 131 96 90 80 61 83 50 96 83 73 69 50 80 77 70 68 127 89 86 74 101 87 107
split_gain=6107.86 6680.4 7737.64 9637.29 9711.67 7348.07 6401.35 6098.62 5705.64 5767.5 5262.24 5953.21 6484.7 6193.71 8869.51 5411.25 5103.7 6127.23 8566.74 8441.12 6813.87 5974.13 5937.73 5454.04 9950.83 8812.05 6588.52 5879.98 5737.84 7734.63 6731.1 5505.66 5421.7 8896.01 9688.45 6495.05 11874.5 6734.73 8989.75 6362.44 6198.5 10545.6 13375 9345.03 8829.75 10512.1 6753.27 8311.82 12169.8 10272.7 9755.45 9032.05 8570.64 9094.83 12646.2 9478.58 8439.87 8540.27 12529.3 10765.2 11660.6 8380.04
threshold=-0.015437225763074948 0.44767007149958848 1413.7550000000003 0.0034169078333178005 -0.0036701315888212995 0.38130472790065578 0.67538578491671541 -0.98481103105755585 -1.027462255396665 0.43124306789604844 0.0027381865093034506 -0.31389379213923335 0.39818928449709595 0.63183606135964621 -0.31818806071912681 -0.41925537584738981 0.68951724419662097 0.5652450052204735 0.14642053161404403 0.26595336780061551 1.0832639364179422 0.62232532660086914 0.18372288919610258 0.422734567762236 -0.63479100585328141 -0.53923825301942208 -0.71075139778246565 0.49177122717226479 0.0057386648591335509 0.35768513341620639 0.032409658340846102 0.22457467983625287 0.38075745561388402 0.58400739233076771 0.69036060273310962 0.18166167074403342 -0.10031305397596449 -0.078661937860281486 0.11878780588959957 0.0017076308579913504 0.38300141883614075 -1.0435636029129207 -0.71075139778246565 0.89937920879617916 0.35219319118457043 1.1148461882170388 0.018992608921431755 0.41281735987106077 0.60801832622695229 0.48017096523650543 0.22190018966745031 -0.5198968351809744 0.22335583253698318 0.26702847341511399 0.38158094986951691 -0.00020901757357729998 0.032085015470251707 -0.29001371056809083 -0.0049341586788935994 0.75286063810601866 0.19307741564323058 0.033229508425427705
decision_type=2 2 2 2 2 2 2 2 2 2 2 2 2 2 2 2 2 2 2 2 10 2 2 2 2 2 2 10 2 2 2 2 2 2 2 2 2 2 2 2 2 2 2 10 10 2 2 10 2 2 2 2 2 2 2 2 2 2 2 2 2 2
left_child=1 10 3 4 -3 -6 8 -2 -7 -10 -1 12 -12 14 15 -14 21 18 20 23 -18 32 -21 24 25 -20 -27 28 -26 -30 -31 -28 40 35 39 37 -37 38 -34 -35 43 44 -43 46 45 -42 -9 48 51 50 -49 52 -48 -54 55 -55 -51 -58 -59 -60 -61 -53
right_child=7 2 -4 -5 5 6 -8 16 9 -11 11 -13 13 -15 -16 -17 17 -19 19 22 -22 -23 -24 -25 27 26 31 -29 29 30 -32 -33 33 34 -36 36 -38 -39 -40 -41 41 42 -44 -45 -46 -47 47 49 -50 56 -52 61 53 54 -56 -57 57 58 59 60 -62 -63
leaf_value=-0.041210651793801692 0.036353906346098704 0.022053260777856989 -0.016605457803316733 -0.043972023220471994 0.0076250307217595129 0.0087793427996519149 -0.16885085240999859 -0.0057891036298955466 -0.722356771598471 -0.25460665258903836 0.067924581662442182 0.039005944202635812 -0.39319118308524292 -0.029761502878682223 -0.045492877359273008 -0.99163024486121487 0.068469890979797207 -0.025486961046054264 -0.05764118050444287 0.2245838734937646 0.8010861632181332 0.024193107070193825 -0.078951773099460693 0.12627528882258685 0.021320766963826954 -0.025156284814907445 -0.91054439379841878 0.48840106105350928 -0.65795473657548431 -0.7311559786044417 -0.068324952911285833 -0.32109684514217696 -0.064358752328687568 -0.66243494109291101 0.012166270265707622 0.3343275988608797 -0.34610832083255871 0.10245610172751429 -0.97846229513486227 -0.13878899568300337 -0.482824960774067 0.31805653362899949 0.029107158202788433 -0.30570425375027033 0.077800154152154161 -0.050292087337000184 0.12299865832061903 0.0029740786738693716 -0.59683834618733578 0.27955465027352883 0.6353670821014431 -0.11217536168412992 0.0055672266322848857 -0.14537331230110592 -0.061458340370571699 -1.1595189874060452 0.24451096962349347 0.056233437224735998 -0.38000082850066119 0.51983285246393351 -0.17736266794573352 -0.40590392096079331
leaf_weight=7764 12362 199 1698 807 105 41 150 27749 282 86 349 5580 105 256 122 59 3878 30085 141 411 32 29821 265 228 584 45 113 46 80 42 435 61 260 92 1134 527 73 1641 30 157 269 421 8220 282 303 294 809 120 120 210 124 2585 537 36 143 64 208 712 487 79 249 268
leaf_count=7764 12362 199 1698 807 105 41 150 27749 282 86 349 5580 105 256 122 59 3878 30085 141 411 32 29821 265 228 584 45 113 46 80 42 435 61 260 92 1134 527 73 1641 30 157 269 421 8220 282 303 294 809 120 120 210 124 2585 537 36 143 64 208 712 487 79 249 268
internal_value=-0.000840191 -0.0284396 -0.0917639 -0.168182 -0.284333 -0.376156 -0.448244 0.00299032 -0.550711 -0.613046 -0.013457 0.0198421 -0.100174 -0.208414 -0.368327 -0.608483 -0.000612722 -0.0160601 0.0285249 -0.0447629 0.0744657 0.00660297 0.105594 -0.102026 -0.135673 -0.365939 -0.564431 -0.065837 -0.0881814 -0.202992 -0.126687 -0.703899 -0.00427925 0.0521284 -0.0498462 0.10785 0.251541 0.0632021 -0.158921 -0.332265 -0.00926423 0.0265142 0.0431851 -0.0190436 -0.139829 -0.256955 -0.0167004 -0.0615499 -0.0999807 0.018542 0.324354 -0.0865581 0.00897692 -0.109284 -0.363091 -0.794427 -0.0198221 -0.0560579 -0.0969998 -0.230867 -0.00944058 -0.139767
internal_weight=144435 17603 3368 1670 863 664 559 126832 409 368 14235 6471 891 542 286 164 114470 36446 6361 2451 3910 78024 676 1775 1547 360 219 1187 1141 557 477 174 48203 3914 1383 2531 600 1931 290 249 44289 9507 8641 34782 866 563 34500 6751 4562 2189 244 4442 1589 780 243 100 1945 1735 1527 815 328 2853
internal_count=144435 17603 3368 1670 863 664 559 126832 409 368 14235 6471 891 542 286 164 114470 36446 6361 2451 3910 78024 676 1775 1547 360 219 1187 1141 557 477 174 48203 3914 1383 2531 600 1931 290 249 44289 9507 8641 34782 866 563 34500 6751 4562 2189 244 4442 1589 780 243 100 1945 1735 1527 815 328 2853
is_linear=0
shrinkage=0.05


Tree=146
num_leaves=63
num_cat=1
split_feature=103 132 25 3 10 66 50 131 68 75 46 111 136 53 88 98 87 23 87 87 119 36 96 81 85 113 80 96 73 103 84 115 111 114 69 78 82 98 87 71 40 100 81 125 67 80 125 81 49 43 126 89 85 65 95 96 80 64 129 82 59 6
split_gain=5699.43 7017.49 7079.56 7604.8 8415.65 6897.87 8739.83 11102.3 10104 9492.62 10744.4 9723.34 10277.6 9010.87 8225.18 16759.9 7975.46 7909.1 7350.69 7275.41 7241.15 9712.85 7872.3 6965.42 8128.71 6943.94 6908.35 7716.69 6592.14 6409.84 6397.47 6858.9 6251.51 6744.09 6224.23 6217.95 6904.76 8707.97 10432.2 7372.11 6650.83 6345.12 8262.39 8067.63 6508.82 6120.9 6035.15 5971.97 5959.47 5898.75 5861.6 5844.6 5807.13 6391.33 5745.5 6544.63 5742.16 7732.32 5740.72 5620.4 5544.65 5519.96
threshold=-0.022192599775997145 -0.097637758484584683 -0.0038493888497775496 9.0150000000000023 2388.2150000000006 0.19389977145119064 0.65025809461840944 0.037256597580877356 -0.42321024668268364 0.062098398667134257 0.43287901001596674 0.00050540567991640009 0 0.45370834450614578 -0.6333340476863033 0.86609822486566601 0.36436554215510114 -0.014981522163695448 0.14126998475361857 0.21878399713248167 0.016480509081937704 -0.094109724768926442 -0.23285952823537817 0.17576108451326131 0.40741380148320344 0.027115574342248702 -0.17237782280178898 0.52993854166028631 0.32315502673302482 0.045479538806540203 -0.039394963268974244 0.0137175604154626 0.011806466307550051 -0.32679634504818783 0.7647869517376541 0.035640443399158901 -0.091583780465957429 0.14861428079080732 0.1872098050141178 0.73940363087270122 0.14169727690597764 -0.20618140000907792 0.23781012996507958 -0.0046689318697289489 0.57319347757089123 -0.86510360445847223 0.0068820956486797509 0.16460760700381086 0.29616866435167638 0.50409166581849485 0.88632352295186501 0.13588724211584421 0.26386919749295645 0.44433460160652416 0.099265763718595953 0.7019844312507596 0.46688583466740824 0.30316964077606462 0.0097517662735617516 0.9549470299490489 0.75329590063723229 9047.0650000000005
decision_type=2 2 2 2 2 2 2 2 2 2 2 2 1 2 2 2 2 2 2 2 2 2 2 2 2 2 2 2 2 2 2 2 2 2 2 2 8 2 2 2 2 2 2 2 2 2 2 2 8 2 2 2 2 2 8 2 2 2 10 10 2 2
left_child=30 5 -3 -4 -5 6 7 9 -9 10 11 12 13 29 15 16 -7 -13 59 51 -11 48 50 24 25 -20 27 58 -24 47 -1 45 33 -10 56 36 39 38 -38 41 -41 43 -43 -30 -45 -32 -37 -2 -22 -49 -23 -12 -28 -54 55 -33 57 -18 -14 -16 -15 -51
right_child=1 2 3 4 -6 14 -8 8 32 20 19 17 26 60 18 -17 34 -19 23 -21 21 22 28 -25 -26 -27 52 -29 35 -31 31 54 -34 -35 -36 46 37 -39 -40 40 -42 42 -44 44 -46 -47 -48 49 -50 61 -52 -53 53 -55 -56 -57 -58 -59 -60 -61 -62 -63
leaf_value=0.0058126613705618731 0.2573091452284938 -0.0082251729307148153 -0.011920846010554299 0.06297497414805521 -0.0098061108972830116 -0.053936334775705544 -0.00063879977942654978 0.060717768449616696 -0.50941257018956454 0.0057635147127106648 0.39464870845217531 0.034233476208052137 -0.098790611112705318 -0.23240166377659524 0.10059053674884688 0.052930284474473614 -0.92849906151359152 -0.20667694834951261 0.065368551137670872 -0.048774698706856523 0.095814698585945532 0.23600256425993785 -0.80239889459477531 -0.0023772057115909969 0.3115386203339458 -0.62744053210082817 0.22965574570191213 -0.80985246354883378 -0.50469670324759963 -0.39412716178653334 -0.041602745389096432 0.095790251551873318 0.10097029339637816 -0.19197505602229048 0.35434054692586264 0.59621871312459307 0.537669204334418 -0.53854659603701704 -0.11435121376100564 -0.30157052182725502 -1.1025937894257634 -0.077701574575621643 -0.7997577102998128 -0.28350328818811632 0.20291329356244742 0.12858679551599128 -0.070835654086179353 0.025383864246285377 -0.092173698387635838 -0.79486946652575241 -0.50995104514783429 0.047076868432558192 -0.55915912694136005 -0.26579074809443581 -0.050133894878405583 0.95095868100722625 -0.053474395708224487 -0.37201451892733467 -0.63565852124736 0.60166834851421802 -0.91778500527143481 -0.14543295399642284
leaf_weight=13793 210 38099 9613 14038 5539 371 15288 465 186 10771 205 1365 823 379 1593 1017 74 454 750 890 878 175 45 14336 388 38 39 44 118 104 623 88 161 1666 30 42 75 90 337 49 55 64 104 123 156 3476 176 795 811 41 31 295 334 418 1396 30 107 399 53 58 32 162
leaf_count=13793 210 38099 9613 14038 5539 371 15288 465 186 10771 205 1365 823 379 1593 1017 74 454 750 890 878 175 45 14336 388 38 39 44 118 104 623 88 161 1666 30 42 75 90 337 49 55 64 104 123 156 3476 176 795 811 41 31 295 334 418 1396 30 107 399 53 58 32 162
internal_value=-0.00108359 -0.00499866 0.00597067 0.0244992 0.0423827 -0.0177976 -0.0299954 -0.0493229 -0.149351 -0.0373733 -0.0866515 -0.119362 -0.168871 -0.0810002 0.00671698 -0.0892966 -0.236743 -0.0258948 0.0178942 0.0369649 -0.0141567 -0.0786085 -0.165281 0.00721899 0.124201 0.031959 -0.255393 -0.163726 -0.206801 -0.0174725 0.0241263 0.0691289 -0.197876 -0.223856 -0.347925 -0.187505 -0.23315 -0.0929888 0.00434182 -0.338323 -0.725189 -0.267112 -0.524689 -0.158112 -0.0115284 0.10272 0.0576794 0.0149547 0.0055491 -0.0360417 0.123747 0.189581 -0.365238 -0.39609 -0.0218155 0.313206 -0.384249 -0.459076 -0.131272 0.118194 -0.285765 -0.2766
internal_weight=144365 124959 67289 29190 19577 57670 38509 23221 2478 20743 6643 5253 3434 1723 19161 1998 981 1819 17163 1390 14100 3329 1640 15512 1176 788 1711 920 1434 1312 19406 5613 2013 1852 610 1389 1171 502 412 669 104 565 168 397 279 4099 218 1208 1689 998 206 500 791 752 1514 118 580 473 876 1651 411 203
internal_count=144365 124959 67289 29190 19577 57670 38509 23221 2478 20743 6643 5253 3434 1723 19161 1998 981 1819 17163 1390 14100 3329 1640 15512 1176 788 1711 920 1434 1312 19406 5613 2013 1852 610 1389 1171 502 412 669 104 565 168 397 279 4099 218 1208 1689 998 206 500 791 752 1514 118 580 473 876 1651 411 203
cat_boundaries=0 1
cat_threshold=9
is_linear=0
shrinkage=0.05


Tree=147
num_leaves=63
num_cat=0
split_feature=89 82 81 90 46 74 94 38 71 81 87 67 50 127 94 75 84 100 113 109 56 85 89 56 83 77 79 89 78 85 96 68 82 81 99 90 97 74 133 63 111 11 20 83 92 46 93 88 72 40 90 100 75 46 125 85 119 83 100 66 83 92
split_gain=5805.87 7879.88 6534.44 6485.46 5931.01 12802.9 6375.13 7849.33 5831.15 5416.42 6603.99 8828.46 6727.44 11209.7 20798.2 10547.5 17359.6 9065.13 10899.6 10779.3 10155.2 13496.3 12337.4 15466.2 9052.75 8972.97 8769.57 13943.2 10889.2 10621 18269.3 17052.1 13039.9 15546.3 12390 12841.5 12133.5 11360.4 10783.7 9953.02 9636.88 9499.75 12743.8 9429.58 9235 16406.1 8620.64 8612.76 8571.1 8439.31 11308.9 8308.07 8254.44 7737.06 7675.02 7425.99 7398.64 8534.8 7293.87 15742.1 9410.79 6778.85
threshold=0.025225969145183203 -0.27684113371960334 0.26874744492232167 -0.22280324178822744 0.32426400148492895 -0.024315073729644945 0.095751821153620867 0.52131109966543454 0.73089379620378103 0.16333306920633198 0.45597984939126995 1.3979628685524972 0.56083897391042004 -0.054788480761146792 -0.019813138446822549 0.062098398667134257 0.39437223737244403 -0.60146577853055239 -0.0025014063532481996 1.5929891769370985e-18 1.1037163441694668 0.35181502522798719 0.06795174199926142 -0.18661290107117115 0.39797834680476368 0.16560357369154888 0.023372678745453405 0.074222551818185559 0.039907019772446005 0.37178611404647738 -0.36199887794562075 0.30827729202108539 -0.28655494205486937 0.20152418182878354 1.0978679056580221 -0.42009119419456725 0.60545388667669597 0.20590083326365044 -0.082324498857691941 0.64447397508538307 -0.0050736669903003488 8140.2350000000006 -0.88983897255083966 0.32225717478100752 0.68654194367633914 0.53137505598855839 0.29516495963342304 0.0086355550390983509 0.36284021542315675 -0.012227838165676247 0.26595336780061551 -0.10174017449947818 0.096839968912394214 -1.0115315385760448 0.0027441871160592004 0.44239488102482066 0.0092563785110743018 0.46215993126267868 0.57712466356155101 0.040191536565611655 0.4638739133802261 0.55436732622903773
decision_type=2 10 2 2 2 2 10 2 2 2 2 2 2 2 10 2 2 2 2 2 2 2 2 2 8 2 2 2 2 2 2 2 10 2 2 2 2 2 2 2 2 2 2 10 2 2 2 2 2 2 2 2 2 2 2 2 2 10 2 2 10 2
left_child=1 2 -1 -4 6 -6 7 -3 -7 -2 12 -12 15 14 -14 16 26 -15 24 20 21 22 23 -20 52 -18 28 29 -11 32 49 34 33 36 35 39 -28 48 -37 43 -40 -29 -43 -32 61 -46 -25 -48 -34 50 -31 -33 -19 -21 -27 58 57 -57 59 -42 -61 -44
right_child=9 4 3 -5 5 8 -8 -9 -10 10 11 -13 13 17 -16 -17 25 18 19 53 -22 -23 -24 46 -26 54 27 41 -30 30 31 51 37 -35 -36 38 -38 -39 40 -41 55 42 44 -45 45 -47 47 -49 -50 -51 -52 -53 -54 -55 -56 56 -58 -59 -60 60 -62 -63
leaf_value=-0.049197765701460588 0.035097375498740237 0.056303764641080604 0.019111383355089596 -0.85467356611733081 -0.46429562846368011 0.58836519747120997 -0.58454041024670012 0.54163568889393532 -0.1457062409259379 0.075388322967911175 -0.056865451524895749 0.71753820412465052 -0.088652241706848156 -0.0063263634509369343 1.4631905819240369 0.00030972966587504669 -0.068580649173134695 -0.12530309621639221 1.228560088628746 -0.26917619121457459 0.025406249268894943 0.1253541847029401 0.2232897177225997 0.95578118250483568 0.026254679291974132 -0.55633147974749886 -1.2510532503563261 0.029613353674803979 0.83071025621891037 -0.099725467165652018 0.041240212299789379 0.42499835015267373 0.019333389327788424 -0.091340491753340206 0.45634002575167909 0.5573018591911082 -0.15391249287030884 -0.87324161631720409 -0.55104841080938194 0.37264390842819761 -0.33139791933404245 0.48692342056849292 -0.068565283635713833 -0.75444838738647002 -0.80168899233048829 0.25630576243358 -0.58775708511952429 0.43296134815581389 0.62932966017495784 0.07404723779214778 -0.93704882762616593 -0.46405080692334616 -0.56590959405940444 0.034178462654939262 -0.21432911888716069 -0.38197893202304845 -0.32623502614397659 -1.2710965065461286 -0.47897598870237429 0.018048520843540108 0.76305963771958507 0.13874539784002754
leaf_weight=549 8813 4189 35 54 44 175 38 85 32 1045 6933 37 50 17766 38 70574 572 406 83 218 1632 2284 397 42 752 252 63 7897 50 1011 104 129 2404 260 54 31 42 35 558 110 278 107 5303 58 106 56 31 62 59 922 42 33 144 5868 470 55 261 53 161 134 62 426
leaf_count=549 8813 4189 35 54 44 175 38 85 32 1045 6933 37 50 17766 38 70574 572 406 83 218 1632 2284 397 42 752 252 63 7897 50 1011 104 129 2404 260 54 31 42 35 558 110 278 107 5303 58 106 56 31 62 59 922 42 33 144 5868 470 55 261 53 161 134 62 426
internal_value=-0.000904627 0.0509637 -0.113625 -0.51105 0.0739766 0.310248 0.0602233 0.0659559 0.474886 -0.00284076 -0.00540243 -0.0527546 -0.00273109 0.0179756 0.581462 -0.00930519 -0.0385498 0.0163052 0.0500388 0.0667828 0.125172 0.181335 0.38924 0.691452 -0.0864981 -0.216506 -0.0280393 -0.035295 0.109878 -0.0932888 -0.145335 -0.248714 -0.0195546 -0.29871 -0.290299 -0.311918 -0.812197 0.0212348 -0.366132 0.00559487 -0.384459 -0.00641703 -0.0538548 -0.243636 -0.0636771 -0.435962 0.361229 0.0927219 0.0339456 -0.0364086 -0.133123 0.243896 -0.240662 0.0233123 -0.333698 -0.291872 -0.470256 -0.818305 -0.188213 -0.0894524 0.253715 -0.05315
internal_weight=144534 5201 638 89 4563 251 4312 4274 207 139333 130520 6970 123550 29773 88 93777 23203 29685 11919 10617 4531 2899 615 218 1302 1294 21909 20814 1095 6919 4056 2081 2863 365 1919 1865 105 2498 1593 272 1562 13895 5998 162 5891 162 135 93 2463 1975 1053 162 550 6086 722 1004 369 108 635 474 196 5729
internal_count=144534 5201 638 89 4563 251 4312 4274 207 139333 130520 6970 123550 29773 88 93777 23203 29685 11919 10617 4531 2899 615 218 1302 1294 21909 20814 1095 6919 4056 2081 2863 365 1919 1865 105 2498 1593 272 1562 13895 5998 162 5891 162 135 93 2463 1975 1053 162 550 6086 722 1004 369 108 635 474 196 5729
is_linear=0
shrinkage=0.05


Tree=148
num_leaves=63
num_cat=1
split_feature=126 91 35 86 50 72 94 100 53 90 98 94 77 54 87 60 76 69 90 89 80 100 87 75 98 40 136 50 121 100 89 86 94 84 90 80 68 123 94 75 68 78 53 98 113 96 78 99 90 56 78 107 112 34 1 91 90 99 123 38 105 58
split_gain=5430.47 5827.67 6370.35 5537.21 4958.95 9654.59 15612.3 9332.31 8689.99 7624.45 9326.81 10923.5 9553.26 8093.58 9465.88 7923.96 7648.5 9803.5 10369.8 25203.3 15069.3 10093 8646.95 12270.7 14553.2 13670.5 13748.3 8675.74 8396.29 8902.17 8047 12684.4 11871.9 8693.55 10889.2 10493 8258.3 8201.51 8499.67 13467.1 10570.5 13373.7 9078.88 8268.64 7925.9 7894.2 11321.7 9813.23 22345.9 7697.79 7608.26 7593.43 7583.91 8202.48 9303.56 7523.08 7431.34 7622.44 7430.52 7386.35 7300.14 8302.43
threshold=1.3624836232787312 0.46745448886669688 1.1283893350038829 1.593571807580296 0.53344348147577791 0.43233715706570403 -0.07878520093167253 -0.24744783429612097 0.14034434704874552 -1.027908526873704 -0.094632780666160196 0.017048060377082206 0.33333935037341861 0.65683626242772164 0.1354586091863387 0.45665612544610751 -0.30428528979312947 0.52389268641014397 -0.075218109941921282 0.16569261922507778 0.34270722567979656 -0.77389010847147366 0.12460149136268951 0.12719431713430021 0.93202541418932017 -0.34254678211645467 0 -0.34883017880662248 0.012090692545193351 0.10473919036958651 0.032085015470251707 -0.32632334269991831 -0.10442379743484824 0.21989068834264544 0.32303300359159032 -0.012829115118316499 0.26029423565432636 1.0000000180025095e-35 -0.040667661123406147 0.098734913017928069 -0.12782797208466382 -0.010102669722391549 0.16632793322961517 -0.55057800868893902 -0.00076742668052129988 0.067838860663476067 0.14113860501799677 0.72507822738688688 -0.39092848947761766 -0.67625268626464818 0.63179624855938155 0.031703680873267359 -0.029518601916701095 -0.26932253074507179 1367.2250000000001 0.14595564071754977 -0.76601767351224692 0.97308515255588557 -0.0014107312839273499 0.20966984637274486 -0.0042708794462471495 0.85258921254035924
decision_type=2 2 2 2 2 2 8 2 2 2 2 10 2 2 2 10 2 2 2 2 2 2 2 2 2 2 1 2 2 2 2 2 8 2 2 2 2 2 8 2 2 2 2 2 2 2 2 2 2 2 2 2 2 2 2 2 2 2 2 2 2 2
left_child=1 4 -3 -2 5 9 7 -7 -8 10 11 -1 -13 15 -15 16 17 18 -11 -20 55 -19 27 25 44 -24 28 -18 29 -27 -23 33 -33 34 45 -35 -37 38 39 40 -34 42 -42 -39 -25 46 47 -32 -49 -45 60 -28 53 -53 58 -21 -46 -58 -55 -12 -10 -62
right_child=3 2 -4 -5 -6 6 8 -9 50 13 59 12 -14 14 -16 -17 22 21 19 20 -22 30 23 24 -26 26 51 -29 -30 -31 31 32 37 35 -36 36 -38 43 -40 -41 41 -43 -44 49 56 -47 -48 48 -50 -51 -52 52 -54 54 -56 -57 57 -59 -60 -61 61 -63
leaf_value=0.036208020282913977 -0.054425614119027091 -0.098083768532558777 0.57348418492409914 0.60535575421527033 0.02058693957197047 0.27943013013312917 -0.012642503938011385 -0.38792123866007955 -0.030314696395013593 -0.07189005781158983 0.11245998673891305 -0.18692181463021851 -1.1492790899493479 0.36849586353637281 -0.21846348547561911 -0.369377192880397 0.03046584611412391 -0.77628050550471905 0.33039954013474615 -0.0038585479344640464 0.040182916186149081 0.25264842618866873 0.17091305592054673 0.020672890638005516 0.049798888497444529 -0.90709423473725725 0.012550380224984538 0.16980879948195338 -0.52601669534015905 0.0050190627253246739 0.032240087338667456 -0.56965094397867655 0.085954793851124131 0.23721476498432709 0.40701651302858805 -0.88886752181193407 -0.024734407995600959 -0.57382678433321421 -0.073128367581741779 0.10307802603561052 -1.440411690348073 0.10145756224027047 -0.67087307051460976 0.30710963033769856 0.38999904740108726 -0.20481225932544478 -0.971594043771426 -0.074270243481769055 -1.2552351106957693 -0.038967311286719777 -0.70832717236998965 -0.0064494185231065738 -0.016609416468314212 -0.77574948275623767 -0.10665164132765835 -0.78559918792808769 -0.14477486175722412 0.37027018707092496 -0.28056265211219455 0.40089705917421431 -0.19454767663305272 -0.56090785188306325
leaf_weight=3888 5095 1848 36 32 31827 371 861 61 505 2921 1101 118 33 76 714 146 5406 43 115 35 93 287 1255 1095 2245 30 56952 1408 189 247 5989 142 48 747 156 34 148 60 467 98 57 39 117 201 68 512 30 1739 41 801 73 615 6185 115 479 255 4506 73 222 278 831 190
leaf_count=3888 5095 1848 36 32 31827 371 861 61 505 2921 1101 118 33 76 714 146 5406 43 115 35 93 287 1255 1095 2245 30 56952 1408 189 247 5989 142 48 747 156 34 148 60 467 98 57 39 117 201 68 512 30 1739 41 801 73 615 6185 115 479 255 4506 73 222 278 831 190
internal_value=0.000228761 0.00208982 -0.0852513 -0.0503076 0.00328796 -0.00193021 -0.0920257 0.185198 -0.140709 0.00060885 0.0583355 0.0200034 -0.397238 -0.00260884 -0.161997 -0.00130281 -0.000744567 -0.033324 -0.107845 -0.318735 -0.513644 -0.0116511 0.00535227 0.000406948 -0.0581408 0.00746122 0.00430699 0.0592588 -0.263425 -0.0937658 -0.00884407 -0.0154123 -0.128752 0.00907465 -0.00685625 0.15427 -0.186166 -0.0955909 -0.213756 -0.396689 -0.584341 -0.735393 -0.922963 -0.00368492 -0.100343 -0.0146248 -0.00213906 0.00160449 -0.101472 0.0304553 -0.209668 0.00627909 -0.040609 -0.144339 -0.248263 -0.691251 -0.128859 -0.136564 -0.449543 0.170608 -0.185813 -0.262724
internal_weight=144349 139222 1884 5127 137338 105511 2892 432 2460 102619 5418 4039 151 97201 790 96411 96265 15175 3419 498 383 11756 81090 74276 7987 66289 65034 6814 466 277 11713 11426 2030 9396 8467 929 182 1888 826 359 261 213 174 1062 5742 8311 7799 7769 1780 1002 1599 64568 7616 1431 816 290 4647 4579 337 1379 1526 1021
internal_count=144349 139222 1884 5127 137338 105511 2892 432 2460 102619 5418 4039 151 97201 790 96411 96265 15175 3419 498 383 11756 81090 74276 7987 66289 65034 6814 466 277 11713 11426 2030 9396 8467 929 182 1888 826 359 261 213 174 1062 5742 8311 7799 7769 1780 1002 1599 64568 7616 1431 816 290 4647 4579 337 1379 1526 1021
cat_boundaries=0 1
cat_threshold=4
is_linear=0
shrinkage=0.05


Tree=149
num_leaves=63
num_cat=0
split_feature=122 99 78 74 91 80 90 77 123 56 90 99 73 77 46 80 100 89 98 83 70 87 50 78 69 79 55 83 93 123 74 100 55 92 115 89 98 93 86 52 40 74 86 43 76 88 98 86 99 80 123 125 66 86 101 93 95 70 73 38 80 87
split_gain=5754.19 6314.61 6958.57 11076.2 11480.3 14822.8 11926.8 10458.1 11244.8 9428.15 11805.4 8717.29 8405.05 10951.5 9296.85 8167.96 7733.66 7619.84 7508.92 7142.56 6934.03 17105.8 6691.97 9348.29 6651.43 7553.19 12759.9 9634.54 7861.03 7557.07 7145.54 15214.2 17780.1 20732.9 16047.6 16324.3 15836.7 14141.4 12733.6 11354.5 11089.8 10423.9 10378.6 8194.06 7745.66 7732.25 8372.4 8296.85 8260.82 8203.02 7551.21 10610.2 7434.91 14118.1 7270.87 7129.93 8201.1 7097.25 7032 9773.25 6966.03 7155.52
threshold=0.69522738927557903 0.61707091389124913 0.071930383018935215 0.42358613625150726 0.16304193114892082 -0.52625223470772797 -0.55659767567911456 0.12421415951108421 0.0025224166335457003 0.07898228422836627 -0.46432229027553273 0.40251679846305871 0.47917942832066929 0.13563037643667869 0.27473243887048321 -0.49545228403223424 -1.104237674123258 0.16979135423594657 -0.80258369563850163 1.2651625527644492 0.24800005583921653 0.090549233945058802 0.66738155224473916 0.51909714269930018 0.68808242404556974 0.088805980264340362 0.16370002877782389 0.21215716355968137 0.61802918057955269 -0.0064669368761018494 0.11655028024546847 -0.54701614335327109 0.084849171675972071 0.67469235386402759 0.0093505720671835015 0.040426372494877703 -0.34778649528110489 0.35596153918283141 -0.19007389757141599 -0.3283427255881608 0.022271656765571354 0.17563926193069548 -0.33912376654511955 0.22892050607513939 -0.35806955922488987 -0.092661223866164641 -0.73912783664520132 -0.34783755814965961 0.77205190421850933 -0.33448888263139315 -0.0017119396583860499 0.0095391297423388522 0.20809950430689469 -0.11604506023568624 0.64690498683167685 0.32369932666673856 0.51751191816817865 -0.21278909586129383 0.28913363510702467 0.0094105192077769528 -0.62292733362784947 0.26068456169646953
decision_type=2 2 2 2 2 2 2 2 2 2 2 2 2 2 2 2 2 2 2 10 2 2 2 2 2 2 2 8 2 2 2 2 2 2 2 2 2 2 2 2 2 2 2 2 2 2 2 2 2 2 2 2 2 2 2 2 10 2 2 2 2 2
left_child=1 2 -1 12 5 17 -7 8 9 10 15 16 13 14 -4 22 -8 -5 -13 -9 21 -10 -6 -24 25 30 27 28 -27 -29 40 36 33 37 35 44 45 58 41 -36 -3 42 -34 -44 -35 -32 47 49 55 -47 51 52 53 -42 -37 -48 -57 -39 59 -33 -52 -62
right_child=-2 24 3 4 7 6 11 19 20 -11 -12 18 -14 -15 -16 -17 -18 -19 -20 -21 -22 -23 23 -25 -26 26 -28 29 -30 -31 31 32 38 34 39 54 -38 57 -40 -41 50 -43 43 -45 -46 46 48 -49 -50 -51 60 -53 -54 -55 -56 56 -58 -59 -60 -61 61 -63
leaf_value=0.0050742118367433113 -0.046957653843932988 -0.0020768604580165442 0.094611821557862824 -0.3585148578695953 0.13815374737293973 -1.0567093575994173 0.15215002540932146 -0.04760773764942719 0.25877831466037965 -0.099429098398949228 0.57948300265831965 0.28889003021247461 0.15229357684927078 0.026094565250002602 0.58426920929587034 -0.31479264740391 -0.58355517112873423 0.19706947484916007 -0.35178901187637274 -0.60164348403612777 0.060286877773933462 -0.50228431131192708 1.0176615067741328 -0.039796341965539439 -0.023299488841760439 0.18449797719193239 -0.009645492351495007 -0.099250115537328931 0.6136468923148064 0.088000192408366873 0.63957336145203292 0.10749746563649454 -1.2780216882626216 -0.73169111840186585 -0.17529611033788917 0.29857817726370728 -0.50436760144150672 0.080355943097687343 0.12817829294411981 0.51149781091827096 -0.15941080221108028 -0.093734330270632077 -0.036049041180383594 -0.62403088650282701 0.36896435654524606 -0.64995296809408398 -0.4073398981457918 0.73559596462220689 0.019143749213862152 0.039040528387348686 0.16099006166791216 0.15191301008835978 -0.066402317151972437 -0.79823216577196687 0.84502324563660192 -0.31425647257415001 0.3129277474195748 0.37406976324270969 0.042101222819848225 -0.97145654248391711 -0.11271724914666462 0.011520982593368053
leaf_weight=38379 6215 23200 233 80 299 54 43 1910 122 174 261 99 2864 4984 166 76 211 270 85 60 1377 187 57 33 33976 697 6517 610 126 4618 41 43 36 31 174 81 201 347 333 92 175 435 105 136 33 45 382 41 385 1080 340 137 164 171 245 122 91 505 5091 41 3579 1714
leaf_count=38379 6215 23200 233 80 299 54 43 1910 122 174 261 99 2864 4984 166 76 211 270 85 60 1377 187 57 33 33976 697 6517 610 126 4618 41 43 36 31 174 81 201 347 333 92 175 435 105 136 33 45 382 41 385 1080 340 137 164 171 245 122 91 505 5091 41 3579 1714
internal_value=0.000106154 0.00222321 0.0159778 0.0466459 -0.00903546 -0.178651 -0.355593 0.0223115 0.0884302 0.231135 0.310361 -0.269154 0.0830917 0.0462732 0.298329 0.159306 -0.459007 0.0700788 -0.00707583 -0.0644819 0.0122532 -0.2018 0.251932 0.629927 -0.0060838 0.00512929 0.0389002 0.0911844 0.2502 0.0661519 -0.00558978 0.0306697 0.0647555 0.0947455 0.361685 0.56592 -0.0796384 0.0656908 -0.127037 0.0622416 -0.0180321 -0.2464 -0.486145 -0.367856 -0.164166 -0.0406029 -0.0535979 0.0369428 -0.161323 0.0114808 -0.0769751 -0.238752 -0.343695 -0.475129 0.70925 -0.278095 -0.0463045 0.254447 0.0346145 -0.419135 -0.0583937 -0.0724859
internal_weight=144379 138164 52024 13645 5398 842 492 4556 2586 900 726 438 8247 5383 399 465 254 350 184 1970 1686 309 389 90 86140 52164 12568 6051 823 5228 39596 10116 7728 6683 656 390 2388 6027 1045 266 29480 712 277 241 64 2187 2146 1166 980 1125 6280 647 510 346 326 595 213 852 5175 84 5633 5293
internal_count=144379 138164 52024 13645 5398 842 492 4556 2586 900 726 438 8247 5383 399 465 254 350 184 1970 1686 309 389 90 86140 52164 12568 6051 823 5228 39596 10116 7728 6683 656 390 2388 6027 1045 266 29480 712 277 241 64 2187 2146 1166 980 1125 6280 647 510 346 326 595 213 852 5175 84 5633 5293
is_linear=0
shrinkage=0.05


Tree=150
num_leaves=63
num_cat=0
split_feature=124 46 87 125 72 95 9 125 44 117 77 89 66 98 85 89 127 69 70 57 46 62 127 91 75 99 93 88 80 125 124 133 25 135 69 92 95 113 68 79 84 94 40 127 86 76 46 96 70 95 88 98 87 81 121 52 91 86 113 92 72 94
split_gain=5668.49 6003.26 15055.6 13125.1 10372.6 10288.8 9452.83 9181.25 8402.81 15023.6 7522.74 10296.7 9874.31 8411.7 16893.3 12127.4 9829.76 9815.43 7345.85 7241.69 7209.87 9204.59 7110.94 6799.05 6605.46 8486.49 7568.89 6602.65 6841.68 6335.27 13631.5 6619.51 10101.1 9032.09 9105.76 9591.95 13318.5 8734.01 8345.07 9250.52 7888.29 8458.22 7478.33 8159.74 9324.75 24373.5 20650.7 12821.2 16775.9 10998.8 10545.7 16266.6 12566.9 10009.1 9442.12 9178.14 9141.05 8688.25 8007.83 7808.26 10908.6 13505.7
threshold=1.0080728426877166 0.43287901001596674 0.20224646892270967 -0.00046287770206574993 -0.99815086010109022 0.19654027455294587 526.40500000000009 0.018400465494103103 0.12269958629671647 0.085951549649433065 0.29669028514523382 0.12805495103061834 1.2432469905741301 0.22481380958399674 0.45772178840571109 0.076488736725569662 -0.014998154241957497 0.5048830196701487 -0.014451688628358448 0.46490207922318549 1.0719617967403747 -0.39851896716054541 0.032550310209916854 0.16610351294999534 0.076561975448140016 0.44726699343862059 0.24968510795286322 0.079158007344139206 0.48713040670806623 0.022290725617511806 0.32794668769975449 -0.008610908640094948 0.084972180749117457 0.037857737877063209 0.68951724419662097 0.22552318194787471 0.16070483341601938 0.00064261335516470005 0.13577058244431017 0.05457828581441166 0.27050793395636624 -0.10434820540892938 0.0063343535525387509 -0.011332332772699948 -0.037609641667997039 0.17083157262657658 -0.24937602517031707 -0.4067909090998672 0.029915558734558104 0.46660339833041869 -0.593062223167233 0.71937737423857662 0.35068626745114317 0.23984684238769433 -0.022225418186692797 0.19898518327625894 0.15762423859188454 0.61152180156917879 0.00094030636041180003 0.22552318194787471 0.68647571808998986 -0.10739676607235658
decision_type=2 2 2 2 2 8 2 2 2 10 2 2 2 2 2 2 2 2 2 2 2 2 2 2 2 2 2 2 2 2 2 2 2 2 2 2 8 2 2 2 2 8 2 2 2 2 2 2 2 10 2 2 2 2 2 2 2 2 2 2 2 8
left_child=1 6 3 5 -4 -3 29 10 9 -9 11 12 13 15 17 16 -6 -15 -18 24 21 -17 23 -19 25 -12 -27 28 -25 31 -31 42 -33 34 -34 36 38 -37 -36 -40 -39 -42 -1 -44 59 46 49 -48 54 -46 51 52 -47 -50 -49 56 -56 -54 -55 -45 61 -61
right_child=-2 2 4 -5 7 -7 -8 8 -10 -11 19 -13 -14 14 -16 20 18 22 -20 -21 -22 -23 -24 27 -26 26 -28 -29 -30 30 -32 32 33 -35 35 37 -38 40 39 -41 41 -43 43 44 45 50 47 48 53 -51 -52 -53 57 58 55 -57 -58 -59 -60 60 -62 -63
leaf_value=0.012750459111109964 -0.048111095671955199 0.71546420211854744 0.32605986508578066 0.085427654123823027 0.78702754974365241 0.15678283067239035 -0.30859734000563627 0.0870090279472822 0.0027217786368725124 0.92116718265143316 0.45974447659299345 -0.22674290155127111 0.61786432822163295 0.68450840473175045 -0.85053026403699605 -0.11498129154804726 -0.56857493768135714 0.57252343595027921 0.0028709874339811836 0.65380067269910469 0.0076535492335543312 0.51224814153624221 -0.74481661811372957 -0.08929806139654993 -0.19263425753905292 0.4115467883094594 -0.078418281631067052 -0.41592663648937434 0.58332977307339506 -0.0049123326749457262 -0.20816200815531755 -0.00071599293837350513 0.058832098898528001 0.17757176303749281 -0.071476135952324077 -0.13394965426740693 0.15580512658124065 -0.1980292424734901 -0.049041704932848616 -1.2536420606514989 0.59058460943602231 0.041466173554784547 0.039449719685649837 0.042563257761297962 -0.10593253231638666 0.17421066804843791 0.0038232557294055301 -0.023403450846672058 -0.29615822176942053 0.5155820708274842 0.042776923172114817 -0.017948985691271867 -0.041421599346294739 0.74392682676221811 -0.97926944100979674 -1.0870358124202075 -0.44923489793122462 -0.73855446405744785 -0.17668781412596055 0.21239238795883444 0.010428104890018768 -0.087235709948971646
leaf_weight=18246 5644 152 250 4009 38 180 250 2905 7344 55 79 350 78 45 70 71 60 42 897 33 163 332 38 178 1140 81 2930 112 48 2938 1147 45591 11821 1169 377 2040 1336 340 30 34 74 1340 3928 3943 1399 68 216 78 221 75 2829 832 57 51 97 86 504 207 44 394 6963 8273
leaf_count=18246 5644 152 250 4009 38 180 250 2905 7344 55 79 350 78 45 70 71 60 42 897 33 163 332 38 178 1140 81 2930 112 48 2938 1147 45591 11821 1169 377 2040 1336 340 30 34 74 1340 3928 3943 1399 68 216 78 221 75 2829 832 57 51 97 86 504 207 44 394 6963 8273
internal_value=0.0010077 0.00300677 0.0271736 0.110447 0.00632517 0.412565 -0.0014714 0.00164768 0.0313872 0.102509 -0.0435161 0.0249331 0.0654886 0.044913 -0.126586 0.103471 -0.00164038 -0.0171343 -0.0329563 -0.0840108 0.288251 0.401744 -0.09267 -0.0274553 -0.0897668 -0.0518157 -0.0652376 -0.102009 0.0535609 -0.000813729 -0.0619815 0.00140413 0.0119433 0.0430381 0.0339955 -0.0187049 0.0771604 -0.0636055 -0.161092 -0.688986 0.0182087 0.0702036 -0.0125331 -0.027776 -0.0378023 -0.0884118 -0.202347 -0.347859 -0.41813 -0.0743087 -0.00934463 -0.136022 -0.431914 -0.111661 -0.544724 -0.603914 -0.534781 -0.588037 0.317537 -0.0203127 -0.0361745 -0.0736147
internal_weight=144322 138678 21680 4341 17339 332 116998 17089 10304 2960 6785 2522 2172 2094 533 1561 995 463 957 4263 566 403 418 380 4230 3090 3011 338 226 116748 4085 112663 64152 18561 17392 5571 1777 3794 441 64 1754 1414 48511 30265 26337 6764 2771 1297 1081 1474 3993 1164 332 316 765 687 601 264 95 19573 15630 8667
internal_count=144322 138678 21680 4341 17339 332 116998 17089 10304 2960 6785 2522 2172 2094 533 1561 995 463 957 4263 566 403 418 380 4230 3090 3011 338 226 116748 4085 112663 64152 18561 17392 5571 1777 3794 441 64 1754 1414 48511 30265 26337 6764 2771 1297 1081 1474 3993 1164 332 316 765 687 601 264 95 19573 15630 8667
is_linear=0
shrinkage=0.05


Tree=151
num_leaves=63
num_cat=0
split_feature=124 59 84 133 135 88 94 97 103 85 50 84 71 56 93 56 109 79 38 113 81 35 55 22 87 72 81 68 80 73 66 69 42 79 94 84 75 92 72 68 101 77 72 129 67 97 50 78 79 43 92 89 127 107 73 117 85 101 95 82 103 81
split_gain=5448.03 5219.96 7559.02 9962.39 8271.51 8924.88 7696.99 10827.5 8966.71 8530.99 8421.4 9781.8 8025.86 10309.3 7810.8 7468.29 7465.08 8160.91 7397.35 7276.42 7046.94 7045.51 6881.64 9800.61 10705.4 7812.8 7146.27 8515.74 8026.34 7960.42 7563.62 16233.8 7013.63 6919.09 6765.68 6643.4 7229.36 7330.98 11900.6 8633.83 8441.49 8094.72 7536.74 7238.16 6806.39 6805.15 10445.1 6686.66 7112.79 6641.6 6526.75 6407.54 7088.96 6333.46 6288.48 6233.83 6176.36 6174.57 6139.5 6088.35 6083.58 6065.19
threshold=1.0080728426877166 0.34328763614696028 -0.3319817613113753 -0.00027191150211224995 0.010939562463644902 -0.078363464432518778 -0.052174102704473944 0.70601704153523837 0.021610211159077502 0.57254404935887693 0.56083897391042004 0.41947230597566382 0.71374886997924769 -0.50492285957632055 0.67373912936639424 0.52309742316733365 0.0017103114779210501 0.03534257044104696 0.22030868041471166 -0.00061769385904344987 0.21460407038888774 0.40201849875753765 0.034655276234992503 0.047800271969055903 0.24281012126517132 -0.10341329567279935 0.19875433605469628 0.12741495763531027 -0.82847373158516435 0.6308768302419907 0.20809950430689469 0.8023912670076111 -0.26808351927459684 0.047155519336013307 0.050559079101939054 -0.25079014227571833 0.061590218318292152 0.49353821608663379 -0.043192890862515897 0.3716707947541189 0.76537956462810608 0.26461183266016458 0.38589887902590253 0.0022265327397850004 0.83761091377475905 0.74507081333676839 0.33259470655654649 0.10505447730209407 0.51278867192806488 0.60883973808094216 0.67469235386402759 0.13990722566732572 0.018992213622036954 0.0096156746431659505 0.37001383472782745 0.017094998482976003 0.49630247381325349 0.9378580918897429 0.25550440075453479 -0.23650499249575177 0.037019448116175309 0.19875433605469628
decision_type=2 2 2 2 2 2 8 2 2 2 2 2 2 2 2 2 2 2 2 2 2 2 2 2 2 2 2 2 2 2 2 2 2 2 8 2 2 2 2 2 2 2 2 10 2 2 2 2 2 2 2 2 2 2 2 10 2 2 10 8 2 2
left_child=1 -1 18 4 6 51 7 55 35 16 11 12 13 34 15 21 19 -18 -3 -9 -20 -14 23 24 -5 -26 27 53 -29 54 -31 33 -27 -32 -10 -8 47 38 40 45 -38 44 43 50 -42 56 -47 48 49 -37 -39 52 -6 -24 -28 58 -40 -30 -4 -23 -61 -7
right_child=-2 2 3 22 5 61 8 9 10 -11 -12 -13 14 -15 -16 -17 17 -19 20 -21 -22 59 26 -25 25 32 29 28 57 30 31 -33 -34 -35 -36 36 37 42 39 -41 41 -43 -44 -45 -46 46 -48 -49 -50 -51 -52 -53 -54 -55 -56 -57 -58 -59 -60 60 -62 -63
leaf_value=-0.0088469922686935393 -0.048485553324115055 -0.0053629686296422889 -0.05478737632552614 0.12043580538578713 0.14989412029279042 0.14219005255725642 0.23997311272074048 -0.3084039276652038 0.50545552064722876 -0.6708733664349068 -0.00018804399113399534 -0.46499438710530239 0.077911965789333473 -0.10906062205338699 0.48098251738331532 0.14895808476851219 -0.6313755470328033 -0.16312590570475893 -1.0910702466964721 0.030878739654121391 -0.12876060778418413 0.16959495504697164 0.10384544846468602 -0.032235094361254067 0.13418117586169495 0.10122135825934751 0.13052660244044054 -0.25284304999125501 0.098853421103571315 0.076576594258829483 0.86710110141171348 1.4461923883719878 0.68197986073149686 0.096197141668955363 0.039014120297177199 -0.033869216587582483 0.14031927367872687 0.19120200212397007 0.34924195608367775 -0.029039199988162796 -1.2218146396960532 -0.0053156392172325493 0.066453904707798328 -0.63509771642805657 -0.22851689983816709 0.36929013073444367 1.2358121197240859 0.04700509000122307 -0.6728310368955136 -0.40583393390988931 -0.63780932724475869 0.012520367326660757 0.43932348575034608 0.30205772175307449 -0.0048896878674841958 0.14746790300345136 -0.14191653525104395 -0.38176170898155432 0.6211335766677033 -0.36428618766617454 -0.83628155391604198 -0.013226441217849674
leaf_weight=63595 5631 34545 2824 1363 712 799 408 220 128 86 4768 191 62 841 33 72 144 263 30 561 52 30 979 664 179 67 955 228 1137 545 36 33 232 152 198 1922 251 92 474 172 35 86 1305 79 34 105 52 2786 48 128 32 470 301 685 8382 483 74 71 34 149 126 2929
leaf_count=63595 5631 34545 2824 1363 712 799 408 220 128 86 4768 191 62 841 33 72 144 263 30 561 52 30 979 664 179 67 955 228 1137 545 36 33 232 152 198 1922 251 92 474 172 35 86 1305 79 34 105 52 2786 48 128 32 470 301 685 8382 483 74 71 34 149 126 2929
internal_value=-0.000275296 0.00168568 0.0106355 0.0253805 0.00545665 0.0613539 -0.00963873 -0.0659621 0.00806663 -0.189985 -0.0351837 -0.126363 -0.0869013 -0.0165355 -0.260878 -0.316644 -0.155173 -0.328797 -0.00648891 -0.0646938 -0.480825 -0.407988 0.0564649 0.132443 0.191838 0.395438 0.0420496 0.108457 0.01925 0.0216731 0.176627 0.423357 0.551843 0.243817 0.222157 0.043371 0.0329197 0.0971129 0.184966 0.288577 -0.0388426 -0.328969 0.0223676 -0.261045 -0.732364 0.366066 0.656291 -0.00376394 -0.0711817 -0.0570943 -0.0227364 0.165102 0.235894 0.185441 0.00896086 -0.0186693 0.282918 0.0706053 -0.0467463 -0.506762 -0.580546 0.020083
internal_weight=144068 138437 74842 40215 24507 5211 19296 4615 14681 1274 6598 1830 1639 1167 472 439 1188 407 34627 781 82 367 15708 2505 1841 478 13203 3100 1436 10103 766 221 299 188 326 8083 7675 2791 1283 877 406 155 1508 203 69 705 157 4884 2098 2050 124 1483 1013 1664 9337 3341 548 1208 2858 305 275 3728
internal_count=144068 138437 74842 40215 24507 5211 19296 4615 14681 1274 6598 1830 1639 1167 472 439 1188 407 34627 781 82 367 15708 2505 1841 478 13203 3100 1436 10103 766 221 299 188 326 8083 7675 2791 1283 877 406 155 1508 203 69 705 157 4884 2098 2050 124 1483 1013 1664 9337 3341 548 1208 2858 305 275 3728
is_linear=0
shrinkage=0.05


Tree=152
num_leaves=63
num_cat=0
split_feature=84 8 112 96 113 134 74 111 85 87 131 82 90 44 132 70 127 83 125 123 78 95 103 41 93 125 64 74 125 45 79 49 72 86 76 89 40 81 76 100 71 70 76 67 39 81 135 132 133 100 75 125 83 78 73 77 74 115 125 81 121 83
split_gain=5949.5 5812.08 7332.24 7017.86 6287.12 5194 8270.31 10827.5 18159.1 8819.71 6577.11 6428.52 8165.66 6642.36 6095.05 8102.16 7216.42 8831.96 8918.26 7777.08 9640.38 7257.95 8243.23 5846.49 9168.94 5843.17 5797.76 5737.28 5705.93 6112.36 7388.87 5772.78 5802.7 5387.78 7599.12 6560.26 6701.75 5989.89 5727.58 6536.05 6450.28 5559.88 5473.71 5435.32 7543.26 5509.19 5384.28 5377.99 5307.4 5268.15 5833.97 6178.59 5738.66 8371.53 5123.08 6303.19 5055.19 5043.6 8625.76 5034.13 6371.33 6217.24
threshold=1.9452356209253612 47.725000000000001 0.42262164697730709 -0.92916108059987967 0.030399100922693805 0.63322496693936647 -0.099576420990319145 0.045856984477167358 0.56528736242819377 0.44542648378318789 0.060996084359957355 0.62351610783303313 0.24658174350735532 0.061232892740962455 -0.2766306398871366 -0.25328607579160067 -0.005331800600271849 0.46315528695547764 -0.0012749015348922997 0.0014325444059889003 0.07926131201454302 0.19782699548370397 -0.022770679545852445 0.12119530726725507 0.24968510795286322 0.0035285928281393003 -0.83358981007365351 -0.023297593003723197 0.0082093647222387014 0.045350046052905608 0.046769662847946709 0.88412768040914569 -0.10341329567279935 -0.042377874503200096 -0.10753599133749568 0.029862771441049003 -0.061881181442015092 0.21157803667381417 -0.073547463009435335 -0.26129594362881242 0.50253453937559034 -0.051633676571302543 -0.2883419652985601 0.79158177093168869 0.34651574374595445 0.19929955054688833 -0.023380909709859697 -1.3510592412263907 -0.0042430564313517992 -0.072027511858032675 0.070708898968775566 0.0036493375218487004 0.20290098363433043 -0.042695138524086393 0.61081010765612864 0.47752858508157553 0.027677866043800552 -0.0070599189442203487 -0.0022194580307568494 0.28211557025546757 -0.025976373472376395 1.4270057933721063
decision_type=2 2 2 2 2 2 2 2 2 2 2 10 2 2 2 2 2 8 2 2 2 8 2 2 2 2 2 2 2 2 2 10 2 2 2 2 2 2 2 2 2 2 2 2 2 2 2 2 2 2 2 2 10 2 2 2 2 2 2 2 2 8
left_child=1 2 5 -4 -5 14 25 11 9 -9 -11 57 -13 -14 15 -1 28 18 19 20 21 22 47 24 -24 -7 -22 -26 29 31 46 32 -17 37 -35 -36 -37 42 39 -39 41 -41 -20 -44 -45 -46 -31 -18 -25 52 -51 -52 -38 -54 -15 -56 -34 58 -8 60 -3 -62
right_child=-2 59 3 4 -6 6 7 8 -10 10 -12 12 13 54 -16 16 17 -19 33 -21 26 -23 23 48 27 -27 -28 -29 -30 30 -32 -33 56 34 35 36 49 38 -40 40 -42 -43 43 44 45 -47 -48 -49 -50 50 51 -53 53 -55 55 -57 -58 -59 -60 -61 61 -63
leaf_value=0.0065111190918347855 -0.11373272766485532 -0.021851813364303519 0.074536264192135007 -0.049829443135114448 -0.19368582659244732 0.038825078294008039 -0.11157655522971817 0.96403278685174887 1.5256666799386345 -0.093250289603845404 0.72577320237954457 -0.86218585742856657 0.4541586853563786 -0.1610180858599552 0.0053581064941536412 0.049841500693600785 -0.50422679050402208 -0.008542184018787603 -0.20805364499124424 -0.049481041331755071 -0.21093144624804461 -0.11627602174892522 0.18882953397343669 -0.93580085870950203 -0.73899551115660789 -0.067307725778086913 0.59168632927350706 -0.3040863454023669 -0.044252246756628526 -0.90472135461866865 0.038175592972370595 -0.30539794110789381 0.53619241759350356 -0.65806144288608015 -0.44688642525902167 0.45375628064161744 0.50998005482458308 0.021323427444087079 0.22863117645145847 -0.059135074981234298 -0.083560304476452463 -0.78474091753137842 0.12696429070478971 -0.8068384193238759 0.23666141218919723 -0.51402729120407553 -0.14147612373618521 0.22059164031555781 -0.34621055290102959 -0.078297776977221178 -0.80726335466797683 -0.17887738949440896 0.32862808199392424 -0.41675751388450211 0.61197883390328467 -0.18631357786556085 0.19583742682422911 0.048651868075389765 0.059821974788609823 -0.011313148191679731 0.052839697426751944 0.17112694097486722
leaf_weight=15729 1133 1695 963 5249 888 1953 1411 32 30 134 30 34 56 654 63478 326 33 5856 759 1323 36 970 89 73 83 3860 60 878 2136 35 1380 58 176 70 130 58 62 2859 259 44 724 66 317 42 72 37 68 114 80 360 67 94 72 79 51 48 287 16538 1530 3516 3549 1617
leaf_count=15729 1133 1695 963 5249 888 1953 1411 32 30 134 30 34 56 654 63478 326 33 5856 759 1323 36 970 89 73 83 3860 60 878 2136 35 1380 58 176 70 130 58 62 2859 259 44 724 66 317 42 72 37 68 114 80 360 67 94 72 79 51 48 287 16538 1530 3516 3549 1617
internal_value=0.000393337 0.00129582 -0.00151816 -0.0509534 -0.0706449 0.00127191 0.0210042 0.0359001 0.380074 0.204728 0.0565711 0.0320725 -0.103107 -0.0712053 -0.00395908 -0.0204057 -0.0413317 -0.0572248 -0.0859923 -0.146928 -0.20029 -0.220607 -0.295571 -0.338761 -0.296684 -0.0316502 0.290705 -0.341649 0.0147748 0.0688872 0.00768489 0.176045 0.211437 -0.0490713 -0.15582 -0.117689 -0.0636544 -0.0286242 0.00133771 -0.014603 -0.137761 -0.494499 -0.125128 0.00936128 -0.237527 -0.0181595 -0.400831 0.0578773 -0.627518 -0.10454 -0.190189 -0.44038 0.104958 -0.0613419 -0.110276 0.224928 0.325216 0.0379228 -0.0224097 0.0373349 0.0622652 0.0898646
internal_weight=144410 143277 132900 7100 6137 125800 26361 20548 226 196 164 20322 843 809 99439 35961 20232 15766 9910 3739 2416 2320 1350 1203 1050 5813 96 961 4466 2330 1483 847 789 6171 992 922 792 5179 3952 3693 834 110 1227 468 151 109 103 147 153 734 521 161 213 151 753 99 463 19479 2941 10377 6861 5166
internal_count=144410 143277 132900 7100 6137 125800 26361 20548 226 196 164 20322 843 809 99439 35961 20232 15766 9910 3739 2416 2320 1350 1203 1050 5813 96 961 4466 2330 1483 847 789 6171 992 922 792 5179 3952 3693 834 110 1227 468 151 109 103 147 153 734 521 161 213 151 753 99 463 19479 2941 10377 6861 5166
is_linear=0
shrinkage=0.05


Tree=153
num_leaves=63
num_cat=0
split_feature=111 135 124 132 36 50 77 47 93 133 34 27 44 114 50 83 96 90 80 89 97 100 135 115 44 94 81 99 74 101 73 100 46 125 125 124 87 89 95 80 89 103 80 94 100 100 88 81 83 38 73 77 96 38 97 77 83 74 125 75 74 9
split_gain=5564.12 5523.16 5920.28 5363.91 5998.89 9767.96 6266.65 8214.43 7118.82 7699.38 5983.55 5400.38 5269.82 5070.9 7599.25 13587.1 8431.96 7570.2 12331.2 10158 10626.8 11717.6 10719.8 11708.7 9447.59 9170.65 7300.33 7948.7 7816.75 7188.44 9491.34 6713.46 6369.75 12965.8 9794.33 13641.1 8388.12 8779.35 7755.29 21149.9 18845.3 17830 15319.7 14778.6 10074 10024.1 9801.12 9227.1 9035.48 8714.9 11459.9 8319.2 9793.99 7978.85 7926.14 7685.32 7106 7020.03 6923.88 8166.16 11140.4 6624.08
threshold=-0.022358656414478147 -0.042397327121999791 -0.007268383054107699 -1.0000000180025095e-35 0.32037040403558181 -1.0189769358006531 0.49344316912610625 0.24672287753878949 0.49574181769236775 -0.034679752872448948 0.15040051967902515 0.063300873676824659 0.31869988428378349 0.75575544361553093 0.56083897391042004 1.4270057933721063 0.6065154957135569 -1.2013798886602383 -0.55797567410189364 0.10218120169736737 0.44644680103955731 -1.0468876332650259 0.045520446537883258 0.0095102288668715024 -0.043998599695639289 0.087609295747436158 0.3053301314662652 0.63900706523530915 0.14412144604211527 0.76316607483532195 0.43952130022918134 -0.92974920223899893 0.43287901001596674 -0.00069821136777629988 0.026051125274693655 0.18480236621183757 0.19861382888901788 0.094411270131383354 0.46874224082362509 -0.17237782280178898 0.067255550415743562 0.022207578929169653 -0.66887847932257005 0.028663172195555555 -0.21301907485972435 -0.04258099442636009 -0.03767371703297144 0.24468059380573778 0.3757635890346176 0.28405138686871018 0.51248995989324764 0.20121190933745406 0.11997378931796311 0.40835052970792513 0.54949125264526222 0.24718720021735738 0.4825315002725335 -0.51040630399876952 0.018778701827964556 0.091169883829728307 -0.19005658426402952 526.40500000000009
decision_type=2 2 2 2 2 2 2 2 2 2 2 2 2 2 2 8 2 2 2 2 2 2 2 2 2 8 2 2 2 2 2 2 2 2 2 2 2 2 10 2 2 2 2 10 2 2 2 2 10 2 2 2 2 2 2 2 10 2 2 2 2 2
left_child=3 2 -2 4 5 -1 7 10 9 -9 11 -7 -12 14 16 17 32 25 19 29 21 -21 -22 -24 26 -16 28 -28 -20 30 -19 -23 34 55 38 -36 37 -35 61 40 46 48 43 -43 -44 54 51 -45 53 50 -48 -40 -53 -42 -41 -34 -54 -37 59 60 -38 -3
right_child=1 13 -4 -5 -6 6 -8 8 -10 -11 12 -13 -14 -15 15 -17 -18 18 24 20 22 31 23 -25 -26 -27 27 -29 -30 -31 -32 -33 33 36 35 57 58 -39 39 45 41 42 44 47 -46 -47 49 -49 -50 -51 -52 52 56 -55 -56 -57 -58 -59 -60 -61 -62 -63
leaf_value=0.11684928070018559 -0.077966993028532994 0.00068575035402317552 -0.0042367723768486493 0.001634853526574321 -0.027007111530213259 -0.038301542291387186 -0.30955332626744392 -1.2199652140481132 -0.099500023283153063 -0.3851652998852238 -0.37589539309911846 0.29747091943285614 0.1556254065794046 -0.028283122455926943 -0.3435567433490046 0.17630584559021731 -0.23119888346427708 0.64069275722404329 -0.0093348394544674404 -0.30815039111508269 0.058273852124609372 1.2917875991927255 0.17148431259811969 1.3438626177170698 0.029408887733165957 -0.020909717021892663 0.9011380255222321 0.044772253235181178 -0.2214232562099924 0.85893118008971214 -0.16589288436086247 0.48640349118605908 0.55312962565668533 0.3371760478317738 -0.014762045167066588 -0.0096340905248868368 0.7455401385401158 0.064991918395482615 -0.21705465605764679 -0.69378659443018287 0.14965770947631479 0.48525639343349375 -0.32501056113264015 0.0069635426776634675 -1.3196679413642574 -0.7600350228540691 -0.57952863445628766 -0.83945449090056246 0.30401146875019075 0.49304140982659245 0.59363685488700868 0.39611786024750406 0.59121338939666745 -0.33722527410632885 0.033339894824736829 0.15793296560921052 1.2916793569877545 -0.45097800201091243 0.062346412617864957 -0.23981572764351813 -0.031963334643505349 -0.27917846286634229
leaf_weight=342 4092 78935 8136 5866 3817 610 586 35 168 131 198 149 61 9711 283 1614 382 75 833 36 2861 36 57 34 12036 993 35 120 908 72 71 92 172 375 882 119 47 1411 33 47 242 85 57 74 46 81 68 57 515 76 30 212 75 129 185 432 70 371 2231 495 2333 212
leaf_count=342 4092 78935 8136 5866 3817 610 586 35 168 131 198 149 61 9711 283 1614 382 75 833 36 2861 36 57 34 12036 993 35 120 908 72 71 92 172 375 882 119 47 1411 33 47 242 85 57 74 46 81 68 57 515 76 30 212 75 129 185 432 70 371 2231 495 2333 212
internal_value=0.000159495 0.00310642 -0.02891 -0.0324984 -0.0653384 -0.12951 -0.172985 -0.113792 -0.328956 -0.561177 -0.0431974 0.0276143 -0.250711 0.00635952 0.00940028 0.0371642 0.00321531 0.0250525 0.0337376 0.120115 0.0970306 0.488781 0.0752667 0.609516 0.013067 -0.0924686 -0.0906729 0.238145 -0.119947 0.450076 0.248449 0.712918 0.0042092 0.0483412 0.00020424 -0.132274 0.0288741 0.122141 0.00244186 0.0976974 0.164731 0.0530821 -0.267452 -0.0281797 -0.769226 -0.28116 0.403271 -0.361325 0.168489 0.0912201 -0.220396 0.542494 0.612705 -0.0196358 -0.113966 0.270472 0.929369 -0.343794 -0.00374932 -0.0550396 -0.0166093 -6.38828e-05
internal_weight=144537 132574 12228 11963 6097 2280 1938 1352 334 166 1018 759 259 120346 110635 20156 90479 18542 17266 3334 3116 164 2952 91 13932 1276 1896 155 1741 218 146 128 90097 7496 82601 1372 6892 1786 81229 2082 1769 1205 319 216 103 313 564 131 886 174 98 390 357 371 232 604 145 490 5106 2875 2380 79147
internal_count=144537 132574 12228 11963 6097 2280 1938 1352 334 166 1018 759 259 120346 110635 20156 90479 18542 17266 3334 3116 164 2952 91 13932 1276 1896 155 1741 218 146 128 90097 7496 82601 1372 6892 1786 81229 2082 1769 1205 319 216 103 313 564 131 886 174 98 390 357 371 232 604 145 490 5106 2875 2380 79147
is_linear=0
shrinkage=0.05


Tree=154
num_leaves=63
num_cat=0
split_feature=89 83 96 101 88 86 72 81 87 67 74 70 111 87 85 93 68 91 90 46 74 74 4 125 46 84 131 121 126 89 107 46 125 96 76 9 72 87 125 124 75 80 82 88 94 99 73 68 68 85 88 90 123 70 89 100 80 78 88 135 79 105
split_gain=5167.18 7726.92 12467 8259.54 8471.61 11620.2 5538.11 4912.39 7109.65 6601.75 6395.06 10887.5 9324.93 8983.45 7339.24 7328.61 7113.18 8713.08 9285.5 10500.9 8167.74 7643.91 6508.44 6438.68 5672.53 7541.81 6402.54 6924.7 6990.91 5403.02 5549.64 5394.24 10781.5 10754.9 9835.73 8176.34 7711.12 7525.91 6427.65 10040.9 6389.78 12575.7 12525.2 11742 10112 9264.39 9296.48 11544.6 12155.7 9581.16 10438.7 9193.43 8857.91 18156.3 34227.2 23148.4 15396.6 21112.1 15050.6 14184.5 12541.6 16765.5
threshold=0.025225969145183203 1.1295816374623249 -0.45884482512222813 0.61430789395608865 0.079158007344139206 0.79282730867802287 -0.26851245973757548 0.16333306920633198 0.45597984939126995 1.3979628685524972 0.16504892648972649 -0.35497223175759079 -0.034502796256149347 0.19069690544703552 0.36732366339167499 0.34623280039977039 0.30827729202108539 0.16787130505116163 0.19041061100593334 -0.30923076460910448 -0.32950317495326648 -0.11032793490870839 556.85500000000013 -0.004237063117107899 0.057686112235988858 -0.19633066940836383 0.011524967405087752 -0.0063676555888824487 -0.006228463789381849 0.077985935942351911 0.014543402600393001 0.45099207181086304 -0.0026028643409419998 0.38300141883614075 -0.22368862575628037 526.40500000000009 -0.9674658690200818 0.19861382888901788 0.022290725617511806 0.33783827044348375 0.062098398667134257 -0.16188772326123316 0.064448769722446314 0.37083857292111416 0.16558109382089223 1.0978679056580221 0.40362793173693362 -0.30951970502186887 0.4350865526168054 0.27195546696274875 -0.23154398074345781 -0.11278496057306493 -0.0015228661825347999 0.19426336901624511 0.067255550415743562 -0.60146577853055239 -0.25061200696132763 0.0011260190787721002 0.012983088908706803 0.052160749009845908 0.0289582641958404 0.043312740817059908
decision_type=2 10 2 2 2 2 2 2 2 2 2 2 2 2 2 2 2 2 2 2 2 2 2 2 2 2 2 2 2 2 2 2 2 2 2 2 2 2 2 2 2 2 10 2 8 2 2 2 2 2 2 2 2 2 2 2 2 2 2 2 2 2
left_child=1 3 -3 -1 5 -5 -7 10 31 -10 11 -2 -13 15 29 -12 17 18 19 -14 -19 -22 -17 -23 26 -26 -25 28 -28 30 -15 35 33 34 -33 38 -34 -38 40 -40 41 44 43 45 -9 46 -43 -48 49 51 -51 -49 -42 -54 55 56 -55 -58 -59 -56 -57 -62
right_child=7 2 -4 4 -6 6 -8 8 9 -11 13 12 16 14 -16 22 -18 20 -20 -21 21 23 -24 24 25 -27 27 -29 -30 -31 -32 32 36 -35 -36 -37 37 -39 39 -41 52 42 -44 -45 -46 -47 47 48 -50 50 -52 -53 53 54 59 60 57 58 -60 -61 61 -63
leaf_value=-0.029130256567172347 -0.0013736563647063662 0.17132235647389485 -0.81973967606058484 0.093548744366505759 -0.73134746253490457 0.072218232983962086 0.78206415169982502 -0.050056717224179308 -0.056310179896721928 0.65256859864475159 0.083545504841768869 -0.099120751880314759 0.20708414317848975 -0.92464810751755788 0.011647501120289293 -0.099599431738299327 0.0055655240949873362 0.71048437390815133 -0.3678715130116077 0.56021587668090234 -0.36975664687507298 0.31111303186564715 -0.77973685592510988 0.12532778396732175 -0.017267763531870314 0.71980694817073321 -1.0899450305530003 -0.010481103309759439 -0.22239400035013324 -0.093231411903564432 -0.27732533270068338 1.0157891499827494 0.32791011771330469 -0.017124382065838741 0.28543925739109177 -0.28232678569964925 0.071502816501630026 -0.0026966506102332447 -0.0090839047207771761 -0.19215402407883986 -0.026639336145051123 -0.02147852267650837 0.083813533777349791 0.10289120584046074 0.031879908968985377 0.37853919768019728 -0.039509201830011359 0.77805893726837949 -0.071640835931332109 0.016391701177723469 -0.32402885515774249 -0.10209682221269055 0.0014820456223274244 0.65857021095169088 -0.0030524918341340197 0.071739171135343893 -0.4679517742089927 0.56491905521220109 -0.065277375915679517 0.68003435761897602 0.38511568067666729 -0.12617631571867441
leaf_weight=1747 3735 62 65 3172 30 39 93 5936 6945 33 976 408 507 79 126 473 609 55 47 360 85 322 38 375 72 67 35 198 69 63 57 53 195 292 354 267 4266 17180 2104 1163 17199 1842 1139 696 10298 95 1611 39 1248 252 2117 124 45440 75 5840 561 250 127 373 77 1801 176
leaf_count=1747 3735 62 65 3172 30 39 93 5936 6945 33 976 408 507 79 126 473 609 55 47 360 85 322 38 375 72 67 35 198 69 63 57 53 195 292 354 267 4266 17180 2104 1163 17199 1842 1139 696 10298 95 1611 39 1248 252 2117 124 45440 75 5840 561 250 127 373 77 1801 176
internal_value=0.000411811 0.0493074 -0.335914 0.0589361 0.105082 0.112677 0.572337 -0.00142119 -0.00385973 -0.0529578 0.0348304 0.0566584 0.124203 -0.0488195 -0.286956 0.0032279 0.156732 0.198731 0.316608 0.353713 0.114428 0.0876225 -0.150177 0.121785 0.047075 0.338013 -0.0126597 -0.184002 -0.514358 -0.476022 -0.653344 -0.00107861 0.0211516 0.214423 0.380546 -0.00600298 0.014909 0.012063 -0.00526947 -0.074254 -0.00295359 -0.0245137 -0.0713454 -0.09337 0.00191959 -0.112011 -0.118454 -0.151588 -0.199355 -0.262304 -0.287817 0.108493 0.00466001 0.0144977 0.0782294 0.2056 -0.0244835 -0.0927889 0.0947925 0.00583676 0.280391 0.339599
internal_weight=144132 5208 127 5081 3334 3304 132 138924 130168 6978 8756 6944 3209 1812 325 1487 2801 2192 914 867 1278 1223 511 1138 816 139 677 302 104 199 136 123190 22340 699 407 100850 21641 21446 100583 3267 97316 25397 9163 8024 16234 7328 7233 5391 3780 2532 2369 163 71919 54720 9280 3363 825 750 500 5917 2538 1977
internal_count=144132 5208 127 5081 3334 3304 132 138924 130168 6978 8756 6944 3209 1812 325 1487 2801 2192 914 867 1278 1223 511 1138 816 139 677 302 104 199 136 123190 22340 699 407 100850 21641 21446 100583 3267 97316 25397 9163 8024 16234 7328 7233 5391 3780 2532 2369 163 71919 54720 9280 3363 825 750 500 5917 2538 1977
is_linear=0
shrinkage=0.05


end of trees

feature_importances:
z_s14_sl20=488
z_s6_ma20=341
z_s15_sl20=311
z_s12_sl20=294
z_s11_ma5=271
z_s9_sl20=261
z_s7_sl20=256
z_s14_ma20=227
z_s11_sl20=227
z_s4_sl20=213
z_s8_sl20=212
z_s13_sl20=212
z_s9_ma20=211
z_s9_ma5=194
z_s2_sl20=166
z_s2_ma20=159
z_s13_sd20=138
z_s12_sd20=133
z_s11_ma20=132
z_s21_sl20=130
z_s17_ma20=126
dataset_id=126
z_s4_ma5=125
z_s8_sd20=122
z_s15_sd20=117
z_s15_ma20=116
z_s16_ma20=111
z_s21_ma20=110
z_s8_ma20=108
z_s10_ma20=107
z_s7_sd20=105
z_s11_sd20=104
z_s14_dl20=104
z_s4_ma20=102
z_s9_sd20=102
z_s10_sd20=101
z_s20_sl20=101
z_s2_ma5=98
z_s11_dl20=98
z_s17_sl20=98
z_s17_ma5=97
z_s6_sd20=96
z_s15_ma5=95
z_s6_ma5=92
z_s14_ma5=92
z_s3_ma5=88
z_s4_sd20=87
z_s4_dl20=85
z_s20_sd20=84
z_s15_dl20=78
z_s2_sd20=77
z_s3_ma20=77
z_s3_sd20=77
z_s3_sl20=77
z_s7_ma20=74
z_s12_dl20=72
z_s12_ma20=71
z_s13_ma20=70
z_s16_sd20=68
z_s21_sd20=68
z_s20_ma20=66
z_s14_sd20=65
z_s17_sd20=65
z_s7_ma5=51
z_s7_dl20=50
z_s13_dl20=43
z_s2_dl20=42
z_s6_sl20=40
z_s9_dl20=40
z_s8_dl20=38
z_s8_sd5=33
z_s8_ma5=32
z_s13_ma5=32
z_s12_ma5=27
z_s16_ma5=27
z_s9=26
z_s6_sd5=26
z_s10_sd5=25
z_s16_sl20=24
z_s3_dl20=23
z_s11=22
s11=21
z_s13_sd5=21
z_s21_dl20=20
z_s21_ma5=19
z_s6=17
z_s15_sd5=17
z_s17_dl20=17
z_s14=16
z_s10_sl20=16
z_s20_dl20=16
s9=15
z_s10_ma5=14
z_s12_sd5=14
z_s20_sd5=14
z_s21_sd5=14
z_s11_sd5=13
s14=12
z_s7_sd5=11
z_s2_sd5=10
z_s4_sd5=10
z_s13=9
z_s20_ma5=9
z_s8=8
z_s17_sd5=8
z_s14_sd5=7
z_s16_sd5=6
s7=5
s12=5
s13=5
z_s15=5
z_s9_sd5=5
s8=4
s20=4
z_s10_dl20=4
s4=3
s6=3
s21=3
z_s3=3
z_s17=3
z_s21=3
z_s3_sd5=3
z_s6_dl20=3
condition_id=3
s15=2
z_s10=2
s2=1
s3=1
s16=1
z_s2=1
z_s4=1
z_s7=1
z_s12=1
z_s20=1
z_s16_dl20=1

parameters:
[boosting: gbdt]
[objective: regression]
[metric: l2]
[tree_learner: serial]
[device_type: cpu]
[data_sample_strategy: bagging]
[data: ]
[valid: ]
[num_iterations: 155]
[learning_rate: 0.05]
[num_leaves: 63]
[num_threads: 14]
[seed: 42]
[deterministic: 0]
[force_col_wise: 0]
[force_row_wise: 0]
[histogram_pool_size: -1]
[max_depth: -1]
[min_data_in_leaf: 30]
[min_sum_hessian_in_leaf: 0.001]
[bagging_fraction: 0.9]
[pos_bagging_fraction: 1]
[neg_bagging_fraction: 1]
[bagging_freq: 1]
[bagging_seed: 400]
[bagging_by_query: 0]
[feature_fraction: 0.9]
[feature_fraction_bynode: 1]
[feature_fraction_seed: 30056]
[extra_trees: 0]
[extra_seed: 12879]
[early_stopping_round: 0]
[early_stopping_min_delta: 0]
[first_metric_only: 0]
[max_delta_step: 0]
[lambda_l1: 0]
[lambda_l2: 0]
[linear_lambda: 0]
[min_gain_to_split: 0]
[drop_rate: 0.1]
[max_drop: 50]
[skip_drop: 0.5]
[xgboost_dart_mode: 0]
[uniform_drop: 0]
[drop_seed: 17869]
[top_rate: 0.2]
[other_rate: 0.1]
[min_data_per_group: 100]
[max_cat_threshold: 32]
[cat_l2: 10]
[cat_smooth: 10]
[max_cat_to_onehot: 4]
[top_k: 20]
[monotone_constraints: ]
[monotone_constraints_method: basic]
[monotone_penalty: 0]
[feature_contri: ]
[forcedsplits_filename: ]
[refit_decay_rate: 0.9]
[cegb_tradeoff: 1]
[cegb_penalty_split: 0]
[cegb_penalty_feature_lazy: ]
[cegb_penalty_feature_coupled: ]
[path_smooth: 0]
[interaction_constraints: ]
[verbosity: -1]
[saved_feature_importance_type: 0]
[use_quantized_grad: 0]
[num_grad_quant_bins: 4]
[quant_train_renew_leaf: 0]
[stochastic_rounding: 1]
[linear_tree: 0]
[max_bin: 255]
[max_bin_by_feature: ]
[min_data_in_bin: 3]
[bin_construct_sample_cnt: 200000]
[data_random_seed: 175]
[is_enable_sparse: 1]
[enable_bundle: 1]
[use_missing: 1]
[zero_as_missing: 0]
[feature_pre_filter: 1]
[pre_partition: 0]
[two_round: 0]
[header: 0]
[label_column: ]
[weight_column: ]
[group_column: ]
[ignore_column: ]
[categorical_feature: 136,137]
[forcedbins_filename: ]
[precise_float_parser: 0]
[parser_config_file: ]
[objective_seed: 16083]
[num_class: 1]
[is_unbalance: 0]
[scale_pos_weight: 1]
[sigmoid: 1]
[boost_from_average: 1]
[reg_sqrt: 0]
[alpha: 0.9]
[fair_c: 1]
[poisson_max_delta_step: 0.7]
[tweedie_variance_power: 1.5]
[lambdarank_truncation_level: 30]
[lambdarank_norm: 1]
[label_gain: ]
[lambdarank_position_bias_regularization: 0]
[eval_at: ]
[multi_error_top_k: 1]
[auc_mu_weights: ]
[num_machines: 1]
[local_listen_port: 12400]
[time_out: 120]
[machine_list_filename: ]
[machines: ]
[gpu_platform_id: -1]
[gpu_device_id: -1]
[gpu_use_dp: 0]
[num_gpu: 1]

end of parameters

pandas_categorical:[["FD001", "FD002", "FD003", "FD004"], ["0|0.00|100", "10|0.25|100", "20|0.70|100", "25|0.62|60", "35|0.84|100", "42|0.84|100"]]
