tree
version=v4
num_class=1
num_tree_per_iteration=1
label_index=0
max_feature_idx=137
objective=regression
feature_names=s2 s3 s4 s6 s7 s8 s9 s10 s11 s12 s13 s14 s15 s16 s17 s20 s21 z_s2 z_s3 z_s4 z_s6 z_s7 z_s8 z_s9 z_s10 z_s11 z_s12 z_s13 z_s14 z_s15 z_s16 z_s17 z_s20 z_s21 z_s2_ma5 z_s2_sd5 z_s3_ma5 z_s3_sd5 z_s4_ma5 z_s4_sd5 z_s6_ma5 z_s6_sd5 z_s7_ma5 z_s7_sd5 z_s8_ma5 z_s8_sd5 z_s9_ma5 z_s9_sd5 z_s10_ma5 z_s10_sd5 z_s11_ma5 z_s11_sd5 z_s12_ma5 z_s12_sd5 z_s13_ma5 z_s13_sd5 z_s14_ma5 z_s14_sd5 z_s15_ma5 z_s15_sd5 z_s16_ma5 z_s16_sd5 z_s17_ma5 z_s17_sd5 z_s20_ma5 z_s20_sd5 z_s21_ma5 z_s21_sd5 z_s2_ma20 z_s2_sd20 z_s3_ma20 z_s3_sd20 z_s4_ma20 z_s4_sd20 z_s6_ma20 z_s6_sd20 z_s7_ma20 z_s7_sd20 z_s8_ma20 z_s8_sd20 z_s9_ma20 z_s9_sd20 z_s10_ma20 z_s10_sd20 z_s11_ma20 z_s11_sd20 z_s12_ma20 z_s12_sd20 z_s13_ma20 z_s13_sd20 z_s14_ma20 z_s14_sd20 z_s15_ma20 z_s15_sd20 z_s16_ma20 z_s16_sd20 z_s17_ma20 z_s17_sd20 z_s20_ma20 z_s20_sd20 z_s21_ma20 z_s21_sd20 z_s2_dl20 z_s2_sl20 z_s3_dl20 z_s3_sl20 z_s4_dl20 z_s4_sl20 z_s6_dl20 z_s6_sl20 z_s7_dl20 z_s7_sl20 z_s8_dl20 z_s8_sl20 z_s9_dl20 z_s9_sl20 z_s10_dl20 z_s10_sl20 z_s11_dl20 z_s11_sl20 z_s12_dl20 z_s12_sl20 z_s13_dl20 z_s13_sl20 z_s14_dl20 z_s14_sl20 z_s15_dl20 z_s15_sl20 z_s16_dl20 z_s16_sl20 z_s17_dl20 z_s17_sl20 z_s20_dl20 z_s20_sl20 z_s21_dl20 z_s21_sl20 dataset_id condition_id
feature_infos=[535.48000000000002:645.11000000000001] [1242.6700000000001:1616.9100000000001] [1023.77:1441.49] [5.6699999999999999:21.609999999999999] [136.16999999999999:570.80999999999995] [1914.72:2388.6399999999999] [7984.5100000000002:9244.5900000000001] [0.93000000000000005:1.3200000000000001] [36.039999999999999:48.530000000000001] [128.31:537.49000000000001] [2027.5699999999999:2390.4899999999998] [7845.7799999999997:8293.7199999999993] [8.1562999999999999:11.0669] [0.02:0.029999999999999999] [302:400] [10.16:39.890000000000001] [6.0105000000000004:23.950500000000002] [-3.5898446590329671:5.0707152931483632] [-3.6831352266921273:4.3037412979957788] [-3.8994458221134769:3.9328402918339318] [-8.0503984890132223:0.78157322502830262] [-3.9744006128475369:4.9189051392181531] [-7.4015550554831506:6.5273682238526156] [-2.3648048531995687:8.520354520548862] [-7.8421470362053389:6.3168670927567616] [-3.0050163643906438:3.8739170641165259] [-3.6925733778856009:4.9885561411553834] [-7.2200756845175347:6.4495912301997551] [-3.0534042424561552:8.8673073321172193] [-4.0290830855744613:4.0147050219779761] [-10:2.2832806272306487] [-3.417018488061585:4.3837217325753643] [-4.058607778081857:4.5275183563656709] [-5.2898971838090212:4.3353198390361651] [-2.843570465423082:3.0670104965451293] [0:2.1942603692594456] [-2.8547858034953251:2.8722465777024291] [0:2.029811752089024] [-2.4502313097092445:3.0220248349089265] [0:2.0703775152470159] [-8.0503984890132223:0.78157322502830262] [0:5.0908168599729535] [-2.889767918698396:4.3376167912806842] [0:2.7229538050397224] [-5.0639983224935534:3.2309193774539642] [0:3.1869755447340919] [-2.0857659916892297:7.8827262752936091] [0:2.217429643824457] [-4.3793156449170239:5.3856576474853206] [0:5.9636581858659765] [-2.5007667764597752:2.993570924364291] [0:2.126628137137065] [-2.9685579972496701:4.3905302850502892] [0:2.8042062524876177] [-4.9180363606508468:3.3627816218142881] [0:3.1410114628060257] [-2.6501820396011881:8.0415740053189637] [0:2.3139031069030631] [-3.3154904841678432:2.8227072771986967] [0:1.9013030467718723] [-2.2627508828766612:1.8266245017845191] [0:4.4768052790941493] [-2.6659720789149657:3.1010538597843462] [0:2.2697038573322019] [-2.7748081383584635:3.1515839956243412] [0:2.3691160851195976] [-2.721508908767734:3.4668358021204257] [0:2.666568813453277] [-2.843570465423082:2.3165771638478074] [0:2.1942603692594456] [-2.8547858034953251:2.2621991761146072] [0:2.029811752089024] [-2.4502313097092445:2.4459583996712841] [0:1.6953710011788614] [-7.7191995497366239:0.78157322502830262] [0:5.0908168599729535] [-2.2452023436858162:3.8134665733246615] [0:2.1717506344318203] [-4.5585806504961131:2.766035565781169] [0:2.5270883599900751] [-1.9849962391898968:6.3973794770871812] [0:1.8794860261390096] [-4.3793156449170239:4.9590806721039433] [0:3.8986462473699879] [-2.5007667764597752:2.4137142676807715] [0:1.8857356039365301] [-2.3557210083967903:3.8088883324623621] [0:2.2190908562403981] [-4.6903621418071726:2.7926951626083136] [0:2.6384469607522152] [-2.4133017606814642:6.5427263373559752] [0:1.882331500790279] [-2.9821482125834256:2.4314108102980971] [0:1.7717123213229236] [-0.75924595759044811:1.1416403136153244] [0:2.473007053198172] [-2.6659720789149657:2.2898380383683605] [0:2.0848841303919974] [-2.5435019315534824:2.53500440501639] [0:2.3691160851195976] [-2.3941216776363303:3.2632114431718282] [0:2.666568813453277] [-4.1200791017624834:4.6847045087061394] [-3.1031527735845041:2.8646838127350507] [-4.1476379951995836:4.4967097787220425] [-2.870587308868592:2.7516108307859186] [-3.8656869259137534:3.8679947399123531] [-2.2011168442087521:2.3976166631211981] [-7.1995022469313641:7.1995022469313641] [-7.1995022469313641:7.1995022469313641] [-5.3060244746947349:3.5480771316215822] [-2.1127741021447082:1.7399316135310186] [-6.5072525269713539:7.0436941162414719] [-3.3483920769844788:2.5902655689883187] [-4.2374598204799092:4.2920127283405147] [-1.0086532330057389:0.92820657277860685] [-14.159014128962101:8.3250294200411687] [-5.5135183979256093:4.9590806721039433] [-4.4439060825969241:3.1922271193918741] [-1.9014167021859008:2.3553323690718471] [-5.1228953553301828:3.1971244495940692] [-1.7219092385911461:1.4778591102869534] [-6.1345553410699667:6.8132284149038345] [-3.731327475497856:2.2134993498704878] [-4.6756934756589406:3.9275047140493582] [-0.95391388451281145:0.87302353657779341] [-2.9782665502981001:4.1174468844345471] [-2.5055795934383971:2.2851137124947307] [-10.020827684595847:10.020827684595847] [-0.52211898717424143:2.2832806272306487] [-4.9058500620352348:4.634064549245049] [-2.9484714131767991:2.5965537405310468] [-5.3804490819030644:4.8111367648250303] [-3.3504360984123869:2.8748285277947838] [-5.4284316846534901:4.9753554501915831] [-2.7302932439365346:3.7710977809867572] -1:3:1:2:0 -1:0:5:1:2:4:3
tree_sizes=5628 5779 5787 5763 5807 5777 5794 5808 5832 5792 5819 5784 5799 5818 5840 5827 5852 5816 5847 5853 5846 5871 5882 5875 5869 5858 5871 5871 5880 5891 5899 5854 5891 5902 5866 5862 5895 5888 5887 5846 5877 5877 5869 5859 5852 5881 5877 5869 5915 5884 5845 5897 5938 5893 5867 5890 5903 5906 5881 5901 5883 5921 5855 5840 5901 5836 5874 5864 5902 5868 5881 5889 5881 5915 5900 5931 5878 5884 5885 5876 5873 5893 5923 5779 5867 5886 5880 5884 5890 5840 5878 5860 5842 5876 5861 5823 5825 5884 5856 5812 5884 5833 5839 5874 5782 5868 5823 5838 5847 5873 5808 5797 5850 5818 5790 5826 5880 5812 5886 5812 5850 5799 5841 5785 5879 5806 5896 5824 5728 5820 5835 5806 5821 5820 5845 5829 5816 5797 5685 5791 5754 5846 5777 5782 5838 5811 5796 5773 5718 5821 5770 5805 5789 5781 5804 5699 5765 5740 5736 5768

Tree=0
num_leaves=63
num_cat=2
split_feature=50 46 50 50 115 46 50 136 136 50 46 50 50 50 74 107 121 127 93 74 115 107 91 80 119 50 23 89 110 115 50 80 50 107 80 56 121 80 74 110 34 127 52 126 126 50 90 93 127 107 107 74 121 74 93 62 80 68 74 113 115 115
split_gain=1.07223e+08 1.62471e+07 6.70683e+06 5.99905e+06 1.84012e+06 1.57942e+06 1.24248e+06 1.16821e+06 967934 838884 813521 745326 725991 568813 500796 408572 354712 328998 318373 302457 276094 268979 264650 239421 228035 206313 183600 175394 168831 165412 157728 153414 129848 126535 116625 115133 111504 111465 128513 109950 109344 99125 97219.1 94643.8 121606 93102.8 91173.8 90601.5 90601.1 86694.8 82550.1 82031.5 75344 196327 121026 75321.1 74286.9 74244.4 84056 71775 71507.7 71491.5
threshold=0.65025809461840944 0.45099207181086304 1.1943387391618425 -0.23877961111557883 0.025051968001907756 0.55377126938539689 0.35505926321687692 0 1 -0.10664175348213599 0.12131011806043142 1.6389659308332021 -0.61666937663999588 0.86541130381863063 -0.17705366130512287 0.0026085835542920001 0.014371852104843052 0.010349231777224502 0.39834232886048299 0.14168183519534686 0.032410740349900553 0.017882190223473805 0.28937604044473092 -0.20904206878757622 0.014032085615837802 0.84591650862709511 2.0307595904303164 0.033726944203261257 -0.049534709093529541 0.015252455983039101 -0.12520400545323962 0.68943658073154834 -1.0077905075094686 0.017390320976527852 -0.22396037687718004 0.10339655322898257 0.020701689114805955 -0.42368974492270856 0.14412144604211527 1.0000000180025095e-35 0.34820749107517884 0.030312053281539356 -0.44098066554034204 0.06620850735890127 -1.0000000180025095e-35 1.9072031147723787 -0.42594901558717618 0.37537038315582955 0.0062465794693042009 0.032470511734688706 0.0052562051422836006 -0.0087874583693592478 0.0089838949769151018 -0.34460744644779123 0.43155849925036655 0.11945572626856636 -0.068999562404224793 -0.59557140201541381 0.14168183519534686 0.016103063045761454 0.014586415759104352 0.012307782098286401
decision_type=2 2 2 2 2 2 2 1 1 2 2 2 2 2 2 2 2 2 2 2 2 2 2 2 2 2 2 2 2 2 2 2 2 2 2 2 2 2 2 2 2 2 2 2 2 2 2 2 2 2 2 2 2 2 2 2 2 2 2 2 2 2
left_child=1 3 5 12 9 8 10 23 13 31 15 26 32 34 16 43 35 37 -16 27 -7 40 30 50 55 -10 49 -12 59 47 -6 57 -1 -15 48 -14 -29 -17 -39 -30 56 -23 -21 44 -5 -13 -20 51 -2 -4 -8 -11 54 61 -34 -19 -9 -3 -59 -26 -18 -54
right_child=2 4 11 6 22 20 7 21 25 29 19 45 14 33 18 17 60 24 46 42 -22 41 -24 -25 28 -27 -28 36 39 -31 -32 -33 52 -35 -36 -37 -38 38 -40 -41 -42 -43 -44 -45 -46 -47 -48 -49 -50 -51 -52 -53 53 -55 -56 -57 -58 58 -60 -61 -62 -63
leaf_value=91.813041729216991 90.475760290466411 91.17006178307598 87.246213550827406 91.2253235454221 89.343733836899546 87.803110913812773 91.189480904102595 90.294292811826381 88.411121619680586 89.118272787155334 90.5099527982739 86.350578366272998 91.250230136817152 88.937072215485415 91.624617619151266 91.220052504551035 90.249067880538817 90.983499202139896 91.412057293935817 89.515059332330495 87.004805581411716 89.091571435539208 87.616030201287813 90.025547617143857 89.65180502256365 87.612639320262019 86.427983837091617 89.735636043258154 91.322379345497438 88.741429707547823 88.269167338851759 89.67143780443736 91.789515160879262 88.108338239008177 89.257751657350838 90.207320234945612 88.68521772462924 90.504182913177686 91.150815285826226 90.09480216102223 89.33352460831513 88.103789554440525 90.882863595502442 91.056541499314463 91.78294063505102 85.969738986342563 91.031734540096664 88.952349510257605 89.614192762870886 86.791841201205813 90.643647408503398 90.034626043817923 91.153932184270772 91.644957176015595 91.482769901905598 90.414586831341538 89.205435985287451 90.109601704105046 91.04679783637873 88.338726793231288 89.215150362157402 90.309575352310446
leaf_weight=15323 620 432 2692 2987 432 2176 1389 870 1489 373 638 3077 1219 947 8022 3074 292 1362 2413 144 2203 973 1491 1033 659 1806 1583 1302 256 1702 1672 597 8102 910 743 338 313 1711 1396 628 835 346 1263 3358 1463 3885 4593 606 599 1850 1387 705 675 2605 5395 1017 190 775 345 123 390 399
leaf_count=15323 620 432 2692 2987 432 2176 1389 870 1489 373 638 3077 1219 947 8022 3074 292 1362 2413 144 2203 973 1491 1033 659 1806 1583 1302 256 1702 1672 597 8102 910 743 338 313 1711 1396 628 835 346 1263 3358 1463 3885 4593 606 599 1850 1387 705 675 2605 5395 1017 190 775 345 123 390 399
internal_value=90.1846 91.0034 87.2664 91.2356 89.0071 88.1481 90.6601 90.0821 88.6083 89.5794 90.8472 86.4924 91.5677 89.1598 91.3055 90.9851 90.6076 90.7771 91.4094 90.1676 87.4009 89.3816 88.1265 90.674 90.4264 87.9795 86.8964 89.8084 89.9779 89.0891 88.4893 90.352 91.7069 88.5301 89.7511 91.024 89.5313 91.0065 90.7949 90.4512 89.7611 88.8311 90.7425 91.2575 91.409 86.1375 91.1629 89.4412 90.0523 87.0604 90.917 89.7169 91.6121 91.4104 91.667 90.7405 90.0984 90.614 90.3988 89.4432 89.6573 90.8407
internal_weight=112193 87613 24580 78483 9130 11493 28717 7023 7114 5535 21694 13087 49766 3819 17267 18034 2239 10226 15028 3660 4379 3214 3595 3809 4045 3295 6125 2253 1666 3386 2104 2149 32499 1857 1962 1557 1615 6181 3107 884 1895 1319 1407 7808 4450 6962 7006 1684 1219 4542 2776 1078 17176 3679 13497 2379 1060 1552 1120 782 682 1074
internal_count=112193 87613 24580 78483 9130 11493 28717 7023 7114 5535 21694 13087 49766 3819 17267 18034 2239 10226 15028 3660 4379 3214 3595 3809 4045 3295 6125 2253 1666 3386 2104 2149 32499 1857 1962 1557 1615 6181 3107 884 1895 1319 1407 7808 4450 6962 7006 1684 1219 4542 2776 1078 17176 3679 13497 2379 1060 1552 1120 782 682 1074
cat_boundaries=0 1 2
cat_threshold=12 12
is_linear=0
shrinkage=1


Tree=1
num_leaves=63
num_cat=1
split_feature=38 23 38 38 74 119 125 38 80 118 62 84 38 119 23 119 84 119 119 125 74 106 106 125 93 125 121 127 56 56 121 23 62 84 56 84 62 127 38 38 136 92 127 127 74 119 74 125 44 84 79 121 119 75 80 121 34 38 119 84 58 93
split_gain=9.40018e+07 1.11246e+07 9.8168e+06 4.98566e+06 2.61146e+06 1.65085e+06 1.41381e+06 1.04001e+06 999618 702302 683615 668669 603134 515130 443690 399485 371050 353989 341364 329350 423556 311374 464853 299778 286562 233287 199388 195895 180466 176038 168735 167105 163757 163658 176095 163046 161816 146084 144029 132158 130704 172853 120485 120074 114412 113905 111274 106093 100942 99847.8 94798.4 90984.3 89737 87595.4 85389 82093.6 81770.8 81651.8 76573.2 75893.6 73642.3 72912.3
threshold=0.50756476879549017 0.62716203367641332 1.0530695308045315 -0.27863255810585469 0.14168183519534686 0.012845604605628351 0.017679798417227905 1.4715494751984552 0.22561046979406094 0.16662547605847586 0.6585642848879828 0.73696738784240001 -0.7196443309472137 0.030920979615049905 -0.049940058645674093 0.019581423621542155 -0.25917624526138344 0.023822038889211656 0.015437156665668353 0.012942237957757801 -0.11032793490870839 1.0000000180025095e-35 -1.0000000180025095e-35 0.012942237957757801 0.42961990391603638 0.032446809068750554 0.019906653585764354 0.020877264719187456 1.3205445592908664 1.2637606547066802 0.021518757332868753 1.4902752841417894 1.504230583011104 0.40712199641918784 0.11935666320226897 -0.25079014227571833 0.13253488039377828 0.022183036067965404 0.22030868041471166 0.047809715753209005 0 0.26734308399513435 0.0044588311071216509 0.023961951406823254 0.14168183519534686 0.0030405826887588503 0.14168183519534686 0.018778701827964556 0.0095724231029456017 0.97889769772523316 0.031674862772160604 0.0098127263580924523 -0.010140484914982848 0.12343055704972027 0.57644911304700497 0.028535302301397253 0.025186500652371106 0.19912198746052731 0.028021915404740153 -1.1819243148280714 -0.39315818345256714 0.39657774606611795
decision_type=2 2 2 2 2 2 2 2 2 2 2 2 2 2 2 2 2 2 2 2 2 2 2 2 2 2 2 2 2 2 2 2 2 2 2 2 2 2 2 2 1 2 2 2 2 2 2 2 2 2 2 2 2 2 2 2 2 2 2 2 2 2
left_child=1 3 4 12 10 14 16 17 11 21 15 18 59 27 36 33 54 28 -6 24 26 22 -7 38 51 35 -21 30 49 -10 39 58 -9 34 -2 -8 52 55 46 -11 -38 -42 -20 47 50 -26 -16 -23 -22 -4 -18 -14 -5 -53 -3 57 -29 -15 -12 -1 -47 -54
right_child=2 6 7 5 8 9 25 32 29 13 31 -13 19 37 23 -17 44 -19 42 20 48 43 -24 -25 45 -27 -28 56 -30 -31 -32 -33 -34 -35 -36 -37 40 -39 -40 -41 41 -43 -44 -45 -46 60 -48 -49 -50 -51 -52 53 61 -55 -56 -57 -58 -59 -60 -61 -62 -63
leaf_value=1.5956043273946672 -0.07429479385138224 0.67357372756957767 -1.8225461410204209 1.3463390543907119 0.41876150802019868 0.2899369856477389 -0.68168393656748627 -3.4718724504849372 -1.4490248047836389 0.52996201369927609 -2.0990892494150724 -1.329853855645255 1.4383581178698068 -0.30729134276314363 0.4939028152209673 -2.1906411608275231 -0.32947534807760953 -3.2069325345570281 -0.024679001056133434 0.32412169402848712 1.2854264650545602 0.33071197795813645 1.6656839873389533 -0.29177266123528584 1.1889893197604069 -2.2909191867661591 -1.101031497050809 -0.12285190073881246 -3.1825965641859937 -2.602833404501931 -1.2586592822486447 -3.0344268686465319 -3.9268340926915224 -1.5434144934599134 -1.59551837941095 -1.6971118888561869 0.95068410704177342 -1.7384368635912784 0.083332552960915185 -0.094103180256375651 0.69307386225041401 -0.33783516883038844 -1.1127111812877686 -0.70746059214313317 -0.16847748049422281 0.97659882924561348 1.0939657831926548 -1.018144925997692 0.52581928537478428 -2.5277742747735665 -1.2874861217735418 1.2634070711391656 1.1703619493717876 0.51353831302618314 -0.16420952593127075 -2.3652596989193477 -1.033984185991818 -1.1955409809026887 -2.6854702496258533 1.4163145200268454 0.55238617281229685 0.82262676899426967
leaf_weight=9027 536 747 880 2250 2100 1513 515 3521 1048 1612 1395 1216 8815 687 1659 1743 354 3879 422 815 1583 1756 1033 1200 3206 1389 350 413 668 487 209 1405 4877 1111 294 1728 2344 552 997 1789 1395 573 640 427 545 2357 1450 158 607 1221 962 1458 2713 534 512 73 610 415 970 17627 1817 3430
leaf_count=9027 536 747 880 2250 2100 1513 515 3521 1048 1612 1395 1216 8815 687 1659 1743 354 3879 422 815 1583 1756 1033 1200 3206 1389 350 413 668 487 209 1405 4877 1111 294 1728 2344 552 997 1789 1395 573 640 427 545 2357 1450 158 607 1221 962 1458 2713 534 512 73 610 415 970 17627 1817 3430
internal_value=-0.00333137 0.835782 -2.49011 1.00547 -1.5039 0.490578 -1.11056 -3.3661 -0.719058 0.015288 -2.12631 -0.333935 1.31802 -0.331034 0.787356 -1.64107 -0.329769 -2.89768 0.0493616 1.12113 0.665624 0.465971 0.84856 0.403235 1.20512 -1.78102 -0.104613 -0.0562278 -2.46345 -1.81654 0.116883 -2.59993 -3.73652 -1.14668 -0.614409 -1.46437 0.947732 -1.06779 0.606377 0.201759 0.698464 0.390911 -0.680797 0.0496938 -0.778089 0.964659 0.774027 0.218891 1.07522 -2.2334 -1.03023 1.36923 1.0757 1.06275 0.333011 -0.751523 -0.666626 -0.642576 -2.34063 1.47709 0.79211 0.976366
internal_weight=112619 84206 28413 77454 13367 29258 6752 15046 5913 11247 7454 4378 48196 6360 18011 3684 3120 6648 3162 21542 3355 4887 2546 5306 18187 3632 1165 4633 2769 1535 3610 3770 8398 1941 830 2243 12705 1727 4106 3401 4312 1968 1062 2341 1861 7380 3109 1914 2190 2101 1316 10807 8393 1992 1259 1175 1023 1102 2365 26654 4174 6143
internal_count=112619 84206 28413 77454 13367 29258 6752 15046 5913 11247 7454 4378 48196 6360 18011 3684 3120 6648 3162 21542 3355 4887 2546 5306 18187 3632 1165 4633 2769 1535 3610 3770 8398 1941 830 2243 12705 1727 4106 3401 4312 1968 1062 2341 1861 7380 3109 1914 2190 2101 1316 10807 8393 1992 1259 1175 1023 1102 2365 26654 4174 6143
cat_boundaries=0 1
cat_threshold=12
is_linear=0
shrinkage=0.05


Tree=2
num_leaves=63
num_cat=2
split_feature=50 46 50 50 46 125 136 50 107 50 50 50 50 136 46 74 125 118 118 125 28 93 46 58 119 125 118 118 125 115 74 80 74 50 50 121 38 125 80 80 50 93 46 79 80 74 74 50 74 107 119 74 107 50 125 38 107 58 50 91 125 125
split_gain=8.83241e+07 1.13665e+07 7.72955e+06 4.05664e+06 1.74885e+06 1.7339e+06 1.12946e+06 1.02593e+06 833569 557416 550312 453156 441833 423919 381071 348982 297900 286826 303601 263766 257460 254126 204846 198301 193775 186772 180130 193743 178198 158116 145739 145444 141931 141724 130230 127174 127033 119483 109765 103717 97157.5 90387.8 86376.3 84253.1 83292.3 105452 82971.9 81334.2 76833.9 74686 73556.5 71513.3 70045.7 68529.4 65361.4 64596 62198.5 62091.5 61860.7 60477.1 58454.3 57920.5
threshold=0.56083897391042004 0.43287901001596674 1.0627167949828278 -0.312269280378561 0.43287901001596674 0.018778701827964556 0 1.5285833198544128 0.011839892318719352 -0.19157828218434622 0.2542480979627994 0.78744962134995744 -0.70913386071894335 1 -0.076992452856737434 0.022454388818846652 0.03480494551530626 1.0000000180025095e-35 -1.0000000180025095e-35 0.030332773781917403 1.7470364028568095 0.38167377465777813 -0.095813361906578423 0.65564354548282366 0.021722081150743606 0.013610217884739602 1.0000000180025095e-35 -1.0000000180025095e-35 -0.0057351452914557498 0.017534569773677254 -0.11032793490870839 -0.20904206878757622 0.14168183519534686 1.8671827062089423 -0.14565304457755898 0.019906653585764354 0.73750205106582079 -0.0084599487060272992 -0.17761545483697441 -0.21426557522645304 0.13988474245962293 0.37537038315582955 0.68207510940872784 0.3447602248763903 -0.19346598276086252 0.14412144604211527 0.14168183519534686 0.15019619193984943 -0.0077857716794602991 0.018846863679601304 0.021230351395978904 0.18426300567369083 0.010973638726519902 0.20111254886877214 -0.0098790379310436469 1.2637149206101363 0.0082841191285243018 0.2533499002421456 -1.0528348651128396 0.37262994949338463 -0.0082550726546175481 0.0079460750672978517
decision_type=2 2 2 2 2 2 1 2 2 2 2 2 2 1 2 2 2 2 2 2 2 2 2 2 2 2 2 2 2 2 2 2 2 2 2 2 2 2 2 2 2 2 2 2 2 2 2 2 2 2 2 2 2 2 2 2 2 2 2 2 2 2
left_child=1 3 4 12 6 9 11 20 14 42 17 38 58 39 26 22 51 18 -10 34 32 30 56 49 44 -24 27 -5 -15 41 -16 57 -4 -9 -7 -27 -13 50 52 -12 61 48 -3 -17 -19 -46 54 -23 -11 -8 -28 -6 -2 -39 -26 -34 -14 -30 -1 -21 -25 -32
right_child=2 5 7 8 16 19 23 33 10 29 13 36 15 28 21 43 -18 24 -20 59 -22 47 25 60 46 35 37 -29 31 -31 40 -33 55 -35 -36 -37 -38 53 -40 -41 -42 -43 -44 -45 45 -47 -48 -49 -50 -51 -52 -53 -54 -55 -56 -57 -58 -59 -60 -61 -62 -63
leaf_value=1.4842375245187851 0.48553099719056186 0.65361763231504433 -2.8242473821548764 0.91312244422314925 -2.1627089914404798 -0.6050568229004778 -1.0336362689469747 -3.3715989835996361 0.49229315432505427 -0.75390968394969082 0.57106572840893044 -0.47932193779722471 1.1926898447089569 -1.5635997163087727 -0.21865167239982941 1.4101897479359871 -2.8557475836733275 0.60355512740967443 1.5157970299122305 -1.9711656673417477 -3.2628290487833511 0.16398493710666442 0.79939191683246236 -2.5753756101470593 -1.5381211542209492 0.29215366825703865 0.41649969023530747 1.5306451549936533 0.36955181845965296 -1.1189001778243655 1.1885877612086371 -1.1385306298563427 -2.0305397192479195 -3.7924228872742365 -1.524016964114981 -1.1242649741506807 -1.366948525944599 0.92889102036014659 -0.58329737839915086 -0.26809636359229333 0.32019402210952402 -0.87237124736420812 -0.08609907402817546 0.96747240254672784 -0.21247975360214882 0.62533204674885923 0.5421425676441084 -0.52263451048210596 0.18653859673692208 -1.7231462747989781 -0.67415271795804232 -1.6112621045771034 -0.17812725809262317 0.57410527800322964 -0.37502121507026642 -2.5704908820139161 0.88580847049468747 -0.47904717878272368 1.3349932175670221 -2.6817276592743706 -1.9155099742124222 0.58470549388807658
leaf_weight=13560 951 1237 2788 4596 1995 509 940 3929 2724 308 1102 609 3852 548 406 6725 1581 1832 987 1472 1949 1213 2674 470 138 675 669 1760 389 1265 1248 549 1202 4389 1613 206 1200 3587 597 552 751 579 579 1291 979 608 218 668 730 684 200 859 682 2205 933 1089 2925 481 14605 389 1298 587
leaf_count=13560 951 1237 2788 4596 1995 509 940 3929 2724 308 1102 609 3852 548 406 6725 1581 1832 987 1472 1949 1213 2674 470 138 675 669 1760 389 1265 1248 549 1202 4389 1613 206 1200 3587 597 552 751 579 579 1291 979 608 218 668 730 684 200 859 682 2205 933 1089 2925 481 14605 389 1298 587
internal_value=0.00287551 0.79557 -2.47675 0.990274 -1.51823 -0.918867 -1.04906 -3.21776 0.536183 -0.268112 0.214511 -0.47959 1.28245 -0.300871 0.752644 1.09136 -2.30393 0.436185 0.764845 -1.68618 -2.77193 0.375376 0.899105 -1.72032 0.177017 0.591436 0.893838 1.08433 -0.794431 -0.700347 0.661593 -0.50209 -2.58295 -3.59408 -1.30398 -0.0399399 -1.06856 0.711931 -0.00369666 0.289266 0.799822 -0.372419 0.417854 1.33902 0.373951 0.108688 -0.345224 -0.0800025 -0.0929725 -1.32493 0.165 -1.99736 0.208424 0.793947 -0.526183 -2.28821 1.06039 -0.0996275 1.4069 -2.12105 -2.09228 0.995835
internal_weight=112336 85124 27212 76443 11866 8681 7431 15346 29930 4698 12040 4039 46513 3621 17890 18348 4435 8419 3711 3983 7028 4873 10332 3392 4708 3555 13017 6356 1967 2882 2992 1419 5079 8318 2122 881 1809 6661 2230 1654 2586 1617 1816 8016 3419 1587 1289 1881 1038 1624 869 2854 1633 5792 1071 2291 6777 870 28165 1861 1768 1835
internal_count=112336 85124 27212 76443 11866 8681 7431 15346 29930 4698 12040 4039 46513 3621 17890 18348 4435 8419 3711 3983 7028 4873 10332 3392 4708 3555 13017 6356 1967 2882 2992 1419 5079 8318 2122 881 1809 6661 2230 1654 2586 1617 1816 8016 3419 1587 1289 1881 1038 1624 869 2854 1633 5792 1071 2291 6777 870 28165 1861 1768 1835
cat_boundaries=0 1 2
cat_threshold=12 12
is_linear=0
shrinkage=0.05


Tree=3
num_leaves=63
num_cat=2
split_feature=62 62 70 46 119 46 119 62 46 72 125 36 74 36 46 119 36 106 106 136 92 127 125 119 75 58 136 74 92 46 119 92 80 62 72 127 122 46 72 74 126 122 58 115 74 125 74 40 121 74 70 58 72 121 77 127 58 46 119 72 70 58
split_gain=7.60442e+07 8.28333e+06 7.90775e+06 3.53792e+06 1.89515e+06 1.4074e+06 1.3763e+06 1.1559e+06 837764 824200 653327 553516 499029 464109 384500 353779 349056 345852 325612 306418 396031 242835 232968 210747 210081 194223 185820 183026 175531 174198 168263 158471 187638 156804 156774 153073 147585 124792 123369 120776 120145 119949 117847 117118 114296 188041 111449 108585 93154.5 89102.8 88187.5 87614.5 82354.8 78855.4 78268.8 77867.7 77462.6 75742.6 75347.4 75351.8 73552.7 72044.6
threshold=0.47316169481081771 -0.094549662550914529 0.64953114702413373 0.3989561107670479 0.018216252221659155 0.51125932020902176 0.019581423621542155 1.2689441095234673 0.25272544450207179 -0.61308283076174697 0.018025783838359302 0.40292422716015702 0.030875758233485453 0.39225825081057547 0.065400718913717459 0.026758574191973351 0.1956510225619755 1.0000000180025095e-35 -1.0000000180025095e-35 0 0.42816908658938518 0.015346263394670901 0.017032172955652302 0.031698108771334908 0.097800144156721905 1.0060638527153081 1 0.056148411344787555 0.41002101028803351 1.1185011505662672 0.0098040895439000502 0.27642137238163872 -0.18287971689937474 -0.66225541918514785 1.339224845052591 0.016390548557440952 0.27640879434833338 1.6822133766960647 1.2223714662984015 0.14412144604211527 0.18151671562544877 0.41713643356218583 0.79462051510409704 0.028233476501771802 -0.17705366130512287 0.011954052175189951 0.14412144604211527 0.14169727690597764 0.016011100820948806 0.14642053161404403 -0.17784433491197268 0.3624191995233263 0.088712368228951802 -0.015128407315642649 0.19076031211438446 0.022183036067965404 0.066320904397649857 2.2033805036816152 0.0024555333313879507 0.19307935596147394 -0.66934736548432605 1.4162302244967975
decision_type=2 2 2 2 2 2 2 2 2 2 2 2 2 2 2 2 2 2 2 1 2 2 2 2 2 2 1 2 2 2 2 2 2 2 2 2 2 2 2 2 2 2 2 2 2 2 2 2 2 2 2 2 2 2 2 2 2 2 2 2 2 2
left_child=1 5 4 6 8 9 13 15 19 33 46 17 14 27 30 37 39 18 55 25 51 -19 60 47 -16 -2 42 31 -28 -10 -11 32 -3 -1 57 -13 50 38 49 -6 -32 58 -15 -12 45 -35 52 -18 -47 -4 -14 -21 -5 -38 -26 -8 -34 -9 -29 -60 -7 -17
right_child=2 3 7 10 16 22 11 34 29 12 43 35 36 26 24 61 23 21 -20 20 -22 -23 -24 -25 54 -27 28 41 -30 -31 40 -33 56 44 -36 -37 53 -39 -40 -41 -42 -43 -44 -45 -46 48 -48 -49 -50 -51 -52 -53 -54 -55 -56 -57 -58 -59 59 -61 -62 -63
leaf_value=1.363003106560017 0.35963221472532803 0.8066271594050316 -2.215080414776176 -0.54383948042174668 -1.3769143494003151 1.073281295515597 0.20658565136417395 -2.8896487919513505 -1.1428076129013369 0.99693154313978438 -1.3438257260676973 -0.81213836969194964 1.3077561348166731 0.62363189947171582 0.39945142034821979 -2.7228562267742764 -2.0170323545092628 -0.10054632648469092 1.5233733366532038 0.31488112569226023 -1.548525724203035 -1.187809254662733 -0.92238458417554703 -2.444300356494026 0.24070119591429831 -0.8951406895403804 -0.049412731723675385 1.0525907731103679 -1.2845898990069815 -2.1442375090277088 0.7888959113098819 -0.28372587532537508 0.2847838896799415 1.0756200153393709 -3.5137369446022344 -1.9057229300234333 -0.0029167809333576233 -2.8009646292163124 -2.6365441071740516 -0.075752566408137892 0.20429882691506812 0.14399555772800315 -0.20666278121885007 -1.9965773722792908 1.2266076621590409 0.5913359447344938 -0.06585626347089997 -1.2862179306068739 -0.65014953488322691 -1.6262941368409671 1.000875069442813 -0.7148964948783415 -1.2781097529174001 0.86049863091018219 -0.94815477866621445 -0.71775478515645563 -0.62697092759367024 -3.3750253336500076 0.89198651871898127 0.38415027906183519 0.025348541896103079 -3.234531970662395
leaf_weight=22592 1931 2712 1197 1175 663 199 1062 2155 1280 5148 1380 746 6444 1171 1699 2464 1447 1305 480 622 790 846 749 2272 189 366 857 3590 432 661 2177 650 1317 2118 5457 563 342 686 724 244 1475 578 672 1393 7838 372 785 796 253 1434 3713 308 567 1165 513 289 282 1386 2160 1107 1029 1015
leaf_count=22592 1931 2712 1197 1175 663 199 1062 2155 1280 5148 1380 746 6444 1171 1699 2464 1447 1305 480 622 790 846 749 2272 189 366 857 3590 432 661 2177 650 1317 2118 5457 563 342 686 724 244 1475 578 672 1393 7838 372 785 796 253 1434 3713 308 567 1165 513 289 282 1386 2160 1107 1029 1015
internal_value=2.60021e-06 0.750128 -2.26215 0.0107273 -1.2478 1.08301 0.304348 -2.96086 -0.63211 1.12926 -1.14249 -0.392042 0.898211 0.541646 0.65974 -2.5025 -1.92412 -0.098718 0.40622 -0.219841 -0.721904 -0.528526 -0.22802 -2.104 0.0988547 0.158706 -0.00217396 0.679038 -0.46048 -1.48477 0.812744 0.443689 0.553407 1.28849 -3.34362 -1.28358 1.12714 -2.18287 -2.05569 -1.02735 0.552905 0.835994 0.319208 -1.67233 1.12928 0.850827 -0.560635 -1.75837 0.0885468 -1.89491 1.19568 -0.0265651 -0.783432 0.664682 -0.628191 0.00847016 0.123695 -3.08053 0.894295 0.72008 0.195903 -2.87302
internal_weight=112032 84134 27898 26119 11380 58015 20819 16518 5958 56038 5300 5291 22865 15528 11201 7520 5422 3982 1831 4017 1720 2151 1977 4515 2401 2297 3132 12396 1289 1941 8800 4961 4311 33173 8998 1309 11664 4041 3355 907 3652 7435 1843 2773 10581 2743 2527 2243 625 2631 10157 930 1742 1507 702 1351 1599 3541 6857 3267 1228 3479
internal_count=112032 84134 27898 26119 11380 58015 20819 16518 5958 56038 5300 5291 22865 15528 11201 7520 5422 3982 1831 4017 1720 2151 1977 4515 2401 2297 3132 12396 1289 1941 8800 4961 4311 33173 8998 1309 11664 4041 3355 907 3652 7435 1843 2773 10581 2743 2527 2243 625 2631 10157 930 1742 1507 702 1351 1599 3541 6857 3267 1228 3479
cat_boundaries=0 1 2
cat_threshold=12 12
is_linear=0
shrinkage=0.05


Tree=4
num_leaves=63
num_cat=1
split_feature=50 46 50 50 74 80 125 74 50 70 127 74 50 50 106 46 125 93 125 50 58 107 106 107 125 115 50 136 111 106 106 80 50 50 115 46 23 52 50 58 119 107 50 131 87 123 106 106 46 127 119 74 106 107 127 74 125 125 54 111 119 125
split_gain=7.24019e+07 1.07318e+07 4.4613e+06 4.38566e+06 1.07435e+06 1.06707e+06 993940 727442 688233 531842 508808 496166 391817 384705 323766 306646 304542 292687 274978 251238 242032 217645 216538 163809 156098 155158 145784 196514 132738 128754 171192 122191 115833 113309 106352 105336 102287 98058.2 97128.1 96761.9 95700.1 90750.2 86098.8 82934.1 80604.6 79750.9 79546.5 110163 78503.7 78058.6 75516.6 75182.7 71538.8 71186.7 70897.1 70845.3 109831 69145.6 66500.1 66448.2 65481.8 63464
threshold=0.65025809461840944 0.55377126938539689 -0.14565304457755898 1.2513385004024238 0.14168183519534686 -0.20904206878757622 0.024671680771849305 0.14168183519534686 -0.60688352714022076 0.60054650721708935 0.011260341412757552 -0.17705366130512287 1.6740550848984457 -0.019350014455187348 0.058243927970229308 1.4667974750244173 -0.011023006973213947 0.40746106718631175 0.010328099445604502 0.2542480979627994 0.56690299803645983 0.0085115160227695018 -1.0000000180025095e-35 0.019577886202866303 0.016745683929637753 0.030588251906929504 0.39043050499094301 0 0.022095051709246857 1.0000000180025095e-35 -1.0000000180025095e-35 0.16240694576717243 0.37917693525002988 0.089076521640792911 0.010270258858101202 0.17339078780785785 2.222014769692326 -0.44098066554034204 -0.92468433193306787 0.23602427849529023 0.024949890144253004 0.028484710116106152 0.82587044091575013 0.010946843109386152 0.22094911281783533 0.0096976717831023015 1.0000000180025095e-35 -1.0000000180025095e-35 0.10502365102157271 0.016671570335933854 0.020521242840886852 0.060835862796133358 1.0000000180025095e-35 0.0150189743045672 0.011260341412757552 -0.34460744644779123 0.014062215657829601 0.0042172075864918505 -0.0084916142200088477 0.025627501793202404 0.010156975879172853 -0.0057351452914557498
decision_type=2 2 2 2 2 2 2 2 2 2 2 2 2 2 2 2 2 2 2 2 2 2 2 2 2 2 2 1 2 2 2 2 2 2 2 2 2 2 2 2 2 2 2 2 2 2 2 2 2 2 2 2 2 2 2 2 2 2 2 2 2 2
left_child=1 2 8 4 15 10 13 19 38 21 26 18 36 57 22 23 60 35 48 24 45 31 50 42 43 53 46 -28 58 30 -19 -6 -18 -8 -15 -13 -5 -22 -1 -29 54 -21 -2 -7 -40 -9 47 -4 -10 -31 -12 -37 -24 -11 -23 56 -46 -3 -20 -26 -16 -52
right_child=3 6 5 12 9 7 33 20 11 25 14 17 -14 34 16 -17 32 29 28 41 37 40 52 -25 59 -27 27 39 -30 49 -32 -33 -34 -35 -36 51 -38 -39 44 -41 -42 -43 -44 -45 55 -47 -48 -49 -50 -51 61 -53 -54 -55 -56 -57 -58 -59 -60 -61 -62 -63
leaf_value=1.3182129003989915 -1.2924464948888126 0.53597733651563606 0.8725075170345522 -2.6381196321929314 0.040778097470640567 0.16630012715018716 -1.3785469650382129 0.78256937224417933 0.87010700548991238 -1.1740345111513344 0.4499155215567669 1.2254461707715181 -3.3251030558675163 -0.42875532198718291 -0.47583225043881844 -2.6787807446485261 0.23176501797310381 0.76210377481112435 0.4438014631035862 -0.77028592642772575 -0.57206035448435921 -0.44340755096965973 1.492961455594854 -2.1905464710898683 -0.62102256466406136 -2.49976648627641 0.74082771535609881 0.43941390077273051 -1.1919166780379602 0.70181605393999913 1.5028641889473677 -1.3383528909413145 -0.5059912981715553 -2.0595439899994425 -1.2036077300312498 0.25567895908529564 -3.1486418213150125 0.20126329347833094 1.2562910830908762 -0.63527983641233332 -1.6191301734723749 -1.5756298518437011 -1.8889536406290635 -0.37716859889215321 0.91932334709554553 -0.22243483406470121 0.70281915288973096 1.4790839628188999 -0.11846466719611617 0.23932939247249929 -1.1961292522874745 0.99200835574356272 0.32190369618944376 -1.7813998138767002 -1.2907539885368418 1.0809945841823085 -0.36786957849069957 -0.24687438933873335 -0.4216134801480676 -1.7032330121749486 -1.8814582201367931 0.085338946652709621
leaf_weight=18854 1073 357 3012 4392 982 1487 877 2244 1197 882 1604 8354 6570 560 118 1854 1762 3091 428 1332 628 593 633 2846 529 500 1720 359 319 2924 1045 191 761 2089 2143 464 1311 1176 7575 500 547 476 1424 1328 665 216 3735 1000 241 1328 131 1380 165 1093 424 5751 220 1329 459 194 284 360
leaf_count=18854 1073 357 3012 4392 982 1487 877 2244 1197 882 1604 8354 6570 560 118 1854 1762 3091 428 1332 628 593 633 2846 529 500 1720 359 319 2924 1045 191 761 2089 2143 464 1311 1176 7575 500 547 476 1424 1328 665 216 3735 1000 241 1328 131 1380 165 1093 424 5751 220 1329 459 194 284 360
internal_value=0.000628393 0.675928 0.84387 -2.39067 -1.7276 0.301878 -1.15176 -0.115262 1.10095 -1.18051 0.55018 0.878692 -3.0609 -0.673697 0.176182 -2.12357 -0.194738 0.969858 0.237715 -0.503729 0.371784 -0.699824 0.551142 -1.93045 -0.258569 -1.71159 0.760864 0.434995 -0.318943 0.7509 0.949582 -0.184735 0.00912692 -1.85872 -1.04329 1.14986 -2.75601 -0.0681103 1.24362 -0.184007 -1.08577 -0.983066 -1.63325 -0.0901287 1.14456 0.694271 0.869277 1.02403 0.704461 0.557461 0.28389 0.806967 1.25153 -1.51089 -0.797598 1.01685 0.599289 -0.080891 -0.00399929 -0.91336 -1.47107 -0.258296
internal_weight=112086 87404 80049 24682 12409 25754 7355 9610 54295 5212 16144 21230 12273 4389 5818 7197 2925 18586 2644 5346 4264 2737 2893 5343 3538 2475 10326 2579 1206 8388 4136 1173 2523 2966 2703 10198 5703 1804 33065 859 1564 1808 2497 2815 14211 2460 7747 4012 1438 4252 2095 1844 798 1975 1017 6636 885 1686 887 723 402 491
internal_count=112086 87404 80049 24682 12409 25754 7355 9610 54295 5212 16144 21230 12273 4389 5818 7197 2925 18586 2644 5346 4264 2737 2893 5343 3538 2475 10326 2579 1206 8388 4136 1173 2523 2966 2703 10198 5703 1804 33065 859 1564 1808 2497 2815 14211 2460 7747 4012 1438 4252 2095 1844 798 1975 1017 6636 885 1686 887 723 402 491
cat_boundaries=0 1
cat_threshold=12
is_linear=0
shrinkage=0.05


Tree=5
num_leaves=63
num_cat=3
split_feature=38 56 62 38 119 119 38 70 115 23 84 38 23 38 56 136 74 38 74 136 119 136 74 56 84 58 74 96 70 70 119 88 112 74 115 127 74 119 38 100 62 119 58 123 84 119 84 74 75 111 121 91 127 119 115 123 121 102 102 121 20 111
split_gain=6.29889e+07 8.15847e+06 5.6205e+06 3.51244e+06 1.26651e+06 1.26587e+06 1.11669e+06 1.06261e+06 490419 473654 446906 436362 386645 363348 309853 290546 284004 275906 272450 250005 219851 204985 203464 192242 191207 175200 173963 162303 160660 140861 132016 130596 125852 117172 113527 110480 106182 104128 103658 97731.8 90655 89929.2 88462.8 84823.9 83936.2 75413.7 73857.8 72441.8 72368.6 99806.1 70827.2 70676.1 70273.1 69939 69255.7 67616.9 66841.1 64918.6 95644.3 62374.8 84206.7 58488.9
threshold=0.54890223747536993 0.58378475804203622 0.81378850922785717 -0.26164107193408243 0.018216252221659155 0.019342872673838152 1.3530924792124726 -0.26686961585355756 0.023960547651603156 0.31449786376274652 0.71971954926679504 -0.60790678063419712 0.18647175272150487 0.16820624122440703 1.6437760958759291 0 0.15039314810661156 0.22030868041471166 0.024466961639009504 1 0.024949890144253004 2 0.056148411344787555 0.24685790110379399 0.38145979893812793 0.27080737204323085 0.14168183519534686 1.2844826942156609 0.54412324143825297 -0.55123054245365577 0.00042226610263735003 -0.022992490167236899 0.1399034758959202 -0.099576420990319145 0.010426092576416301 0.017821008536240756 0.14833095570368743 0.0028601681657795504 0.076947038225774866 -0.40974283546157292 -0.66225541918514785 0.034285303554215656 0.90075302776974187 0.0071522394485351009 0.75507286860258349 0.00020925252284870001 0.37003563432376146 0.14168183519534686 0.12343055704972036 0.020725872297644752 0.025701439033643952 0.30873122673847092 0.018704586753870354 -0.0061906234013529493 0.027543475989872602 0.0021325406938884502 -0.011099168030191899 1.0000000180025095e-35 -1.0000000180025095e-35 0.0089838949769151018 -0.14518592462598504 0.0086704576399836506
decision_type=2 2 2 2 2 2 2 2 2 2 2 2 2 2 2 1 2 2 2 1 2 1 2 2 2 2 2 2 2 2 2 2 2 2 2 2 2 2 2 2 2 2 2 2 2 2 2 2 2 2 2 2 2 2 2 2 2 2 2 2 2 2
left_child=1 3 4 11 9 12 14 29 34 10 19 40 17 22 20 57 42 30 23 45 36 53 31 37 -23 61 38 41 -18 -3 -5 52 -24 -25 -9 -32 -4 -13 -14 -28 -1 -8 -6 -20 -38 -2 -21 -12 -39 -50 -33 -10 -7 -19 -11 -42 -34 58 -15 -57 -61 -17
right_child=2 7 6 5 16 13 27 8 51 54 47 18 26 15 -16 25 28 21 43 46 -22 24 32 33 -26 -27 39 -29 -30 -31 35 50 56 -35 -36 -37 44 48 -40 -41 55 -43 -44 -45 -46 -47 -48 -49 49 -51 -52 -53 -54 -55 -56 59 -58 -59 -60 60 -62 -63
leaf_value=1.2464744504014507 0.70314318262965847 0.74405060609058604 -2.0052757436412367 0.97714567430726795 -1.879074722223335 0.42297419084660687 -2.5727998779710171 -0.37248289513744809 -1.5402654324312985 -1.1986089589085462 -1.7451830068264496 0.98972575288613163 0.069103194795624948 0.017530054833697177 -2.6768700094837108 -0.58006709147005053 -0.7874425419899872 1.0381743701867934 1.1814162915142148 -0.091486883048672932 -2.3501329144535559 0.28860469097315083 0.73359857224321134 -0.49369603054340794 -0.72718654132758587 -1.3695814807651108 -0.17418967664302026 -3.2192999639258177 -1.7732846943997851 -0.19079670345468233 0.75523412909339527 -0.43245034829248263 -1.0337369112070742 0.48884489659834141 -1.0137053384732695 0.25260565660099477 -0.76222778447816897 0.72700903947529394 -0.67580401626101005 0.73464947205427977 1.1485695241283509 -3.0167855588302466 -2.4758661213862538 0.74709680897154518 -1.6152811640839375 0.050413691032718137 -0.97696051499092151 -0.91058449765803617 0.47994316705919982 -0.85083900345543229 -1.5915113131365468 -2.0892522563152269 -0.34239189722119495 0.51481222896159862 -1.9702350228502039 1.0059296849849197 0.24447091803612078 -0.33044747579168149 1.4644976357490787 0.0063899316296857954 1.0095141675472081 0.62598421953744809
leaf_weight=21163 763 705 1341 5777 1972 828 2270 1044 1855 830 384 3495 1224 434 2308 683 884 859 5964 369 2205 2032 1444 477 599 1136 401 4903 780 938 5185 892 163 830 2046 1387 396 3694 754 1123 7634 2457 931 1394 1089 1052 651 819 759 172 154 877 469 2499 455 2325 271 634 154 424 412 117
leaf_count=21163 763 705 1341 5777 1972 828 2270 1044 1855 830 384 3495 1224 434 2308 683 884 859 5964 369 2205 2032 1444 477 599 1136 401 4903 780 938 5185 892 163 830 2046 1387 396 3694 754 1123 7634 2457 931 1394 1089 1052 651 819 759 172 154 877 469 2499 455 2325 271 634 154 424 412 117
internal_value=0.00265495 0.666685 -2.10929 0.817886 -1.1617 0.3844 -2.66147 -0.912303 -1.22916 -0.637413 -0.37116 1.07773 0.575689 -0.181769 -2.19613 -0.587314 -1.77249 0.66762 0.871174 -0.0283996 -1.97511 0.389029 0.121713 0.693062 0.0569347 -0.965647 0.0942453 -3.01584 -1.25034 0.210548 0.802689 -0.189053 0.50932 0.130156 -0.79725 0.649211 -1.68176 0.78364 -0.215048 0.495555 1.18618 -2.80416 -2.07125 1.09925 -1.38847 0.323268 -0.650658 -1.17822 0.627726 0.233435 -0.604453 -1.7172 0.146164 0.647035 -1.47315 1.06787 -0.236866 0.0201043 0.398341 0.872687 0.501368 -0.403121
internal_weight=112286 85427 26859 77962 9890 29219 16969 7465 5822 5323 4038 48743 21840 7379 7339 3158 4567 18338 16785 2835 5031 5989 4221 9427 2631 1936 3502 9630 1664 1643 12349 2343 1878 1307 3090 6572 2826 8120 1978 1524 31958 4727 2903 7358 1485 1815 1020 1203 4625 931 1046 2732 1297 3358 1285 10795 434 1222 588 3161 836 800
internal_count=112286 85427 26859 77962 9890 29219 16969 7465 5822 5323 4038 48743 21840 7379 7339 3158 4567 18338 16785 2835 5031 5989 4221 9427 2631 1936 3502 9630 1664 1643 12349 2343 1878 1307 3090 6572 2826 8120 1978 1524 31958 4727 2903 7358 1485 1815 1020 1203 4625 931 1046 2732 1297 3358 1285 10795 434 1222 588 3161 836 800
cat_boundaries=0 1 2 3
cat_threshold=12 12 12
is_linear=0
shrinkage=0.05


Tree=6
num_leaves=63
num_cat=0
split_feature=38 46 38 38 74 119 125 70 38 118 119 118 119 96 74 121 46 46 93 74 96 25 125 113 74 125 56 58 115 119 38 36 80 36 119 70 87 115 93 126 38 93 80 119 125 126 40 115 58 92 74 74 52 119 113 121 46 36 58 120 120 46
split_gain=5.73366e+07 7.73952e+06 5.32359e+06 2.97738e+06 1.47982e+06 1.12119e+06 886840 619510 588603 514746 480896 426904 405247 355356 337799 353911 312437 261031 236293 227901 223391 210808 187743 170510 193375 149084 143566 137082 122781 121519 120951 115472 114632 112602 105285 103975 102419 100490 96759.4 93616.8 89312.5 88724.3 87723.5 84195.8 82114.4 79980.9 74739.7 73250.7 71585.2 70431 68406.3 67939.3 65754.3 64901.4 63120.2 60692.4 60454.1 59825.8 58794.9 58616.4 91868.4 58446.8
threshold=0.53502318299674889 0.51125932020902176 1.0777219148874904 -0.28765221911630084 0.14168183519534686 0.0098040895439000502 0.018778701827964556 0.51605016842289897 1.5366614581412632 1.0000000180025095e-35 0.030920979615049905 -1.0000000180025095e-35 0.018646656549655204 -0.71902621921138454 -0.17705366130512287 0.013998508075783102 0.21045539385207293 0.013714626088514502 0.42961990391603638 0.17022701384618819 0.48535442642874793 0.073591032794273314 0.015053985692765151 0.015463652121781952 0.056148411344787555 0.032446809068750554 1.2637606547066802 0.27966588688270999 0.013088562095760552 0.018861219251149055 0.26291223534520897 0.15981238793160732 -0.43471388411959416 0.26045600050875423 0.018428465872094204 -0.051633676571302543 0.22164859319866398 0.032410740349900553 0.40186897657094556 0.078260662757971916 -0.24462586393860505 0.40374582524433772 0.095480674786504918 0.013653665688549503 -0.0082550726546175481 -1.0000000180025095e-35 0.14169727690597764 0.017534569773677254 1.7468173823535105 0.26734308399513435 0.14168183519534686 0.14168183519534686 0.67950229392206163 0.0092563785110743018 0.00162190475560095 0.011543376489465051 2.1019673287659928 0.64797791994079013 0.57682938520896976 -0.020247439443667244 1.0000000180025095e-35 -0.10196117246367094
decision_type=2 2 2 2 2 2 2 2 2 2 2 2 2 2 2 2 2 2 2 2 2 2 2 2 2 2 2 2 2 2 2 2 2 2 2 2 2 2 2 2 2 2 2 2 2 2 2 2 2 2 2 2 2 2 2 2 2 2 2 2 2 2
left_child=1 3 4 13 12 17 21 16 19 11 23 33 20 -1 15 36 29 30 52 56 42 47 38 24 27 40 43 32 -17 -6 59 50 -11 51 -21 -26 -15 44 -19 45 -8 -32 58 -9 -14 -20 -23 -3 -10 -43 -12 61 -16 -41 -38 -54 -4 -46 -2 -5 -61 -7
right_child=2 6 8 5 7 9 25 26 48 10 31 -13 37 14 18 28 -18 22 39 34 -22 46 -24 -25 35 -27 -28 -29 -30 -31 41 -33 -34 -35 -36 -37 54 -39 -40 53 -42 49 -44 -45 57 -47 -48 -49 -50 -51 -52 -53 55 -55 -56 -57 -58 -59 -60 60 -62 -63
leaf_value=1.1747263211112426 -0.30800560236652419 0.23350612626265366 -2.4260285747011157 0.73075742021932755 0.27608135433667691 0.40922174734461381 -0.45000221129411311 -0.74328622074079653 -2.8286777224031994 0.53735848232414496 -0.71624750622030076 1.2714748312677377 -2.385483322900281 1.0321391652024763 1.158655051209927 0.31057762589484517 -1.1710219187176258 0.6623926341681754 0.80427253616769334 -1.5810494534686157 -1.7269827794193287 -0.97073952674394171 -0.47224304104614778 -0.86192904611952226 0.75073827353128797 -1.8326681714477138 -2.1587572872305718 -0.72958128446825299 -0.75992992598820774 -0.52471683401195257 0.73437074423010207 -1.3039600314417603 -0.21965739071670398 -0.28019864333579841 -2.2141794491222271 0.15569779500883701 0.78157854177310115 -2.3988512250163208 0.050928827748289565 0.77807164655305039 -1.3185500632909974 0.5124467193341552 -1.4377298955492448 -1.3816782715541494 -1.4563040403182268 1.2500196933150605 -0.2198376062154786 -0.40417220951304461 -3.1559242132938272 -0.22378842160471582 0.28513798643768679 0.75004692537577711 1.01691638957391 0.37209746797498311 0.09633058981901535 0.12366330793320535 -2.8606219716257919 -1.9719088659685502 -1.0517191277308899 1.3194883656968013 0.85233995887143377 -0.19320323565418687
leaf_weight=22861 650 1265 3196 4175 1900 1106 350 1008 4763 730 896 1247 612 1633 11248 478 625 2024 3435 1128 1401 1184 647 497 1165 1472 357 829 607 630 1927 841 1582 923 1624 1984 678 1311 951 2382 1966 773 457 1069 1088 1431 461 698 2771 559 210 787 526 1683 666 298 1128 1212 450 1462 3806 632
leaf_count=22861 650 1265 3196 4175 1900 1106 350 1008 4763 730 896 1247 612 1633 11248 478 625 2024 3435 1128 1401 1184 647 497 1165 1472 357 829 607 630 1927 841 1582 923 1624 1984 678 1311 951 2382 1966 773 457 1069 1088 1431 461 698 2771 559 210 787 526 1683 666 298 1128 1212 450 1462 3806 632
internal_value=0.000556393 0.641048 -1.98953 0.788204 -1.24364 0.395309 -0.9044 -0.633369 -2.64135 0.0568965 -0.170066 0.479056 -1.71846 1.0321 0.901981 0.484418 -0.170889 0.673685 0.982711 -2.31294 -1.26886 -0.34325 0.299149 0.0286858 0.0991829 -1.43865 -1.23253 -0.178377 -0.288463 0.0765446 0.780453 -0.862548 0.0194948 0.192184 -1.95534 0.376007 0.766105 -2.03301 0.467013 0.787535 -1.18754 0.51754 -0.855788 -1.07236 -1.86754 0.935588 -0.760566 0.00667127 -2.94944 0.203535 -0.526025 0.364904 1.12703 0.610122 0.442338 0.694412 -2.54004 -1.72874 -0.612931 0.871126 0.982211 0.190173
internal_weight=112455 85075 27380 77679 12770 29753 7396 5589 14610 13429 8734 4695 7181 47926 25065 4062 3155 16324 21003 7076 2958 3608 3622 6787 6290 3788 2434 3141 1085 2530 12702 1947 2312 3448 2752 3149 2977 4223 2975 8931 2316 3259 1557 2077 2912 4866 1645 1963 7534 1332 1106 2525 12072 4065 1344 824 4324 2300 1100 9443 5268 1738
internal_count=112455 85075 27380 77679 12770 29753 7396 5589 14610 13429 8734 4695 7181 47926 25065 4062 3155 16324 21003 7076 2958 3608 3622 6787 6290 3788 2434 3141 1085 2530 12702 1947 2312 3448 2752 3149 2977 4223 2975 8931 2316 3259 1557 2077 2912 4866 1645 1963 7534 1332 1106 2525 12072 4065 1344 824 4324 2300 1100 9443 5268 1738
is_linear=0
shrinkage=0.05


Tree=7
num_leaves=63
num_cat=0
split_feature=38 46 38 38 46 125 119 119 38 118 127 84 38 125 126 126 119 127 38 38 20 115 119 125 46 127 112 115 84 125 75 46 96 46 115 125 38 125 119 87 126 126 84 121 120 120 119 121 94 125 121 127 77 121 135 77 127 70 46 125 127 118
split_gain=5.18479e+07 6.81265e+06 5.33231e+06 2.29825e+06 1.43425e+06 1.10605e+06 921783 787258 593840 498365 411446 370577 322193 256503 255501 266661 217343 217051 208396 185967 174023 172451 160928 131998 110284 107921 104752 186932 104327 103183 101185 100746 100132 93298.1 90996.9 90500.9 93790 80554.1 75931.1 74131.3 69651.5 95920.2 67830.8 66931.4 65943.1 65695.7 62714.4 61659.7 63675.7 61340 60751.1 60640 60182 59012 66560.2 58614.2 57617.6 55358.9 55236.5 53541 52462 52339.8
threshold=0.50756476879549017 0.41545822676858574 1.0530695308045315 -0.40183574340758482 0.35271096034263361 0.017356476450846103 0.010523714277378152 0.018646656549655204 1.4715494751984552 0.18606116857687985 0.020877264719187456 0.70239136047451034 -0.14665470437787784 0.026848903359311303 1.0000000180025095e-35 -1.0000000180025095e-35 0.022229458935930903 0.016128675368317004 0.22030868041471166 -0.71146317353388044 0.15632840325301459 0.028964064160555452 0.030543942199201052 -0.0049466322293808497 0.080869728806693769 0.018992213622036954 0.013760056264038902 0.020050482969804505 -0.25079014227571833 0.015053985692765151 0.088081583978515302 -0.20001652027591993 1.3490531729362343 1.6042352624188572 0.016727748740302653 0.017679798417227905 0.0094105192077769528 -0.0015208756472129996 0.020041163287812504 0.18531286640447142 0.036474751031098554 -1.0000000180025095e-35 0.3352393789465693 0.012090692545193351 -0.0040293784178203488 1.0000000180025095e-35 0.032936756005738553 -0.0066219409120011992 -0.034775186739565193 0.0049178293897695511 -0.007463706580270949 0.0062465794693042009 0.407053254440497 0.023488999473333955 -0.008492403788582948 0.32188574655447849 0.018992213622036954 0.66738627497069303 2.0119547460272895 -0.008914729865038799 0.018108068858238503 0.069502549767060565
decision_type=2 2 2 2 2 2 2 2 2 2 2 2 2 2 2 2 2 2 2 2 2 2 2 2 2 2 2 2 2 2 2 2 2 2 2 2 2 2 2 2 2 2 2 2 2 2 2 2 10 2 2 2 2 2 2 2 2 2 2 2 2 2
left_child=1 3 4 19 7 12 18 11 16 14 22 20 49 55 15 -8 33 47 24 -1 30 28 35 -12 40 -16 61 38 -7 -26 42 44 46 56 52 36 -11 -19 -28 -13 41 -5 -2 -29 -20 -46 -10 -9 -49 -3 -25 -22 -14 54 -24 -6 57 -4 -18 -53 -42 -21
right_child=2 5 8 6 13 21 9 17 32 10 23 39 34 -15 25 -17 58 37 31 26 51 -23 53 50 29 -27 27 43 -30 -31 -32 -33 -34 -35 -36 -37 -38 -39 -40 -41 60 -43 -44 -45 45 -47 -48 48 -50 -51 -52 59 -54 -55 -56 -57 -58 -59 -60 -61 -62 -63
leaf_value=1.1008409012021039 -0.081634677133776923 0.66820046888796736 -0.92163411641867921 0.83268433058256885 -1.2429960037169792 -0.38260421642629777 0.42902128843909904 -1.3022044418879113 -2.3864357035170185 0.51293577672366342 -1.3680383809172367 -0.3781222943894782 -0.16085860594741716 -2.1376632799613349 0.31591384682990703 1.320617927772453 -2.2529400717749364 -2.0618014592271634 0.30791708759907843 1.0932731797218256 0.54565642998056085 -1.6120914248194422 -0.7285252512798811 -0.93198585379695875 0.62900573399586834 -0.36811431974530706 0.87026900473624558 0.34803315255726353 -1.1635500420287486 -0.18833470544617237 0.41867485344106581 0.0207692387664326 -2.9539743912342731 -2.3845057962490963 -0.8804361819915828 -0.57896444285061299 0.039979416695567448 -1.3173313251338097 0.37723214200164656 -1.1892244395657949 0.79620265610229479 1.2537845786696691 -0.81775606957380664 -1.0019375487919706 1.3495107866583334 0.58963152411490227 -2.77371773770418 -0.2758506577953696 -1.1062796607639493 0.10286743357950751 -0.17668837620656891 -0.96285658304507915 -1.2417962088034704 -1.7854581823348998 0.034136782325677739 -1.7390953672187583 -1.9907855295883214 -1.6358164815802354 -2.6753421419782208 0.14513772703464745 0.43292736034789431 0.84059777997431007
leaf_weight=26865 461 787 382 4923 1634 564 2280 633 1943 2160 632 378 1299 2509 2058 1327 2955 908 1538 5206 1030 1965 556 430 2313 800 4944 172 1785 463 306 1317 4030 519 1049 327 2036 620 930 1119 4113 1873 975 195 371 1226 2483 499 430 1228 698 129 142 74 588 956 733 979 1106 675 1316 3421
leaf_count=26865 461 787 382 4923 1634 564 2280 633 1943 2160 632 378 1299 2509 2058 1327 2955 908 1538 5206 1030 1965 556 430 2313 800 4944 172 1785 463 306 1317 4030 519 1049 327 2036 620 930 1119 4113 1873 975 195 371 1226 2483 499 430 1228 698 129 142 74 588 956 733 979 1106 675 1316 3421
internal_value=-0.00398946 0.620548 -1.85105 0.774826 -1.11903 -0.694085 0.465816 -0.707938 -2.49258 0.155884 -0.121402 -0.324604 -0.146069 -1.77689 0.477573 0.757311 -2.13911 -1.33697 0.688309 1.02226 -0.0480286 -1.2662 0.0836643 -0.789983 0.77747 0.124382 0.880201 0.723889 -0.976286 0.492665 -0.405801 0.387773 -2.77127 -1.78166 -0.526355 0.221042 0.28351 -1.76079 0.792287 -0.984806 0.842097 0.948908 -0.58166 -0.370027 0.541894 0.766894 -2.60428 -0.921516 -0.661002 0.323892 -0.465183 0.291833 -0.268164 -0.426244 -0.33684 -1.42671 -1.63118 -1.43619 -2.36861 -0.0336127 0.70824 0.993185
internal_weight=112363 83971 28392 75152 13262 8819 33419 8163 15130 13966 7501 5073 4505 5099 6465 3607 6674 3090 19453 41733 3576 4314 5741 1760 15001 2858 14868 6241 2349 2776 1742 4452 8456 2613 2490 4523 4196 1528 5874 1497 12225 6796 1436 367 3135 1597 4426 1562 929 2015 1128 1834 1441 1218 1144 2590 2094 1361 4061 804 5429 8627
internal_count=112363 83971 28392 75152 13262 8819 33419 8163 15130 13966 7501 5073 4505 5099 6465 3607 6674 3090 19453 41733 3576 4314 5741 1760 15001 2858 14868 6241 2349 2776 1742 4452 8456 2613 2490 4523 4196 1528 5874 1497 12225 6796 1436 367 3135 1597 4426 1562 929 2015 1128 1834 1441 1218 1144 2590 2094 1361 4061 804 5429 8627
is_linear=0
shrinkage=0.05


Tree=8
num_leaves=63
num_cat=1
split_feature=38 46 38 38 74 125 119 46 38 38 84 118 119 84 118 74 46 127 46 62 136 127 115 74 74 119 125 119 84 115 125 93 121 125 111 122 118 118 119 23 84 119 90 62 38 121 123 115 74 70 76 125 68 100 90 58 115 111 58 125 121 121
split_gain=4.65889e+07 6.56968e+06 4.0834e+06 2.34586e+06 1.2503e+06 977204 810898 468350 436345 421147 352352 344512 316308 304088 295193 289089 252154 251928 241369 199704 176440 170992 164053 161543 160526 136533 134279 122838 101719 99401.5 95975.9 89429 97041.2 85146 85015.5 84456.5 84291.7 81115.9 81035.2 79772.5 96778.7 79189.2 75800.2 75493.3 73926.7 70708 70556 82980.1 72250.1 63585.2 82258.7 63344.1 63006.4 61866 60277.4 55954.3 54680.2 54621.5 54169.1 53376.4 52903.6 51956.1
threshold=0.54890223747536993 0.43287901001596674 1.1036243697832158 -0.16506690732489024 0.14168183519534686 0.018025783838359302 0.019342872673838152 0.25272544450207179 -0.5913182205996842 1.5707501806933208 0.68472321930467805 1.0000000180025095e-35 0.025842685481425754 -0.24212353467007994 -1.0000000180025095e-35 0.030875758233485453 -0.052094302740126844 0.016128675368317004 0.057686112235988858 0.63880464257601044 0 0.010809134754684152 0.032410740349900553 0.16360258417576293 -0.11032793490870839 0.0042094857109510513 -0.0055694089736015992 -0.0029277116449547493 -0.048878590696320189 0.030588251906929504 -0.008914729865038799 0.39142804511174384 0.016466974511260956 0.014296275087594101 0.022095051709246857 0.27640879434833338 1.0000000180025095e-35 -1.0000000180025095e-35 0.037334129222126554 0.24672070205825253 0.41947230597566382 0.024650155368506305 -0.58983710445234727 -0.76301619463578974 0.36376664205574155 0.00020538348872270004 0.0012189009376706002 0.012896171166901801 -0.11032793490870839 -0.64607987183707427 -0.029173858056479846 -0.012760087452796399 -0.18075885024707458 -0.55754632370799551 -0.76601767351224692 0.13323191999456227 0.051377572458703162 0.014466795511805451 1.7038200229015603 -0.0093819283160152481 -0.014794148441879998 -0.0067580067920313489
decision_type=2 2 2 2 2 2 2 2 2 2 2 2 2 2 2 2 2 2 2 2 1 2 2 2 2 2 2 2 2 2 2 2 2 2 2 2 2 2 2 2 2 2 2 2 2 2 2 2 2 2 2 2 2 2 2 2 2 2 2 2 2 2
left_child=1 3 4 8 12 13 16 10 43 23 25 14 19 49 61 18 21 38 36 39 33 44 28 -4 34 -6 -19 -23 -7 -9 -27 32 -15 53 -20 -17 37 -10 59 40 -2 -25 -28 -1 -5 -29 -45 -48 57 -3 -51 -12 -26 -18 -32 -22 -14 -49 -11 -13 -37 -8
right_child=2 5 9 6 7 22 11 29 15 58 51 17 56 31 -16 35 20 26 24 -21 55 27 -24 41 52 30 42 45 -30 -31 54 -33 -34 -35 -36 60 -38 -39 -40 -41 -42 -43 -44 46 -46 -47 47 48 -50 50 -52 -53 -54 -55 -56 -57 -58 -59 -60 -61 -62 -63
leaf_value=1.0851705646016376 -0.19766054200450317 0.81759719473331482 -2.3217607009718622 0.78434641647312364 0.5669926254831088 -0.62154895103049101 -0.60199944728501054 -1.0586352907412604 0.71493058414270172 -2.5512500548870456 -1.7019481210878085 -0.75955964643070961 -1.8851607774927033 -0.085918527283866161 1.186275909706777 0.99393838301581861 -0.3432314516543411 -1.5861410861395857 -0.14662910750470828 -1.6656259790014794 -0.017097613731476433 0.68121464776282181 -1.6450544154596418 -1.5790214121488921 0.54593789984283581 -1.0446300167498235 0.14544424550682308 -0.034833842039210791 -1.2499149168703303 -1.916807540988922 0.53203501071391313 -0.97787133987943453 -0.8618385843795221 -0.30351941879838706 -1.2848839928366278 -0.13413972454294801 0.52585659834692655 1.2387885910358361 -0.78302269490110787 -1.4073448951596597 -1.0672395267994037 -2.1209905642054641 -0.85225159766326053 1.0225266875216754 0.4209798103300173 0.47729381606694077 0.88759133793440115 0.46492302696189647 0.7922071336990627 0.80607532209945498 -0.078635747970297043 -0.75760388892193675 -0.3701093508500487 0.57681659789326656 -0.25340459756976502 -0.62201408608502484 -2.4882038747281965 -0.56089494686768238 -2.8379017283171226 0.076695898781514296 0.70522591188103734 0.10768379627339293
leaf_weight=18775 526 429 4284 7123 894 1046 372 1060 3116 3967 203 212 2779 1188 687 7772 199 541 655 1896 870 1665 1627 1492 1323 282 249 1925 1690 499 348 826 609 384 218 233 4503 972 406 638 818 1266 804 8591 1747 1036 4574 270 561 341 1133 1423 218 2153 813 681 448 248 3083 1831 959 835
leaf_count=18775 526 429 4284 7123 894 1046 372 1060 3116 3967 203 212 2779 1188 687 7772 199 541 655 1896 870 1665 1627 1492 1323 282 249 1925 1690 499 348 826 609 384 218 233 4503 972 406 638 818 1266 804 8591 1747 1036 4574 270 561 341 1133 1423 218 2153 813 681 448 248 3083 1831 959 835
internal_value=0.00450351 0.573452 -1.81813 0.722567 -1.165 -0.713276 0.309281 -0.600472 0.907564 -2.40325 -0.311501 -0.196653 -1.6036 -0.198477 0.359702 0.722981 0.478193 -0.457309 0.551193 -1.29859 0.14409 0.584302 -1.24714 -2.12885 0.109395 0.0817951 -0.946326 0.33775 -1.01 -1.33437 -0.21899 -0.547476 -0.349209 0.384769 -0.432012 0.933799 0.675307 0.83976 -0.138763 -0.946813 -0.727313 -1.82848 -0.616415 1.01917 0.712835 0.144451 0.932105 0.794532 0.399585 0.282601 0.126444 -0.876475 0.416192 0.49886 -0.0177204 -0.281118 -1.96963 -0.0263366 -2.67699 -0.0104106 0.54118 -0.111359
internal_weight=112316 85597 26719 76708 12627 8889 23720 5522 52988 14092 3963 5937 7105 4526 1894 19969 17783 4043 11005 3878 4287 13496 4363 7042 2414 2337 1594 4626 2736 1559 1443 2623 1797 2736 873 8964 8591 4088 2449 1982 1344 2758 1053 33019 8870 2961 14244 5653 1079 1903 1474 1626 1541 2352 1161 1551 3227 518 7050 2043 1192 1207
internal_count=112316 85597 26719 76708 12627 8889 23720 5522 52988 14092 3963 5937 7105 4526 1894 19969 17783 4043 11005 3878 4287 13496 4363 7042 2414 2337 1594 4626 2736 1559 1443 2623 1797 2736 873 8964 8591 4088 2449 1982 1344 2758 1053 33019 8870 2961 14244 5653 1079 1903 1474 1626 1541 2352 1161 1551 3227 518 7050 2043 1192 1207
cat_boundaries=0 1
cat_threshold=12
is_linear=0
shrinkage=0.05


Tree=9
num_leaves=63
num_cat=4
split_feature=50 56 50 50 80 115 28 136 50 136 127 40 113 50 136 50 50 38 111 136 50 50 111 80 80 100 50 91 115 38 118 56 107 106 106 107 42 40 100 111 123 68 38 127 127 115 72 115 124 111 103 103 127 20 36 126 103 126 40 107 107 50
split_gain=4.39124e+07 5.8776e+06 2.85134e+06 2.67253e+06 825334 748776 662640 459027 444312 428334 407234 323167 303410 281990 262573 259256 243555 214866 213829 196731 193082 170291 166652 143450 138189 131226 98645 93467.7 91832.1 90765.7 89366.3 86078 80366.8 80318.1 85554.8 80217 77697.2 72857.9 69724.7 68695.2 67963.4 67442.5 66869.1 66635.7 64208.1 57384 55812.8 55567.2 70732.9 73016.1 55148.1 55052.7 54437.9 54242.4 54036.4 51604.3 51134.8 49839.4 49004.4 48229 47818.4 47643.4
threshold=0.65025809461840944 0.6278428857159789 -0.14565304457755898 1.2513385004024238 -0.20904206878757622 0.016230948076752554 1.0903365481322127 0 -0.60688352714022076 1 0.0080634493314807026 -0.17846697081684793 0.0019770928198913503 0.86541130381863063 2 0.26515828893923366 1.7138872682351354 1.0000000180025095e-35 0.014786911227574853 3 -0.11669642664993064 0.22190018966745031 0.023753232742879053 -0.050734193940299592 -0.16188772326123316 -0.45194013282624551 0.86541130381863063 0.33652105421668577 0.051377572458703162 0.42031958621874838 0.1203638862894444 -0.032895806523790198 0.0016535828649266004 0.0076362801255016504 -1.0000000180025095e-35 0.0021391869457209503 0.71211648645524572 0.14318119177728267 -0.57951835825174702 0.019006736954769256 0.00073494202817245009 -0.43022091963344333 -0.91307055643788038 0.030817409043013905 0.0062465794693042009 0.011436074851007002 -0.97777418082066248 0.009820722924548551 1.0000000180025095e-35 0.017553826844579203 0.012730502735167102 -0.0077005048275018495 0.014872983631725853 0.15632840325301459 0.37085552362461249 0.17535961209420142 0.01411524304371565 1.0000000180025095e-35 -0.080702603823135988 0.011419351601326152 0.012756964376188052 -0.74586299348729734
decision_type=2 2 2 2 2 2 2 1 2 1 2 2 2 2 1 2 2 2 2 1 2 2 2 2 2 2 2 2 2 2 2 2 2 2 2 2 2 2 2 2 2 2 2 2 2 2 2 2 2 2 2 2 2 2 2 2 2 2 2 2 2 2
left_child=1 2 8 6 10 20 7 13 42 12 32 18 25 23 36 30 37 61 31 57 46 59 38 44 33 -6 -9 -19 -8 -21 55 -10 -4 34 -16 -15 -13 -5 -14 -38 -20 -26 -1 -23 -2 -40 -3 -44 -49 -50 -32 -34 -37 -22 -53 -12 -46 -17 -27 -11 -35 -7
right_child=3 5 4 16 9 17 28 26 11 21 15 14 22 35 24 19 -18 27 40 29 53 43 -24 -25 41 58 -28 -29 -30 -31 50 -33 51 60 -36 52 39 -39 45 -41 -42 -43 47 -45 56 -47 -48 48 49 -51 -52 54 -54 -55 -56 -57 -58 -59 -60 -61 -62 -63
leaf_value=1.0414358848049465 0.26261918539824769 1.1368976836347713 0.82596941134923962 -2.2950986398259796 -0.14096505589104177 0.15494336819423266 -1.7675234362362808 -1.2185468407745068 0.90833043100177202 0.017531758997321564 0.83649192210403278 0.97510836723105021 -0.84258779353948166 -0.60123574422200887 0.67490789558861763 0.67339087079275295 -2.6076890039041616 -1.2818205764365742 0.33984293327040493 -0.26506406618908807 -0.7751130563925539 -0.70099431020527936 -1.318901728549174 -0.93508142352937973 0.56749353151746196 -0.096276399217669145 -1.7100019694146322 -1.9216225753807472 -2.3538010039880124 -1.0127057618137736 0.39268826671248047 0.1228183824674465 0.75774889105218357 0.67026668033268255 1.2046526171925214 -1.073145361456328 0.72859267203299838 -1.9370224475030975 0.244772358936165 -0.29593788562255485 -0.78454464240026134 0.080173641830089779 0.9508195837805542 -1.3949376239091829 -0.023532025376906851 -0.36178627614474579 0.17923323949990874 0.95250197163700134 0.6525129402829194 -0.19459904541439038 -0.17588627070465401 0.51830530331863434 -1.6331378048994172 -0.066865191634524146 0.042391065256222021 0.34401646743330067 -0.8658673686584758 0.030924513057238402 0.64914085426878954 -0.45960353976488844 0.26415846259958869 -0.78475142952173316
leaf_weight=16663 743 178 4042 3899 800 151 2602 1851 633 1098 1279 8716 291 556 2356 485 6132 2631 170 1084 892 1584 349 696 1171 241 2321 736 917 649 1006 776 1736 1653 1131 1151 698 2325 954 213 632 1802 12303 444 406 658 1018 1909 1721 298 739 2672 709 388 768 914 323 797 2559 1022 1294 1240
leaf_count=16663 743 178 4042 3899 800 151 2602 1851 633 1098 1279 8716 291 556 2356 485 6132 2631 170 1084 892 1584 349 696 1171 241 2321 736 917 649 1006 776 1736 1653 1131 1151 698 2325 954 213 632 1802 12303 444 406 658 1018 1909 1721 298 739 2672 709 388 768 914 323 797 2559 1022 1294 1240
internal_value=0.000934267 0.525676 0.648637 -1.86406 0.220122 -0.839303 -1.34133 -1.1082 0.855775 -0.136932 0.440916 0.677472 0.138714 -0.756727 0.743933 0.151978 -2.38321 -1.2062 0.105248 -0.196919 -0.134051 -0.524821 -0.316161 -0.344159 0.553704 0.423657 -1.48873 -1.42221 -1.92092 -0.542347 0.419083 0.476107 0.658817 0.684558 0.847025 -1.12978 0.928198 -2.16167 -0.131668 0.488986 -0.546082 0.272245 0.97091 -0.853535 -0.0643109 -0.00288875 0.322593 0.898448 0.734213 0.527447 0.151937 0.528151 -1.28737 -0.560645 0.412098 0.631488 -0.397423 0.272193 0.58497 -0.212592 0.492098 -0.682705
internal_weight=112175 87544 80310 24631 26171 7234 12275 8756 54139 10000 16171 21245 5852 4584 19034 6953 12356 4758 2211 3015 2476 4148 2252 2168 9407 3600 4172 3367 3519 1733 3938 1409 9218 6434 3487 2416 9627 6224 1903 911 802 2973 32894 2028 1472 1612 1196 16231 3928 2019 1745 5176 1860 1280 3440 2193 729 1282 2800 2120 2947 1391
internal_count=112175 87544 80310 24631 26171 7234 12275 8756 54139 10000 16171 21245 5852 4584 19034 6953 12356 4758 2211 3015 2476 4148 2252 2168 9407 3600 4172 3367 3519 1733 3938 1409 9218 6434 3487 2416 9627 6224 1903 911 802 2973 32894 2028 1472 1612 1196 16231 3928 2019 1745 5176 1860 1280 3440 2193 729 1282 2800 2120 2947 1391
cat_boundaries=0 1 2 3 4
cat_threshold=12 12 12 12
is_linear=0
shrinkage=0.05


Tree=10
num_leaves=63
num_cat=1
split_feature=50 46 50 50 23 115 118 136 107 50 50 102 102 58 127 50 74 46 107 115 107 28 119 58 75 56 50 127 107 62 131 46 115 87 89 127 62 74 62 62 74 119 87 50 62 115 74 119 119 85 127 77 115 103 103 34 74 117 34 76 89 46
split_gain=3.93746e+07 5.19132e+06 3.24588e+06 1.85168e+06 803298 774971 526667 523786 464699 425452 358409 265444 356017 246319 225145 193926 208561 143486 139026 135367 134677 124393 119921 119482 114432 175593 109275 81628.6 78824.4 76832.9 74919.4 74400.3 73174.2 70539.3 75348.2 70253.1 68968.6 63464.2 63335.6 63187.4 58568.5 54724 53664 52945.5 52332.4 51643.1 50925.2 49837.9 48775.5 47031.4 45350.9 45122.8 44457.9 43758.3 43360.3 42156.6 44692.8 41944.9 41532.6 41185 39705.8 39256.1
threshold=0.57488550717956277 0.41545822676858574 1.0874041652743121 -0.33147869840265226 0.67312055773234236 0.025051968001907756 0.18606116857687985 0 0.026246809155814652 1.6005819445153648 -0.010870845078228797 0.020616969491731255 -1.0000000180025095e-35 0.79462051510409704 0.021188986657664052 -0.74586299348729734 0.023354186227540253 0.20141235316363343 0.011839892318719352 0.030588251906929504 0.018143383159590954 1.9151216105154738 0.025842685481425754 0.54584224887370447 0.12719431713430021 -0.073337192940912788 -0.27495829902588881 0.026900470458553854 0.015947525697587204 0.17913677641936884 0.0048550694464205508 0.76926247398155112 0.039307786682083859 0.14644474325991064 0.038408732111057851 0.017521664008542801 -0.026897759357722196 -0.089329932966200579 0.19143170151455566 -0.39428054018867764 0.16360258417576293 0.0064681845618807512 0.34453401531985023 1.9528206039979057 0.81378850922785717 0.014586415759104352 0.089324032954472013 0.034766575783835553 0.014634654037340203 0.35411225333541169 0.010809134754684152 0.15274379035042859 0.020050482969804505 -0.0051766015560163999 0.016631407749643102 -0.35485984083333227 0.14168183519534686 -5.0085249231210074e-18 0.29648254087043668 -0.33918634886329174 0.12406765933692872 0.13826143735989849
decision_type=2 2 2 2 2 2 2 1 2 2 2 2 2 2 2 2 2 2 2 2 2 2 2 2 2 2 2 2 2 2 2 2 2 2 2 2 2 2 2 2 2 2 2 2 2 2 2 2 2 2 2 2 2 2 2 2 2 10 2 2 2 2
left_child=1 3 4 15 7 10 11 13 14 21 31 12 28 49 17 -1 24 30 44 -6 35 27 36 54 39 -26 -7 -4 -5 -16 -8 37 -28 -12 -35 45 -10 -3 -22 -17 -36 -20 -18 -11 -15 -13 58 -25 -40 -2 -30 -27 -19 -38 -9 -39 -57 -53 -32 -48 -42 -44
right_child=2 5 9 6 19 26 8 23 22 43 33 20 -14 18 29 16 42 52 41 -21 38 -23 -24 47 25 51 32 -29 50 -31 46 -33 -34 34 40 -37 53 55 48 -41 60 -43 61 -45 -46 -47 59 -49 -50 -51 -52 57 -54 -55 -56 56 -58 -59 -60 -61 -62 -63
leaf_value=0.95068923788416404 0.5065199547501501 -0.37902622155996468 -1.642223440672407 0.62173615284072814 -1.3255433430914101 -0.41231999665697416 0.60105520543922519 -0.52395189318432267 0.10802470175523732 -2.3043065214576317 0.024187222367076766 0.61066292281484424 1.1604588407864209 -0.11853921366027471 0.017971979409102865 0.7892972545802921 0.98816060473462197 -0.013981017179450198 -0.50646158103364403 -1.9035843533469059 0.19419971666528688 -2.2495994992330357 -1.0363042822566777 -1.2916165319079225 0.65906809379642151 0.54906437469228198 -1.1205429881021691 -2.0509068222750613 0.41946872880638603 -0.62969322244385084 0.20500109286680177 -0.31562392003567397 -1.6377829292267299 -0.18565324946908826 -1.0290375124921867 0.10434490681780161 0.00090547670767069689 0.63139838001381399 -0.12762504858959675 0.5174499816147593 -0.16652077615540475 -1.1716509073142516 0.70440920636731752 -2.5781393057729995 -0.83404482250453205 0.085837806646720832 0.11365668446846666 -1.8533045740516341 -1.0162390736497453 -0.088802676930440416 -0.093569933524838209 0.015706046366387304 -0.86399624621761706 -0.71845071247372871 -1.1330870829838313 -0.10265177240145409 0.58727947302079098 -0.7305135045089256 -0.43179132775478424 0.57854598226147469 -1.1406395226716997 -0.41181397179251206
leaf_weight=26280 600 316 3750 4432 1971 374 3958 657 725 3949 343 3855 3117 1090 1264 5286 6889 994 440 2115 1340 1888 709 1894 1244 146 1778 1853 1191 717 1449 697 1127 497 1535 1128 290 908 556 3605 399 1058 1135 3458 333 534 663 508 213 740 674 332 181 779 530 616 378 434 310 1697 141 84
leaf_count=26280 600 316 3750 4432 1971 374 3958 657 725 3949 343 3855 3117 1090 1264 5286 6889 994 440 2115 1340 1888 709 1894 1244 146 1778 1853 1191 717 1449 697 1127 497 1535 1128 290 908 556 3605 399 1058 1135 3458 333 534 663 508 213 740 674 332 181 779 530 616 378 434 310 1697 141 84
internal_value=-0.000625406 0.524774 -1.67112 0.659612 -1.05661 -0.603301 0.360138 -0.760513 0.129749 -2.16334 -0.257347 0.545838 0.723453 -0.382352 0.267032 0.862451 0.741349 0.370607 -0.640666 -1.62514 0.326512 -1.89694 -0.486213 -1.20483 0.599896 0.27293 -1.21814 -1.77772 0.506987 -0.216642 0.445702 0.13468 -1.3217 -0.649285 -0.739073 0.456405 -0.268358 0.276265 -0.0133367 0.679143 -0.871474 -0.976736 0.933978 -2.43248 -0.286445 0.546843 0.296312 -1.41113 -0.374756 0.177939 0.234109 -0.253922 -0.145543 -0.523484 -0.796658 0.385278 0.160043 -0.407488 0.0925935 0.448047 -0.422512 0.627217
internal_weight=112154 85320 26834 76211 11936 9109 30776 7850 13736 14898 5830 17040 9414 4261 11233 45435 19155 9252 2921 4086 7626 7491 2503 3589 11047 2156 3279 5603 6297 1981 8077 2915 2905 2915 2572 5517 1794 2218 2109 8891 2075 1498 8108 7407 1423 4389 4119 2402 769 1340 1865 912 1175 1069 1187 1902 994 766 1759 2360 540 1219
internal_count=112154 85320 26834 76211 11936 9109 30776 7850 13736 14898 5830 17040 9414 4261 11233 45435 19155 9252 2921 4086 7626 7491 2503 3589 11047 2156 3279 5603 6297 1981 8077 2915 2905 2915 2572 5517 1794 2218 2109 8891 2075 1498 8108 7407 1423 4389 4119 2402 769 1340 1865 912 1175 1069 1187 1902 994 766 1759 2360 540 1219
cat_boundaries=0 1
cat_threshold=12
is_linear=0
shrinkage=0.05


Tree=11
num_leaves=63
num_cat=4
split_feature=50 46 50 50 115 74 107 50 74 136 50 58 62 136 38 90 121 50 90 115 46 91 107 119 36 90 68 74 58 121 136 92 83 115 131 119 121 40 120 115 54 121 89 34 80 121 34 115 90 136 74 44 123 46 83 50 111 119 28 34 56 100
split_gain=3.58373e+07 5.31198e+06 2.03542e+06 1.99469e+06 938769 511698 509357 484806 370700 344356 328804 290152 256933 254180 239016 237292 229962 223108 182313 140499 128024 115237 103325 95970.6 93840.8 91208.5 88450.4 107212 79541.1 76345.4 74367.9 139894 72833.9 70608.2 70130.5 68851.1 68071.4 67326.1 65524.4 91500.6 63901.9 106360 63578.3 62867.5 62271.9 57430.3 57427.3 55834.3 54625.6 53506.4 52970.6 52428.1 50856.2 50785 49957.7 45693.5 45164.3 44479.1 55010.8 52207.8 44247.6 43961.9
threshold=0.66738155224473916 0.36767049270148516 1.2226231007759762 0.04943652322886416 0.019713598368563102 0.14168183519534686 0.0039481463249156001 -0.57202437615312485 -0.17705366130512287 0 -0.010870845078228797 0.27080737204323085 0.8121402926198118 1 -0.11066538613116259 -0.42009119419456725 0.017499263941015305 1.6389659308332021 -0.27889371195060714 0.037913420735619506 -0.013161313284112549 0.30873122673847092 0.011635815212554251 0.013239435478408952 -0.38933238368026174 -0.86417855119313358 -0.63123818179199287 0.14168183519534686 0.95046892570972763 -0.0011738306900100498 2 0.29410504016229694 0.3757635890346176 0.039307786682083859 -0.014511840426433999 0.004786085394745101 0.003909667547996501 0.14694424286628197 0.25150386799746255 0.019377394462646354 0.026518716310789253 0.013998508075783102 0.036121442482169759 0.47303537192484907 -0.03200086003559454 -0.0017993338565305999 0.34820749107517884 0.036629831189565608 -0.81282470166538678 3 0.16640609321402103 0.12269958629671647 0.0021325406938884502 0.013714626088514502 0.37846542936007438 0.88480452816463895 0.027824432340514852 0.034766575783835553 0.56991254934914271 0.56704755093187165 -0.4789630413030998 -0.45194013282624551
decision_type=2 2 2 2 2 2 2 2 2 1 2 2 2 1 2 2 2 2 2 2 2 2 2 2 2 2 2 2 2 2 1 2 8 2 2 2 2 2 2 2 2 2 2 2 2 2 2 2 2 1 2 2 2 2 8 2 2 2 2 2 2 2
left_child=1 3 5 7 10 19 20 38 16 25 26 18 22 40 54 48 32 33 29 28 30 51 44 46 -17 -8 -3 -28 57 -11 -5 -32 -9 50 -26 -27 -25 42 -1 -40 -10 -42 -12 -37 55 -36 -13 -14 -15 -22 -4 -16 -43 -34 -6 -7 -18 58 59 -2 -41 -39
right_child=2 4 17 6 14 12 9 8 13 11 37 23 47 15 21 24 56 -19 -20 -21 49 -23 -24 36 34 35 27 -29 -30 -31 31 -33 53 -35 45 43 -38 61 39 60 41 52 -44 -45 -46 -47 -48 -49 -50 -51 -52 -53 -54 -55 -56 -57 -58 -59 -60 -61 -62 -63
leaf_value=0.90863502867469037 -0.66720877005388268 0.7574756943796167 -1.951321856219703 0.71184335041829672 0.074064731486990762 0.22885473454823724 0.62868309976427561 0.61020890897170776 0.88044497240229413 -0.00056270758576959577 -0.061086877920791184 -0.12998447273487479 -1.1462262219999988 0.93093410743528926 -0.86045074574188996 0.54246170892392354 -0.52292035150566085 -2.3308792807158638 -0.58019726775428004 -1.973796374385941 0.35561842127255339 -1.65749572788698 -0.82140333152641465 -1.195477193613294 0.54824517611435686 0.3917337263573637 -0.11495255481317129 0.621800338866771 -1.7110586876544969 0.65197410097786801 0.55182931594008477 -0.25692589468192678 0.28162026577683508 -2.1961966616884681 -0.14078448736271215 0.10723625448671913 -0.16792290191117087 -0.6851724295950623 0.78208050296709786 0.70652373411055469 0.7295112707579009 0.53746094478593842 -0.84526168799488566 -0.48161932207661107 -0.74505801170728725 0.26999745828737137 -0.78090782642222312 -1.8770234711659262 0.60549581806471819 -0.37012606709175933 -1.5834856990663653 -1.2828215103260454 -0.67177520697718274 -0.50329461112445173 -0.62886780582754032 -0.49976387101742958 -1.4243793885012968 -1.5333193137790999 -1.4448788485462767 -1.2388448687545837 -0.35788229330487198 0.07532375994201955
leaf_weight=27152 746 652 2401 3185 350 678 1076 904 8920 1026 316 703 1729 2087 1577 2294 468 7054 915 1313 432 1110 1410 1108 866 1272 1687 697 1443 795 2246 701 513 1570 1881 1481 189 277 6432 151 2049 142 1423 652 393 1552 654 311 3405 585 1720 1396 221 343 907 314 198 1156 1033 871 272 600
leaf_count=27152 746 652 2401 3185 350 678 1076 904 8920 1026 316 703 1729 2087 1577 2294 468 7054 915 1313 432 1110 1410 1108 866 1272 1687 697 1443 795 2246 701 513 1570 1881 1481 189 277 6432 151 2049 142 1423 652 393 1552 654 311 3405 585 1720 1396 221 343 907 314 198 1156 1033 871 272 600
internal_value=-0.00202241 0.466801 -1.7082 0.613815 -0.561267 -1.22252 0.136186 0.749637 0.586348 -0.0965929 -0.112085 -0.365444 -0.831925 0.647297 -1.03658 0.486172 -0.00199531 -2.14238 -0.00477428 -1.51014 0.457566 -1.22218 -0.520238 -0.738491 0.284293 0.227114 0.241886 0.100619 -1.39381 0.284519 0.543722 0.358215 0.297478 -1.90838 0.146437 0.100735 -1.04599 -0.522822 0.873706 0.735241 0.81792 0.589814 -0.702883 -0.0729022 -0.213266 0.0449475 -0.444038 -1.2585 0.729312 -0.0619412 -1.79822 -1.05914 -0.198564 -0.0331161 -0.433239 -0.00204759 -0.792655 -1.27311 -1.15907 -0.975697 0.0228532 -0.165385
internal_weight=112004 87862 24142 76870 10992 11397 17020 59850 25843 9871 5652 5390 4835 23417 5340 12085 2426 12745 2736 6562 7149 4083 2795 2654 6593 4481 3036 2384 5249 1821 6132 2947 1760 5691 4299 3405 1297 2616 34007 6855 11332 2412 1739 2133 1385 3433 1357 2040 5492 1017 4121 2973 363 856 1257 992 666 3806 2650 1617 423 877
internal_count=112004 87862 24142 76870 10992 11397 17020 59850 25843 9871 5652 5390 4835 23417 5340 12085 2426 12745 2736 6562 7149 4083 2795 2654 6593 4481 3036 2384 5249 1821 6132 2947 1760 5691 4299 3405 1297 2616 34007 6855 11332 2412 1739 2133 1385 3433 1357 2040 5492 1017 4121 2973 363 856 1257 992 666 3806 2650 1617 423 877
cat_boundaries=0 1 2 3 4
cat_threshold=12 12 12 8
is_linear=0
shrinkage=0.05


Tree=12
num_leaves=63
num_cat=0
split_feature=50 46 50 50 80 125 56 74 127 38 127 74 125 100 50 46 110 50 125 50 110 74 50 119 74 111 50 20 123 80 125 38 74 118 120 120 119 50 46 113 127 118 103 50 123 111 20 123 74 36 113 112 70 34 127 46 126 111 74 111 38 113
split_gain=3.25683e+07 4.83269e+06 2.06826e+06 1.9769e+06 614240 556792 507276 394012 366902 316929 301272 263154 219924 216687 189353 188176 170844 170534 162419 157854 144220 133314 128017 124936 96888.4 92410.2 88785.4 85526.4 80734 77283.6 72818.6 72130.8 75527 70125.7 68802.2 83219.5 68366 66886.4 66445.4 65106.9 61905.2 61587.7 58123.9 56954.2 65946.7 74618.7 93437.8 55831.6 52359.8 51291.1 49246.6 49189.8 46083.1 45038.9 44356.5 43846 42937.1 41977.9 41188.4 42338.4 40710 40593
threshold=0.65025809461840944 0.55377126938539689 -0.14565304457755898 1.2790784226395118 -0.20904206878757622 0.024028863317292353 1.1569044573236569 0.14168183519534686 0.016128675368317004 -0.59972428439330983 0.0058354982641712506 0.030875758233485453 -0.0037998947903183995 -0.52703466911229135 0.86541130381863063 -0.076992452856737434 -0.0048790290324044992 -0.11669642664993064 0.011764674699103002 1.8278189477053037 1.0000000180025095e-35 0.14168183519534686 0.2542480979627994 0.010523714277378152 -0.11032793490870839 0.024673654251444205 0.88480452816463895 0.15632840325301459 0.0086352903040777026 -0.20904206878757622 0.049189919592309152 0.42031958621874838 0.14168183519534686 1.0000000180025095e-35 -0.016470944827210645 1.0000000180025095e-35 0.027068807164889505 0.20111254886877214 2.5471100496579884 0.0091678205541320511 0.0066411169029164012 -1.0000000180025095e-35 0.0028923111684007502 -1.0189769358006531 0.0015829855917081502 0.011806466307550051 -0.14518592462598504 0.029168186707948053 0.16640609321402103 -0.4043480916520325 0.0017755058418460503 0.06317720899824357 0.29437661759484479 0.15040051967902515 0.030817409043013905 -0.29351976344755565 1.0000000180025095e-35 0.025627501793202404 0.14167614630281947 -0.0020898090123818496 0.54890223747536993 0.01050870631344695
decision_type=2 2 2 2 2 2 2 2 2 2 2 2 2 2 2 2 2 2 2 2 2 2 2 2 2 2 2 2 2 2 2 2 2 2 2 2 2 2 2 2 2 2 2 2 2 2 2 2 2 2 2 2 2 2 2 2 2 2 2 2 2 2
left_child=1 2 9 6 10 17 8 22 14 43 34 15 16 -9 21 33 23 -3 61 38 -18 -2 25 52 57 40 58 -19 -13 -23 -8 56 -33 41 47 -36 60 -7 48 53 50 -11 -25 -1 -45 -46 55 -4 -5 -35 -6 -30 -12 -15 -24 -47 -14 -20 -10 -60 -22 -17
right_child=3 5 4 19 7 37 30 13 26 11 12 28 31 39 -16 18 20 27 24 -21 36 29 54 42 -26 -27 -28 -29 51 -31 -32 32 -34 49 35 -37 -38 -39 -40 -41 -42 -43 -44 44 45 46 -48 -49 -50 -51 -52 -53 -54 -55 -56 -57 -58 -59 59 -61 -62 -63
leaf_value=0.90979683668147215 -0.84372984930558226 0.052783880239880558 0.45466115315885791 -1.9682598602951573 0.27549757963649413 -0.97965284842843203 -1.5468347820556498 -0.4942065516037632 -1.3160298435720712 0.61310752788959755 0.17087282505336657 0.84048156089589954 0.64673530819511593 0.68451331306668539 -1.0130279720521034 0.43229371266812999 1.0958631673596315 -0.78874178723606869 -0.43333503825485842 -2.2889806305703035 0.24791981128739637 0.16412740432362682 -0.6275577596872538 -0.37632894579939519 0.16729030573615403 -0.99543401848925051 -1.5332599905165829 -0.19094481504261848 0.69434738538504581 -0.53357829806665036 -2.0629828124554024 -0.4193995153169624 0.37723559488440517 0.60953033003836721 1.0577426466352653 0.58532313314335138 -1.0727460111697 -1.453783988241147 -2.291815391928683 -0.26302174730515632 -0.40223268630994219 1.0632871826419843 -1.3080138994328214 0.84632059308232321 0.73571108730864021 0.2357247974507419 0.7333368326002766 -1.0475995709025672 -1.6611539839380189 0.22478622082658287 -0.25302383618007851 0.13192875205364291 -0.82964539433157203 0.29932268153471453 -1.2357135529480296 -0.57975632062235438 0.31310882879097524 -1.3076393807567033 -1.0860506972697417 -0.355384327382476 -0.70480026558918119 -0.37950507462756033
leaf_weight=14504 1094 1419 3646 3753 996 1228 2518 816 783 2933 483 8447 1635 1466 2620 2862 337 2067 598 4828 638 941 1374 246 728 362 2423 843 898 685 957 555 639 1779 1301 3310 153 1930 1026 321 1399 1029 530 11837 4968 404 675 62 2294 1691 789 686 150 1578 385 277 2359 178 526 320 135 162
leaf_count=14504 1094 1419 3646 3753 996 1228 2518 816 783 2933 483 8447 1635 1466 2620 2862 337 2067 598 4828 638 941 1374 246 728 362 2423 843 898 685 957 555 639 1779 1301 3310 153 1930 1026 321 1399 1029 530 11837 4968 404 675 62 2294 1691 789 686 150 1578 385 277 2359 178 526 320 135 162
internal_value=-0.00183127 0.449843 0.563095 -1.60307 0.192825 -0.765034 -1.1733 -0.126617 -0.982144 0.736956 0.380115 0.590156 0.158113 0.236335 -0.709691 0.431692 -0.210369 -0.39661 0.177548 -2.06758 0.211841 -0.41724 -0.412658 -0.588711 -0.246964 -0.239551 -1.34094 -0.615691 0.779031 -0.129949 -1.68953 0.347898 0.00689929 0.586485 0.589824 0.718817 -0.110717 -1.26978 -1.91616 0.413582 -0.153326 0.730266 -1.01352 0.835766 0.776595 0.645973 0.316899 0.429267 -1.85205 0.422156 0.0418714 0.451012 -0.0671514 0.484996 -0.761294 -0.0963398 0.449811 -0.635309 -1.05411 -0.810422 0.0808371 0.388693
internal_weight=112576 87808 80321 24768 25665 7487 12867 9486 9392 54656 16179 21991 7860 4181 5340 11960 2672 4329 4528 11901 1263 2720 5305 1409 1504 3546 4052 2910 10031 1626 3475 5188 1194 7432 8319 4611 926 3158 7073 3365 3184 3962 776 32665 18161 6324 1356 3708 6047 3470 1785 1584 633 3044 1759 681 3994 776 1629 846 773 3024
internal_count=112576 87808 80321 24768 25665 7487 12867 9486 9392 54656 16179 21991 7860 4181 5340 11960 2672 4329 4528 11901 1263 2720 5305 1409 1504 3546 4052 2910 10031 1626 3475 5188 1194 7432 8319 4611 926 3158 7073 3365 3184 3962 776 32665 18161 6324 1356 3708 6047 3470 1785 1584 633 3044 1759 681 3994 776 1629 846 773 3024
is_linear=0
shrinkage=0.05


Tree=13
num_leaves=63
num_cat=2
split_feature=50 46 50 50 125 80 136 50 107 74 113 50 80 50 125 50 74 58 125 74 125 125 125 112 34 50 50 46 123 50 121 107 125 6 119 87 68 34 107 126 127 126 136 121 79 125 126 127 115 125 74 42 46 118 46 36 119 85 126 84 77 127
split_gain=2.94473e+07 3.5658e+06 2.78288e+06 1.18029e+06 768643 713696 440383 419354 379236 299845 281148 216042 187437 169428 162566 145453 142451 138414 131757 151783 120926 108229 106906 105948 104510 97934.3 93482.6 88706.2 88596.5 77666.3 75303.6 73244.3 70496.8 68166.7 65529.2 65020.1 64098.6 63482.8 62889.4 62725.5 60878.9 59832.7 58439.5 55906.3 55353.2 53364.7 52906.4 51589.9 48846.3 47081 46387.5 45635.3 43187 42474.1 41956.1 41552.3 40736.2 40381.7 39213.7 38435.3 38083.7 35514.8
threshold=0.53344348147577791 0.36767049270148516 1.0154352149331298 -0.33147869840265226 0.015584661238049002 0.32679953731779365 0 1.4617707372286459 0.00069447124394650015 0.060835862796133358 0.012167954699086452 -0.26646013771876159 -0.39161961340322587 0.75193365526345934 0.030332773781917403 -0.8130976831199821 0.020535867054340903 0.40785845563739848 0.014528005035680301 -0.11032793490870839 0.03480494551530626 -0.0058913958803108986 0.036029944498057111 0.06317720899824357 0.09588051760218616 -0.23877961111557883 0.040555469972334952 0.013714626088514502 0.019759094221506904 1.9528206039979057 0.022455220088369202 0.032091114286280413 0.019542734409225802 9061.0550000000021 0.012260256111025452 0.34751359223920675 -0.5107295649765603 0.56704755093187165 0.0026085835542920001 1.0000000180025095e-35 0.0052287795903019013 -1.0000000180025095e-35 1 -0.0021156847213007497 0.36068289669011383 -0.0050988218182463994 0.042660935366843358 0.011975016725767803 0.010426092576416301 -0.011699796772888548 0.14168183519534686 -0.098447600280382144 -0.59568712505153709 0.03164720077954316 2.5471100496579884 0.056878253953193951 0.0064681845618807512 0.54716670592524908 -1.0000000180025095e-35 0.34695692221851965 0.34601085315683477 0.0099122710038553521
decision_type=2 2 2 2 2 2 1 2 2 2 2 2 2 2 2 2 2 2 2 2 2 2 2 2 2 2 2 2 2 2 2 2 2 2 2 2 2 2 2 2 2 2 1 2 2 2 2 2 2 2 2 2 2 2 2 2 2 2 2 2 2 2
left_child=1 3 5 15 11 6 13 22 27 12 24 -3 17 38 25 -1 18 45 36 30 60 -8 31 53 -11 -6 32 39 51 54 -20 50 -14 46 59 48 -17 55 -2 41 52 -5 -29 -42 -18 56 58 -38 -13 -48 -4 -25 -15 -12 -9 -23 -10 -41 -26 -28 -7 -40
right_child=2 4 7 8 14 20 21 29 9 10 23 35 26 40 -16 16 44 -19 19 -21 -22 37 -24 28 33 -27 34 42 -30 -31 -32 -33 -34 -35 -36 -37 47 -39 61 57 43 -43 -44 -45 -46 -47 49 -49 -50 -51 -52 -53 -54 -55 -56 -57 -58 -59 -60 -61 -62 -63
leaf_value=0.83299774164452767 0.43900334919168976 0.4225176036717655 -1.4629036788247554 0.64230298368518568 -0.12600348081007814 -0.99537090762779801 -1.3900132096509954 -1.8627109022336943 0.43436077908713405 0.670879894637471 0.6794030751799397 0.10929144964858564 0.042389716708859444 0.43181130011994651 -1.2493311482062279 0.70937377044673944 0.85810088113278127 -0.47276121808681637 -0.068073106915353385 0.61916017226406916 -1.6909513155632645 0.18369973051548005 -1.8766633953870775 -0.6058609260290625 0.45635024736163737 -0.80095456388790132 0.024594839434758785 0.43494984333330233 -1.3260196985533605 -2.2293137562346481 -1.1646779918879635 -1.6755645680654709 -0.79062588774405596 -0.12329930408062795 -0.76573608371016644 -0.91464767894638122 0.57681132735705665 -1.0532438646343347 0.10465886005264904 0.51657170057487134 -1.0315921064630285 1.0279428894935498 -0.16445717247725561 -0.31897655748792758 0.50766794817634209 0.50371227253202133 -0.63564556634426117 0.21300755244408942 -0.34574378537708267 0.28852400874496031 -1.0980367918189819 0.2720099837137539 -0.41558076621957207 -0.21665826202707086 -2.216394396368782 -0.64323790638412981 -0.26963774836163351 -0.52179144828890756 0.97069378264353312 -0.78845999768267128 -1.3755212174942957 -0.41861902259374723
leaf_weight=23239 907 1956 1818 3428 689 1830 975 4737 360 4062 302 951 2268 213 1800 6508 7610 575 663 827 1488 174 1706 376 1476 2449 608 1389 285 3498 204 1862 285 723 1094 334 3171 1068 837 4206 698 1430 570 456 1329 2175 149 1409 1550 1703 1717 243 505 234 1062 1175 476 95 496 190 1050 528
leaf_count=23239 907 1956 1818 3428 689 1830 975 4737 360 4062 302 951 2268 213 1800 6508 7610 575 663 827 1488 174 1706 376 1476 2449 608 1389 285 3498 204 1862 285 723 1094 334 3171 1068 837 4206 698 1430 570 456 1329 2175 149 1409 1550 1703 1717 243 505 234 1062 1175 476 95 496 190 1050 528
internal_value=-0.00335451 0.46718 -1.39789 0.585254 -0.432792 -0.815855 -0.520994 -1.82028 0.337711 0.196386 0.378402 0.0184175 -0.0313846 -0.173252 -0.870485 0.746004 0.652896 0.237512 0.545725 0.134929 -1.32434 -0.942366 -1.53047 -0.268103 0.48656 -0.652845 -0.248321 0.567492 -0.5981 -2.04151 -0.327142 -1.42072 -0.0508758 0.321788 -0.514579 -0.260441 0.608468 -0.765185 0.116529 0.632813 -0.525751 0.756008 0.261929 -0.750524 0.806063 0.373262 0.405951 0.464961 -0.172743 0.213868 -1.28604 -0.261353 -0.163945 0.288537 -1.92785 -0.536519 0.0336763 0.49352 0.586145 -0.169734 -1.1344 -0.0979102
internal_weight=112191 83887 28304 74158 9729 11904 7536 16400 29198 18080 10049 4791 8031 4144 4938 44960 21721 3586 12782 1694 4368 3392 7103 1440 8609 3138 4445 11118 904 9297 867 5397 2553 4547 1892 2835 11088 2417 2272 9159 1872 4858 1959 1154 8939 3011 3824 4580 2501 1852 3535 619 718 536 5799 1349 836 4301 1972 798 2880 1365
internal_count=112191 83887 28304 74158 9729 11904 7536 16400 29198 18080 10049 4791 8031 4144 4938 44960 21721 3586 12782 1694 4368 3392 7103 1440 8609 3138 4445 11118 904 9297 867 5397 2553 4547 1892 2835 11088 2417 2272 9159 1872 4858 1959 1154 8939 3011 3824 4580 2501 1852 3535 619 718 536 5799 1349 836 4301 1972 798 2880 1365
cat_boundaries=0 1 2
cat_threshold=12 12
is_linear=0
shrinkage=0.05


Tree=14
num_leaves=63
num_cat=0
split_feature=50 46 50 62 125 74 50 107 56 50 50 74 118 93 46 125 126 111 50 127 115 120 127 120 125 50 93 119 107 126 115 127 126 125 34 68 74 46 92 115 125 87 107 106 125 106 103 111 105 126 126 125 50 125 111 115 20 74 40 89 127 125
split_gain=2.62616e+07 3.37897e+06 2.32476e+06 1.1633e+06 668258 576826 372868 359793 258898 255484 240808 229828 201845 183788 144545 137261 131437 125987 118482 111741 111719 107086 111643 109227 106886 95900.6 92836.7 92511.9 87816.1 81041.6 74335.5 73444.1 72205.9 65758.6 62404.3 60633.7 67066.7 60205.3 55833 55484.3 54722.8 53483.5 52051 51551.9 83999.3 58637.1 50575.5 50129 48439.8 47519.3 46186.2 45582.6 45317.2 42975.8 41507.6 40035.7 39854.3 39489.6 38903.7 41195.9 38768.8 38575.2
threshold=0.56083897391042004 0.38273239442777202 1.0154352149331298 -0.094549662550914529 0.019542734409225802 0.14168183519534686 1.5646520316426729 0.020072895612905105 0.048826423223940062 -0.56206645050508752 -0.10664175348213599 -0.17705366130512287 0.14742875580366857 0.39315708618600814 0.020602949527568606 0.027680197490101203 0.23219050426080726 0.022095051709246857 0.75193365526345934 -0.0018140560708562999 0.036629831189565608 -0.0040293784178203488 0.018704586753870354 1.0000000180025095e-35 -0.0048072517685160488 -0.27495829902588881 0.39142804511174384 0.0022687153259874008 0.022417528947703404 -0.011823462658793698 0.010586086990997451 0.030312053281539356 0.018169608724532302 0.033616641321433154 -0.19784601467078583 -0.77023714351468808 0.14168183519534686 -0.31440007712060519 -0.21670204122899109 0.025051968001907756 -0.013146045974934299 0.14399641499183899 -0.0040502998854412492 1.0000000180025095e-35 0.018400465494103103 -1.0000000180025095e-35 0.0037204948968517005 0.00050540567991640009 0.0099264171643206525 1.0000000180025095e-35 0.011568027316532453 -0.014025482923744547 2.0004830870557253 0.012149486559475 -0.0040434423660948996 0.012896171166901801 -0.14947386973177867 0.14168183519534686 0.14169727690597764 0.038408732111057851 0.023961951406823254 -0.013146045974934299
decision_type=2 2 2 2 2 2 2 2 2 2 2 2 2 2 2 2 2 2 2 2 2 2 2 2 2 2 2 2 2 2 2 2 2 2 2 2 2 2 2 2 2 2 2 2 2 2 2 2 2 2 2 2 2 2 2 2 2 2 2 2 2 2
left_child=1 3 5 9 10 15 20 14 18 38 35 17 16 -13 21 31 29 41 50 -15 28 22 54 -23 47 -6 53 -21 -4 -9 -12 46 -31 -27 -29 -3 -37 -26 43 -10 -24 -11 -20 45 -45 -1 -2 -14 -44 -36 -7 -52 -8 -16 -5 -43 -46 -39 59 -32 -30 -51
right_child=2 4 6 7 25 8 52 12 39 11 30 13 24 19 26 -17 -18 -19 42 27 -22 23 40 -25 37 33 -28 34 60 32 58 -33 -34 -35 49 36 -38 57 -40 -41 -42 55 48 44 56 -47 -48 -49 -50 61 51 -53 -54 -55 -56 -57 -58 -59 -60 -61 -62 -63
leaf_value=0.70438328134570349 -0.58664156680236224 0.84525105292255154 -1.179760858782638 0.2129743375924168 -0.33781129894187861 0.42164254754724484 -1.8809192473173828 0.07593186802021229 -0.70384064263454948 0.68524952840855191 -0.048328537278598836 0.74551146684954794 -1.1925667498131103 0.65918783186489449 0.38873174125135024 -1.5115363619095954 -0.3174945812719403 -0.83539171801372003 0.11476946694862385 0.58591666531045827 -1.8082183806017362 0.98853095886105968 -1.3167478110561981 0.46811697217280046 0.14485584828508505 -0.86154608088857754 -0.30112080374068734 0.3499637017606485 -1.4168112655681999 1.0570973017874365 -0.21790523274863016 -1.327856341690753 0.141749062264585 -1.311083386439611 0.28287635540699863 0.0001009387023695048 0.6275341665309615 -0.63014237548242202 0.84260721123960602 -1.3429794402745465 -0.059107290614485525 0.23395413536501686 -0.26613454419477456 0.65033122057071258 -0.64895382430404425 0.94779061175907975 -0.99746372570037889 -0.2910661002080287 -0.87038227440750482 -1.2190919941925742 -1.3030710831284524 0.0025826517129964371 -2.130428777580335 -0.17882697498144279 0.51502194271091273 -0.37548450510432801 0.43566004679461195 0.0083012114125577841 -0.22443577788590666 -0.85054930423610076 -1.7644791206281099 -0.14802472383139317
leaf_weight=8244 1159 368 2772 1995 567 780 4789 899 907 430 1011 9237 545 3522 1490 1614 910 351 324 2008 2172 1263 93 5012 670 2057 1183 2289 1990 618 333 1091 331 1359 726 1730 564 847 11697 547 1085 838 618 9655 183 3555 2149 216 718 90 71 934 3101 429 2652 396 156 339 580 1144 1399 1110
leaf_count=8244 1159 368 2772 1995 567 780 4789 899 907 430 1011 9237 545 3522 1490 1614 910 351 324 2008 2172 1263 93 5012 670 2057 1183 2289 1990 618 333 1091 331 1359 726 1730 564 847 11697 547 1085 838 618 9655 183 3555 2149 216 718 90 71 934 3101 429 2652 396 156 339 580 1144 1399 1110
internal_value=0.000748116 0.434079 -1.35306 0.547628 -0.443416 -0.788655 -1.73262 0.227315 -0.385793 0.668588 -0.0975983 0.531795 -0.124282 0.585689 0.35163 -1.11676 0.174159 0.0240599 -0.149549 0.434137 -1.49891 0.429688 0.275229 0.573004 -0.438748 -0.940766 0.0471081 0.306681 -1.38958 0.416302 -0.399467 -0.971607 0.73832 -1.04072 0.173547 0.25033 0.154567 -0.233893 0.754334 -0.945045 -0.159427 0.205743 -0.453487 0.706918 0.623171 0.777795 -0.853748 -0.937405 -0.591281 -0.0361919 0.133201 -0.0908612 -1.97924 0.261825 0.385424 0.038235 -0.150026 -0.4478 -0.571942 -0.708159 -1.56081 -0.229303
internal_weight=111912 84777 27135 75064 9713 10912 16223 20577 4899 54487 5730 20997 5375 18982 15202 6013 2758 2015 3445 9745 8333 12100 5825 6275 2617 3983 3102 6223 6161 1848 3068 4399 949 3416 4215 2662 2294 1856 33490 1454 1178 1664 1660 21793 9994 11799 3308 761 1336 1926 1785 1005 7890 1919 4647 1234 339 1186 2057 1477 3389 1200
internal_count=111912 84777 27135 75064 9713 10912 16223 20577 4899 54487 5730 20997 5375 18982 15202 6013 2758 2015 3445 9745 8333 12100 5825 6275 2617 3983 3102 6223 6161 1848 3068 4399 949 3416 4215 2662 2294 1856 33490 1454 1178 1664 1660 21793 9994 11799 3308 761 1336 1926 1785 1005 7890 1919 4647 1234 339 1186 2057 1477 3389 1200
is_linear=0
shrinkage=0.05


Tree=15
num_leaves=63
num_cat=0
split_feature=50 56 50 36 80 50 107 74 50 125 118 50 74 121 118 93 50 119 130 125 107 80 68 119 114 114 56 87 118 119 50 118 123 125 125 80 107 89 121 121 118 118 87 121 125 125 34 123 111 107 111 36 114 125 80 40 89 125 77 28 77 80
split_gain=2.38361e+07 2.50863e+06 2.50502e+06 1.08375e+06 648606 466601 379639 368406 325747 211995 206795 191893 197927 182086 161909 146276 143602 128416 109797 108781 107095 102450 97716.5 96757.8 89468.9 89198.9 84535.8 73506.7 72589.8 71626.5 66913.8 66798.4 66158 65843.1 63908.8 62442 61262.6 55900.1 54833.3 53884.8 52739.8 51371.8 50457.1 50395.8 50347.9 49944.4 48793.6 44938.9 43843.1 42086 41910.8 41557.6 40414.1 72698.6 38344.4 37927.3 36523.8 35964.8 35229.9 34852.5 34622.5 34479
threshold=0.50602033541500246 0.54171462182076968 1.0154352149331298 -0.18560574342875816 0.32679953731779365 -0.28497884395983369 0.016426325982682052 0.14168183519534686 1.4292929340267899 0.024671680771849305 0.14742875580366857 -0.60688352714022076 -0.11032793490870839 0.014742669539819403 0.086951849837057768 0.42164702338578702 0.75193365526345934 0.018216252221659155 1.0000000180025095e-35 0.032446809068750554 0.0035066341640050008 -0.87576767346874784 -0.60310726513005786 0.020041163287812504 0.037132838544396952 -0.0039949400914844491 1.6437760958759291 0.24971263287757509 -1.0000000180025095e-35 0.026758574191973351 1.8671827062089423 0.03164720077954316 0.0022232445489348005 -0.012402557936078298 -0.0058913958803108986 -0.22926041951857012 0.034931211749591552 0.18611590877496448 -0.0086398212340423972 -0.0031979369403527997 -1.0000000180025095e-35 1.0000000180025095e-35 0.30955393594889691 -0.0079012659909866983 0.016442732544084956 0.019941940948243305 0.43755245071760401 0.0030908154187063506 -0.016739668968289847 0.0030743467202450007 -0.018151323989562398 0.40292422716015702 0.23317386184859479 0.018025783838359302 0.71842551559910661 0.14169727690597764 0.091880203549526418 -0.012050387439153949 0.12421415951108421 2.6443674317935533 0.31748569609410254 -0.19845032586970338
decision_type=2 2 2 2 2 2 2 2 2 2 2 2 2 2 2 2 2 2 2 2 2 2 2 2 2 2 2 2 2 2 2 2 2 2 2 2 2 2 2 2 2 2 2 2 2 2 2 2 2 2 2 2 2 2 2 2 2 2 2 2 2 2
left_child=1 3 4 11 7 22 14 20 26 32 18 52 13 27 28 -14 35 43 24 60 46 -17 -3 45 25 -8 36 -13 29 44 59 40 54 -19 -22 49 55 -24 -33 -18 -23 -30 -34 -12 -5 51 -2 -15 -25 -9 -35 -16 -1 -54 -7 -4 -36 -20 -41 -10 -6 -50
right_child=2 5 8 6 19 9 10 16 30 -11 17 12 15 47 23 21 39 33 57 -21 34 31 37 48 -26 -27 -28 -29 41 -31 -32 38 42 50 56 -37 -38 -39 -40 58 -42 -43 -44 -45 -46 -47 -48 -49 61 -51 -52 -53 53 -55 -56 -57 -58 -59 -60 -61 -62 -63
leaf_value=0.76396785102095099 0.003450953616533808 0.619444124699978 -1.3161575524802334 0.50996642138001436 -0.83768858761145981 0.062583600333052783 0.24443266470778729 0.52524093790335813 -1.649575262824029 -1.082688710119678 -0.43794419305250715 0.63981484324296345 0.73080796508673707 -0.15867997298486142 0.40081566398507901 0.90123963454337686 -0.74085643979755644 -1.586856294066243 -0.92246177583932887 -1.4980401861796766 -1.3259212173621266 0.402458706593744 0.088456181370293388 -0.78192141301491691 0.035682927903579312 0.97341565327743251 -1.6809004717007128 -0.04690493178559927 0.89687416902091011 -0.33025568015228918 -1.9765754134745539 -0.096739315437060769 -0.45006897483094904 -1.2173105977904735 -1.0419033916125491 -0.29274373909856738 -1.5430611691239482 -0.67268627879351472 0.33622890985432186 0.52349244235476977 0.86635285921403504 0.4414476039979941 -1.0106882611517241 0.064405087808023162 -0.07803359998764528 -0.41329947819974688 -0.69773909916229393 -0.953352032454863 0.23908748128011648 0.048487127872735819 -0.41222478677662155 0.044064540664611525 0.66567999082554263 -0.049678423281510675 -0.51191585637380144 -0.98319296511392662 -0.60417238696512243 -0.026317184251412065 -0.33329175782783593 -1.9936160624480768 -1.1953640858668093 -0.21737886811617049
leaf_weight=23423 477 778 1764 6074 1569 776 776 810 4396 2137 677 1062 8737 348 5247 1008 934 168 119 1753 858 2152 1099 203 964 915 1672 615 1848 288 4344 1009 1310 190 888 724 1437 308 2652 141 858 936 580 1893 387 224 516 364 772 1079 1070 967 6998 374 463 1704 1042 1672 775 919 1212 889
leaf_count=23423 477 778 1764 6074 1569 776 776 810 4396 2137 677 1062 8737 348 5247 1008 934 168 119 1753 858 2152 1099 203 964 915 1672 615 1848 288 4344 1009 1310 190 888 724 1437 308 2652 141 858 936 580 1893 387 224 516 364 772 1079 1070 967 6998 374 463 1704 1042 1672 775 919 1212 889
internal_value=0.00163889 0.43139 -1.2326 0.517358 -0.708824 -0.444035 0.257741 -0.444555 -1.64476 -0.698868 -0.0184533 0.6549 0.528982 0.103714 0.388499 0.59086 -0.136851 -0.27935 0.216164 -1.18913 -0.807629 0.431556 0.170169 0.227024 0.420183 0.639227 -1.37282 0.388099 0.529083 0.440344 -1.82976 0.360462 -0.43647 -0.659327 -0.966429 0.101797 -1.26749 -0.0785215 0.216906 -0.473798 0.534935 0.74397 -0.622554 -0.0680447 0.47474 0.31886 -0.361249 -0.565712 -0.0901687 0.253088 -0.534496 0.345315 0.731772 0.629386 -0.15234 -1.15289 -0.806009 -0.0863416 -0.20098 -1.70943 -0.993942 -0.00520612
internal_weight=112344 83330 29014 75879 12778 7451 26279 8244 16236 5266 8444 49600 18805 2389 17835 16416 4463 3998 4446 4534 3781 7679 2185 8302 2655 1691 6577 1677 9533 6749 9659 6671 3129 1428 2788 2613 4905 1407 3661 1850 3010 2784 1890 2570 6461 6438 993 712 1864 1889 1260 6214 30795 7372 1239 3468 1930 1791 916 5315 2781 1661
internal_count=112344 83330 29014 75879 12778 7451 26279 8244 16236 5266 8444 49600 18805 2389 17835 16416 4463 3998 4446 4534 3781 7679 2185 8302 2655 1691 6577 1677 9533 6749 9659 6671 3129 1428 2788 2613 4905 1407 3661 1850 3010 2784 1890 2570 6461 6438 993 712 1864 1889 1260 6214 30795 7372 1239 3468 1930 1791 916 5315 2781 1661
is_linear=0
shrinkage=0.05


Tree=16
num_leaves=63
num_cat=1
split_feature=50 50 56 62 74 115 50 119 56 62 74 121 93 127 28 38 80 36 127 136 92 118 115 50 127 113 40 115 113 80 115 72 121 127 36 50 113 77 89 127 50 90 58 103 126 126 113 111 80 117 68 119 110 110 103 103 123 121 124 121 70 38
split_gain=2.12983e+07 2.25777e+06 2.20117e+06 995141 589436 449014 294824 284623 262119 218628 177637 226172 170704 166582 152749 145757 127964 125529 104372 101069 134540 91585.3 89594.8 89488.9 88554.2 86887 105309 84869.1 83021.4 82663.1 75876.5 71114.3 69422.1 65627.3 62806.4 61389.1 57734.1 76008.7 57493.8 57459.3 50691.9 50416.5 50414.8 49681 47801.3 50891 46196.4 45482.9 44942 44274.3 41521.7 39355.9 38814.6 42648.1 38594.6 37351.6 37033.9 47569.7 60262.2 36975.6 35763.4 35547.2
threshold=0.50602033541500246 1.0154352149331298 0.54171462182076968 -0.094549662550914529 0.14168183519534686 0.014350299952027452 1.4292929340267899 0.0077549163183257509 0.048826423223940062 -0.66225541918514785 -0.17705366130512287 0.014742669539819403 0.40010306844927851 0.022523689990121453 1.2890614744763058 0.77452016900106513 -0.42368974492270856 -0.24631742756423322 -0.0073264466910588988 0 0.23393110206336593 0.35362539736852466 0.0048350113016196504 -0.38559373010177839 0.030817409043013905 0.012167954699086452 0.092640163159603717 0.034341718112198355 -0.0064565348580445997 -0.10449615993517984 0.033312628818016853 0.13466010111845431 -0.0082063714887833979 0.026442192744377504 0.43723770821367941 1.9072031147723787 0.0012831829545818002 0.16896895375843132 0.12244700631582932 0.013872514819274852 -0.30357905622164827 -0.81282470166538678 0.75601624893665076 0.0037204948968517005 1.0000000180025095e-35 -1.0000000180025095e-35 2.6395493519726073e-05 0.022095051709246857 0.056229610741490056 0.093468492948696316 -0.50281348199174236 0.026125352728409903 -0.020341001781180295 0.0050130083504442502 0.0037204948968517005 0.011913926648127352 0.0015489884573351004 0.010498867683111651 0.027871832281130157 -0.014794148441879998 -0.74100817854714907 0.11717144354807767
decision_type=2 2 2 2 2 2 2 2 2 2 2 2 2 2 2 2 2 2 2 1 2 2 2 2 2 2 2 2 2 2 2 2 2 2 2 2 2 2 2 2 2 2 2 2 2 2 2 2 2 8 2 2 2 2 2 2 2 2 2 2 2 2
left_child=2 4 3 9 14 23 27 19 15 -1 11 36 56 16 24 42 -9 60 -14 48 29 41 -13 -4 34 26 40 33 -15 -21 47 59 52 -3 54 -8 -11 -38 -10 -17 -18 -20 -6 -23 45 -43 -24 -19 -5 -25 -45 -44 -30 -54 -2 -42 -12 -58 -59 -28 -7 -34
right_child=1 6 5 7 8 17 35 13 38 10 12 22 18 28 -16 39 25 30 21 20 -22 43 46 49 -26 -27 31 -29 32 -31 -32 -33 61 -35 -36 -37 37 -39 -40 -41 55 44 51 50 -46 -47 -48 -49 -50 -51 -52 -53 53 -55 -56 -57 57 58 -60 -61 -62 -63
leaf_value=0.71028508727135597 -0.19302108663235903 -1.0667284293648669 0.43518924986975638 0.57973200169273886 0.39846359808010395 0.90958913664023078 -1.6296265080361447 0.3933010821718419 -0.54541168261862305 0.67152554733942293 0.75296327172588484 0.47787790335396418 0.65741162835870093 0.74918081301763872 -1.3535447869575512 -0.25548111212118657 0.26025347919940817 -0.5334229235844431 0.80562003044816688 0.45498704003085466 -0.25512391023261816 0.33388619339065684 0.38828392388797045 -0.052557539330351559 -1.1983158336703186 -0.65510609697076028 -0.40106402403485464 -1.5955549876117923 -1.2375469182511394 -0.11833301813660069 -1.115202997941471 -0.1087908734489107 0.0054373472846976113 -1.4724482541176116 -0.89394870495624057 -1.8899921545657659 0.69096421462657043 0.017556463685504061 -1.1447227154974522 -0.91834516468668426 -0.12426851651603761 0.41527237962218844 0.067251741486768921 0.28253204686017264 0.25338466821564037 0.92849606534085527 -0.74884016247246565 -1.0224666857297844 0.24990378433325283 -0.89235312139975242 -0.26199343444887624 -0.63000575026412231 0.70015403032302859 -0.81244382693299233 -0.67556117084686718 -0.5800723720266886 0.6478133629287729 0.66073213317570323 -0.23941201651887192 0.54125989330320956 -0.22447990087908695 -0.56963567176304075
leaf_weight=25323 668 3324 1133 4644 1121 77 5612 2449 843 1390 8335 233 3657 137 1926 982 441 1893 858 3233 1224 1335 100 1451 1255 525 112 1783 401 780 1411 831 544 1440 2202 3920 633 1236 767 490 963 1787 1262 524 2859 663 794 637 1331 175 1050 240 61 188 1095 843 3554 368 374 1362 639 530
leaf_count=25323 668 3324 1133 4644 1121 77 5612 2449 843 1390 8335 233 3657 137 1926 982 441 1893 858 3233 1224 1335 100 1451 1255 525 112 1783 401 780 1411 831 544 1440 2202 3920 633 1236 767 490 963 1787 1262 524 2859 663 794 637 1331 175 1050 240 61 188 1095 843 3554 368 374 1362 639 530
internal_value=0.00400618 -1.16437 0.410828 0.491393 -0.670216 -0.411202 -1.55926 0.194903 -0.291156 0.602283 0.510332 0.216456 0.561139 -0.00822342 -0.972755 -0.0785795 0.0965273 -0.71061 0.431883 0.364952 0.203217 0.340948 -0.393872 0.0942525 -0.832024 -0.0466772 0.0236238 -1.30042 -0.431666 0.34355 -0.821234 0.261016 -0.525884 -1.18965 -0.715813 -1.73689 0.427571 0.245876 -0.831455 -0.476609 -0.219904 0.450022 0.144887 0.109638 0.392412 0.554479 -0.621353 -0.656909 0.505467 -0.143434 -0.0806513 -0.0445059 -0.933389 -0.440569 -0.49294 -0.337231 0.691396 0.571796 0.207309 0.469435 -0.101421 -0.278617
internal_weight=112018 28930 83088 75672 12851 7416 16079 20599 5705 55073 29750 4386 25364 9387 7146 4095 7526 4657 12733 11212 5237 9076 1127 2759 5220 5077 4552 6547 1861 4013 3941 2305 1724 4764 3965 9532 3259 1869 1610 1472 2247 6167 2623 2909 5309 2450 894 2530 5975 1626 1574 1502 650 249 1763 1806 12631 4296 742 1474 716 1074
internal_count=112018 28930 83088 75672 12851 7416 16079 20599 5705 55073 29750 4386 25364 9387 7146 4095 7526 4657 12733 11212 5237 9076 1127 2759 5220 5077 4552 6547 1861 4013 3941 2305 1724 4764 3965 9532 3259 1869 1610 1472 2247 6167 2623 2909 5309 2450 894 2530 5975 1626 1574 1502 650 249 1763 1806 12631 4296 742 1474 716 1074
cat_boundaries=0 1
cat_threshold=12
is_linear=0
shrinkage=0.05


Tree=17
num_leaves=63
num_cat=2
split_feature=50 46 50 36 50 74 118 50 107 80 56 111 106 106 62 46 46 74 127 136 127 136 56 107 111 107 89 127 107 118 107 111 118 36 100 75 100 77 110 111 9 127 91 111 127 127 131 62 68 86 11 127 62 126 107 111 74 99 62 20 96 127
split_gain=1.94605e+07 2.43562e+06 1.85433e+06 806131 570390 496498 286775 276371 234728 223408 175648 157199 152921 165506 134858 133682 117224 114755 109627 108034 98520.3 91411.2 85894.1 84722.2 77182.7 75299.8 74322.2 73452.1 70728.2 70228 60398 56171.6 53452.5 50481.8 49396.1 48675.1 54063.4 48663.5 48575.9 49039.1 56764.1 48229.7 47861 47065.1 46483.3 45636.5 44880.7 43351.2 42519.9 70520.4 40733.8 39509.3 37410 34566.5 34553.4 33796.2 32862.6 32735.1 31848.7 31506.3 38372.9 30480.4
threshold=0.53344348147577791 0.31177470110339917 1.0154352149331298 -0.17051737928141997 -0.22907075252397072 0.14168183519534686 0.11232278330162597 1.4932634673399765 0.018608577946079854 -0.16739078527008758 0.860438344678918 0.023753232742879053 1.0000000180025095e-35 -1.0000000180025095e-35 -0.4265025639211833 0.80238207575396259 1.2777105371592958 -0.20418938557684876 0.022183036067965404 0 0.00058531016966685014 1 1.8078788267293959 0.004592118088160701 0.014466795511805451 0.010510597726499203 0.062291097383222957 0.0066411169029164012 0.021871421183551353 1.0000000180025095e-35 0.032091114286280413 -0.0060160786502163497 -1.0000000180025095e-35 1.5020765111968022 -0.57951835825174702 0.096004982558344762 -0.38425029135486582 0.14232135786845454 0.20107185886064874 0.014466795511805451 523.05500000000006 0.018402865322702851 0.35183483624679862 -0.0040434423660948996 0.03451362670390571 -0.0010200988249237997 0.0063119675265953515 0.17913677641936884 -0.75543784972629657 -0.014397683797368549 8145.0750000000007 0.0090859157110697013 0.63880464257601044 0.018169608724532302 0.026534183618032253 -0.0044192634149951993 0.032920985637265705 0.47380011218824564 0.17913677641936884 -0.14518592462598504 -0.94310977664575069 0.018992213622036954
decision_type=2 2 2 2 2 2 2 2 2 2 2 2 2 2 2 2 2 2 2 1 2 1 2 2 2 2 2 2 2 2 2 2 2 2 2 2 2 2 2 2 2 2 2 2 2 2 2 2 2 2 2 2 2 2 2 2 2 2 2 2 2 2
left_child=1 3 5 14 15 16 12 22 27 20 11 19 13 41 38 48 23 24 46 35 -7 -19 30 52 57 43 34 50 47 32 -4 58 -23 -9 61 36 -6 -37 -1 -40 59 -5 -12 -22 -25 -31 -10 -14 -3 -50 -8 -30 -2 -27 -47 -20 -21 -16 -29 60 -41 -11
right_child=2 4 7 6 10 9 8 33 18 26 42 -13 28 -15 17 -17 -18 21 55 56 25 29 -24 44 -26 53 -28 31 51 45 -32 -33 -34 -35 -36 37 -38 -39 39 40 -42 -43 -44 -45 -46 54 -48 -49 49 -51 -52 -53 -54 -55 -56 -57 -58 -59 -60 -61 -62 -63
leaf_value=0.69408901726300953 -0.30056044919014618 0.70543239710058536 -1.0529368600149192 0.46665011474178125 -0.44754164715033068 0.39412106758554533 0.39075216234573323 -1.5528553407068617 0.090102441095642222 -0.46663391181463987 -0.77189735421052674 -0.98639911184764095 0.42846151953164213 0.90763652968910158 0.67005399991758174 -0.42001485609918954 -1.328441115004606 0.66801115396653565 -1.1071764467910534 -0.39868645009789239 -0.34306725492315399 0.44162183528057181 -1.5846252079017278 -0.86622742280699028 -0.43988541403269193 -0.12280891007109054 -0.90587927963369885 -0.031968133130835165 0.15407947530096533 0.4850389713927003 -1.3871979848353588 0.1910458163375286 0.85271968376540641 -1.795571677842287 0.02953646239358932 0.45798328138373212 0.27428209588743768 -0.53743933135909439 0.61458363083599599 0.55561066710916984 -0.53609146363186566 0.04374970454885993 -1.3257489834080942 0.35386008424087112 -1.305706670240582 0.21558324109966415 -0.33605358453966139 0.095917015796436023 0.66206882183977844 0.071935754981011124 -0.14003799079575729 -0.35128622926619812 -0.86604532738216222 -0.77198113002650559 -0.2808542802677691 -0.41940009086917079 -0.93244245619348742 0.10041397353401066 -0.54759872183965519 0.64608194298549548 -0.14741540753731022 -1.3805122703818953
leaf_weight=24469 878 616 3768 3796 323 994 3985 4288 1145 412 2515 822 3081 2343 401 725 1585 6275 445 739 400 2716 1639 2939 497 313 1354 773 884 1447 2136 2079 1118 4474 479 151 1301 641 7030 372 175 820 464 611 763 2095 1340 1438 709 1765 397 686 439 596 420 301 475 678 488 740 404 117
leaf_count=24469 878 616 3768 3796 323 994 3985 4288 1145 412 2515 822 3081 2343 401 725 1585 6275 445 739 400 2716 1639 2939 497 313 1354 773 884 1447 2136 2079 1118 4474 479 151 1301 641 7030 372 175 820 464 611 763 2095 1340 1438 709 1765 397 686 439 596 420 301 475 678 488 740 404 117
internal_value=-0.00261109 0.378517 -1.1396 0.484256 -0.306315 -0.664391 0.246966 -1.48578 0.0583174 -0.302672 -0.561431 -0.36245 0.405308 0.565415 0.600865 0.190626 -0.953282 0.479783 -0.299459 -0.220926 -0.00970562 0.525096 -1.26349 -0.834566 0.0751299 -0.218866 -0.663948 0.208036 0.222261 0.408613 -1.17408 0.0313847 0.56169 -1.67698 -0.338397 -0.026086 0.13053 -0.347317 0.657932 0.556417 0.314382 0.391551 -0.85858 0.0780557 -0.957134 0.261408 -0.139739 0.322687 0.333989 0.241256 0.342643 -0.0668194 -0.489569 -0.548829 0.1326 -0.830602 -0.60316 0.31254 -0.23179 0.412845 0.189884 -0.670982
internal_weight=112269 84084 28185 72838 11246 11880 24001 16305 10953 5276 7431 4452 13048 6959 48837 3815 6604 15647 3231 3630 2914 14071 7543 5019 1576 1920 2362 7722 6089 7796 5904 3340 3834 8762 1008 2416 1624 792 33190 8721 1691 4616 2979 1011 3702 3962 2485 4519 3090 2474 4382 1570 1317 909 2515 746 1214 1079 1261 1516 776 529
internal_count=112269 84084 28185 72838 11246 11880 24001 16305 10953 5276 7431 4452 13048 6959 48837 3815 6604 15647 3231 3630 2914 14071 7543 5019 1576 1920 2362 7722 6089 7796 5904 3340 3834 8762 1008 2416 1624 792 33190 8721 1691 4616 2979 1011 3702 3962 2485 4519 3090 2474 4382 1570 1317 909 2515 746 1214 1079 1261 1516 776 529
cat_boundaries=0 1 2
cat_threshold=12 12
is_linear=0
shrinkage=0.05


Tree=18
num_leaves=63
num_cat=0
split_feature=50 62 23 36 125 119 50 119 36 82 127 62 125 36 125 119 121 56 50 102 102 125 127 121 127 20 125 93 121 127 125 90 84 103 118 121 36 50 126 127 125 120 121 50 90 118 125 125 110 68 93 121 127 102 126 90 118 102 75 86 93 121
split_gain=1.75974e+07 2.06691e+06 1.76922e+06 714613 410767 407316 325157 285192 237403 143882 142818 136818 122657 97721.3 97028.6 93036.9 92014.1 87614.1 86567.3 82425.3 84728.2 80288.5 76432.8 69120.5 64424.1 64299 78264.3 72936.1 57797.4 56921.2 55992 55067.6 54185.9 53337.6 52510.2 50504.2 49951.6 48382.8 48210.1 46384.8 46071.3 96725.7 52565.2 45231.3 41072.6 40825.3 39847.6 39747.4 39726.6 39084.9 49819.2 40922.8 38902.8 38727.8 37932.1 37278.3 37094.5 36642.4 36474 35191.9 34424.8 36720
threshold=0.46693770979650978 0.81378850922785717 0.48665031582937085 -0.17051737928141997 0.013842591617406402 0.027377965500553051 1.4292929340267899 0.010720408342092102 0.57532806575378703 -0.15759645684770526 0.012898263403514501 -0.41730225598857429 0.03480494551530626 0.40292422716015702 0.025354385034759602 0.0020546299303448507 0.0051299923446957016 0.12781327838029996 0.1002151137287275 0.039995738849102458 -1.0000000180025095e-35 -0.0063765606928521991 0.023221076063857704 0.024510323240199354 0.020219839948778903 -0.18869364194826657 0.013390701105041451 0.38652705771738471 -0.0064919838310993488 0.0056274717300202511 0.023402364655231152 -0.83352846338760223 0.75507286860258349 -0.0011728073797821496 0.29992585690528489 -0.0027516241348392993 1.6584692883719139 0.82587044091575013 1.0000000180025095e-35 -0.0032316460437671994 0.014528005035680301 0.23629700364104203 0.019906653585764354 -0.14565304457755898 -0.18307091939528483 0.29513640353332943 -0.011699796772888548 0.019941940948243305 -0.096004388293571538 -0.60310726513005786 0.39142804511174384 0.0096067770325867028 0.027800444448171004 0.033285669688282005 -0.023996776143843348 -0.14448413910813437 0.079709911060090358 -0.013494267722370898 0.10802544595384396 -0.25170308562960353 0.40561806000643225 0.0080364884288942513
decision_type=2 2 2 2 2 2 2 2 2 8 2 2 2 2 2 2 2 2 2 2 2 2 2 2 2 2 2 2 2 2 2 2 2 2 2 2 2 2 2 2 2 2 2 2 2 2 2 2 2 2 2 2 2 2 2 2 2 2 2 2 2 2
left_child=2 5 3 11 18 8 12 19 9 29 17 40 22 34 43 -13 21 33 49 20 -5 48 37 -19 30 26 -17 -27 -21 55 32 -29 59 -9 38 -35 -8 -3 54 -33 60 -42 -43 -6 58 -41 -31 -30 -12 -4 51 -51 -15 57 -7 -2 -50 -23 -11 -10 61 -1
right_child=1 6 4 7 14 13 36 10 24 44 16 15 -14 52 -16 25 -18 23 -20 28 -22 53 -24 -25 -26 27 -28 31 47 46 -32 39 -34 35 -36 -37 -38 -39 -40 45 41 42 -44 -45 -46 -47 -48 -49 56 50 -52 -53 -54 -55 -56 -57 -58 -59 -60 -61 -62 -63
leaf_value=0.72991522800727882 0.49045677818460948 -0.61319206561462303 0.57354563100068068 0.39027818770115358 -0.10096068796138336 -0.083248378483342461 -1.4955893018177298 0.48786982937542334 -0.046582648982298878 -0.3370120220716093 -1.2550455610574542 0.58745837273945956 -1.4502152126124261 -0.98573541506785534 -0.86515981098834338 0.3189076738702048 0.32208863797541776 -0.03971438399004238 -0.33002592540879111 0.006954115211452532 0.78508828758377391 -0.13591137526946834 -1.3003838113341037 -1.0218978202393376 -0.9883108040213634 0.55790353342557653 -0.63031481002506462 0.71195210913667484 0.35554084253893992 -0.95526278145977717 -1.0312036723527644 0.44178698158859336 -0.71051798794975052 -0.11631826627778177 -0.8120124657149097 0.32418557344878191 -1.7412846809134157 -1.0074616513044405 -0.62094386919630029 0.24419961176267219 0.59671784313481691 0.19516884161910231 -0.75301400017998521 -0.56112422365233727 -0.70116784274720101 -0.13839254970214107 -0.0066935673610848349 -0.39499461882508524 0.14649117488226446 0.54411629395545436 -0.12926500112546191 -0.12630283057129121 -1.3864677332020563 -0.44542982183499202 1.3333209057928812 -0.23499306340895171 -0.91609882813426524 0.71563661317671512 0.49001213196140009 -0.57957137045581264 0.58233179697765436 0.5574521764917244
leaf_weight=13194 1084 1058 615 6073 809 141 6099 1678 936 1274 333 6597 2401 2060 2211 544 533 1331 953 1894 1752 682 1761 206 995 3494 360 580 5045 121 449 1279 963 1177 985 1453 3225 3009 264 1616 2704 644 188 1573 786 1225 1197 182 138 797 1029 318 872 945 70 211 201 154 148 462 13402 4055
leaf_count=13194 1084 1058 615 6073 809 141 6099 1678 936 1274 333 6597 2401 2060 2211 544 533 1331 953 1894 1752 682 1761 206 995 3494 360 580 5045 121 449 1279 963 1177 985 1453 3225 3009 264 1616 2704 644 188 1573 786 1225 1197 182 138 797 1029 318 872 945 70 211 201 154 148 462 13402 4055
internal_value=-0.000620148 -1.02438 0.381231 0.459233 -0.310557 -0.546923 -1.37843 0.233647 -0.347289 -0.114212 0.00836548 0.566755 -1.14903 -0.938843 -0.626626 0.444477 -0.272903 0.152077 0.08059 0.366747 0.478764 -0.402264 -1.02472 -0.171933 -0.642493 0.340748 -0.0593801 0.384894 0.243605 0.136865 -0.519733 0.256187 -0.42207 0.26769 -0.603936 0.127078 -1.58075 -0.905071 -0.17165 0.191868 0.622878 0.451707 -0.0197308 -0.404947 -0.411271 0.0792405 -0.0944359 0.329337 -0.86757 0.222491 0.121572 0.35297 -1.10535 -0.226308 0.390776 0.372166 -0.484381 0.0216203 -0.250653 -0.223009 0.642609 0.689406
internal_weight=112535 30571 81964 73659 8305 13018 17553 23777 8626 4821 8831 49882 8229 4392 4593 15695 2986 5845 3712 14946 7825 2453 5828 1537 3805 9098 904 8194 7121 2613 2810 4700 2361 4308 1460 2630 9324 4067 475 4120 34187 3536 832 2382 2208 2841 1318 5227 672 2759 2144 1115 2932 1781 211 1295 339 836 1422 1398 30651 17249
internal_count=112535 30571 81964 73659 8305 13018 17553 23777 8626 4821 8831 49882 8229 4392 4593 15695 2986 5845 3712 14946 7825 2453 5828 1537 3805 9098 904 8194 7121 2613 2810 4700 2361 4308 1460 2630 9324 4067 475 4120 34187 3536 832 2382 2208 2841 1318 5227 672 2759 2144 1115 2932 1781 211 1295 339 836 1422 1398 30651 17249
is_linear=0
shrinkage=0.05


Tree=19
num_leaves=63
num_cat=2
split_feature=50 62 56 50 23 136 50 125 107 36 115 107 90 28 119 62 115 118 125 107 127 136 119 127 115 125 118 103 119 58 40 89 50 58 115 125 123 96 113 93 105 119 40 64 50 125 104 125 122 125 125 105 125 36 125 101 80 93 119 113 127 69
split_gain=1.58154e+07 2.46827e+06 939208 803841 493490 292930 267467 246741 240362 235856 187875 134405 119624 104202 97809.9 92081.2 89087.8 87961.9 148420 87798.9 85405.8 79021.2 78032.8 73788.3 70160.3 68702 63924.2 60267.8 59151.3 58456.6 55593.3 56646.7 54383.1 50627.5 49213.3 44102.9 44004.2 43436.9 47410.5 42939.2 41465 40822.2 39325.8 38891.1 37663.6 37288.6 35749.4 41025.8 35660.4 37811.5 35148.4 34125.2 33007 32502.4 30552.1 30518.8 40423.5 30278.5 30179.6 30019.7 29696.4 32157.8
threshold=0.69951579867518687 0.096924879346443615 0.42525021361598436 1.2790784226395118 0.3525101731650771 0 0.35505926321687692 0.012149486559475 0.014104402286612902 -0.23033753979334493 0.027543475989872602 0.0089448758849762517 -0.22280324178822744 0.29761917058104487 0.0068158941498058503 1.3815009636206477 0.031450836272925504 0.020736198845016856 0.018400465494103103 0.0026085835542920001 0.015865751712973605 1 -0.0041612321866073996 0.017821008536240756 0.015729293752514754 -0.0067086534947232495 -1.0000000180025095e-35 -0.0020718514242403997 0.015032021622921802 0.38986097758084315 0.14169727690597764 0.039635988098611359 -0.29355919125849084 0.71696651767822661 0.015978469378112706 0.020785232551952654 0.009985711352791601 -0.79215239379638269 0.012167954699086452 0.39834232886048299 0.0060212924474253504 0.00020925252284870001 0.14169727690597764 0.098931306581725512 -0.77541854319409897 0.018400465494103103 1.0000000180025095e-35 -0.0080451558914313975 0.021674995624277302 0.019542734409225802 -0.0027284062193625495 -0.021342642830525196 0.054060220650354603 0.61829168258454981 -0.0084599487060272992 0.39163060138857314 -0.49545228403223424 0.38167377465777813 -0.014164656002102349 0.0018961219669457504 0.0064394333389932003 0.70195409318694557
decision_type=2 2 2 2 2 1 2 2 2 2 2 2 2 2 2 2 2 2 2 2 2 1 2 2 2 2 2 2 2 2 2 2 2 2 2 2 2 2 2 2 2 2 2 2 2 2 2 2 2 2 2 2 2 2 2 2 2 2 2 2 2 2
left_child=1 4 5 8 9 19 12 32 13 17 30 41 29 21 58 42 20 26 28 -3 53 33 -21 48 -9 51 35 -24 -19 46 31 59 -6 -2 -20 -1 60 -30 -39 -25 -27 -11 -5 -14 -26 -32 -7 -48 -16 -50 -41 -8 -12 -10 -22 56 -35 -34 -13 -4 -29 -62
right_child=3 2 10 15 7 6 25 24 16 11 52 14 43 -15 23 -17 -18 18 34 22 54 -23 27 39 44 40 -28 36 37 -31 45 -33 57 55 -36 -37 -38 38 -40 50 -42 -43 -44 -45 -46 -47 47 -49 49 -51 -52 -53 -54 -55 -56 -57 -58 -59 -60 -61 61 -63
leaf_value=0.58634009417675093 0.54493883488020056 0.44852684204459448 0.16259101924958949 -1.3975970240903004 0.43968534049655211 0.47945691864089257 0.10749934133022064 0.033262422684980308 -0.51340413652900208 0.59607585431954624 -0.92674337861493794 0.6429216163086422 -0.51191115773261497 -0.9139297534117482 0.3021429828485146 -1.5670274910949655 -1.3256792907747457 0.57187104533427291 0.082985442093801959 0.47852145300257476 -1.4320732331923818 -0.71919808011079001 0.27752918951041783 0.30106452507453613 0.2798447290736838 -0.15251855434713457 0.75458184416610108 0.089393492909172242 0.55952129648491999 -0.23207655022457724 0.10168900039657998 -0.70191511025117936 0.23824118482345236 1.1895792352083403 -0.76934055749431673 -0.027630292584365824 -0.81104994206176473 0.32804067270463216 -0.32894248465200265 -0.90758999114894578 -0.6045832661971885 0.38477148223817426 -1.1071651928149406 0.0043562951920484115 -0.55866959328144172 -0.54661515435698083 -0.5782454055152545 0.23034444999104725 0.035749304751963688 -0.86987936833756985 -0.23950137943108163 -1.133266166795986 -1.3892187785264873 -0.87140290425934686 -1.0323666478172668 -0.3604800841274361 -0.31391316809114955 -0.23399652001695542 0.29455113921400961 -0.54999239917138021 -0.12956798724767454 -0.83391474668468746
leaf_weight=15572 210 3434 340 3001 2605 1457 61 981 1017 3786 2024 800 968 1442 1543 6890 1973 13517 529 1130 689 1125 1280 198 145 832 7208 1168 2103 610 627 1965 878 77 248 298 226 3267 299 338 1302 5796 1957 585 1669 342 180 1177 1157 127 472 587 483 1710 1647 1379 104 552 2799 260 712 209
leaf_count=15572 210 3434 340 3001 2605 1457 61 981 1017 3786 2024 800 968 1442 1543 6890 1973 13517 529 1130 689 1125 1280 198 145 832 7208 1168 2103 610 627 1965 878 77 248 298 226 3267 299 338 1302 5796 1957 585 1669 342 180 1177 1157 127 472 587 483 1710 1647 1379 104 552 2799 260 712 209
internal_value=0.00170322 0.305369 -0.154577 -1.16012 0.456369 0.0468766 -0.172982 0.0536344 -0.859719 0.502169 -0.685325 0.344544 0.0462924 -0.566727 0.184968 -1.44838 -1.04021 0.564475 0.487555 0.255851 -0.92873 -0.39353 0.116295 0.00925875 -0.307388 -0.565762 0.630989 0.0023369 0.514991 0.211367 -0.450268 -0.572124 0.303725 -0.181165 -0.189696 0.57481 -0.149875 0.379292 0.272878 -0.357825 -0.428487 0.468315 -1.28321 -0.317561 -0.491527 -0.127452 0.307542 0.122742 0.140227 -0.0544334 -0.519059 -1.01648 -1.01636 -0.738129 -1.15082 -0.280356 0.328716 0.0559147 0.372145 -0.146596 -0.0779919 -0.290135
internal_weight=112067 88846 21959 23221 66887 15918 7759 6830 11373 60057 6041 17016 4977 4337 7434 11848 7036 43041 19963 8159 5063 2895 4725 3835 2795 2782 23078 3595 19186 3424 3534 2565 4035 1770 777 15870 2315 5669 3566 1008 2134 9582 4958 1553 1814 969 2814 1357 2827 1284 810 648 2507 2727 2336 1560 181 1430 3599 600 2089 921
internal_count=112067 88846 21959 23221 66887 15918 7759 6830 11373 60057 6041 17016 4977 4337 7434 11848 7036 43041 19963 8159 5063 2895 4725 3835 2795 2782 23078 3595 19186 3424 3534 2565 4035 1770 777 15870 2315 5669 3566 1008 2134 9582 4958 1553 1814 969 2814 1357 2827 1284 810 648 2507 2727 2336 1560 181 1430 3599 600 2089 921
cat_boundaries=0 1 2
cat_threshold=12 12
is_linear=0
shrinkage=0.05


Tree=20
num_leaves=63
num_cat=3
split_feature=50 46 50 50 80 125 56 127 93 127 125 122 125 119 113 103 103 100 50 113 103 106 111 50 50 106 111 40 80 136 92 111 70 83 70 110 110 50 66 125 72 136 54 93 111 106 106 83 136 119 134 125 75 40 111 90 113 42 101 95 80 131
split_gain=1.42941e+07 2.25424e+06 1.03644e+06 740905 371505 246222 217394 206124 200790 188636 155737 151094 289126 131258 118108 92753.9 91824 87571.2 86887.4 97324.5 79579.4 79402 77723.2 73522.5 70639.6 69772.1 69309.6 67286.5 62167.7 56918 55332 54044.3 52678.9 51778.7 48898.4 47319.5 49569.5 47165.5 43972.9 43756.3 43529.8 64363.8 43292.1 43195.4 41748.3 39910.1 44128 37544.9 37501.4 37075.6 34780.2 34775.1 34079.1 33442.5 32655.3 31655.3 31654.9 31414.2 31063.2 30406.9 35762 30003
threshold=0.68270949457266206 0.57677159587334192 -0.14565304457755898 1.3082775187714428 -0.20904206878757622 0.022290725617511806 1.3805486224699546 0.0058354982641712506 0.38806604977143649 0.020219839948778903 -0.0029962379187012497 0.010910780429878251 0.018025783838359302 0.0094306096255746524 0.0020586928138211003 0.011647659043953802 0.027575573191873603 -0.50726506756661982 -0.76549981551512358 0.012626671760345952 0.015502107802050103 1.0000000180025095e-35 0.020127820805426803 1.8671827062089423 0.17154671624704593 -1.0000000180025095e-35 0.023753232742879053 0.07137860876665951 -0.068999562404224793 0 -0.64397928909470747 0.011806466307550051 0.29437661759484479 0.48112782374199942 0.5574091005401246 -0.0048790290324044992 1.0000000180025095e-35 0.22190018966745031 -0.66623836282970561 -0.0065369264608449986 0.21445429049624018 1 0.013192799996432253 0.44631842218925039 -0.0093033407681651983 0.014577038861325753 -0.029673049061970647 0.40071772154081159 2 0.032102991194729806 -0.29556974682317905 -0.012760087452796399 0.070878935920678468 0.14694424286628197 0.014149969892036351 -0.79293501252483867 0.021078122242664355 -0.074397056221740046 0.66795635357255789 0.19835615868088494 -0.55797567410189364 0.020519397345242451
decision_type=2 2 2 2 2 2 2 2 2 2 2 2 2 2 2 2 2 2 2 2 2 2 2 2 2 2 2 2 2 1 2 2 2 8 2 2 2 2 2 2 2 1 2 2 2 2 2 8 1 2 2 2 2 2 2 2 2 2 2 10 2 2
left_child=1 2 11 6 7 24 9 35 14 20 13 21 18 32 17 50 28 -6 -13 27 33 25 -14 43 47 -1 38 42 52 31 -31 -23 -9 34 49 61 -37 -7 -16 -11 55 -42 -20 -5 -32 46 -17 -3 -19 -2 -15 -22 -10 -26 -44 -12 59 -18 -57 60 -53 -4
right_child=3 5 4 23 8 37 -8 10 16 39 40 12 22 15 26 45 57 48 19 -21 51 29 -24 -25 53 -27 -28 -29 -30 30 44 -33 -34 -35 -36 36 -38 -39 -40 -41 41 -43 54 -45 -46 -47 -48 -49 -50 -51 -52 56 -54 -55 -56 58 -58 -59 -60 -61 -62 -63
leaf_value=0.54931349048091505 0.098862030604405432 0.19145314154905738 0.38511901084519606 -1.1595763936753511 -0.33180354384239763 -0.62049288026434679 -1.2077463448006902 0.31267591026698804 -0.10802487857355939 -1.2954836321518084 0.611277557502794 0.5491488168316756 -0.088828448087371836 -0.55168601848104959 -0.69684332076501365 -0.73466730373349876 -0.9677877676846407 -0.52805531862353494 0.36200222154365841 -0.13968097747454786 -1.3100020471475404 0.62960675263746646 -0.95637574272520975 -1.5445043874184661 -0.6476736358135422 0.74726305981079533 -0.96387128947690215 0.54124734625182769 -0.40113728697360351 0.488240642132999 -0.12164059744212137 0.24715536424988196 -0.41266367843408897 -0.69715940941961818 -0.48388314191622134 0.81782338672486754 0.44100997896079186 -0.99592431282771976 0.0033093897942210234 -0.89427424104550901 0.30161057666893154 -0.29195659772421306 0.17475348513730093 -1.4087007083361776 0.31474838108808045 -1.137084466012839 0.68260128970657075 -0.24371608911828743 0.38214538735637982 -0.62251973036110131 0.15309793647299422 0.061482408663062274 0.49562480568037004 -0.17041980183502003 -0.39389875626634985 0.46595496740868819 -1.2164219498770541 -0.4618208837490661 0.086816370882594793 -0.82705955453023161 -0.59278154526936067 0.074475558854329382
leaf_weight=10616 993 823 2904 3621 559 1388 2811 1078 898 980 904 10112 1018 278 270 256 682 110 4978 935 241 5794 345 4315 1210 7695 285 4465 2084 3289 799 1101 325 909 1169 1177 3398 2135 1300 2280 1092 769 1271 3447 1741 534 69 1243 2934 216 469 256 315 528 314 990 252 563 1189 1075 1129 1062
leaf_count=10616 993 823 2904 3621 559 1388 2811 1078 898 980 904 10112 1018 278 270 256 682 110 4978 935 241 5794 345 4315 1210 7695 285 4465 2084 3289 799 1101 325 909 1169 1177 3398 2135 1300 2280 1092 769 1271 3447 1741 534 69 1243 2934 216 469 256 315 528 314 990 252 563 1189 1075 1129 1062
internal_value=6.55484e-05 0.292696 0.368697 -1.09037 0.112181 -0.547089 -0.821394 0.257961 -0.12827 -0.706959 0.0747732 0.493454 0.397594 -0.208798 0.0761142 -0.517319 -0.373835 0.242984 0.441232 0.349974 -0.545763 0.565834 -0.308961 -1.38117 -0.268045 0.632536 -0.247956 0.391498 -0.235557 0.469802 0.352276 0.567758 0.144479 -0.376331 -0.253452 0.428509 0.538109 -0.848229 -0.117466 -1.01524 0.247367 0.0563643 0.289552 -1.28125 0.177481 -0.871358 -0.432599 -0.0703558 0.348612 -0.030428 -0.109578 -0.734168 0.0490141 -0.502867 0.061922 0.362607 -0.682533 -0.739539 0.259208 -0.62737 -0.471892 0.301976
internal_weight=111988 88294 80967 23694 26494 7327 12311 16494 10000 9500 7953 54473 23438 3009 5458 1606 4542 3603 22075 11963 6240 31035 1363 11383 3804 18311 1855 11028 3297 12724 5829 6895 1403 3287 2378 8541 4575 3523 1570 3260 4944 1861 6563 7068 2540 859 325 2066 3044 1209 747 2953 1213 1738 1585 3083 2712 1245 2179 2460 1385 3966
internal_count=111988 88294 80967 23694 26494 7327 12311 16494 10000 9500 7953 54473 23438 3009 5458 1606 4542 3603 22075 11963 6240 31035 1363 11383 3804 18311 1855 11028 3297 12724 5829 6895 1403 3287 2378 8541 4575 3523 1570 3260 4944 1861 6563 7068 2540 859 325 2066 3044 1209 747 2953 1213 1738 1585 3083 2712 1245 2179 2460 1385 3966
cat_boundaries=0 1 2 3
cat_threshold=12 12 2
is_linear=0
shrinkage=0.05


Tree=21
num_leaves=63
num_cat=3
split_feature=62 62 62 46 127 46 127 56 125 125 118 34 125 62 118 125 118 118 34 127 93 118 121 115 121 34 111 106 106 80 121 121 136 111 125 127 68 136 125 68 121 127 111 121 121 111 125 125 100 115 121 84 46 123 84 113 99 115 125 120 111 136
split_gain=1.29767e+07 1.48625e+06 1.16822e+06 661642 295902 264892 237907 269085 182961 173043 171481 144402 136194 136127 129759 122859 120293 112908 106920 87702.6 77815.3 71727 69362.6 63846.7 79829.8 61476.7 61236.4 59218.9 59920.3 58245.5 56264.1 55961.8 54739.2 54328.3 52915.3 52533.4 48565.8 47900.4 47193.5 46403.6 45926.7 44526.6 44225.8 43802 43316.7 41420.3 41108.4 41094.3 40491.9 40412.1 39660.5 39402.4 38715.8 34425.9 33187.7 37946.2 32067.1 31632.7 30811.4 29236.5 29045.3 27808.2
threshold=0.49163230410034042 -0.094549662550914529 0.98155311599936923 0.22047034980306554 0.015594777454455351 0.19235974644032158 0.019602306314929051 0.82473297039227722 0.017356476450846103 0.011027482837092801 1.0000000180025095e-35 0.69329125040299322 -0.008914729865038799 1.3815009636206477 0.033339632358688857 0.022290725617511806 0.37240661507883527 -1.0000000180025095e-35 -0.19784601467078583 0.016951776734006056 0.39142804511174384 -1.0000000180025095e-35 0.021518757332868753 0.0137175604154626 0.014742669539819403 0.63557888246211824 -0.0093033407681651983 0.0076362801255016504 -1.0000000180025095e-35 -0.18287971689937474 -0.0057347350560654998 0.016011100820948806 0 -0.0014720051048196499 -0.0065369264608449986 0.029272050274541255 -0.57336839119516059 1 0.020785232551952654 -0.60310726513005786 -0.0073256654677514993 0.028759203872877805 -0.010934753166702348 -0.017637575066915396 0.028535302301397253 -0.0044192634149951993 -0.0078367089407460986 0.026848903359311303 -0.35148725412336507 0.024496463734987952 0.0098127263580924523 0.85076730225217922 -0.27165096109671355 0.0037162274045497504 -1.0335048144064287 0.025632691370479552 0.47380011218824564 0.009820722924548551 0.018025783838359302 0.076188753398075612 -0.0035017253540061493 2
decision_type=2 2 2 2 2 2 2 2 2 2 2 2 2 2 2 2 2 2 2 2 2 2 2 2 2 2 2 2 2 2 2 2 1 2 2 2 2 1 2 2 2 2 2 2 2 2 2 2 2 2 2 2 2 2 2 2 2 2 2 2 2 1
left_child=1 5 6 4 16 14 7 11 20 36 17 29 -12 35 21 18 27 34 23 -20 31 38 39 32 -25 56 46 28 -3 45 60 48 50 -13 -6 47 -7 -38 41 -11 -29 -1 -21 -22 -10 -2 -18 -4 -5 -9 -16 -35 -32 -52 -34 -56 -8 -17 -42 -24 -14 -41
right_child=2 3 13 8 10 9 25 49 44 22 12 33 30 -15 15 57 26 -19 19 42 43 -23 59 24 -26 -27 -28 40 -30 -31 52 -33 54 51 -36 -37 37 -39 -40 61 58 -43 -44 -45 -46 -47 -48 -49 -50 -51 53 -53 -54 -55 55 -57 -58 -59 -60 -61 -62 -63
leaf_value=0.534874309535326 -0.156450584163599 0.39353805057989127 -0.89023019786859514 -0.28599412942455554 -0.60703975929624665 0.55387246606345042 0.1106260649425288 -0.61105470566024778 -0.59784037136652945 0.39821395442734892 -1.0191066351064428 -0.73682351965862924 -0.74728545755750087 -1.3937446480651017 0.63409363378330053 0.12791942963677069 -0.92648800115294871 0.7572990404706289 0.31906976535884191 -0.72480640535466767 -1.0712051884982052 0.67885510886050071 0.17485618804182326 0.36004319907630383 -0.42044573873097058 -1.0783505852670863 0.16358255842567151 -0.032192667231003058 0.8029402527188596 -0.29749466545010067 0.18742939865889355 -0.43795444251070814 0.5674565577565639 -0.020515537693566104 0.1006288688376636 -1.306789144786483 0.39439458415362572 -0.04073477622854417 -0.11316687893612605 0.040528315852463734 0.36494321902925814 0.205399930769332 0.00038885001100249486 -0.34332700753257361 -1.0566347623223651 0.29606565254342393 -0.12870622646225177 -1.1854133133084188 0.26120945486729402 -1.0236466117865939 0.50056391634902886 -0.67042403458456201 -0.31551720357027607 -0.028164419849129287 0.35638968239583746 -0.35705975267997725 -0.74081259680617795 -0.86154572040988853 -0.33107384247872645 -1.0166550821008009 -0.20143573336461756 -0.35133564149227109
leaf_weight=17511 878 3650 3141 445 329 1761 119 926 2630 442 686 1615 579 7649 7522 123 196 605 3752 286 244 8737 62 1734 403 2367 3047 1135 1185 1603 858 569 2057 617 1323 1991 1509 1087 303 837 3423 1091 786 1337 642 1190 898 1916 1397 1684 1122 374 689 424 4881 193 1519 233 166 295 422 979
leaf_count=17511 878 3650 3141 445 329 1761 119 926 2630 442 686 1615 579 7649 7522 123 196 605 3752 286 244 8737 62 1734 403 2367 3047 1135 1185 1603 858 569 2057 617 1323 1991 1509 1087 303 837 3423 1091 786 1337 642 1190 898 1916 1397 1684 1122 374 689 424 4881 193 1519 233 166 295 422 979
internal_value=-0.00108765 0.306047 -0.942707 -0.00463503 0.149205 0.447436 -0.595243 -0.450965 -0.411035 0.158284 -0.160894 -0.273476 -0.39427 -1.24744 0.486839 0.400465 0.273496 0.173531 0.41464 0.205131 -0.18378 0.560303 -0.163211 0.469745 0.212729 -0.915201 0.0483763 0.371004 0.494023 -0.0713745 -0.225711 -0.004982 0.503636 -0.558034 -0.0405871 -1.08848 0.351234 0.213613 0.50548 -0.0606664 0.245017 0.515563 -0.193582 -0.456269 -0.688156 0.10396 -0.272352 -1.00228 0.12893 -0.877554 0.586017 -0.266217 -0.0366311 0.355632 0.397431 0.329187 -0.678926 -0.520279 0.332667 -0.809816 -0.517598 -0.172512
internal_weight=112174 84585 27589 26455 19191 58130 12892 8887 7264 6972 5491 6277 3234 14697 51158 23516 13700 2257 23160 4824 3992 27642 2615 18336 2137 4005 4141 9559 4835 3671 2548 2411 16199 2606 1652 7048 4357 2596 18905 2258 4724 18602 1072 1581 3272 2068 1094 5057 1842 2610 9068 991 1547 1546 7131 5074 1638 356 3589 357 1001 1816
internal_count=112174 84585 27589 26455 19191 58130 12892 8887 7264 6972 5491 6277 3234 14697 51158 23516 13700 2257 23160 4824 3992 27642 2615 18336 2137 4005 4141 9559 4835 3671 2548 2411 16199 2606 1652 7048 4357 2596 18905 2258 4724 18602 1072 1581 3272 2068 1094 5057 1842 2610 9068 991 1547 1546 7131 5074 1638 356 3589 357 1001 1816
cat_boundaries=0 1 2 3
cat_threshold=12 12 12
is_linear=0
shrinkage=0.05


Tree=22
num_leaves=63
num_cat=0
split_feature=50 50 23 62 74 125 106 119 106 36 50 107 107 125 38 107 80 107 111 62 119 125 114 111 107 125 74 125 123 100 93 80 93 96 125 127 133 111 119 36 127 55 123 74 93 111 111 103 127 68 23 127 107 124 114 123 113 113 111 125 58 94
split_gain=1.18202e+07 1.41619e+06 1.22095e+06 433310 429576 392732 222221 206684 194236 182935 162505 115589 97743.6 96118 91310.7 77178.9 75565.6 67338.8 67228.4 66812.4 64973.8 68941.8 102483 65653.2 61509.1 58775.6 55200.7 52441.8 50212.2 47534.1 46140.6 44949.5 44855.9 49972.4 43556.1 43514.7 41253.3 39741.5 39174.4 38833.2 38700.1 37528.4 37294.3 40169.1 37270 37067.6 35831.6 35830.1 35277.5 33390.6 31852.4 31796.4 33976.6 31723.8 31480.3 36674.4 29709.6 29661.3 28978.5 28434.3 28418.1 28327.2
threshold=0.46693770979650978 1.0154352149331298 0.39376910564659323 -0.32163420549560751 0.14168183519534686 0.012346441738862101 1.0000000180025095e-35 0.020994688660548905 -1.0000000180025095e-35 0.57532806575378703 1.6005819445153648 0.032846235523234409 0.0035066341640050008 0.025354385034759602 -0.082211002579541892 0.024105030590111206 -0.52625223470772797 0.037774197127948654 -0.0094672823785329988 0.23012104296721847 0.0026559850319097006 0.013610217884739602 0.045091958832061511 0.022869629357392802 0.012303486012914653 0.03480494551530626 0.089324032954472013 -0.010148232124606449 0.0022232445489348005 -0.623660734191546 0.38973740536125895 0.31359573422312742 0.40746106718631175 -0.73535008440958893 0.026848903359311303 0.031384774663611302 0.0046849810928675508 0.011806466307550051 0.019342872673838152 0.10789717052288982 0.026442192744377504 0.072243238096272769 0.010287484081338852 0.089324032954472013 0.44210371922397396 0.020127820805426803 -0.0040434423660948996 0.016355052269202652 0.0086928474938759003 0.38158094986951691 -0.28087316429800141 -0.00061569849548184991 0.01119982569144475 0.013935916140592652 0.12805343201162114 0.0032818170942592504 0.00088141145949475011 0.019190671004390304 -0.0029889203296581996 -0.0050988218182463994 0.70393087600774662 -0.064646336489393177
decision_type=2 2 2 2 2 2 2 2 2 2 2 2 2 2 2 2 2 2 2 2 2 2 2 2 2 2 2 2 2 2 2 2 2 2 2 2 2 2 2 2 2 2 2 2 2 2 2 2 2 2 2 2 2 2 2 2 2 2 2 2 2 10
left_child=2 4 3 20 12 14 8 11 15 16 17 19 31 28 -4 26 27 34 36 42 -1 32 -23 56 50 35 38 48 -7 58 -16 60 37 -34 44 39 59 -22 49 -14 -13 -31 43 -8 -3 -30 57 -20 -6 -5 -11 -35 -53 -15 -39 -56 -24 -28 -18 -9 -2 -29
right_child=1 10 5 6 9 13 7 18 -10 24 -12 40 25 53 30 -17 29 -19 47 -21 21 22 23 -25 -26 -27 46 61 45 41 -32 -33 33 51 -36 -37 -38 54 -40 -41 -42 -43 -44 -45 -46 -47 -48 -49 -50 -51 -52 52 -54 -55 55 -57 -58 -59 -60 -61 -62 -63
leaf_value=0.55628512186097279 -0.037174193157662391 -0.70288939716513543 0.30267962908641566 0.30775207293234513 0.22301805327015539 -0.053592814359813938 0.23511475364584575 -1.3723019351195631 0.73818183642944246 0.070105054988716428 -1.3304833864191974 -0.12590464481198921 -0.23796382724212206 0.23062601741622479 0.048540892170840934 -0.088291624360359644 -0.65980143608917741 -1.2183116249816235 0.035643218141782319 0.036362141993228542 0.58009508602215909 0.46776061509379541 0.31620953253730621 -1.0770782773178524 -0.71517036526022004 -1.132281634317599 0.32798785240320294 0.74632000290704048 -0.32760087777084917 0.28374282882134566 -0.48875816545795364 -0.73110550560389365 0.50308461829515594 0.42915159275240855 -1.1243025992625491 -1.0171845942107491 -0.087944918005398262 0.48539049325985684 -0.077754627302195789 -0.72052313705092097 -0.8590625581746929 -0.26995665560161003 -0.034802722949480822 0.46384048686687207 -1.005119879518066 -0.82504182046181285 0.54604329281595532 -0.40531962307595154 -1.0169972227555568 -0.55455106636830453 -0.43493978432700209 0.3116590820020505 -0.042837648265101717 -0.75628900438552016 0.27943512572357471 -0.54489502148365876 -0.22426063514559519 -0.45842965755145998 -0.10971036078190854 -0.62398043878967802 -0.58750901595870064 0.25851897641235566
leaf_weight=19957 783 2447 3046 3591 123 1249 3873 216 3029 512 7447 1165 478 84 1055 1221 488 2740 1174 2840 8618 1541 432 163 1392 1195 1926 527 1398 806 642 627 4451 1837 1809 1105 200 1066 958 3330 212 492 691 3813 1770 512 3260 757 106 115 798 1586 1177 2291 477 187 615 127 470 314 334 686
leaf_count=19957 783 2447 3046 3591 123 1249 3873 216 3029 512 7447 1165 478 84 1055 1221 488 2740 1174 2840 8618 1541 432 163 1392 1195 1926 527 1398 806 642 627 4451 1837 1809 1105 200 1066 958 3330 212 492 691 3813 1770 512 3260 757 106 115 798 1586 1177 2291 477 187 615 127 470 314 334 686
internal_value=0.00184175 -0.838923 0.314724 0.387884 -0.475273 -0.194893 0.240862 0.108284 0.383002 -0.171179 -1.15854 0.192883 -0.723081 -0.481005 0.138966 0.28687 0.0573318 -1.01233 -0.292025 0.245957 0.490816 0.431807 0.197464 -0.146876 -0.483827 -0.817362 0.332787 0.339913 -0.300174 -0.123361 -0.154895 -0.392604 0.465028 0.383634 -0.918488 -0.740548 -0.700438 0.536176 0.207192 -0.660028 -0.239322 0.0738197 0.317002 0.34863 -0.829953 -0.461308 0.442981 -0.137345 -0.352889 0.280852 -0.237645 0.267968 0.160687 -0.721301 0.317182 0.0468116 -0.00116968 0.27914 -0.39032 -0.930967 -0.202111 0.470889
internal_weight=112331 30465 81866 71589 14252 10277 29482 15255 14227 6400 16213 12594 7852 5534 4743 11198 3698 8766 2661 11217 42107 22150 2751 1210 2702 6108 9977 1442 3159 2256 1697 1744 19399 9051 6026 4913 730 10348 4664 3808 1377 1298 8377 7686 4217 1910 5313 1931 229 3706 1310 4600 2763 2375 1730 664 1047 2053 958 530 1117 1213
internal_count=112331 30465 81866 71589 14252 10277 29482 15255 14227 6400 16213 12594 7852 5534 4743 11198 3698 8766 2661 11217 42107 22150 2751 1210 2702 6108 9977 1442 3159 2256 1697 1744 19399 9051 6026 4913 730 10348 4664 3808 1377 1298 8377 7686 4217 1910 5313 1931 229 3706 1310 4600 2763 2375 1730 664 1047 2053 958 530 1117 1213
is_linear=0
shrinkage=0.05


Tree=23
num_leaves=63
num_cat=2
split_feature=36 62 62 119 119 115 114 125 23 107 62 136 58 121 121 125 115 107 136 92 121 74 107 107 58 123 119 114 111 111 89 23 72 96 118 50 118 135 121 125 105 36 89 119 120 107 56 119 121 125 50 115 127 120 135 107 123 89 111 107 58 36
split_gain=1.07442e+07 1.26961e+06 1.0297e+06 460215 311829 258831 257957 231708 228310 155987 147248 145952 152502 107082 104750 102632 93778.8 89986.4 87528.7 115075 83710.5 81446.1 79397.3 78891.9 75229.2 81527.9 60033.7 58273.3 51912.6 47215.3 47156.2 46450 43971.5 43756.7 42980.4 41669.9 40469.5 39755.7 38508.3 36626.7 36369 35666.9 35422.4 34919.3 33404.3 33227.6 33025.1 30818.2 30252.9 30173.7 29525.3 28437.8 35463.3 28429.2 28344.9 28256.1 28183.4 27577.2 27388.4 27215 27004.2 26491.8
threshold=0.47378398340360889 0.018992608921431755 0.81378850922785717 0.019342872673838152 0.017103355182558056 0.014350299952027452 0.022425633675166354 0.01157291303425355 0.23580066557462973 0.00047237980987150009 1.2845481389631304 0 -0.38302863171313811 0.0133131173491718 -0.0020048191463849494 0.012942237957757801 0.016986520687428504 0.024105030590111206 1 0.24208730496537953 0.019906653585764354 0.14168183519534686 0.0059173231120129011 0.0018998009738089502 -0.17772497390523342 0.0021325406938884502 0.032102991194729806 -1.0000000180025095e-35 -0.0083006350760389969 -0.0042969196332087985 0.047375913204310706 0.11589179098893736 -1.0372949279956558 0.18536324129742557 0.63110124718319505 -0.97742808018007843 0.2995274221376516 -0.012911837014687148 0.012660524261976802 -0.010725385231536348 -0.047044740724239691 1.4678177225878126 0.029155121472992953 -0.0088198748229454983 -0.067992801832241934 0.035838146315479658 -0.09292854936506724 0.0024555333313879507 0.003909667547996501 -0.012050387439153949 0.90433650442879687 0.025640698936883654 0.017821008536240756 -1.0000000180025095e-35 0.023286709694684802 0.0082841191285243018 0.009985711352791601 0.077985935942351911 0.012607087717404051 0.0054898053309264004 0.32416407169936917 -0.28323472091119994
decision_type=2 2 2 2 2 2 2 2 2 2 2 1 2 2 2 2 2 2 1 2 2 2 2 2 2 2 2 2 2 2 2 2 2 2 2 2 2 2 2 2 2 2 2 2 2 2 2 2 2 2 2 2 2 2 2 2 2 2 2 2 2 2
left_child=1 5 4 8 16 11 27 38 18 31 26 13 32 -1 17 45 23 29 42 30 35 34 -6 50 25 -15 55 -7 -25 54 -20 44 -13 -23 40 -9 53 -21 61 -24 -11 -12 -3 -44 -5 -10 -16 -34 56 -30 -2 52 -41 -19 -14 -4 -49 -31 -27 -45 -42 -8
right_child=2 3 10 9 22 6 7 20 15 21 41 12 14 24 46 -17 -18 36 19 37 -22 33 39 28 -26 58 -28 -29 49 57 -32 -33 47 -35 -36 -37 -38 -39 -40 51 60 -43 43 59 -46 -47 -48 48 -50 -51 -52 -53 -54 -55 -56 -57 -58 -59 -60 -61 -62 -63
leaf_value=0.54607117194426225 0.25221440555108127 0.7483956043688581 -0.63540506813106568 -0.12314403987381245 -0.40831444487425589 0.23881134346424454 0.42243940287268117 0.36514071214340427 0.10478789521307411 0.56500067629597406 -1.1385830407990318 0.55990158622445196 -0.1359569287473105 0.31738840602882384 0.43267874305554455 -0.49524538492122111 -0.58812634167059552 -0.45280373972022175 -0.092842469724060489 -0.57628010268984498 -0.89783019211402049 0.14106629347599145 -1.2060425074768246 -0.57563167288659345 0.53695551399203956 0.02225706948293853 -1.1270707079714331 0.64045633150462711 -0.79384727023251644 0.10064983402944194 0.33135340365476051 -0.31826013002920756 0.47400662010197436 -0.42828395965302307 -0.84513374930853036 -0.31792766941233697 -0.77431408668593538 -0.070998726479043178 -0.15013941730891536 -0.53475069327246061 -0.41304894589473096 -1.3413507405756837 0.54749860060163957 0.37194660049706596 0.44838317903672903 -0.6555013758849495 0.099562220124560896 0.28233207333003757 0.47539267466182178 -0.064665346996134701 -0.50358017469411132 -0.99991318459248613 -0.93848891846380722 0.22710413430662207 0.43286845543188979 -0.91124360357482281 -0.10944546529309979 0.47668288155035476 -0.59190285926627129 0.1203004971800687 -0.7876264315421585 0.094101773284247625
leaf_weight=24721 1346 499 1261 420 1241 1517 1813 252 1588 76 4173 5005 1515 1025 3366 1896 1383 329 878 689 618 559 664 930 1193 290 2939 2237 153 910 2576 623 5039 849 1599 1908 416 894 541 1374 1399 4680 1196 2081 651 157 956 3885 1888 1805 142 1172 907 287 255 3648 520 1051 484 2223 737 930
leaf_count=24721 1346 499 1261 420 1241 1517 1813 252 1588 76 4173 5005 1515 1025 3366 1896 1383 329 878 689 618 559 664 930 1193 290 2939 2237 153 910 2576 623 5039 849 1599 1908 416 894 541 1374 1399 4680 1196 2081 651 157 956 3885 1888 1805 142 1172 907 287 255 3648 520 1051 484 2223 737 930
internal_value=-0.00543423 0.275035 -0.85778 -0.055825 -0.48486 0.388507 0.152602 -0.0491113 0.102607 -0.392158 -1.10597 0.432084 0.344948 0.511692 0.180835 -0.240676 -0.229375 0.0190927 0.215874 0.0616308 -0.385139 -0.52745 -0.759372 -0.115885 0.229258 0.0250247 -0.947968 0.478257 -0.268242 0.133405 0.223528 0.0247244 0.436406 -0.202303 -0.647494 -0.238104 -0.393909 -0.291147 0.235171 -0.865067 -0.504307 -1.24591 0.344675 0.308543 0.224349 0.0360474 0.359035 0.381817 0.307934 -0.12202 0.179799 -0.799169 -0.695631 -0.136174 -0.0538094 -0.840531 0.236069 0.302325 -0.362059 0.24203 -0.5426 0.311193
internal_weight=112359 84541 27818 21590 11117 62951 9816 6062 14677 6913 16701 53135 25422 27713 9085 3641 5759 4763 11036 5037 2778 5219 5358 4376 2992 1799 7848 3754 2888 3731 3454 1694 16337 1408 3811 2160 1032 1583 3284 4117 2212 8853 5999 5500 1071 1745 4322 11332 6293 1958 1488 3453 2281 616 1770 4909 4405 1961 774 4304 2136 2743
internal_count=112359 84541 27818 21590 11117 62951 9816 6062 14677 6913 16701 53135 25422 27713 9085 3641 5759 4763 11036 5037 2778 5219 5358 4376 2992 1799 7848 3754 2888 3731 3454 1694 16337 1408 3811 2160 1032 1583 3284 4117 2212 8853 5999 5500 1071 1745 4322 11332 6293 1958 1488 3453 2281 616 1770 4909 4405 1961 774 4304 2136 2743
cat_boundaries=0 1 2
cat_threshold=12 12
is_linear=0
shrinkage=0.05


Tree=24
num_leaves=63
num_cat=0
split_feature=62 38 38 90 115 124 115 121 125 93 111 124 34 62 93 107 94 115 122 125 90 125 121 125 121 123 106 90 103 106 111 58 90 93 125 95 90 121 118 103 121 103 125 121 125 68 90 72 113 103 58 115 72 84 131 105 85 107 107 84 101 124
split_gain=9.53836e+06 1.11562e+06 873962 391978 319913 360909 257114 203794 156733 144279 133198 132112 126882 122844 98389.9 92504.1 84661.7 79905.9 74756.5 74041.2 72772.5 74460.7 70341.2 84974.9 69730.6 66945.9 66618.7 64145.2 63257.2 60947.2 59297.4 55153.2 54149.1 52202.3 49736.9 44011.6 42757 42136.6 37591 37533.2 36789.6 35230.5 35049.8 34284.4 32963.5 32264.3 32234 32046.9 31415.3 31364 31355.8 31308.2 30456.3 30060.8 29171.2 29096.2 29049.2 28764 28120.2 27742.7 26790.3 26766.8
threshold=0.49163230410034042 0.076947038225774866 1.0032754610054473 -0.075218109941921282 0.014350299952027452 0.12686564827516628 0.023429498445578203 -0.0056105345592415484 0.013610217884739602 0.40944178441939261 -0.008462091135036447 -0.064388364446808385 -0.43824934003636257 1.2689441095234673 0.36661712776662109 -0.0043329607172583997 0.017048060377082206 0.017534569773677254 0.014866758607420953 -0.008914729865038799 -0.056319230545980641 -0.0052469663356599491 0.0098127263580924523 0.0068820956486797509 0.019906653585764354 0.0011451657842327502 1.0000000180025095e-35 -0.81282470166538678 0.010028675020088302 -1.0000000180025095e-35 -0.0033685750278439493 -0.35461256855489121 -0.86417855119313358 0.42164702338578702 -0.0026028643409419998 0.22896762646455687 -0.031612914755207146 0.0133131173491718 0.56161391650810333 0.0051176527262116007 0.013656780752309352 0.0037204948968517005 -0.008914729865038799 -0.015761211245208396 -0.0072449597554572987 -0.80759675360629835 0.076867737230393168 -0.35184854298151841 0.019190671004390304 0.023147106149889653 1.6625301913820454 0.059667051086166954 -1.027462255396665 0.56245021973015319 -0.0052814189985657496 -0.010625653930457597 0.39051258014370643 0.037774197127948654 0.010285243580218902 0.40712199641918784 0.39163060138857314 -0.11767705591330169
decision_type=2 2 2 2 2 2 2 2 2 2 2 2 2 2 2 2 10 2 2 2 2 2 2 2 2 2 2 2 2 2 2 2 2 2 2 10 2 2 2 2 2 2 2 2 2 2 2 2 2 2 2 2 2 2 2 2 2 2 2 2 2 2
left_child=1 4 6 7 9 18 10 11 40 22 28 19 52 33 17 -14 32 -5 -6 58 21 55 47 -24 45 -25 29 -17 -2 -13 34 -27 53 57 48 60 -8 -20 -21 -34 -7 -16 61 -30 -18 -10 -36 -1 54 -28 -15 -38 -11 -9 -29 -12 -57 -4 -3 -22 -23 -41
right_child=2 3 13 14 5 8 36 16 24 12 20 26 15 50 41 27 44 -19 37 38 59 35 23 25 -26 31 49 30 43 -31 -32 -33 39 -35 46 -37 51 -39 -40 42 -42 -43 -44 -45 -46 -47 -48 -49 -50 -51 -52 -53 -54 -55 -56 56 -58 -59 -60 -61 -62 -63
leaf_value=0.55083032499822548 -0.34320719236756159 -0.3860322792059887 -0.66362948952189038 0.011116777615633087 0.50547054858574869 0.2019424680204768 -0.14716306161937531 0.61586715978210838 0.37041795223415974 0.51807365461606936 0.12367567184550987 0.046746256881245701 0.38701371019112329 -1.108371543068142 -0.36801459366894451 0.47686643421304925 -0.60114188821258019 -0.51811297154203628 0.24827851312077956 -0.1001414535290534 -0.21723627557026925 0.70360938790908534 0.49793006660510414 0.43374096654570904 -0.8583283811475193 -0.32257837014619128 -0.046363870599761214 0.11254080589672533 -1.1700703651162849 0.78887123267790848 0.18032416986159297 0.31284883847460154 0.36358269575310759 -1.0447655740885851 0.15474464863850318 -0.22734812042676178 -0.82216380908827547 -0.31984045206029954 -0.73578824260548359 -0.84906615669407504 -0.28204099637653796 -0.71920030498917242 0.15736328391568644 -0.67174672296834048 0.0016321196036316208 -0.35624170692279722 -0.28528104198202614 0.41665509556187569 -1.1293794224275133 -0.54803915286875704 -1.3048472946997727 -1.2459866096614411 0.36474051845868372 0.033386846724175669 -0.48273189210929363 -0.27617250276602689 -0.89922972989696515 -0.97723840510250248 -1.15732310548329 -0.58256439565002605 0.13738301054662524 0.040996693947485514
leaf_weight=18526 1185 160 2358 1796 3934 1899 208 1608 166 4975 180 793 3920 5383 1090 906 288 1182 1489 807 886 241 3001 933 761 994 1086 296 497 424 3109 519 2286 3143 1368 824 2926 417 326 163 494 2091 2128 1153 1054 1813 597 5882 129 436 3354 517 9335 257 672 381 369 1071 466 1262 1534 174
leaf_count=18526 1185 160 2358 1796 3934 1899 208 1608 166 4975 180 793 3920 5383 1090 906 288 1182 1489 807 886 241 3001 933 761 994 1086 296 497 424 3109 519 2286 3143 1368 824 2926 417 326 163 494 2091 2128 1153 1054 1813 597 5882 129 436 3354 517 9335 257 672 381 369 1071 466 1262 1534 174
internal_value=5.23727e-05 0.262501 -0.809572 -0.0794295 0.358744 0.112169 -0.493118 0.0819107 -0.193675 0.407791 -0.342492 -0.187073 0.319936 -1.06095 -0.405685 0.192197 0.233949 -0.199044 0.380974 -0.525078 -0.20266 -0.0629556 0.482249 0.31968 -0.451809 0.10087 0.0301081 0.084247 -0.622332 0.305736 0.0265363 -0.104547 0.307392 -0.897284 -0.12962 0.0744593 -0.8441 0.123881 -0.283525 0.217691 0.101955 -0.599017 0.0823009 -0.822466 -0.128078 -0.295133 0.0209803 0.518514 -0.399156 -0.190342 -1.18394 -0.886148 0.418081 0.535661 -0.300778 -0.446646 -0.583506 -0.761837 -0.961118 -0.432046 0.214615 -0.390747
internal_weight=112222 84750 27472 18615 66135 10973 12163 12456 5133 55162 8512 4498 25307 15309 6159 10997 7958 2978 5840 1759 5677 3529 29855 5447 2740 2446 2739 7077 2835 1217 6171 1513 6616 6572 3062 2599 3651 1906 1133 4751 2393 3181 2465 1650 1342 1979 1965 24408 1097 1522 8737 3443 14310 1865 968 930 750 3429 626 2148 1775 337
internal_count=112222 84750 27472 18615 66135 10973 12163 12456 5133 55162 8512 4498 25307 15309 6159 10997 7958 2978 5840 1759 5677 3529 29855 5447 2740 2446 2739 7077 2835 1217 6171 1513 6616 6572 3062 2599 3651 1906 1133 4751 2393 3181 2465 1650 1342 1979 1965 24408 1097 1522 8737 3443 14310 1865 968 930 750 3429 626 2148 1775 337
is_linear=0
shrinkage=0.05


Tree=25
num_leaves=63
num_cat=0
split_feature=50 46 36 50 62 107 121 107 124 103 119 68 86 62 119 106 121 121 126 40 36 40 106 133 113 70 87 113 119 50 119 117 126 120 123 123 93 80 58 119 113 119 120 121 124 91 89 46 85 103 131 121 121 119 123 103 126 11 48 119 130 92
split_gain=8.73492e+06 1.51662e+06 551021 424687 372157 223059 168495 127985 117461 114123 107107 95345.8 108753 93686 87740.1 83511.6 72185.1 79759 69991.3 67847.3 63618 60069 59896.3 57592 56443.9 51908 50715.6 60998.9 46932.9 45653.6 43357.2 42521.6 41311.1 40819.8 40766 39356.3 39273.5 42443.3 36318.4 35735.6 35663.8 32886.5 32058.2 31792.3 31609.7 31447.6 30561.8 30246.6 29304.7 28768.5 27311.3 26759.5 26619.7 25091.4 24865.8 24572.3 24358.2 23973.9 23226.2 23016.7 22986 22826.5
threshold=0.73412946901124332 0.28577990005600623 -0.046177084250017091 -0.010870845078228797 1.0408805941626358 0.0071970606900251506 -0.00021480205139864995 0.023227988217037154 0.50324551482973567 -0.0020718514242403997 0.0016373990218102503 -0.57336839119516059 -0.037609641667997039 -0.66225541918514785 0.0085004226714243524 0.051160429417197256 0.017499263941015305 -0.021456714358485899 0.52579830763112467 0.14318119177728267 1.4678177225878126 0.099508705244726561 -1.0000000180025095e-35 -0.019968225324810299 0.0021465004193399503 0.51605016842289897 0.20077712232760184 0.0030370357133816506 0.048058295200026156 0.36755342168257521 0.020041163287812504 -0.017816381230802748 1.0000000180025095e-35 -0.013558340461412648 0.00083399395886985005 0.011663706095905151 0.38806604977143649 -0.90620912821564692 -0.59473202967821803 0.028739762562267752 0.008882810588686502 0.033384769713616508 1.0000000180025095e-35 -0.017258641605390347 -0.1302859734842978 0.27393849038667462 0.036860083054684654 -0.40329311321136602 0.42656214292306066 0.016355052269202652 0.032155008692473654 0.022455220088369202 0.018052735654610106 0.024949890144253004 0.0018273406115797001 0.023484545869583952 -1.0000000180025095e-35 8142.9750000000013 -0.3977574120367075 0.028376282097251956 0.56872034445503894 -0.78246099966273663
decision_type=2 2 2 2 2 2 2 2 2 2 2 2 2 2 2 2 2 2 2 2 2 2 2 2 2 2 2 2 2 2 2 10 2 2 2 2 2 2 2 2 2 2 2 2 2 2 2 2 2 2 2 2 2 2 2 2 2 2 10 2 2 2
left_child=1 2 10 11 7 18 9 19 26 32 -1 58 -13 -12 44 22 17 40 33 -2 41 29 35 -16 46 57 -5 43 36 47 -20 -18 56 50 -33 51 54 -38 -39 55 -17 -6 -35 -28 -11 -10 -14 -8 60 -40 -4 -15 -26 -44 -19 -9 -7 -21 61 -34 -25 -3
right_child=4 3 5 8 20 6 21 39 45 14 13 12 24 15 23 16 31 28 30 25 -22 -23 -24 48 52 -27 27 -29 -30 -31 -32 34 59 42 -36 -37 37 38 49 -41 -42 -43 53 -45 -46 -47 -48 -49 -50 -51 -52 -53 -54 -55 -56 -57 -58 -59 -60 -61 -62 -63
leaf_value=0.4735287664928759 -0.65405321294376884 0.3970768886845355 0.24882055714145765 -0.07372400551530961 -0.86910676884015603 0.17996292839601025 0.41250269233279058 -0.55787926496954121 -0.56982715003359496 -0.44083395421387128 0.43526706374728097 0.34429907148325345 0.34486736520253997 0.33681849838349526 -0.87412134980692235 -0.057888052395066704 0.51507010601747494 0.44719434178882883 0.10976382950834751 0.12784603297251804 -1.1957138590723555 0.3513894756732347 0.58454107481303774 -0.04264323541764603 -0.30982182882490711 -0.45049792961940399 -0.94937974426895377 -0.72663436594243491 -1.1633663291813898 -0.46488891594671122 -0.46319071991720062 0.15739411809481682 -0.045050502620130273 0.63299084795992444 -0.89306530754991054 -0.1401913217163735 0.67696055306153102 0.31459452609807093 0.097472288643499508 -0.97514206269932091 -1.0552401942951339 -1.0822828391288659 0.38188809750022751 -0.2136674774441959 0.00040338344293371791 -0.88083084659737132 -0.12614067198608156 -0.053837886873192242 -0.6907201082316492 -0.24858471480279276 -0.14510802324808228 -0.39969992389577252 -0.80888892841803939 -0.068112037961477134 0.17332728847505302 -0.90869610332343764 0.77956058353049573 -0.78409887902438646 0.50429184125581139 -0.73403837892996238 -0.57081341980387867 -0.40469589746445883
leaf_weight=23838 2724 200 3258 1294 3987 752 528 1303 1571 568 12797 1229 461 6265 965 184 103 2314 1630 726 5242 2299 2286 644 1403 1685 159 1197 60 452 413 127 998 1253 335 495 316 1101 1656 2442 174 3380 3258 1805 1416 1706 1352 1014 482 941 508 125 330 342 1294 818 218 79 1151 137 302 158
leaf_count=23838 2724 200 3258 1294 3987 752 528 1303 1571 568 12797 1229 461 6265 965 184 103 2314 1630 726 5242 2299 2286 644 1403 1685 159 1197 60 452 413 127 998 1253 335 495 316 1101 1656 2442 174 3380 3258 1805 1416 1706 1352 1014 482 941 508 125 330 342 1294 818 218 79 1151 137 302 158
internal_value=0.00103828 0.221181 0.30948 -0.256637 -0.882651 0.0947687 -0.0656682 -0.651011 -0.504734 -0.226563 0.394069 0.0486597 -0.0608425 0.332101 -0.372029 0.25781 0.145903 0.184305 0.256897 -0.481614 -1.0622 0.177264 0.362784 -0.575806 -0.201317 -0.292783 -0.33747 -0.44538 0.218323 -0.023572 -0.00623099 -0.399923 0.0759416 0.319261 -0.604586 0.28908 0.22935 0.1217 0.0740816 -0.844428 -0.544224 -0.967046 0.415118 -0.273682 -0.126077 -0.731954 -0.00625116 0.106007 -0.373743 -0.0279658 0.195659 0.322351 -0.405266 0.339131 0.349048 -0.693542 0.315382 0.037489 0.394974 -0.128788 -0.21168 0.0430802
internal_weight=112250 89864 75848 14016 22386 21437 10775 9777 7732 6482 54411 6284 4775 30573 4377 17776 8605 8040 10662 5214 12609 4293 9171 2393 3546 2490 4455 3161 7682 1994 2043 565 2105 8619 462 6885 7622 4014 3698 4563 358 7367 4853 1964 1984 3277 1813 1542 1428 2597 3766 6390 1733 3600 3608 2121 970 805 1509 1135 946 358
internal_count=112250 89864 75848 14016 22386 21437 10775 9777 7732 6482 54411 6284 4775 30573 4377 17776 8605 8040 10662 5214 12609 4293 9171 2393 3546 2490 4455 3161 7682 1994 2043 565 2105 8619 462 6885 7622 4014 3698 4563 358 7367 4853 1964 1984 3277 1813 1542 1428 2597 3766 6390 1733 3600 3608 2121 970 805 1509 1135 946 358
is_linear=0
shrinkage=0.05


Tree=26
num_leaves=63
num_cat=0
split_feature=36 62 38 46 46 127 119 125 62 118 119 119 28 125 74 118 115 119 125 127 125 102 121 121 133 125 127 34 121 96 127 107 107 119 38 107 74 102 121 121 125 46 74 83 40 127 115 102 36 34 36 90 95 34 40 38 56 118 119 121 119 69
split_gain=7.9285e+06 951602 756088 342581 273765 233604 202889 158321 142763 122896 132987 116041 105560 88893.5 83199.3 79682.5 68731.6 67482.9 63764.9 62693.2 59583.7 57580.1 54620.6 53206 50745.7 48448.3 47820.4 45651.6 45568.2 45497.4 43580.8 42092 41915.7 37357.2 36715.8 36302.7 35910.1 35484.6 35453.3 34947.8 34618.4 34325.3 33784.1 33282.3 33273.1 32316.9 29570.8 29242.2 28539.9 28171.4 26879.1 26530.6 26507.9 26326.1 26108.7 26033.3 24641.3 24446.1 24158.3 24119.1 23797.4 23545.9
threshold=0.47378398340360889 0.096924879346443615 0.83279006809581413 0.28577990005600623 0.19235974644032158 0.010129584275473502 0.021473388418364454 0.011206592856483703 1.1936450547624256 1.0000000180025095e-35 0.022475646920972005 0.0099673252135461018 1.0067314114180774 -0.0016375165429257496 -0.099576420990319145 -1.0000000180025095e-35 0.022046459920346356 0.036302705638498606 -0.015043829140732797 0.016951776734006056 0.018025783838359302 0.05910070088890796 -0.030198551020894044 0.016011100820948806 -0.030962399173770399 0.016745683929637753 0.015865751712973605 -0.48446500517029795 0.021518757332868753 -0.57414542904758703 0.031999455782155607 0.040490882532887906 0.0021391869457209503 0.018646656549655204 1.881307202521344 -0.0059869953673753994 0.14412144604211527 -1.0000000180025095e-35 -0.024945307600690098 -0.00042498470384184998 0.0074135779675774506 2.5471100496579884 0.16889103492413277 0.57358723020312408 -0.061881181442015092 0.031384774663611302 0.013301593687250752 0.050937518441029055 -0.61673544581448281 -0.0088158312750256981 -0.20047115210169783 -0.93076672719248454 0.24548068789139246 0.20684743515511536 0.064778131905019673 0.20966984637274486 -0.5738483938038782 0.17697693047245433 0.0018460679053928003 0.0030435809546581006 0.049202948908975509 0.4908725045801105
decision_type=2 2 2 2 2 2 2 2 2 2 2 2 2 2 2 2 2 2 2 2 2 2 2 2 2 2 2 2 2 2 2 2 2 2 2 2 2 2 2 2 2 2 2 8 2 2 2 2 2 2 2 2 10 2 2 2 2 2 2 2 2 2
left_child=1 4 6 5 9 21 12 27 17 15 20 39 19 32 -9 25 26 42 -12 36 22 37 -11 38 -23 45 44 -6 -22 -16 50 -26 -13 -29 41 -8 55 -3 -20 47 -25 -10 -4 -31 -5 58 -27 -7 -40 -46 -24 -50 59 -21 -52 -2 -48 -37 -1 -15 -53 -34
right_child=2 3 8 16 7 11 35 14 34 10 18 13 -14 52 29 -17 -18 -19 23 53 28 24 30 40 31 46 -28 33 -30 43 -32 -33 61 -35 -36 57 -38 -39 48 -41 -42 -43 -44 -45 49 -47 56 -49 51 -51 54 60 -54 -55 -56 -57 -58 -59 -60 -61 -62 -63
leaf_value=0.46928063981206614 0.10583411874404512 0.27872356187028835 -0.80139975126549035 -0.49444778029027642 0.41401884368480113 0.12373981142318563 -0.24176583587866995 -0.60343112016444689 -0.92330625462357085 -0.40696295289508194 -0.93948623700149414 -0.18977239408049873 -0.63117689744588767 -0.13525116662499703 0.42224010481867336 0.56648270171338522 -0.62207374777459168 -1.000639910202465 -0.68744535812242769 -0.026468881517226567 0.084202351482486781 -0.31952491417093754 0.41552880212993409 0.14629618210836928 0.2098571849076466 0.23176595966204913 -0.60501671046172756 0.21584589125911707 -0.95157317136891373 0.014502166348978674 0.044548450231893487 -0.62703602057469043 -0.0013184530099472369 -0.18956673824578366 -1.1867697233869661 -0.48830209902927263 0.14538121642118859 0.62792749248349211 0.34545219795599375 0.27941067921433305 -0.83766711950302131 -1.1960718337039193 -0.557459871243563 -0.38996050116502451 0.25266263585715676 0.1155457459426176 0.52432176601141689 -0.3150466239464817 0.68308911159867425 -0.18219265288877468 0.16394808994517149 0.045429442323296265 -0.50144254920472431 -0.53254677916320914 0.38926386696958648 -0.32467819851355634 -0.57499117239198017 -0.80768271206687148 0.35633074638498397 0.41629226900935179 -0.89729439918545717 -0.88043942087278626
leaf_weight=10355 540 3323 2750 489 2223 759 435 909 5356 230 158 346 1151 956 429 8722 2331 2214 126 352 776 635 15276 140 3077 675 724 2316 122 1321 1003 157 82 752 3314 802 2054 932 1362 1051 245 1490 2964 826 585 930 63 758 159 1021 2427 2244 376 952 2739 1001 252 2442 8766 249 68 1070
leaf_count=10355 540 3323 2750 489 2223 759 435 909 5356 230 158 346 1151 956 429 8722 2331 2214 126 352 776 635 15276 140 3077 675 724 2316 122 1321 1003 157 82 752 3314 802 2054 932 1362 1051 245 1490 2964 826 585 930 63 758 159 1021 2427 2244 376 952 2739 1001 252 2442 8766 249 68 1070
internal_value=-0.00191383 0.239029 -0.734113 -0.0733646 0.329113 0.0567477 -0.37862 0.0691882 -0.92529 0.369244 0.292136 -0.190236 -0.200511 -0.397181 -0.192451 0.439376 -0.421226 -0.766041 0.0439927 -0.0992191 0.341622 0.228429 0.358157 0.0799718 0.0887987 0.386663 -0.254985 0.241525 -0.0574174 -0.0472496 0.366381 0.169048 -0.673056 0.116445 -1.04947 -0.671382 0.00853368 0.355342 0.134575 0.0579455 -0.48041 -0.982838 -0.674981 -0.141213 -0.133788 0.403521 0.0451641 -0.0955719 0.161769 -0.023734 0.382169 0.0604248 -0.135529 -0.396062 0.283462 -0.173846 -0.354165 -0.728898 0.41752 -0.0210301 0.0173263 -0.817919
internal_weight=112352 84535 27817 18921 65614 13771 9729 8776 18088 56838 27075 5647 6050 3079 3485 29763 5150 7928 4502 4899 22573 8124 21675 4344 3869 21041 2819 5291 898 2576 21445 3234 1498 3068 10160 3679 3595 4255 3959 2568 385 6846 5714 2147 2095 20051 990 1517 3833 1606 20442 2471 1581 1304 5166 1541 315 3244 19121 1205 2312 1152
internal_count=112352 84535 27817 18921 65614 13771 9729 8776 18088 56838 27075 5647 6050 3079 3485 29763 5150 7928 4502 4899 22573 8124 21675 4344 3869 21041 2819 5291 898 2576 21445 3234 1498 3068 10160 3679 3595 4255 3959 2568 385 6846 5714 2147 2095 20051 990 1517 3833 1606 20442 2471 1581 1304 5166 1541 315 3244 19121 1205 2312 1152
is_linear=0
shrinkage=0.05


Tree=27
num_leaves=63
num_cat=1
split_feature=50 36 46 40 125 36 38 118 127 118 125 119 58 125 80 119 113 80 127 58 115 38 123 131 121 115 111 119 123 111 135 122 125 131 115 121 111 125 58 127 121 46 87 112 113 46 40 118 113 115 121 94 136 40 68 125 115 111 125 87 85 127
split_gain=7.14439e+06 996928 704145 263879 213116 207863 182078 157013 127988 112059 95350.1 92664.9 90900.2 85174 72983.8 72301 69056.2 66541.8 61570.1 54192.7 52179.9 51746.1 46800.2 46330 48951 44729 43462.3 40492.4 40408.7 40225.5 39558.5 39283.8 72800.7 38976.3 37644.2 36892.4 35916.2 35579.2 34398.9 33226.9 33156.3 33110.9 32053.7 31299 31006.2 29851.2 29570.4 28718.9 28173.8 27469.9 27496.5 27151.2 26460.8 26305.5 37579.9 26204 25448 25369.9 24758.9 24478.7 27257.1 23961.4
threshold=0.40137750184116422 0.71177335840418099 0.28577990005600623 0.14318119177728267 0.012149486559475 -0.4043480916520325 1.3232495567617601 1.0000000180025095e-35 0.013872514819274852 -1.0000000180025095e-35 -0.0058913958803108986 0.034766575783835553 0.85258921254035924 0.017679798417227905 -0.21426557522645304 0.032522274088772861 0.0028500996541694504 -0.03200086003559454 0.023961951406823254 0.72984648306161126 0.026903411306699102 -0.091711298118045986 0.0022719718226996504 0.0048550694464205508 -0.017258641605390347 0.018412981600912103 0.025627501793202404 0.022229458935930903 0.009985711352791601 -0.016413373117263097 -0.012613428212198899 0.023425005862483052 0.017356476450846103 0.023004529119984251 -0.0061087172605522487 0.022455220088369202 -0.020200944131318944 -0.0072449597554572987 1.7468173823535105 0.016390548557440952 -0.012657039149428949 2.5471100496579884 0.19861382888901788 0.027520112527999605 0.012167954699086452 1.0282967574650779 0.076515746515405214 0.19995057127018986 0.010909781864185902 0.020050482969804505 -0.018533734935033148 0.20851492427624788 0 0.14694424286628197 -0.72594041085676164 0.012149486559475 0.035476323304562955 0.014466795511805451 -0.010148232124606449 0.40734560992758023 0.3695697976249625 0.0017727180670022002
decision_type=2 2 2 2 2 2 2 2 2 2 2 2 2 2 2 2 2 2 2 2 2 2 2 2 2 2 2 2 2 2 2 2 2 2 2 2 2 2 2 2 2 2 2 2 2 2 2 2 2 2 2 10 1 2 2 2 2 2 2 2 2 2
left_child=2 3 5 11 21 31 15 9 13 18 34 17 14 23 47 20 45 19 25 30 37 53 -15 -9 -25 46 56 -26 -16 -12 -2 -1 49 42 -10 -34 -20 61 41 -13 -23 -8 48 -11 -36 -6 -7 -5 -14 50 -33 -39 -21 54 -4 -27 -18 -51 -49 60 -56 -3
right_child=1 6 4 12 16 7 38 8 10 43 29 39 33 22 28 -17 26 -19 36 52 -22 40 -24 24 27 55 -28 -29 -30 -31 -32 32 35 -35 44 -37 -38 51 -40 -41 -42 -43 -44 -45 -46 -47 -48 58 -50 57 -52 -53 -54 -55 59 -57 -58 -59 -60 -61 -62 -63
leaf_value=0.43262616399687004 -0.32602067770828547 -0.25328178557630149 0.48350069532661843 0.49375765439330577 -0.065885327820232986 0.22473827846311401 -0.88314062560637818 0.33164985601090696 -0.95983310041166625 0.59208316781178449 -0.42925076935246892 -0.58059931237772178 0.16825160705142891 0.071895590976644788 -0.029885550976663202 -0.89006757266302206 -0.31322535710347565 -0.58571592597310074 -0.79666311634717069 0.13875938609138236 -0.82111875427356162 -0.68381763491524417 -0.70862954474572781 -0.49546463211578157 0.22650852338393057 0.11100877115085944 -0.90671990414504455 -0.13920809390535424 -0.76748748728340233 0.081646125831748032 0.10906268739134305 0.021100687883482103 0.0052119346038235134 -0.56907173520528176 -0.19422938433255404 -0.92506353097368577 0.028483562358031334 -0.37981781293933947 -1.1445969585793381 -0.99300964393676205 -0.025747503578983724 -1.1433980112873041 -0.36406967601026019 -0.13890882076975566 -1.1020580351352691 -0.45609785090269084 0.39672858411512107 -0.52015486949504441 -0.64921130525671744 0.20643814953859729 0.383200057474963 -0.80337319243591532 -0.62495277860038034 0.4884621191487975 0.35120227185725161 -0.62544443249387083 -0.68753008915639369 -0.63656837351265416 0.22207416014933085 -0.75211662852621464 -0.069724553835829012 -0.93497278654835947
leaf_weight=23156 949 162 625 1109 2033 4544 5595 5688 337 3767 442 1006 817 389 1086 3103 1655 2304 147 132 1789 218 378 296 4432 334 564 912 223 2956 1160 549 613 742 654 128 1210 3115 2953 961 1520 1584 826 152 109 645 5568 131 120 305 11699 431 887 754 589 188 627 125 755 93 1104 648
leaf_count=23156 949 162 625 1109 2033 4544 5595 5688 337 3767 442 1006 817 389 1086 3103 1655 2304 147 132 1789 218 378 296 4432 334 564 912 223 2956 1160 549 613 742 654 128 1210 3115 2953 961 1520 1584 826 152 109 645 5568 131 120 305 11699 431 887 754 589 188 627 125 755 93 1104 648
internal_value=-0.00197816 -0.62546 0.253583 -0.290439 -0.129403 0.311394 -0.853759 0.219376 0.111756 0.331601 -0.115937 -0.488443 -0.0381988 0.196436 0.134008 -0.69318 -0.342338 -0.38184 0.255702 -0.231532 -0.593631 0.110523 -0.313192 0.230966 0.129385 0.296173 -0.513792 0.164081 -0.156033 0.0150837 -0.0867762 0.393159 0.325028 -0.265296 -0.520318 -0.156514 -0.0614231 -0.500035 -1.00024 -0.782489 -0.108636 -0.940716 -0.137194 0.563703 -0.325192 -0.160004 0.319472 0.324298 0.06298 0.353183 0.366972 -0.431511 -0.53075 0.230867 0.150139 -0.154916 -0.416325 -0.0395303 0.111869 0.0332763 0.0768381 -0.799115
internal_weight=112093 32588 79505 13208 10427 69078 19380 32503 16593 15910 4498 7399 5809 12095 3304 9248 5524 5432 11991 3128 6145 4903 767 11328 5640 10634 2846 5344 1309 3398 2109 36575 13419 2505 1100 741 1357 4356 10132 1967 1738 7179 1763 3919 763 2678 10112 1995 937 12678 12248 3546 1019 3165 2411 522 2282 430 886 1786 1693 810
internal_count=112093 32588 79505 13208 10427 69078 19380 32503 16593 15910 4498 7399 5809 12095 3304 9248 5524 5432 11991 3128 6145 4903 767 11328 5640 10634 2846 5344 1309 3398 2109 36575 13419 2505 1100 741 1357 4356 10132 1967 1738 7179 1763 3919 763 2678 10112 1995 937 12678 12248 3546 1019 3165 2411 522 2282 430 886 1786 1693 810
cat_boundaries=0 1
cat_threshold=8
is_linear=0
shrinkage=0.05


Tree=28
num_leaves=63
num_cat=2
split_feature=36 62 62 119 119 115 114 125 107 36 90 136 121 50 107 80 121 107 123 111 103 125 115 56 119 107 136 125 127 127 121 127 106 114 74 125 125 56 103 113 120 127 92 103 113 118 74 83 36 110 113 103 92 123 119 80 34 125 115 133 121 127
split_gain=6.55424e+06 750932 646339 260563 210304 181693 188482 164914 141691 137570 106567 100400 94418.4 96479.8 78847.5 73446.6 72362.2 71626.5 69530.3 63730.5 62824.1 57813.7 55920.3 54682.6 54235.3 51556 51471.6 51017.1 46215.7 43795.8 38762.9 37917.3 37585.2 36966 36600.8 36459.7 35952.8 35723.4 34780.1 33727.5 36226.2 33310.1 32841.9 31723.1 29953.3 29028.9 27540.2 27416.9 27339.8 26721.2 25202.9 25110.1 24822.1 24705.6 24510.7 24183.9 23930.9 23668 24447.6 23103.2 22513.9 22500.3
threshold=0.41429027674761038 0.72287450756812555 0.018992608921431755 0.0134554546920222 0.020761609160606102 0.014350299952027452 0.0080078900502937519 0.010500147550235353 0.0069846871157261516 1.1068569198184883 -0.18955014776886239 0 -0.0020048191463849494 -0.64535767017405454 0.020072895612905105 -0.90620912821564692 0.010498867683111651 0.024105030590111206 0.0015829855917081502 0.017553826844579203 0.0051176527262116007 0.016152794380576155 0.0030298649783828502 0.48770974413026641 0.026432172017346704 -0.0059869953673753994 1 0.010848581839144552 0.0046541622040517511 0.0084861028948326513 -0.0050308178002270486 0.018704586753870354 0.17724854341534263 -1.0000000180025095e-35 0.14168183519534686 -0.0076286597217435489 0.0074135779675774506 -0.40475720877660221 0.00058481067625000007 0.025632691370479552 -0.055260450326670443 0.023221076063857704 -0.14207015897135947 0.010292807168454403 0.0014173465713082504 1.0000000180025095e-35 0.12576368127547102 0.38559396445663729 1.756728466506672 -0.18077211569155352 0.030399100922693805 0.030518917987161553 0.24208730496537953 0.0037162274045497504 -0.0048998273052023988 -0.86510360445847223 0.13240840594535488 -0.0072449597554572987 0.018711378596752003 -0.011601557423464149 0.012660524261976802 0.00058531016966685014
decision_type=2 2 2 2 2 2 2 2 2 2 2 1 2 2 2 2 2 2 2 2 2 2 2 2 2 2 1 2 2 2 2 2 2 2 2 2 2 2 2 2 2 2 2 2 2 2 2 8 2 2 2 2 2 2 2 2 2 2 2 2 2 2
left_child=2 4 5 10 14 11 33 60 23 24 28 16 13 -13 21 52 -1 39 26 47 45 29 -18 38 34 -6 -12 -24 -4 -2 54 50 -22 -7 -3 -19 56 -21 -5 51 -41 48 44 46 -29 -10 -16 -9 -11 -40 -27 -17 -15 -39 -30 -14 -20 -47 -59 -28 -8 -57
right_child=1 9 3 8 25 6 7 19 20 41 18 12 55 15 43 17 22 35 36 37 32 -23 27 -25 -26 31 59 42 30 -31 -32 -33 -34 -35 -36 -37 -38 53 49 40 -42 -43 -44 -45 -46 57 -48 -49 -50 -51 -52 -53 -54 -55 -56 61 -58 58 -60 -61 -62 -63
leaf_value=0.44929396490089318 0.19788759170217429 -0.68890153250018293 0.3998846201780541 0.35180168269840295 -0.049670502559706904 0.20418082190095604 0.25297637094094599 0.030580226960644771 0.13800731747439537 -0.8073495476185667 0.32014904328763039 0.32087758248572285 0.60302501308837997 0.62110680487239733 -0.4816736595111743 0.16402893788297174 0.41570835102603199 -0.83850180617066372 0.26285383271199936 0.46316542117322079 -0.29932525753196315 -0.38372094482305336 0.24013114622072043 -0.38646620034137702 -0.81462798865019581 -0.48072015453814188 -0.45455803241822629 -0.0075601763811187815 0.21498151249787978 -0.14625425064591524 0.26804473649156257 -0.85460496121316842 -0.64728022802911411 0.52954355283809262 -0.39684826701698223 -0.19975885817225844 -0.39911430804063835 -0.46859705848105115 -0.31369821226599015 -1.0464353516697884 0.25445544027619893 -1.0436953621062404 0.34806321569283133 -0.56235926562892224 -0.68082910196730873 -0.75133366580510985 0.033967439890447919 -0.33274290962398934 -1.0631210566569143 0.12525040986158606 -1.1001812297306703 -0.1485434253634659 -0.40668696591487302 -1.0504789686809022 -0.24352412311208235 0.43002916719129242 -0.3149630343873675 -0.047597491910501735 -0.54554557654056646 0.06551737460230167 -0.11253116450929251 0.28877356083144917
leaf_weight=23017 2277 2259 3325 1076 400 1473 2631 881 574 4634 1474 6135 1042 639 451 3584 2077 292 444 60 1243 916 1442 626 3530 2243 384 280 451 1555 2130 1392 2078 2149 2054 945 1417 325 511 132 89 4773 183 1197 402 226 606 1263 1367 1073 177 782 64 423 820 5063 299 840 348 479 501 6390
leaf_count=23017 2277 2259 3325 1076 400 1473 2631 881 574 4634 1474 6135 1042 639 451 3584 2077 292 444 60 1243 916 1442 626 3530 2243 384 280 451 1555 2130 1392 2078 2149 2054 945 1417 325 511 132 89 4773 183 1197 402 226 606 1263 1367 1073 177 782 64 423 820 5063 299 840 348 479 501 6390
internal_value=0.000744702 -0.633961 0.23142 -0.0172732 -0.310692 0.310576 0.111806 -0.0582062 -0.22443 -0.828656 0.141381 0.34728 0.274673 0.178535 -0.142719 0.044712 0.413678 -0.0135955 -0.0470427 -0.326288 -0.38412 -0.0270911 0.22757 0.0336117 -0.66916 -0.589829 0.141944 0.0580825 0.267349 0.0582354 0.137696 -0.646481 -0.517175 0.397317 -0.54994 -0.351093 -0.251487 -0.704466 0.13258 0.0774759 -0.523761 -0.944688 -0.245329 -0.386166 -0.404829 -0.161701 -0.186293 -0.183504 -0.865781 -0.0164634 -0.526464 0.108022 0.527093 -0.798619 -0.0807875 0.372293 0.0302165 -0.283376 -0.193797 -0.164252 0.194492 0.35125
internal_weight=111913 29831 82082 19818 11214 62264 9706 6084 8595 18617 11223 52558 25157 12662 7002 6527 27401 5824 4497 2952 5309 4748 4384 3286 7843 4212 2337 2307 6726 3832 3401 3812 3321 3622 4313 1237 2160 808 2660 4587 221 10774 865 2254 682 1988 1057 2144 6001 1584 2420 4366 703 748 1271 12495 743 1414 1188 863 3132 11453
internal_count=111913 29831 82082 19818 11214 62264 9706 6084 8595 18617 11223 52558 25157 12662 7002 6527 27401 5824 4497 2952 5309 4748 4384 3286 7843 4212 2337 2307 6726 3832 3401 3812 3321 3622 4313 1237 2160 808 2660 4587 221 10774 865 2254 682 1988 1057 2144 6001 1584 2420 4366 703 748 1271 12495 743 1414 1188 863 3132 11453
cat_boundaries=0 1 2
cat_threshold=12 12
is_linear=0
shrinkage=0.05


Tree=29
num_leaves=63
num_cat=0
split_feature=62 36 36 119 115 119 23 62 107 106 106 124 74 106 124 119 111 113 106 107 74 106 126 107 103 68 74 115 74 92 38 22 68 103 103 113 103 111 34 107 103 111 119 38 113 115 34 70 74 103 79 87 113 113 56 111 126 68 74 119 82 111
split_gain=5.93044e+06 732762 534700 370842 191919 153812 130228 109523 104851 90104.2 90141.3 90056.9 81480.4 74839.5 70240.3 67693.5 60296.2 56109.5 55698.5 48732.9 48399.5 47411.1 45009.1 44955.4 43124.5 39334.9 48026.6 37606 37303.5 40197.5 35428 32871.3 32742.1 31780.8 31711.2 31320.7 30419.8 30135.9 30084.2 29228.3 28342 26653.5 26650.3 26329.6 26173.3 25794 24802.5 24209.2 23913.8 23625.6 22554.3 22477.6 22185.5 21983.3 21603.9 21530 20955.8 20589.4 20507.6 20166.1 19950.4 19840.9
threshold=0.49163230410034042 -0.046177084250017091 0.74487126927353831 0.023281410384020155 0.016469755694094503 0.021473388418364454 0.21533998681304653 1.1936450547624256 0.024402149538143902 0.058243927970229308 -1.0000000180025095e-35 0.31769224748440933 0.075092103994185311 1.0000000180025095e-35 0.086026981693706664 0.020274291529362203 -0.0067348753359300498 0.0071162999056672014 -1.0000000180025095e-35 0.0048234380564038002 -0.099576420990319145 1.0000000180025095e-35 0.29603913674234267 0.026246809155814652 -0.011582833133926898 -0.62414114592034664 0.14168183519534686 0.020050482969804505 0.096743125747934158 0.42816908658938518 0.16820624122440703 0.055467188190660356 -0.57336839119516059 -0.011953631287466498 0.028277310673913203 0.0017367073584971502 0.0097673087226299009 -0.00023945184245359997 -0.19784601467078583 0.0041674391510618013 0.03608659558842376 0.012083725403321201 0.037334129222126554 1.9291894144629651 0.0014515895597272501 -0.0068563107344228489 0.17011421612583222 0.61518311534814463 0.081129666766626765 0.0017294485598956502 0.23619077572730648 0.25124276900289955 0.0051921886915364006 0.0010969683646040501 -0.079950949983578989 -0.027671763246549349 0.98746829765715038 -0.4448849045853604 0.066340562506553111 0.011475859854855051 0.29395667524350283 -0.0040434423660948996
decision_type=2 2 2 2 2 2 2 2 2 2 2 2 2 2 2 2 2 2 2 2 2 2 2 2 2 2 2 2 2 2 2 2 2 2 2 2 2 2 2 2 2 2 2 2 2 2 2 2 2 2 2 2 2 2 2 2 2 2 2 2 10 2
left_child=1 6 5 4 8 12 13 19 16 10 42 25 30 18 54 27 33 37 40 51 -13 -12 49 36 -7 -8 44 38 29 31 -2 -18 -22 -3 59 46 -11 -14 -15 -35 -1 -29 -5 48 60 -25 -17 -39 -9 -10 -50 -4 -30 -16 -6 -37 -40 -42 -51 -21 -27 -26
right_child=2 3 7 9 14 24 11 43 22 23 21 20 17 15 53 35 28 -19 -20 34 32 -23 -24 45 61 26 -28 41 52 -31 -32 -33 -34 39 -36 55 -38 47 56 -41 57 -43 -44 -45 -46 -47 -48 -49 50 58 -52 -53 -54 -55 -56 -57 -58 -59 -60 -61 -62 -63
leaf_value=0.3649567451078648 -0.046614770597546415 0.29864068640567337 -0.18993354136201424 -0.20425961494150455 0.32113359320199253 -0.16598342553726542 0.40667328275118636 -0.94814236282355879 0.24901844148700555 -0.17121363318434027 0.660339898497733 -0.52959547780360239 -0.084633575275542439 0.3505937750257565 -0.1681946875840809 0.21937421645251801 0.28121773426787955 -0.42132829008844325 0.5065923863345615 -0.41872664599908155 0.38705369828563962 -0.30324145992333329 -0.35850557502754299 -1.2471724794379302 -0.76707244650845385 0.046404555644467826 0.3766377701528123 0.1705947057519962 0.4137225594228176 -0.41298737984044592 -0.5351524148480632 -0.13890908944840527 -0.12394762070595905 0.12737846344916356 -0.85153771223060337 -1.0339669298558007 -0.55488451073795453 0.31875405258226053 0.22963669772799281 -0.18492772565540486 0.27995976651623544 -0.50868830205093141 -0.66076299679463391 -1.0381667970881969 -0.16316522928555272 -0.65717305532592218 -0.34007025081319392 -0.31110143578469251 -0.65796314472535689 -0.32513787703450509 -0.92348063467546637 -0.60522400377543051 0.16274919320243175 -0.49167433592754173 -0.13382555319174649 -0.084530854507448155 -0.19602541240157598 -0.078534794420100501 0.093716892191479287 -0.68943160179740226 0.48376294029205608 -0.52536680337025954
leaf_weight=17756 473 1010 705 1336 526 527 1977 3636 796 928 446 594 1791 15107 757 2406 2745 802 7474 911 403 178 1115 223 1797 1050 1337 396 4695 280 1725 560 1398 1529 2617 62 1168 1111 3686 1467 1142 226 420 2932 1201 1127 215 176 2058 552 1329 607 1086 1725 516 1150 313 616 619 2890 346 1634
leaf_count=17756 473 1010 705 1336 526 527 1977 3636 796 928 446 594 1791 15107 757 2406 2745 802 7474 911 403 178 1115 223 1797 1050 1337 396 4695 280 1725 560 1398 1529 2617 62 1168 1111 3686 1467 1142 226 420 2932 1201 1127 215 176 2058 552 1329 607 1086 1725 516 1150 313 616 619 2890 346 1634
internal_value=-0.00176077 0.206084 -0.636495 -0.016075 0.0862878 -0.344942 0.303484 -0.801919 0.158008 -0.367043 -0.130359 0.119984 -0.186934 0.333633 -0.248531 0.268495 0.2186 -0.0491112 0.390487 -0.660512 -0.138624 0.385427 -0.104872 -0.530425 -0.587474 0.224772 0.133279 0.305851 0.288032 0.161251 -0.43009 0.210011 -0.00945229 0.0562368 -0.7173 0.0761981 -0.385178 0.0479786 0.318307 -0.0255538 0.345994 -0.0766391 -0.31376 -0.911642 0.00789543 -0.755483 0.173371 0.232445 -0.85868 0.0390096 -0.762389 -0.382383 0.366612 -0.393122 0.0959248 -0.133912 0.19628 0.154371 -0.103837 -0.624678 0.155073 -0.652148
internal_weight=112380 84659 27721 25804 19978 10036 58855 17685 16454 5826 2380 8306 6078 50549 3524 23561 13372 3880 26988 7730 2395 624 3082 3446 3958 5911 3934 19728 9366 3585 2198 3305 1801 4006 6418 3833 2096 3078 19106 2996 19514 622 1756 9955 2597 1350 2621 1287 7023 1967 3387 1312 5781 2482 1042 1212 3999 1758 1171 3801 1396 3431
internal_count=112380 84659 27721 25804 19978 10036 58855 17685 16454 5826 2380 8306 6078 50549 3524 23561 13372 3880 26988 7730 2395 624 3082 3446 3958 5911 3934 19728 9366 3585 2198 3305 1801 4006 6418 3833 2096 3078 19106 2996 19514 622 1756 9955 2597 1350 2621 1287 7023 1967 3387 1312 5781 2482 1042 1212 3999 1758 1171 3801 1396 3431
is_linear=0
shrinkage=0.05


Tree=30
num_leaves=63
num_cat=0
split_feature=36 62 62 46 119 126 119 113 124 125 118 38 118 119 125 46 34 93 121 125 87 121 106 120 120 126 125 125 103 106 111 93 121 113 93 113 121 103 40 100 125 72 119 94 125 111 34 125 121 36 119 121 111 119 34 113 125 111 103 135 106 40
split_gain=5.30709e+06 633288 503202 321466 165455 163201 136464 120496 106854 126077 94836.7 84610.3 74464.8 78315 73739.7 61542.8 59595.3 56497 53147.8 52147.3 48482.9 47479.6 46339.2 38882.1 46173.9 38332.7 38087.5 37258.8 35380.1 33223.7 32023.4 30917.9 37878.3 30041.1 29783.3 29593.5 29040.5 28622.4 28275.9 41668.2 28046.6 27640.5 27190.1 25857.2 25585 25432 27517.9 25429.8 24790.9 24583.2 23879 23367 23322.5 24963.1 22773 21428.4 20729.1 20539.9 20493.9 20453.5 20228.8 20125.4
threshold=0.47378398340360889 -0.094549662550914529 0.81378850922785717 0.22047034980306554 0.020761609160606102 0.29603913674234267 0.023013807689618953 0.0026803571792694504 0.42985554391708419 0.019542734409225802 0.12692935097040847 1.3828535543889449 0.25628442612943508 0.026125352728409903 -0.0076286597217435489 0.90967611886106026 0.6500636489309356 0.38973740536125895 -0.0063676555888824487 -0.0021028397199069995 0.25124276900289955 0.013656780752309352 1.0000000180025095e-35 -1.0000000180025095e-35 0.0045925243570276008 0.62631694972644025 0.038812773535239604 -0.013146045974934299 0.019531094526751506 -1.0000000180025095e-35 -0.0026079435863379996 0.42563188256736445 0.013998508075783102 0.010909781864185902 0.43579477249478865 0.00085125365532120014 -0.028645817064950948 0.026518500268810453 -0.064388566304430281 -0.43461339962966 -0.010148232124606449 -0.97777418082066248 0.015437156665668353 0.028663172195555555 0.018025783838359302 0.022095051709246857 0.13240840594535488 -0.011699796772888548 0.0091807495104470008 -0.74751308623546686 1.0000000180025095e-35 -0.010906124918550149 -0.0046766320841109491 0.015849054385667204 -0.067101989402627446 0.011707751645955401 -0.010148232124606449 -0.0039083270994376496 0.033812378080935603 0.016889127682468755 0.14957078802011028 0.068972244132672764
decision_type=2 2 2 2 2 2 2 2 2 2 2 2 2 2 2 2 2 2 2 2 2 2 2 2 2 2 2 2 2 2 2 2 2 2 2 2 2 2 2 2 2 2 2 10 2 2 2 2 2 2 2 2 2 2 2 2 2 2 2 2 2 2
left_child=1 8 4 5 15 10 18 17 12 21 23 26 22 36 42 16 25 38 33 -8 45 -10 29 -3 -25 50 47 -15 55 -1 -18 32 -24 43 -13 -23 -14 -20 -5 -40 -6 -33 -12 -7 54 46 -9 -4 -11 -29 -2 -21 53 -43 -38 61 -52 59 -51 -30 -42 -16
right_child=2 3 11 7 40 6 19 20 9 48 14 34 13 27 28 -17 30 -19 37 51 -22 35 31 24 -26 -27 -28 49 57 -31 -32 41 -34 -35 -36 -37 44 -39 39 -41 60 52 -44 -45 -46 -47 -48 -49 -50 58 56 -53 -54 -55 -56 -57 -58 -59 -60 -61 -62 -63
leaf_value=0.35254555070650967 0.28438892142126665 0.18588564787638961 -0.8940061825503598 -0.25866146384468003 -0.86872079725735896 -0.038774335189361658 -0.78982468596665445 -0.0027188275763752063 0.26303810831682445 -0.20083998639185663 -0.079263756353729009 -0.78113967289798814 -0.31203821492644979 -0.89943719300295211 0.11333604698181399 -0.53119467886845373 -0.50667527493933839 -0.31714812002156262 0.2067352605067912 -0.73274649110749179 -0.6738751129254128 0.29208592483470608 0.38122126329072931 0.62255701531470675 0.28948582780604803 -0.34092514822935271 -0.84148140656234571 0.28234003381366318 -0.40139591051405121 0.48372243979227375 -0.10124822901572672 0.38800665745517815 0.01870810406784567 -0.78709068932304427 -0.96151754287929903 -0.41844116491376709 0.31653421963522632 -0.14291613001538359 -0.34764272540044683 0.28166196457585263 -0.35974030788581901 0.11369557101488609 -0.59543843335434044 -0.61335600721489258 -0.055979206951951466 -0.74341404380205911 -0.4151330260014291 -0.54357588484591768 -0.70542270348992497 -0.021254265540307252 -0.52861475431719307 -0.051332813096521185 0.23729351919195449 -0.29668976960828414 0.12971428569285548 -0.2216262992861131 0.036848656116911981 0.10307643689000263 -0.51277643210136348 0.34231849758486665 -0.60389438097177728 0.37743505032100372
leaf_weight=12493 1010 2782 581 495 682 1256 796 720 3729 530 533 4462 211 120 1213 1039 1124 1537 2861 161 1759 214 7901 1762 2548 633 1889 574 533 7890 860 1511 793 195 4796 460 11963 735 320 1458 1302 1491 489 231 552 288 922 4920 451 1339 178 564 2717 492 1891 238 1713 831 251 111 2468 1783
leaf_count=12493 1010 2782 581 495 682 1256 796 720 3729 530 533 4462 211 120 1213 1039 1124 1537 2861 161 1759 214 7901 1762 2548 633 1889 574 533 7890 860 1511 793 195 4796 460 11963 735 320 1458 1302 1491 489 231 552 288 922 4920 451 1339 178 564 2717 492 1891 238 1713 831 251 111 2468 1783
internal_value=0.000901524 0.197277 -0.600444 -0.00192886 -0.33813 0.10449 -0.0935318 -0.280362 0.291116 0.0790218 0.209483 -0.773877 0.312994 0.226668 0.0582044 -0.178365 -0.111846 -0.0831064 0.0267441 -0.510643 -0.484009 0.19324 0.354332 0.331706 0.425764 0.0112892 -0.647497 -0.045596 0.141766 0.403344 -0.331075 0.287284 0.348162 -0.205174 -0.874676 -0.192745 0.269211 0.135249 0.0752223 0.16827 -0.573342 0.202028 -0.32658 -0.128386 0.277745 -0.310707 -0.234405 -0.580743 -0.433296 0.00214556 0.0882335 -0.203455 0.142168 0.0117771 0.291045 0.234302 -0.0166297 -0.0611424 -0.0991203 -0.272877 -0.519692 0.270582
internal_weight=112351 84694 27657 27121 11009 19622 6799 7499 57573 5384 12823 16648 52189 16901 5731 6557 5518 3810 5278 1521 3689 4403 35288 7092 4310 3534 7390 2284 4709 20383 1984 14905 8694 1682 9258 674 14617 3596 2273 1778 4452 6211 1022 1487 14406 1930 1642 5501 981 2164 2901 725 4700 1983 13854 3234 1891 1475 1590 644 3770 2996
internal_count=112351 84694 27657 27121 11009 19622 6799 7499 57573 5384 12823 16648 52189 16901 5731 6557 5518 3810 5278 1521 3689 4403 35288 7092 4310 3534 7390 2284 4709 20383 1984 14905 8694 1682 9258 674 14617 3596 2273 1778 4452 6211 1022 1487 14406 1930 1642 5501 981 2164 2901 725 4700 1983 13854 3234 1891 1475 1590 644 3770 2996
is_linear=0
shrinkage=0.05


Tree=31
num_leaves=63
num_cat=0
split_feature=50 62 56 74 34 74 80 112 38 11 123 120 121 127 103 123 74 106 96 123 82 93 94 106 116 127 11 121 56 96 121 81 74 121 80 34 127 127 38 56 20 80 101 84 55 127 127 121 90 38 123 42 70 69 38 87 75 70 121 121 80 56
split_gain=4.82705e+06 703950 440716 245386 235676 163488 123357 111179 87506.4 82190.8 81973.7 97701.9 105317 81207.4 79899.4 69205.1 60161.6 60008.7 56255.6 54149 52109 44878.4 43581.2 42824.3 42316.2 40782.2 40518 39205.4 38809.1 38677.4 48927.4 37107.9 35857.5 35123.8 35079.9 33028.2 33728.2 32577.2 31819.5 31567.8 45624.1 31110.1 28547.9 29193.3 27726.6 27193 27162.4 25971.9 25415.9 35521.1 25155.7 35576.6 25063.3 24990.5 23840.2 23616.2 25625.3 23337.4 22595 22317.7 22267.3 22007.8
threshold=0.40137750184116422 0.81378850922785717 0.75865820295498165 0.14168183519534686 -0.23831772979431373 0.058480425834335506 -0.044738814384540193 0.25270883599872013 1.6792716928317526 8143.7250000000013 0.0015126801161118501 0.25150386799746255 0.020701689114805955 0.0048351716408153002 0.012449801416198001 0.016048697097583504 0.089324032954472013 1.0000000180025095e-35 0.025411525513581452 0.011305526527007802 -0.85725404967909824 0.43155849925036655 -0.082376706476606734 -1.0000000180025095e-35 0.24172423361953496 -0.0022137375898614495 8141.3350000000009 -0.0047994601089872491 -1.2138141425849829 -0.80416580493485934 -0.018059814985805996 0.29294074417566057 -0.099576420990319145 -0.0030875454155939496 -0.19845032586970338 -0.76865761541646227 -0.0018140560708562999 0.035870930916197856 -0.019073499960035548 -0.55308136394108853 -0.14518592462598504 -0.71075139778246565 0.38051301600241555 0.66779501921065543 0.11166567498177275 0.013627314643313551 0.038146981317970605 0.018632075786340404 -0.86417855119313358 0.36376664205574155 0.0019971422705509002 0.0048455838121409514 -0.74100817854714907 0.63908844796760611 0.31791151845422227 0.18047575595212748 0.090141458676439204 0.29437661759484479 0.0093838578770823518 -0.030198551020894044 -0.84661894733194687 -0.28162493927072274
decision_type=2 2 2 2 2 2 2 2 2 2 2 2 2 2 2 2 2 2 2 2 10 2 10 2 8 2 2 2 2 2 2 2 2 2 2 2 2 2 2 2 2 2 2 2 2 2 2 2 2 2 2 2 2 2 2 2 2 2 2 2 2 2
left_child=2 3 4 14 10 6 17 26 16 13 21 24 39 42 18 34 -3 23 -2 45 -14 -1 27 -6 -12 47 48 -15 -24 -26 -31 52 -32 -27 -9 -23 -37 54 -28 -13 58 -30 -5 -44 -43 -18 57 -19 -7 -50 51 -8 -4 -29 -16 -52 -57 -20 -41 -17 -38 -22
right_child=1 8 31 9 5 7 50 15 -10 -11 11 12 20 22 37 59 19 25 46 -21 61 35 28 -25 29 33 38 53 41 30 32 -33 -34 -35 -36 36 60 -39 -40 40 -42 44 43 -45 -46 -47 -48 -49 49 -51 55 -53 -54 -55 -56 56 -58 -59 -60 -61 -62 -63
leaf_value=0.40242784524114611 0.33323160683283848 -0.76022039072505243 0.64614165224308195 0.73320644434671922 0.13996503245014524 0.50624422935236379 -0.4470145109551717 0.27666751873233147 -0.88627693655963269 -0.48438915444812863 0.33782539460612454 0.38013208918230729 0.4608083664413507 -0.27543961673460254 -0.26602243996129299 -1.2309843171210517 -0.3160152788559436 0.22031285894257283 -0.089979685512483851 -0.75540614033182063 -0.072595834442712726 0.3794146968619283 -0.99790866655461929 0.5254441316673083 0.34116916943612524 -0.33165982585975973 0.26049125466899675 0.53442811620649788 0.21671676635742188 -0.44433467237193602 -0.19877925101464908 -0.51382367485431757 0.2669902142272535 0.015106105045084924 -0.18011129089961109 0.35048091028931738 0.48622482163371822 -0.85597662491838367 -0.11125276279006334 0.043426872210953156 0.19111359952803639 -0.20483581624212369 0.28827267921404426 -0.096403371073521579 -0.74207337039972654 -0.57581240705205816 -0.71745771484426513 -0.69995347944858644 0.33521392840792985 0.047142960179376248 -0.072045892345358603 0.010787433087083416 -0.22308655155254456 -0.07563710848044139 -0.5836222170614217 -0.32980439117106108 -0.78418213540753712 -0.38829580257344515 -0.43655470715729533 -0.42123371164634282 0.093330951773842874 -0.88162763003745814
leaf_weight=18210 349 6002 85 256 3228 1690 612 912 5711 902 9951 871 106 426 746 104 2247 1445 1034 1915 102 4828 169 927 1535 1371 1319 489 350 458 587 1423 1390 1561 778 2702 394 894 1020 425 1713 1320 1731 689 293 1833 404 80 7558 1247 446 1379 2361 255 2888 876 482 1794 578 462 4157 482
leaf_count=18210 349 6002 85 256 3228 1690 612 912 5711 902 9951 871 106 426 746 104 2247 1445 1034 1915 102 4828 169 927 1535 1371 1319 489 350 458 587 1423 1390 1561 778 2702 394 894 1020 425 1713 1320 1731 689 293 1833 404 80 7558 1247 446 1379 2361 255 2888 876 482 1794 578 462 4157 482
internal_value=0.000105956 -0.511604 0.209632 -0.259413 0.236138 0.119198 -0.0152597 0.229742 -0.725045 -0.0397675 0.302448 0.218551 0.00953285 0.0273898 -0.445741 -0.0939273 -0.648225 0.089399 -0.26914 -0.535991 -0.555712 0.352842 -0.138492 0.226073 0.282763 -0.0380362 0.286641 0.106656 -0.273012 0.144696 0.0207519 -0.310865 0.128666 -0.147099 0.0664049 0.278073 0.210571 -0.585317 0.0984014 0.118389 0.0343406 -0.210127 0.232052 0.178757 -0.302824 -0.432845 -0.334269 0.17161 0.32858 0.294426 -0.252723 -0.130087 -0.192629 0.325512 -0.518515 -0.387924 -0.491537 -0.279293 -0.233332 -0.57193 0.127445 -0.74069
internal_weight=112552 32697 79855 14989 75986 27497 12407 15090 17708 6880 48489 18198 4277 5978 8109 2256 11997 8612 3581 5995 690 30291 3302 4155 13921 4457 12834 1170 2132 3970 2435 3869 1977 2932 1690 12081 7253 4528 2339 3587 2716 1963 2676 2420 1613 4080 3232 1525 10495 8805 3795 1991 2446 744 3634 1804 1358 2828 1003 566 4551 584
internal_count=112552 32697 79855 14989 75986 27497 12407 15090 17708 6880 48489 18198 4277 5978 8109 2256 11997 8612 3581 5995 690 30291 3302 4155 13921 4457 12834 1170 2132 3970 2435 3869 1977 2932 1690 12081 7253 4528 2339 3587 2716 1963 2676 2420 1613 4080 3232 1525 10495 8805 3795 1991 2446 744 3634 1804 1358 2828 1003 566 4551 584
is_linear=0
shrinkage=0.05


Tree=32
num_leaves=63
num_cat=1
split_feature=36 62 50 46 119 125 125 107 127 119 74 36 126 115 122 125 127 74 111 131 5 96 115 119 127 136 79 122 34 107 111 125 135 127 119 124 87 107 99 74 107 18 90 115 125 107 107 115 124 127 111 122 80 111 127 111 124 87 91 115 127 133
split_gain=4.43818e+06 521746 399333 200502 185509 147712 123866 112035 104240 88764.2 76796.3 70792.8 60598.9 54801.3 53470.7 79029.5 49944.4 48238.6 49344.9 47651.3 47113.4 44495 38380.8 37930.5 37531.8 37321.6 34712 34122.7 35556.8 39281.4 33423.5 31882 30611.5 30606.7 30588.5 28080.8 27762.8 27308 26751.7 25379.4 25065.3 24846.4 24009 24038.2 23980.9 27432.2 23230 23128.1 23015.8 22635.8 22248.6 21409.2 21364.4 20982.2 20799.5 19866.4 19238.1 19146.7 19022 18345.4 18012.9 17745.9
threshold=0.47378398340360889 0.17913677641936884 0.94741007836610447 0.12131011806043142 0.0099673252135461018 0.011392665902671802 0.024028863317292353 -0.0017148815396009996 0.0145934331299427 0.0062748766011369011 -0.099576420990319145 1.4678177225878126 0.95084011111850131 0.015729293752514754 0.010910780429878251 0.016745683929637753 0.029746824210774903 0.063392519060103167 -0.00036476756305189997 0.007430014009279051 2388.0450000000005 -0.53020914776795258 0.012134114517367902 0.035296635934125409 0.0080634493314807026 0 0.23243074190885507 -0.0014052737261656498 -0.20559044657885922 0.030243495449279952 -0.028725606635850647 -0.0057351452914557498 -0.018076448239784895 -0.0028212772264726497 0.017103355182558056 0.020754514535428054 0.16227975180464119 0.018608577946079854 0.85145687088063937 0.070203070826038563 0.0043740906475577511 -0.22226092695924307 -0.86417855119313358 0.019046254554134202 -0.004237063117107899 0.014104402286612902 0.00069447124394650015 0.020435735277668201 0.075969074755567564 0.021830552995123254 -0.0086307763907164988 0.27640879434833338 -0.17237782280178898 -0.0079696692019963471 0.00098633365603735036 -0.0046766320841109491 -0.25319539964870919 0.16971595642871176 0.24515821674410923 0.063562057094811761 0.030817409043013905 -0.00027191150211224995
decision_type=2 2 2 2 2 2 2 2 2 2 2 2 2 2 2 2 2 2 2 2 2 2 2 2 2 1 2 2 2 2 2 2 2 2 2 2 2 2 2 2 2 2 2 2 2 2 2 2 2 2 2 2 2 2 2 2 2 2 2 2 2 2
left_child=1 3 6 9 13 20 8 39 19 46 36 16 14 24 27 23 37 49 33 52 34 -12 -17 30 -3 -23 -22 28 -11 38 -16 -10 41 -19 -5 -15 -7 57 -30 -6 -21 -14 -32 60 45 -26 -1 56 -8 58 -33 -35 61 -42 -31 -41 -20 -4 -9 -50 -44 -2
right_child=2 4 11 5 7 10 48 17 31 12 21 -13 32 35 15 22 -18 18 47 40 26 25 -24 -25 44 -27 -28 -29 29 54 42 50 -34 51 -36 -37 -38 -39 -40 55 53 -43 43 -45 -46 -47 -48 -49 59 -51 -52 -53 -54 -55 -56 -57 -58 -59 -60 -61 -62 -63
leaf_value=0.37978685666859857 0.043070599517766261 0.27909694961786902 -0.12101729147754131 0.30782330529833957 -0.11913830499536325 0.20353094282191853 0.12710725174656193 -0.29229493174774612 -0.74524313410976284 0.29675057289221485 0.31954931867403558 -0.8455948646941801 -0.06293386245427067 0.18151623398860856 -0.3826674993086796 -0.0072496727864700752 -0.79053563158989837 0.045222076000695562 -0.37452817283304674 -0.022066366216593289 0.096950050087659709 0.11209563064340514 -0.74062901650766255 -0.21564574653703572 0.021127298086960691 -0.27703557143067081 -0.43200687866080473 0.39333795407530064 0.22865764374150643 0.1858567030302116 0.45485542790711292 -0.57214616659743245 0.067500084015399128 -0.33754438650992302 0.056367663401867288 -0.34313676863863285 -0.57052272875293564 -0.6288057529158676 -0.21739001141639017 -0.012119704356796913 -0.58136185780373484 -0.7304297700830138 0.22702486694115481 -0.21696108526077823 0.11484560465285217 -0.65462654329240333 0.29331953215295076 -0.40653352754097005 -0.57987970310932457 -0.68237160403777164 -0.23482684233675238 -0.7458693281927985 -0.085255227745479389 -0.22328397893103358 -0.71466851925985386 0.43720990262406234 0.26232866356634132 -0.48834622905741853 -0.59797079660525077 -0.94860721918252799 -0.14674321444616956 0.40963103970268161
leaf_weight=14385 744 3283 418 4812 771 128 102 1511 745 6156 678 5674 291 355 235 365 3337 373 139 984 960 970 348 570 376 1664 457 5212 1848 90 971 791 1157 1081 1616 900 1175 5034 410 406 587 267 7108 344 1646 249 16953 218 2187 991 1284 458 1191 1353 219 623 777 2373 770 402 337 593
leaf_count=14385 744 3283 418 4812 771 128 102 1511 745 6156 678 5674 291 355 235 365 3337 373 139 984 960 970 348 570 376 1664 457 5212 1848 90 971 791 1157 1081 1616 900 1175 5034 410 406 587 267 7108 344 1646 249 16953 218 2187 991 1284 458 1191 1353 219 623 777 2373 770 402 337 593
internal_value=-0.000592274 0.179412 -0.548726 0.236845 -0.0888637 0.0550707 -0.313839 -0.25028 -0.217933 0.276395 -0.169362 -0.701647 0.207942 0.103593 0.228285 0.141747 -0.628405 -0.349412 -0.206117 -0.0902473 0.187103 -0.0413809 -0.365732 0.17961 0.17102 -0.134371 -0.0738294 0.292099 0.23157 0.0752051 0.204678 -0.464673 -0.0792347 -0.361037 0.244626 -0.194703 -0.494386 -0.559172 0.147605 0.0976743 -0.227659 -0.383062 0.220476 0.191203 0.0147267 -0.248709 0.333021 0.0551779 -0.60846 -0.482706 -0.363628 -0.459466 0.0687166 -0.331874 -0.452626 0.260084 0.165385 -0.433395 -0.395699 -0.637477 0.210089 0.205836
internal_weight=112452 84653 27799 69726 14927 12460 10963 8118 8272 57266 4615 16836 25928 6809 24213 10278 11162 6318 3046 5452 7845 3312 713 9565 5554 2634 1417 13935 8723 2567 8995 2820 1715 1912 6428 1255 1303 7825 2258 1800 2924 558 8760 7789 2271 625 31338 1134 2691 3272 2075 1539 2528 1940 309 1029 916 2791 2281 2589 7445 1337
internal_count=112452 84653 27799 69726 14927 12460 10963 8118 8272 57266 4615 16836 25928 6809 24213 10278 11162 6318 3046 5452 7845 3312 713 9565 5554 2634 1417 13935 8723 2567 8995 2820 1715 1912 6428 1255 1303 7825 2258 1800 2924 558 8760 7789 2271 625 31338 1134 2691 3272 2075 1539 2528 1940 309 1029 916 2791 2281 2589 7445 1337
cat_boundaries=0 1
cat_threshold=8
is_linear=0
shrinkage=0.05


Tree=33
num_leaves=63
num_cat=2
split_feature=38 36 28 74 36 74 113 119 119 36 127 131 103 122 94 88 87 92 113 121 136 124 121 52 111 113 124 74 121 6 87 96 56 112 56 92 127 103 127 89 78 118 103 127 136 68 127 56 113 119 103 111 121 113 107 113 127 111 34 68 131 109
split_gain=3.94393e+06 586752 363686 223023 164132 133898 103172 95968.1 77249.9 74316.8 69085.1 61087.7 61044.7 60029.3 50849.3 49178.7 47865.5 46271.8 57093.8 78067.3 100641 58982.8 46316.5 44867.9 44975.1 39409.5 34128.3 34014 33932.4 32336.2 31913.9 39848.6 31793.8 30858 30699.6 30764.3 29754.5 29654.7 28464.1 28251.2 34140.4 29231.5 27386.9 27272.5 26728.1 46983.6 29689.1 26422.4 25116.2 24391.7 24331.5 23884.8 23086.6 22639 22603.5 22256.2 20930.9 20791.9 20680.5 20639 20157.2 19597.1
threshold=0.36376664205574155 0.72776649041591523 0.6489476873794161 0.14168183519534686 -0.23033753979334493 0.049105914807547155 0.0091678205541320511 0.032936756005738553 0.00042226610263735003 -0.30672154172381466 0.00019333844358270004 0.0011712876847895502 0.016631407749643102 0.4073266108582646 0.095392277144505974 -0.058367392362838992 0.39944587143512827 -0.022282734425691047 0.0012243982960714003 0.0093838578770823518 0 0.027871832281130157 0.019906653585764354 0.064752510102026054 0.016233811705192652 0.013680478339793252 -0.22568133672440771 0.054083546022981904 -0.024945307600690098 9066.345000000003 0.35390983708686685 -0.79215239379638269 1.7238758642026923 0.18286206572872901 1.0000000180025095e-35 0.29410504016229694 0.030312053281539356 -0.011207363694300849 0.014107532359703802 0.029509378917291555 0.19550672499856983 0.12692935097040847 -0.0032632223844163495 0.012197432928663252 1 -0.53157415361436244 -0.0048955910015941488 0.82473297039227722 0.00079192201944410011 0.036302705638498606 0.025113874473867006 0.006700503857225551 -0.0037671198476434994 0.0027381865093034506 0.021058953852851153 0.019190671004390304 -0.010019723349040848 -0.0018526502386267498 1.0309147895256081 -0.60310726513005786 -0.00085347657053029991 1.5929891769370985e-18
decision_type=2 2 2 2 2 2 2 2 2 2 2 2 2 2 10 2 2 2 2 2 1 2 2 2 2 2 2 2 2 2 2 2 2 2 2 2 2 2 2 2 2 2 2 2 1 2 2 2 2 2 2 2 2 2 2 2 2 2 2 2 2 2
left_child=2 3 4 12 17 8 39 14 -6 59 29 54 36 33 25 34 27 18 44 30 -21 -22 61 37 -25 32 -13 53 -15 -5 -20 -32 43 -8 35 38 47 -17 -10 -7 41 -41 -28 -3 45 -1 -47 51 -26 -14 -33 -2 60 -11 -12 -29 -39 -44 -9 -4 -43 -23
right_child=1 7 9 10 5 6 13 58 15 16 11 26 49 28 -16 23 -18 -19 19 20 21 22 -24 24 48 -27 42 55 -30 -31 31 50 -34 -35 -36 -37 -38 56 -40 40 -42 52 57 -45 -46 46 -48 -49 -50 -51 -52 -53 -54 -55 -56 -57 -58 -59 -60 -61 -62 -63
leaf_value=0.31880836156860554 -0.19508725305452798 -0.18240798052148544 0.3538185417488528 0.28643451507236189 0.18255609140712029 0.49974073976729738 0.27154392052027915 -0.65611138616728759 0.28496063789444348 -0.16775471152505372 0.24661904488967523 -0.61082395332935024 -0.48477553754025315 -1.1401628161438049 -0.6680774418912363 -0.020740454938242933 -0.71707407559023439 0.36339114597771394 0.28284343742680562 0.32633055810167533 0.10151893673085424 -0.49776139535852998 -0.85902310548474548 0.075244076825737027 0.1878905942550663 -0.64975036940892184 0.090943535676445156 0.053997738049262105 -0.28693118854863325 -0.31556283930484724 0.31380177091398764 -0.0097334404590368826 -0.6820019625684709 -0.17780663491400656 -0.50185481262569487 -0.34389382680390207 -0.52956139096288268 -0.036100000729465669 -0.053956700585528011 0.30627181873230075 0.51530663932109022 0.196866886995678 -0.4355397435425224 -0.45780926337116901 0.35086167844319061 0.30561206192112528 -0.0002367078219748318 -0.46002708591641284 -0.50338362169486295 -0.79717094815715595 -0.56373902635258655 0.20681558859654797 0.21656266399540336 -0.45812322938307121 -0.12981181585201301 -0.78971101194620141 -0.52106833979977141 -0.083433592657740585 -0.82125260859842042 -0.029274347063031687 -0.19264115762022288 -0.057956548363846894
leaf_weight=6563 1936 2011 580 1952 3920 1406 899 2894 1728 1251 1124 561 2794 154 4422 529 566 11423 8169 1256 857 432 426 2031 164 1679 679 1124 474 251 893 915 664 663 221 335 872 262 965 4838 1152 543 975 1628 11511 1155 2530 741 651 809 252 456 2310 1452 617 83 1480 736 5676 890 852 611
leaf_count=6563 1936 2011 580 1952 3920 1406 899 2894 1728 1251 1124 561 2794 154 4422 529 566 11423 8169 1256 857 432 426 2031 164 1679 679 1124 474 251 893 915 664 663 221 335 872 262 965 4838 1152 543 975 1628 11511 1155 2530 741 651 809 252 456 2310 1452 617 83 1480 736 5676 890 852 611
internal_value=-0.00420276 -0.458602 0.189544 -0.219152 0.220346 0.118415 0.2284 -0.641607 -0.000576223 -0.186374 -0.0131832 -0.121627 -0.405792 -0.0852084 -0.539432 -0.0863969 -0.287659 0.275821 0.24769 0.168157 -0.0327209 -0.227086 -0.420274 -0.182981 -0.0506878 -0.44424 -0.260169 -0.225331 -0.497643 0.217734 0.238497 0.0625895 -0.363919 0.0808227 0.0657276 0.107305 -0.271347 -0.348675 0.163539 0.29027 0.259844 0.225339 -0.177639 -0.305708 0.298161 0.238361 0.0956832 -0.199333 -0.364221 -0.555121 -0.129745 -0.118416 0.119603 -0.323847 0.113216 -0.00462605 -0.448191 -0.284216 -0.765569 0.122016 -0.0409938 -0.240422
internal_weight=111993 33477 78516 14503 72570 25577 13291 18974 12286 5946 6895 4692 7608 2190 10404 8366 4476 46993 35570 13811 3582 2326 1469 5117 2846 5982 2951 3910 628 2203 10229 2060 4303 1562 3249 3028 4005 2271 2693 11101 9695 8543 2390 3639 21759 10248 3685 3133 815 3603 1167 2392 3705 2703 1741 1207 1742 1711 8570 1470 1395 1043
internal_count=111993 33477 78516 14503 72570 25577 13291 18974 12286 5946 6895 4692 7608 2190 10404 8366 4476 46993 35570 13811 3582 2326 1469 5117 2846 5982 2951 3910 628 2203 10229 2060 4303 1562 3249 3028 4005 2271 2693 11101 9695 8543 2390 3639 21759 10248 3685 3133 815 3603 1167 2392 3705 2703 1741 1207 1742 1711 8570 1470 1395 1043
cat_boundaries=0 1 2
cat_threshold=3 2
is_linear=0
shrinkage=0.05


Tree=34
num_leaves=63
num_cat=3
split_feature=62 62 36 46 107 126 107 103 107 122 121 136 89 120 46 121 121 113 127 28 126 121 107 62 46 120 113 133 74 66 121 46 127 111 34 102 34 127 136 34 111 74 102 77 121 74 46 40 127 127 136 111 58 36 107 121 40 66 74 4 89 58
split_gain=3.63478e+06 467025 321958 176994 141932 112561 91283.6 84257.9 79778.4 75649.2 101316 71015.6 59325.5 57020 56544.4 56433.7 52783.1 48608.8 48058.2 68422.1 44904.9 42644.4 42495.1 39318.2 39016.9 38758.3 37230.7 34038.6 33699.7 35501.3 33672.4 30449.6 28281.3 27936.6 27559.4 26433.3 25983.6 26949.6 25862.7 37081.7 25614.5 25434.2 23053.2 22262.3 22098 21811.8 21387.7 20929.5 20478.6 20192.9 19939.9 42400.4 19648.9 19059.3 18381.7 17969.9 19772.3 17847.8 17744.5 22381.8 17457.3 17350.3
threshold=0.3716106412169064 0.81378850922785717 -0.078624766157080542 0.20141235316363343 0.00093963673573285017 0.25780175162551289 0.027835973606184904 0.028631201014297704 0.023524940544117454 0.03753337092565056 0.013998508075783102 0 0.25830328654006512 -0.0040293784178203488 -0.6867284089043495 -0.019025836791057297 0.023488999473333955 0.0026803571792694504 0.0054253447767233015 0.92869171758264446 0.77338305904531657 -0.00086341420644994997 0.025615667656376052 1.1936450547624256 0.46960522194439563 1.0000000180025095e-35 0.012167954699086452 -0.016917038977631745 0.052278478186272855 -0.24904475656918248 -0.0066219409120011992 -0.18347050378379673 0.032550310209916854 -0.010194701580645848 -0.14185198028199703 1.0000000180025095e-35 -0.70839961220824677 0.031384774663611302 1 0.58082026890129812 -0.0098288005992344992 0.10407093270626762 -1.0000000180025095e-35 0.16896895375843132 -0.0040980848612510489 0.17971970981995963 2.3101648533711003 -0.057641505056501043 0.017240613315242004 0.033137944272553108 2 0.017083700236557003 -0.21422451311308663 -0.50318763194603022 0.020570009624718753 -0.0066219409120011992 -0.049116172321719644 0.73028743567835719 -0.11032793490870839 553.87500000000011 0.027730338400158452 0.38094424510880792
decision_type=2 2 2 2 2 2 2 2 2 2 2 1 2 2 2 2 2 2 2 2 2 2 2 2 2 2 2 2 2 2 2 2 2 2 2 2 2 2 1 2 2 2 2 2 2 2 2 2 2 2 1 2 2 2 2 2 2 2 2 2 2 2
left_child=2 4 9 5 24 13 21 18 23 20 15 -12 16 22 -13 26 28 -16 19 55 35 40 33 45 38 -15 -11 -20 48 -30 -9 -17 46 -4 58 42 -22 -38 -2 61 49 -36 -1 -19 -8 -3 -10 -27 60 -7 51 -37 -53 -52 -55 -6 -57 -28 59 -33 -5 -40
right_child=1 8 3 12 7 6 44 30 32 10 11 14 -14 25 17 31 -18 43 27 -21 36 -23 -24 -25 -26 47 57 -29 29 -31 -32 34 -34 -35 41 50 37 -39 39 -41 -42 -43 -44 -45 -46 -47 -48 -49 -50 -51 53 52 -54 54 -56 56 -58 -59 -60 -61 -62 -63
leaf_value=0.29775246060614835 0.24505534457812048 -0.4806922907045208 -0.10665363267311075 0.42947581954024455 -0.17362722740139708 -0.22609935774465217 -0.69748776095028842 -0.73510818110029974 -0.59874996229619071 0.036051983754672806 0.31169796532575766 0.29170607334164561 -0.63489627169294693 0.49436405161884722 -0.1515033049253163 0.28255724295899759 -0.52594325860004509 -0.21525151228846667 -0.52416024537636152 -0.46252808481138957 0.30297604824238711 0.18913531080379853 -0.25633828414601811 -0.6106630536679899 -0.28437047557210227 -0.10803636035363118 -0.87230730823206692 -0.22839425604914543 -0.15927312983641106 0.26522255934462696 -0.40198036917250096 -0.29769649048566177 -0.81561272789530559 0.2090542561333702 -0.25542959435621188 0.33762099822659769 0.086299302627194124 -0.38888953350380895 0.2643304207700003 -0.56391986662949234 -0.0087415946562899634 0.16196884520351887 0.40774983810557952 -0.90019436544566256 -0.24278249505547259 -0.23279640705029694 -0.79982487559748472 0.25560413450173891 -0.43679879260253468 -0.88676617085504883 0.26216409103647126 -0.26560377748020819 0.39037400765551467 0.1552405025506321 -0.15180200283944045 -0.37579013664770677 0.18772131692357674 0.077209997245898609 0.24564600215262533 0.20245993460218112 -0.16100345180258285 -0.18690149297069247
leaf_weight=12204 1684 1987 904 134 668 697 569 1337 5770 641 609 310 717 1808 669 10027 796 153 1663 910 1121 2197 823 3220 752 437 215 2349 911 1070 1765 371 3645 3107 734 7222 1742 359 567 278 2090 724 7837 539 506 1609 1732 4135 692 138 3283 449 152 2066 637 172 1558 64 3958 560 1726 340
leaf_count=12204 1684 1987 904 134 668 697 569 1337 5770 641 609 310 717 1808 669 10027 796 153 1663 910 1121 2197 823 3220 752 437 215 2349 911 1070 1765 371 3645 3107 734 7222 1742 359 567 278 2090 724 7837 539 506 1609 1732 4135 692 138 3283 449 152 2066 637 172 1558 64 3958 560 1726 340
internal_value=0.000659952 -0.449731 0.180622 0.0248466 -0.233692 0.105781 -0.0652301 -0.327379 -0.618602 0.245126 0.165593 -0.147649 -0.208204 0.200282 -0.315125 0.206896 -0.150686 -0.455772 -0.234777 -0.0936458 0.287114 0.0227138 0.0707335 -0.483697 0.0359775 0.298411 -0.174 -0.351091 -0.0846888 0.0700284 -0.545753 0.228307 -0.701041 0.137891 0.14257 0.304092 0.108706 0.00495692 0.120014 -0.0593038 -0.102309 -0.0481928 0.340785 -0.749284 -0.483884 -0.369869 -0.645273 0.220831 -0.204769 -0.336218 0.25082 0.303656 -0.0993264 0.18092 0.0828522 0.0464732 0.131511 -0.654999 0.199458 0.00304392 -0.118256 0.0951611
internal_weight=112109 32006 80103 23457 14043 17411 6197 10422 17963 56646 19574 2280 6046 11214 1671 17294 5329 1361 7320 3308 37072 5122 4834 6816 3621 6380 920 4012 4533 1981 3102 16374 11147 4011 6347 33850 3222 2101 2869 1185 2925 1458 20041 692 1075 3596 7502 4572 2552 835 13809 7823 601 5986 2703 2398 1730 279 4889 931 1860 907
internal_count=112109 32006 80103 23457 14043 17411 6197 10422 17963 56646 19574 2280 6046 11214 1671 17294 5329 1361 7320 3308 37072 5122 4834 6816 3621 6380 920 4012 4533 1981 3102 16374 11147 4011 6347 33850 3222 2101 2869 1185 2925 1458 20041 692 1075 3596 7502 4572 2552 835 13809 7823 601 5986 2703 2398 1730 279 4889 931 1860 907
cat_boundaries=0 1 2 3
cat_threshold=3 12 12
is_linear=0
shrinkage=0.05


Tree=35
num_leaves=63
num_cat=4
split_feature=50 62 125 124 107 34 127 80 123 119 127 62 125 122 111 136 121 121 58 125 123 121 58 90 103 123 85 106 121 125 101 80 126 111 34 80 123 136 121 136 119 107 126 133 86 107 94 73 4 103 69 93 107 133 77 23 100 90 125 135 136 111
split_gain=3.24437e+06 463676 297250 250704 162868 148985 112729 100634 83418.3 77762.6 74731.9 71159 61946.4 56941.3 54252.1 52828.2 73232.9 58516.7 64369.6 51746.7 50195.7 46250.7 44948 44756.1 42882.3 41133.8 39583.5 38031.5 36161.3 32936.4 32791.8 31334.4 30897.5 29692.9 29487.6 29209.8 28713.4 31551.1 28245.1 28117.2 27696.9 26124.3 24149.4 23939.5 23500.3 23378.9 23242.6 24830.6 22462.1 21789.9 21085.6 20698.9 20632.5 22006.1 20556.1 19968 21897.7 19462 19072.7 17731.9 17718.8 17257.1
threshold=0.40137750184116422 0.83795102538195099 0.014528005035680301 0.16250636416376554 0.026246809155814652 -0.092583835327098143 0.0066411169029164012 -0.20392221410203756 0.0022719718226996504 0.010523714277378152 0.011489872090847552 1.3815009636206477 -0.0050988218182463994 0.026830666321412653 0.00012759824128975001 0 0.0085936171985251022 -0.0020048191463849494 -0.77470664984366244 0.0042172075864918505 0.0011097101644606002 0.021518757332868753 -0.23222029572261491 -0.79293501252483867 0.028277310673913203 0.015472729866596152 0.35258341961336187 0.4541689907156703 -0.00042498470384184998 0.025354385034759602 0.40223347130502868 -0.012829115118316499 0.0059287774284338011 0.014466795511805451 0.40424834862296921 -0.83725107440051338 0.0047975737935542009 1 0.012660524261976802 2 0.031698108771334908 0.018608577946079854 -1.0000000180025095e-35 -0.011601557423464149 -0.085902926987981729 -0.0017148815396009996 -0.097875541401116997 0.4502559960350998 552.98500000000013 0.0048346547499143007 0.5434484989023135 0.33566668987410236 -0.0035175072289172996 -0.00054491126521429988 0.21749921472573672 1.3055490097198259 -0.61228559398791449 -0.84350258738054429 -0.012760087452796399 -0.016108339822083796 3 0.013832005669403402
decision_type=2 2 2 2 2 2 2 2 2 2 2 2 2 2 2 1 2 2 2 2 2 2 2 2 2 2 2 2 2 2 2 2 2 2 2 2 2 1 2 1 2 2 2 2 2 2 8 2 2 2 2 2 2 2 2 2 2 2 2 2 1 2
left_child=2 4 5 13 7 15 31 10 29 28 30 24 50 -4 27 16 -1 18 -17 -18 -21 35 33 -20 40 32 46 44 52 -5 -2 43 42 -22 -32 -10 37 -9 60 51 -3 -34 -25 -7 -11 -27 -6 -48 -14 -28 -12 -36 -8 -54 -37 56 -39 -19 -43 -47 -33 -15
right_child=1 11 3 8 26 6 9 36 21 14 12 -13 48 61 -16 17 19 57 23 20 22 -23 -24 25 -26 45 49 -29 -30 -31 34 38 41 -35 39 54 -38 55 -40 -41 -42 58 -44 -45 -46 59 47 -49 -50 -51 -52 -53 53 -55 -56 -57 -58 -59 -60 -61 -62 -63
leaf_value=0.35455045842229688 0.62410366090473934 -0.34051063398173476 0.32577584524483555 0.031519703626786959 0.72417402304135836 0.13628231607320038 0.17555262993519005 -0.39425871443696409 0.36665720345500191 -0.013396219973582278 0.032240680626309512 -0.70909053007480183 -0.09185820469357725 0.058412847094499766 0.043326716803407272 0.2671205027307908 0.30341552836555302 0.51981234060254455 0.36146345348029291 0.26384887944618551 -0.098944283404407363 -0.69091576116190512 0.22482191912077984 0.074733433697862103 -0.6332860535564383 0.076721121393281716 -0.34700325997167097 -0.6627542337930139 0.2412158531939928 -0.3523289379530169 0.32097968570636548 0.22220921174680527 0.0093966475532490309 -0.58249178152267589 0.01674664731731694 -0.097327838755677007 -0.45927738209716051 -0.25319396474351463 -0.28701711557426951 -0.30842895273742454 -0.5701578330521897 -1.1325660467147827 0.45607553866516937 0.32292079808974472 -0.42779446509185021 -0.9782228200500076 0.14259595922046331 -0.41338659740651629 0.38775277682837911 -0.61912690869113363 -0.63901078054242699 0.47840954951799602 -0.26159559262566207 0.0716038762353534 -0.41596099355199928 -0.45663635076218567 0.10799557065658026 0.26600680421585515 -0.24709585047930294 -0.32702028994049348 -0.10040207372399677 -0.33382192380632025
leaf_weight=19855 368 3842 3502 2438 64 2688 828 1259 155 673 140 7646 1191 966 1146 4806 2935 812 888 1168 704 1022 544 1959 3917 175 1032 774 2033 724 1184 1529 2213 578 1071 673 1500 642 491 515 2001 65 526 4772 695 184 282 693 306 2603 708 313 1169 859 2050 300 1207 10897 794 244 584 394
leaf_count=19855 368 3842 3502 2438 64 2688 828 1259 155 673 140 7646 1191 966 1146 4806 2935 812 888 1168 704 1022 544 1959 3917 175 1032 774 2033 724 1184 1529 2213 578 1071 673 1500 642 491 515 2001 65 526 4772 695 184 282 693 306 2603 708 313 1169 859 2050 300 1207 10897 794 244 584 394
internal_value=0.000475301 -0.418058 0.173046 -0.0571142 -0.217984 0.213652 0.0915459 -0.110439 -0.247332 -0.046348 0.0306412 -0.594799 -0.187113 0.219169 -0.23433 0.258785 0.308383 0.204284 0.126043 0.154263 0.00799627 -0.402036 -0.155715 0.0298192 -0.5052 -0.0180401 -0.464198 -0.382832 0.0800979 -0.0564533 0.17862 0.203578 0.0245489 -0.31724 0.12526 -0.299249 -0.277017 -0.196686 0.0542229 0.00312599 -0.41924 -0.0814795 0.155603 0.255698 -0.224086 -0.409914 -0.191793 -0.252598 0.00637191 -0.541986 -0.528284 0.120554 -0.0346358 -0.120497 -0.337274 -0.0786077 -0.0174838 0.283651 -0.315338 -0.608604 0.133615 -0.0553817
internal_weight=112296 32784 79512 11924 15378 67588 18241 10704 7062 8177 5796 17406 2345 4862 3288 49347 25784 23563 11854 5929 2994 3900 1826 7048 9760 6160 4674 2142 4889 3162 3451 10064 5557 1282 3083 2878 4908 3408 2604 1899 5843 3072 2485 7460 1368 603 1039 975 1497 3635 848 1384 2856 2028 2723 2149 1849 11709 859 428 2113 1360
internal_count=112296 32784 79512 11924 15378 67588 18241 10704 7062 8177 5796 17406 2345 4862 3288 49347 25784 23563 11854 5929 2994 3900 1826 7048 9760 6160 4674 2142 4889 3162 3451 10064 5557 1282 3083 2878 4908 3408 2604 1899 5843 3072 2485 7460 1368 603 1039 975 1497 3635 848 1384 2856 2028 2723 2149 1849 11709 859 428 2113 1360
cat_boundaries=0 1 2 3 4
cat_threshold=12 2 12 12
is_linear=0
shrinkage=0.05


Tree=36
num_leaves=63
num_cat=0
split_feature=62 38 46 34 28 38 127 126 119 80 119 115 105 103 125 111 56 58 112 111 133 135 113 93 80 130 68 76 125 135 127 125 125 127 103 113 77 115 125 79 82 119 125 111 111 113 107 125 135 134 125 93 56 93 111 52 9 111 134 126 127 100
split_gain=2.96461e+06 393613 267215 146503 140036 116446 103751 89922.2 75792.4 55769.8 60123.2 55377.6 55085.5 54732.8 53113.8 47573 47362.3 46559.6 43899.9 41891.4 41813.4 41036.8 39798.5 36823.5 34224 33313.4 33120.8 44999.8 30755.3 29993.4 29572 29858.3 28127.2 28040.7 27456.8 27017.4 26616.9 26530 36585.7 26449.1 25711.8 23933.7 23808.1 22879.4 22041.9 27106.1 20887.5 20203.7 20091.2 19670.2 19219.8 18805.9 19526.9 18359.6 19203.7 18891.7 18264.4 17958.9 17294.1 17071.5 17463.2 16893.4
threshold=0.3716106412169064 0.87182938870345039 0.20141235316363343 0.14147221800087936 1.0067314114180774 -0.27863255810585469 0.014107532359703802 0.41594411982674628 0.037898262078786459 -0.93852767361874145 0.0098040895439000502 0.014350299952027452 -0.0030042622033346995 0.0023149240826236504 -0.011699796772888548 -0.00023945184245359997 2.0782374974916684 1.4162302244967975 0.066497368063646908 -0.0042969196332087985 -0.0074087537024514994 -0.024111543859695498 0.014223167084097902 0.40944178441939261 -0.10449615993517984 0.021279278386149052 -0.76278582591492006 -0.029173858056479846 0.013842591617406402 0.0016939626320985003 0.031999455782155607 0.019156054877595651 -0.011364082672706497 -0.0055561847756507984 0.029391717640728853 0.0034430802642010003 0.21369298707234616 0.0074749295869974012 0.008783903976601953 0.24620347298721382 -0.13828028502597342 0.031698108771334908 -0.0032647982141712994 0.022095051709246857 0.006865520832085751 0.00049577169652070005 -0.0057146648896861489 -0.0018682310338531997 -0.0090746317550415984 -0.073232456114667582 0.051578151347766457 0.32583092626575633 0.11156528908510921 0.43579477249478865 0.011806466307550051 0.10056793411252031 521.47500000000014 0.019540700335145753 1.0000000180025095e-35 0.78632551070673529 0.045378026848643858 0.80544868059917862
decision_type=2 2 2 2 2 2 2 2 2 2 2 2 2 2 2 2 2 2 2 2 2 2 2 2 2 2 2 2 2 2 2 2 2 2 2 2 2 2 2 2 10 2 2 2 2 2 2 2 2 2 2 2 2 2 2 2 2 2 2 2 2 2
left_child=2 4 3 9 6 26 13 15 16 -1 37 39 -8 48 -9 23 17 34 25 29 -14 -16 28 -5 -21 49 -4 -28 -20 46 31 53 -24 -25 36 61 51 59 -39 -7 -29 -23 -35 -37 -40 -46 -15 -48 -2 -12 -6 52 -3 54 -27 -55 -22 -30 -51 -11 -61 -13
right_child=1 8 5 7 50 11 12 14 -10 10 18 35 20 19 21 -17 -18 -19 22 24 56 41 32 33 -26 30 27 40 57 -31 -32 -33 -34 42 -36 43 -38 38 44 -41 -42 -43 -44 -45 45 -47 47 -49 -50 58 -52 -53 -54 55 -56 -57 -58 -59 -60 60 -62 -63
leaf_value=0.38015270411406515 0.0096092736109609084 0.33930734481751446 0.36517917516373771 0.14063045212747158 -0.43073867508955238 0.019206228061407739 -0.01875144485834726 -0.78713996056878177 -0.69041686999133445 0.30302696483773117 0.14326915053939115 -0.24481470903249525 -0.60872337436849955 -0.0089034545302458176 -0.4669200186872966 0.26497816144881292 -0.70662252806095771 -0.59497606018913618 0.13692344133090503 0.20336176133718353 -0.26867703165522605 0.044236967321804127 -1.1880958717271506 0.13066480579286419 -0.18046866852666743 0.28839046514007632 0.37464068715008131 -0.28546241067330508 -0.14289355049903527 -0.0018216547599003087 -0.35282699239219545 -0.46648120797302539 -0.21286326729021857 -0.57177395672582121 -0.50905390150713625 -0.31828679944149257 -0.34907146480230544 0.25493002708563406 0.15863831724568334 -0.49789391208343131 0.053368143536562121 -0.56493211877295524 -0.12287769412766852 -0.69700498256032728 0.20203490946814417 -0.30641974998263549 -0.84767906123319769 -0.36753621448010004 0.28867638378925092 0.38551872971803791 -0.74985380741147256 -0.29244739474255227 -0.39554830772348315 -0.14067370546774091 -0.038612460954192546 0.15721841389809396 0.51389316860586409 -0.91696638762950899 0.21694539519361744 0.18693193623222096 -0.45005388255966339 0.11191620198434887
leaf_weight=5991 1073 376 1186 2536 2843 3063 1074 339 6806 20805 2954 1845 1584 221 652 3387 1903 3012 3036 1246 1112 1810 82 603 1086 2438 917 719 372 565 345 205 685 457 2015 1256 3459 6037 1505 268 2517 176 834 586 399 760 353 583 1616 3022 568 416 118 885 550 1332 79 93 3075 1933 113 404
leaf_count=5991 1073 376 1186 2536 2843 3063 1074 339 6806 20805 2954 1845 1584 221 652 3387 1903 3012 3036 1246 1112 1810 82 603 1086 2438 917 719 372 565 345 205 685 457 2015 1256 3459 6037 1505 268 2517 176 834 586 399 760 353 583 1616 3022 568 416 118 885 550 1332 79 93 3075 1933 113 404
internal_value=0.0013945 -0.40458 0.163986 0.203702 -0.205498 -0.0458141 -0.115747 0.0348833 -0.558538 0.235885 0.218806 -0.173908 -0.322834 0.00249193 -0.198928 0.123941 -0.479045 -0.432883 0.148712 -0.113515 -0.440473 -0.123069 0.00742708 0.0160744 0.0246132 0.189436 0.132254 0.065664 0.0789099 -0.30048 0.0953563 0.123997 -0.318537 -0.150688 -0.356326 -0.297124 -0.285787 0.261173 0.186831 -0.0225347 -0.0219808 -0.010005 -0.282102 -0.439082 0.032472 -0.131355 -0.446197 -0.549327 0.177364 0.249239 -0.484082 -0.0451174 0.163331 0.147338 0.228206 0.0382936 -0.216381 -0.299344 0.300549 0.289471 0.151549 -0.180712
internal_weight=112280 32108 80172 67411 14003 12761 10592 10794 18105 56617 50626 7422 3849 6743 2977 7817 11299 9396 19074 4054 2775 2638 4268 4430 2332 14806 5339 4153 3501 1722 5755 5410 767 1894 6384 4091 4369 31552 8701 3331 3236 1986 1291 1842 2664 1159 1157 936 2689 9051 3411 910 494 5205 2988 2217 1191 465 6097 22851 2046 2249
internal_count=112280 32108 80172 67411 14003 12761 10592 10794 18105 56617 50626 7422 3849 6743 2977 7817 11299 9396 19074 4054 2775 2638 4268 4430 2332 14806 5339 4153 3501 1722 5755 5410 767 1894 6384 4091 4369 31552 8701 3331 3236 1986 1291 1842 2664 1159 1157 936 2689 9051 3411 910 494 5205 2988 2217 1191 465 6097 22851 2046 2249
is_linear=0
shrinkage=0.05


Tree=37
num_leaves=63
num_cat=2
split_feature=36 36 50 119 103 107 115 124 115 113 107 136 111 111 115 107 58 90 90 103 113 135 127 127 136 103 124 96 28 111 69 133 87 103 111 56 83 133 74 120 113 90 124 120 87 135 107 58 96 112 119 50 111 127 96 79 74 52 120 120 74 107
split_gain=2.70356e+06 335350 242444 215706 102337 93332.5 78945.8 114945 73445.6 70046.2 60768.2 53493.8 51087.9 50958.4 53927.5 49386.7 48258.1 49951.4 44499.5 41972.4 41448 40252.9 39436.4 38645.8 36030.4 34046.7 33422.6 31955.9 30238.3 28910.5 27650.2 24809.2 23868.8 23820.3 23517.8 23009.1 22618.6 21937.6 28840.1 20315.3 23657.5 23808.9 20306.6 20240.9 19962.9 19781.1 19464.1 19353.8 19328.5 19064.7 18766.1 18602.5 18472.7 17929.4 17870.8 17784.7 25649.1 19224.6 17243.4 25531.4 16692.5 16284
threshold=0.47378398340360889 -0.086543502947256587 0.88480452816463895 0.0120519336419197 0.011647659043953802 0.015469910656570602 0.0099715334049657513 0.13030023544176325 0.015478879048303652 0.00088141145949475011 0.034931211749591552 0 0.018493770604931754 -0.0037745043153620994 0.020435735277668201 0.028155982408149805 -0.38302863171313811 -0.81282470166538678 -0.068815667132802183 0.026518500268810453 -0.0054062380805867489 0.020508555087234554 -0.0032316460437671994 0.0072502179858774012 1 0.027927848704189403 0.05857956222166346 1.3167799784568606 0.42728920605420478 -0.0094672823785329988 0.46812449303692177 -0.021803660589639895 0.11384407251555877 -0.051511860594232295 0.013193975585450952 -0.44090718684468772 1.7729526769483317 -0.008610908640094948 -0.089329932966200579 0.048174667148330706 0.0030370357133816506 -0.70584907876367498 -0.23100126133657498 -1.0000000180025095e-35 0.14644474325991064 -0.011412773274299499 0.0138740509165145 0.48408340729292426 -0.81396534026647371 1.0000000180025095e-35 -0.016812096809500045 0.22190018966745031 -0.0050736669903003488 0.029746824210774903 -0.91082432802328073 0.061714899724826307 0.089324032954472013 -0.39076860664674568 -1.0000000180025095e-35 1.0000000180025095e-35 -0.099576420990319145 0.018846863679601304
decision_type=2 2 2 2 2 2 2 2 2 2 2 1 2 2 2 2 2 2 2 2 2 2 2 2 1 2 2 2 2 2 2 2 2 2 2 2 8 2 2 2 2 2 2 2 2 2 2 2 2 2 2 2 2 2 2 2 2 2 2 2 2 2
left_child=1 6 5 8 15 18 11 49 19 36 27 34 35 22 -15 28 -13 47 23 29 -19 25 -6 -2 -21 46 -10 32 31 42 -7 -5 -4 -17 -1 -11 -9 -32 -39 -36 -41 -42 -3 -25 -37 -33 -22 -18 -14 -8 -26 -20 -27 -35 -46 56 -40 -58 -24 -60 -56 -52
right_child=2 3 10 4 13 30 7 9 26 12 -12 16 48 14 -16 33 17 20 51 24 21 -23 58 43 50 52 -28 -29 -30 -31 37 45 -34 53 39 44 -38 38 55 40 41 -43 -44 -45 54 -47 -48 -49 -50 -51 61 -53 -54 -55 60 -57 57 -59 59 -61 -62 -63
leaf_value=0.31438556356360148 0.21398604792470588 -0.26213450971366864 -0.14446722542196513 -0.098079081506205479 -0.087773040093354793 0.11401681679014404 0.28791028679256797 0.20333806557887191 0.1345725526667941 0.20529052226047498 -0.64747336312298209 0.23620068844233255 0.10460591568160303 -0.0516848124104822 -0.50575212512761603 0.496290907992257 0.39406317863657198 0.45103010660009724 0.039450125666293655 0.16952392375166081 0.060409353807224654 0.24954008165533501 -0.67606370840654817 -0.33661383731511874 0.33037683383586841 -0.63006509183418191 -0.25524412505736738 -0.62702452071144821 -0.17187708496388077 0.26561351688682383 -0.53253587275154468 0.033306458966972173 -0.44122912280541932 -0.25892090249604499 0.29012075440054319 0.18479650321162561 -0.26015227268073077 -0.63933013825626483 -0.23601046984987262 0.14759012956352416 0.31296945503614482 -0.58608879825171944 0.13145010806216814 0.066115942275059139 0.37554411004471078 0.3065018743880138 -0.20125191652524382 -0.32583142493916029 -0.65298699446133712 0.13497781253049426 -0.13678971284793481 -0.3212349636767296 -0.15386339774842014 -0.75769103282050454 -0.47657121033292493 -0.34984473618790712 -0.32397368420177786 0.64749786293359257 0.55602248960466527 -0.46777983811323659 -0.16066339918629302 -0.54534266331643277
leaf_weight=19652 1583 402 749 952 528 259 5106 2206 820 511 7570 14040 96 2331 908 89 1274 470 447 1398 1938 959 1375 698 147 419 1665 2249 1144 7546 2162 1101 7229 1031 1320 351 298 530 531 888 102 259 1754 563 117 1664 1121 100 669 3396 755 1780 397 218 605 1122 70 181 66 684 1355 360
leaf_count=19652 1583 402 749 952 528 259 5106 2206 820 511 7570 14040 96 2331 908 89 1274 470 447 1398 1938 959 1375 698 147 419 1665 2249 1144 7546 2162 1101 7229 1031 1320 351 298 530 531 888 102 259 1754 563 117 1664 1121 100 669 3396 755 1780 397 218 605 1122 70 181 66 684 1355 360
internal_value=-0.00109366 0.139349 -0.429594 -0.00629133 -0.16307 -0.231571 0.207402 0.107424 0.121387 -0.0561384 -0.540019 0.241649 -0.194209 -0.312257 -0.179092 -0.0212442 0.183486 0.072912 -0.0815252 0.171246 0.00329082 -0.0403262 -0.474707 0.0495431 -0.00470753 -0.112109 -0.12661 -0.460426 0.0528097 0.219483 -0.388243 0.12199 -0.41339 -0.290123 0.295652 -0.0993845 0.148096 -0.416565 -0.313378 0.153428 0.00884831 -0.331898 0.0579762 -0.156897 -0.163565 0.197769 -0.0355134 0.34147 -0.557904 0.226847 -0.197475 -0.248854 -0.398856 -0.346513 -0.222496 -0.222357 -0.0392274 0.376359 -0.570762 -0.377065 -0.258369 -0.26907
internal_weight=112310 84587 27723 26938 12091 9926 57649 14710 14847 6208 17797 42939 3704 5892 3239 6199 20718 6678 5071 12362 5304 4834 2653 2844 2660 3875 2485 10227 4861 9702 4855 3717 7978 1338 22221 2939 2504 4596 2434 2569 1249 361 2156 1261 2428 2765 3059 1374 765 8502 1262 2227 816 1249 2077 1904 782 251 2125 750 1960 1115
internal_count=112310 84587 27723 26938 12091 9926 57649 14710 14847 6208 17797 42939 3704 5892 3239 6199 20718 6678 5071 12362 5304 4834 2653 2844 2660 3875 2485 10227 4861 9702 4855 3717 7978 1338 22221 2939 2504 4596 2434 2569 1249 361 2156 1261 2428 2765 3059 1374 765 8502 1262 2227 816 1249 2077 1904 782 251 2125 750 1960 1115
cat_boundaries=0 1 2
cat_threshold=12 12
is_linear=0
shrinkage=0.05


Tree=38
num_leaves=63
num_cat=1
split_feature=36 38 36 56 121 74 125 124 123 125 124 121 127 93 131 127 96 50 135 36 87 93 133 74 124 92 111 123 136 90 111 89 125 111 79 113 131 56 131 74 131 87 113 68 90 123 127 125 111 113 123 92 92 102 123 131 135 87 122 99 125 90
split_gain=2.43052e+06 284014 243809 142556 111198 107857 74176.9 74984.5 70200.6 63939 91229.8 67873.3 56695.1 52777.4 50458.2 47288 51139.2 46503 44883.5 40469.8 40339.6 40083 37601.6 36701.2 34612 33259.6 33042 32099.7 30273.9 30266.2 28433.3 28428 26025.4 25942.6 24641.8 24155.9 24020.5 22524.1 22428.7 22208.3 22183.3 21432.4 20134 20065 19982.2 19675.1 31422.7 26435.1 19668 19244.1 19160.5 24928.2 18759.7 18696.6 18386.5 18320.2 17867.7 17613.9 17348.8 16992.2 16890 16260.4
threshold=0.41429027674761038 0.89228303762224237 -0.078624766157080542 0.17701713720955284 -0.0021156847213007497 0.14168183519534686 -0.0063765606928521991 -1.0000000180025095e-35 0.0017449057490225503 0.011764674699103002 0.031254824783464204 0.019906653585764354 0.029272050274541255 0.41331532771215512 0.0051223196909515505 -0.0010200988249237997 -0.75243163613831843 0.27519272044016696 0.022331952420891053 1.4678177225878126 0.31385764641937502 0.37537038315582955 -0.0097811283361824482 0.058480425834335506 0.0068147830133012009 0.34054858755994893 -0.0046766320841109491 0.0012898701523427001 0 -0.22820667977472478 -0.018541136971244498 0.08142010488240202 -0.016290964311285749 0.014149969892036351 0.21682715759443258 0.0027381865093034506 0.024592051329801703 -0.41070716306452187 0.016860380212537603 0.060835862796133358 -0.00048547110648854993 0.10997095247268872 0.015463652121781952 -0.56661637935606957 -0.24520698798992271 0.010624204903435802 -0.0064612785270587994 -0.013574270229808097 -0.0060160786502163497 0.0091678205541320511 0.0013951670259210003 -0.24278300192831628 -0.90165052186648287 0.17690016313004478 0.0096976717831023015 0.0011712876847895502 -0.012317726455858697 0.37917929880752599 0.0031024451425318502 0.83472701982709363 0.0035285928281393003 -1.0587107326617977
decision_type=2 2 2 2 2 2 2 2 2 2 2 2 2 2 2 2 2 2 2 2 2 2 2 2 2 2 2 2 1 2 2 2 2 2 2 2 2 2 2 2 2 2 2 2 2 2 2 2 2 2 2 2 2 2 2 2 2 2 2 2 2 2
left_child=2 5 9 4 6 17 7 30 21 13 58 27 19 33 49 -15 -17 53 26 41 34 -5 28 25 -9 29 40 57 -8 -6 -4 43 -32 -1 39 52 -19 -29 -30 -10 -18 44 -42 -28 54 46 -16 -48 -25 -7 -35 60 -13 -2 -3 -34 -49 -12 -11 -24 -52 -27
right_child=1 12 3 8 23 14 22 24 20 10 11 35 -14 15 45 16 18 36 -20 -21 -22 -23 59 48 -26 61 31 37 38 -31 32 -33 55 50 -36 -37 -38 -39 -40 -41 42 -43 -44 -45 -46 -47 47 56 -50 -51 51 -53 -54 -55 -56 -57 -58 -59 -60 -61 -62 -63
leaf_value=0.28785536098292747 0.050438802977255781 0.36206941767145073 -1.0400130812605115 0.19444309915130845 0.26806634670809598 0.21431870811068029 0.15024522363316289 0.48825974918638393 -0.26302066815869712 0.33028394515682158 0.19280957353438899 0.49204842042995661 -0.64430173341450336 0.25528827544717791 0.2999280906471431 0.24197838109212874 0.025829493926165095 -0.30104372155995562 0.27616423381889849 -0.5946022298030772 -0.55596860481262877 -0.19573072547801293 0.20205781208858206 0.14475746511912721 -0.1717261085892943 -1.0057691804838904 0.179403251474862 0.22501736375518511 -0.075140306290659473 -0.059727809284723821 -0.89944342316238124 0.23216817522801902 0.0066560160213956446 0.2544966765795757 -0.52814132724627416 -0.73112641509064447 -0.50481633227798972 -0.14718252670042814 -0.42606031621355173 0.03848490942698049 -0.17772078194733995 -0.418073623714802 -0.64031285131588966 -0.14925736479983881 -0.42650698503387763 -0.48363790955897329 -0.85932622113648593 -0.31948841903719211 0.35909676925344358 -0.29120142655580811 0.086416106859144692 0.22288372531038037 -0.36072466067428838 -0.26353196463334888 -0.26588222736513922 -0.47540625104558809 -0.004044686636428806 -0.34784683883190159 0.091471654606216091 -0.096471472749682638 -0.3916319683801735 -0.16862261642653059
leaf_weight=23054 969 247 229 1469 1997 1907 894 310 1630 3008 2362 81 5683 8633 398 4461 1275 3413 1560 3480 1180 1191 2920 1518 549 65 687 487 1284 1087 228 1698 312 1496 516 413 2519 2434 705 976 1713 7382 272 1428 365 400 135 774 3644 208 312 661 302 927 219 534 1067 160 1019 569 451 485
leaf_count=23054 969 247 229 1469 1997 1907 894 310 1630 3008 2362 81 5683 8633 398 4461 1275 3413 1560 3480 1180 1191 2920 1518 549 65 687 487 1284 1087 228 1698 312 1496 516 413 2519 2434 705 976 1713 7382 272 1428 365 400 135 774 3644 208 312 661 302 927 219 534 1067 160 1019 569 451 485
internal_value=0.00121976 -0.383266 0.14188 0.00890652 0.0856777 -0.20369 -0.0429051 -0.295902 -0.182179 0.197603 0.0843978 -0.0353547 -0.514672 0.221965 -0.0194274 0.164446 0.104539 -0.318755 0.0334985 -0.451621 -0.307003 0.0197371 0.0429688 0.210421 0.0667435 0.0886606 -0.0200546 0.0277415 -0.0906317 0.152549 -0.534842 0.0798622 -0.426262 0.27007 -0.212756 -0.466296 -0.387645 -0.0850722 -0.198677 -0.150129 -0.136909 -0.390972 -0.241399 -0.0424666 -0.150003 -0.159661 -0.104893 -0.186541 0.296106 0.164489 0.1296 -0.00169851 -0.179561 -0.103127 0.0670217 -0.297826 -0.136766 0.158385 0.269892 0.153359 -0.196295 -0.269204
internal_weight=112352 30093 82259 24292 17330 12717 8534 2162 6962 57967 10266 6239 17376 47701 4889 21727 13094 7828 8633 11693 4302 2660 6372 8796 859 3634 7073 5443 2883 3084 1303 3813 1074 25974 3122 796 5932 2921 1989 2606 3260 8213 1985 2115 831 2774 2374 1976 5162 2115 2920 1424 383 1896 466 846 1841 2522 4027 3489 763 550
internal_count=112352 30093 82259 24292 17330 12717 8534 2162 6962 57967 10266 6239 17376 47701 4889 21727 13094 7828 8633 11693 4302 2660 6372 8796 859 3634 7073 5443 2883 3084 1303 3813 1074 25974 3122 796 5932 2921 1989 2606 3260 8213 1985 2115 831 2774 2374 1976 5162 2115 2920 1424 383 1896 466 846 1841 2522 4027 3489 763 550
cat_boundaries=0 1
cat_threshold=8
is_linear=0
shrinkage=0.05


Tree=39
num_leaves=63
num_cat=0
split_feature=38 36 56 119 74 36 122 130 119 115 124 119 123 74 135 111 115 111 123 130 28 56 123 127 135 77 58 110 74 58 34 111 119 127 87 127 111 69 127 42 34 68 87 90 93 56 90 111 122 111 69 74 93 123 114 111 91 89 58 110 127 69
split_gain=2.18643e+06 277941 268035 155059 141373 104666 71951 54130.8 51598.6 49719.6 54710.8 48098.7 45091.7 46732.9 44192.7 37048 37350.5 36237.1 36052.6 33525.7 32162.7 30988.4 30155.9 28934.4 27598.6 27300.5 26231.1 25926.7 25636.1 25244.6 23660.8 23334.7 22752.3 22676.9 22380.4 27035.4 22215.8 22086.4 21855.5 21192.1 19534.3 19452.6 19227.8 19054.1 18637.7 18121.4 26174.9 17748.6 17477.5 17386.1 16585.1 16572 16488.3 15357.9 23612.9 18128.7 15352.5 14905.4 14853.5 14810.1 16608 14640.4
threshold=0.42031958621874838 0.81563639610895888 0.78874904944543001 0.014032085615837802 0.14168183519534686 -0.48704792665295449 0.039002211341640954 0.088765056755568963 0.004786085394745101 0.012307782098286401 0.13030023544176325 0.036302705638498606 0.021635707931050806 0.089324032954472013 -0.020826342631058894 -0.0064304375219960486 0.023960547651603156 -0.010008031994287249 0.0011451657842327502 -0.017062963286787497 2.1861185428802647 -0.40475720877660221 0.010624204903435802 0.018704586753870354 -0.026113317029284745 0.10936627168302451 1.5849162378322861 -0.027233076620624446 -0.099576420990319145 0.88325608198157868 -0.53780979488845182 -0.010751370189098447 0.044171032274799009 0.013627314643313551 0.2911257487294116 0.023961951406823254 0.017553826844579203 0.53724118049942005 0.00078270868836220005 -0.32624927255314851 0.42614875059218277 -0.75543784972629657 0.42518488728645332 -0.71396663592313814 0.29516495963342304 -1.2138141425849829 -0.85441836823316863 -0.008462091135036447 0.015616670575402952 -0.0033685750278439493 0.69202622415459014 0.070203070826038563 0.38484804270065465 0.0016642852254762502 0.23718905332500448 0.024673654251444205 0.24599822979710337 0.22125481253557197 -0.7266239991961615 -0.0048790290324044992 0.011036111334328252 0.70481728265283661
decision_type=2 2 2 2 2 2 2 2 2 2 2 2 2 2 2 2 2 2 2 2 2 2 2 2 2 2 2 2 2 2 2 2 2 2 2 2 2 2 2 2 2 2 2 2 2 2 2 2 2 2 2 2 2 2 2 2 2 2 2 2 2 2
left_child=2 4 3 9 15 53 7 19 37 23 48 20 13 34 57 24 29 58 42 33 26 -20 25 40 -2 43 47 30 -4 -17 -25 -32 52 -7 35 -8 -23 -6 -27 -15 -1 -30 -12 -16 -43 -40 -47 -3 -11 -42 -48 -49 -19 -5 -55 -56 -52 61 -9 60 -21 -10
right_child=1 11 28 5 8 6 12 17 14 10 18 -13 -14 39 22 16 -18 32 21 59 -22 36 -24 27 -26 38 -28 -29 41 -31 31 -33 -34 -35 -36 -37 -38 -39 45 -41 49 44 -44 -45 -46 46 50 51 -50 -51 56 -53 -54 54 55 -57 -58 -59 -60 -61 -62 -63
leaf_value=0.25223675743938934 -0.64279145024890783 -0.44478882699957129 -0.49400274680590706 0.23116335349099573 0.44135472580077018 0.1383409419917829 -0.1109547969922135 0.36487861101287294 -0.2124540123990597 0.26807836422301284 0.17184506939887748 -0.59448628592976449 -0.6066030446227848 -0.18190796638963411 1.1871523542702198 -0.068365871755838289 -0.46504089341678712 0.14785420911915817 0.2022398821230639 0.29693662763309125 -0.61863643235620225 -0.16888242828639233 -0.4365815883396203 0.20233892826379699 -0.35138275745814729 0.22060081379981544 -0.55643365164331093 0.21557907813815924 0.59497772525799897 -0.44261772125427212 -0.35397649583467522 0.029428837896209953 -0.65885293219616869 -0.16929513658114195 -0.53704646106322895 -0.54191412713075249 -0.58345596998382665 0.077240111361169858 -0.67444517385494418 0.16138859953236473 -0.098967071003691648 0.12290721368905502 -0.60459679436115987 0.21396386677372284 -0.26304382366498674 0.40112225880355451 -0.036266432018868096 -0.40133324045515845 0.082514909690418303 0.21663468128592578 -0.61785253193805345 -0.19508659918462967 -0.099047171045026458 0.17118468418316621 -0.07098370793822753 -0.9316824176418248 0.064631752020273464 -0.8750841973628849 -0.44821174828762028 0.35769464952048213 -0.31048457463531154 -0.61207325247879774
leaf_weight=34967 1327 2381 945 5856 542 1908 2065 60 931 3513 1581 6959 539 650 79 2309 1294 1340 439 267 1737 1386 385 1145 2109 720 1704 4135 75 559 566 1322 127 872 558 441 421 1790 129 1452 758 356 83 137 2546 257 970 1570 1988 1026 282 2574 1363 2453 707 66 116 129 746 1934 193 304
leaf_count=34967 1327 2381 945 5856 542 1908 2065 60 931 3513 1581 6959 539 650 79 2309 1294 1340 439 267 1737 1386 385 1145 2109 720 1704 4135 75 559 566 1322 127 872 558 441 421 1790 129 1452 758 356 83 137 2546 257 970 1570 1988 1026 282 2574 1363 2453 707 66 116 129 746 1934 193 304
internal_value=-0.00140207 -0.356256 0.135953 0.15651 -0.194515 0.0497898 -0.0335074 0.0560736 -0.0283696 0.203729 0.0994209 -0.493552 -0.171829 -0.126358 -0.128404 -0.342553 -0.242138 -0.0917563 -0.0435694 0.159958 -0.42302 -0.17422 -0.023297 0.226078 -0.46408 0.0359937 -0.381658 0.134153 -0.267194 -0.14144 0.0231081 -0.0856381 -0.00747475 0.0418188 -0.250887 -0.18698 -0.26574 0.16202 -0.0111678 0.0551952 0.244003 -0.195056 0.132776 0.573729 -0.215672 -0.106378 -0.0608952 -0.335938 0.201045 0.082559 -0.147922 -0.273303 0.0233625 0.182906 0.0952612 -0.14558 -0.419274 -0.365165 -0.387307 0.297071 0.0419631 -0.311237
internal_weight=112143 31294 80849 76927 14369 23597 14515 8810 6771 53330 9411 16925 5705 5166 4439 7598 4162 3636 3910 5174 9966 2246 3075 43919 3436 2690 8229 7168 3922 2868 3033 1888 2830 2780 3064 2506 1807 2332 2474 2102 36751 2977 1664 216 2902 1754 1625 6525 5501 1784 1368 4144 2703 9082 3226 773 398 1364 806 2394 460 1235
internal_count=112143 31294 80849 76927 14369 23597 14515 8810 6771 53330 9411 16925 5705 5166 4439 7598 4162 3636 3910 5174 9966 2246 3075 43919 3436 2690 8229 7168 3922 2868 3033 1888 2830 2780 3064 2506 1807 2332 2474 2102 36751 2977 1664 216 2902 1754 1625 6525 5501 1784 1368 4144 2703 9082 3226 773 398 1364 806 2394 460 1235
is_linear=0
shrinkage=0.05


Tree=40
num_leaves=63
num_cat=1
split_feature=62 36 36 74 74 113 6 114 127 80 92 121 34 90 127 115 34 121 135 74 74 73 126 115 79 112 111 136 127 121 111 92 113 121 111 127 113 106 121 52 103 4 11 121 133 113 92 113 73 69 115 102 106 133 93 34 127 80 89 127 80 127
split_gain=1.97502e+06 277821 172333 124919 109718 115523 79440.4 56356.3 55341.2 55196.7 57178.2 48193.9 46161.7 45904.3 42805 41591.1 40132.1 37376.9 36967.3 34230.8 34822.9 56868.6 33858 32503.2 30094.9 29532.3 38218.1 37817.9 29357.3 40092.1 26461.6 26368.9 26677.7 26156.2 26098.8 24730.9 23944.3 23464.4 23358.5 22192.1 24760.8 21643.7 24491.9 22349.2 20907.2 20528.4 20467.6 20415.5 20195.1 20181 19414.4 19634.2 18580.4 18078.4 17512.5 17420 17135.1 16969.9 16195.9 18899.4 15652.9 15556.7
threshold=0.35961942333847102 0.85305414510384903 -0.10926668366551574 0.058480425834335506 0.075092103994185311 0.010909781864185902 9061.6750000000011 0.4720185185826567 0.00019333844358270004 -0.36665787843421083 0.2849913028678584 0.014742669539819403 0.35819938112237215 -0.16453659590090997 0.026442192744377504 0.013512652303650301 1.3140886498451827 -0.0044452555419045494 -0.0090746317550415984 0.081129666766626765 0.11655028024546847 0.58240100486875857 0.78632551070673529 0.015978469378112706 0.16560447706651588 0.013760056264038902 0.016233811705192652 0 0.0046541622040517511 -0.0016974016491786998 0.014786911227574853 -0.014907392510091997 0.0035151229067555503 -0.024945307600690098 0.0031082760484196508 0.031999455782155607 0.016841313751626102 0.058243927970229308 -0.00021480205139864995 0.10056793411252031 0.0014343092391194002 552.74500000000012 8142.0250000000005 0.0023255663200127002 -0.022562274471349997 0.0020586928138211003 0.24208730496537953 0.00064261335516470005 0.57469021089038763 0.64372727776735417 -0.01098739022545525 0.05910070088890796 0.036835509180371755 -0.020685183479241698 0.44210371922397396 -0.69949565737509645 -0.0087655118686145988 0.71842551559910661 0.043691620346594608 0.0040879205848359012 -0.60372119560012061 -0.018827359677257845
decision_type=2 2 2 2 2 2 2 2 2 2 2 2 2 2 2 2 2 2 2 2 2 2 2 2 2 2 2 1 2 2 2 2 2 2 2 2 2 2 2 2 2 2 2 2 2 2 2 2 2 2 2 2 2 2 2 2 2 2 2 2 2 2
left_child=2 4 7 9 12 8 28 22 23 10 38 57 13 46 15 39 19 -8 49 -3 21 -21 25 -6 -7 52 33 -28 -5 37 44 32 61 -27 -16 -24 -22 -30 50 40 -11 43 -43 -20 -19 -17 48 -13 -2 -10 51 -4 -1 -26 -18 -37 -42 -9 59 -15 -50 -29
right_child=1 16 3 6 5 24 17 11 18 14 -12 47 -14 58 34 45 54 30 41 20 36 -23 35 -25 53 26 27 31 29 -31 -32 -33 -34 -35 -36 55 -38 -39 -40 -41 56 42 -44 -45 -46 -47 -48 -49 60 -51 -52 -53 -54 -55 -56 -57 -58 -59 -60 -61 -62 -63
leaf_value=0.27847314602209655 0.39078980883542691 -0.49000964212662812 0.025783573241196862 0.28066828983035141 0.30518250197290697 0.33498688232934765 -0.32319319403096575 0.11664078968270192 -0.099213003636491437 0.08694811371014273 -0.31863302232825985 0.12423202944871709 -0.45118797162370505 0.041895911545824199 -0.58768367025015111 -0.10382354516653931 -0.48519874124824081 -0.27217696774541661 -0.159213643188821 -0.26302044182005579 -0.25017292196983587 1.5984735710280282 0.11864831263272252 -0.12595010046705657 -0.66862310341864306 -0.25678462548940273 0.26344248891175637 -0.52730085957171358 0.12719395133383957 0.26451266511435306 -0.43983155260618512 0.27565639897772715 -0.71928948957167693 0.19721865592480389 -0.059896893707045817 0.16887373483637302 -0.53601700103386374 -0.18235023547199181 0.29675116663160661 0.11131269225993666 0.098758963505930178 0.44889138951183416 -0.10773647123917206 0.21610075094017156 0.21747431255798758 -0.38701725243136542 -0.16850196947245788 -0.46270467268181009 0.2190791452857288 -0.38924893778380826 0.090594839094547658 -0.88715110337788916 0.19362016417474012 -0.3435965328510433 -0.64118921485846958 -0.38097775607179574 -0.38461884889907955 -0.30614561672485713 -0.44092037476782714 -0.48149744805516947 -0.83286784534506941 0.0020050911265207878
leaf_weight=16986 502 4957 128 5248 1924 123 1132 4378 1448 753 826 194 3791 471 883 1073 3742 266 1336 117 2804 62 3712 565 706 323 606 196 1198 2163 238 218 304 15623 319 208 993 1250 1447 1810 231 562 304 563 1189 1588 570 621 73 1024 1616 108 10423 1096 3512 464 881 250 1344 271 67 470
leaf_count=16986 502 4957 128 5248 1924 123 1132 4378 1448 753 826 194 3791 471 883 1073 3742 266 1336 117 2804 62 3712 565 706 323 606 196 1198 2163 238 218 304 15623 319 208 993 1250 1447 1810 231 562 304 563 1189 1588 570 621 73 1024 1616 108 10423 1096 3512 464 881 250 1344 271 67 470
internal_value=-0.000156834 -0.325678 0.134969 0.0242245 -0.182843 -0.0731223 0.132822 0.184013 0.0132428 -0.0938809 0.0531519 0.0312914 -0.332187 -0.195302 -0.174338 -0.122401 -0.473371 -0.100911 -0.0790113 -0.402321 -0.292901 0.387041 0.200794 0.207305 -0.419576 0.213676 0.163392 -0.0553785 0.199799 0.107717 0.0478179 -0.218472 -0.331944 0.188007 -0.44778 0.0681143 -0.325049 -0.0308757 0.146307 -0.0133775 -0.134385 0.0465938 0.253594 -0.0478883 0.127832 -0.272906 0.049406 -0.323011 0.242837 -0.219466 0.0286662 -0.393981 0.246214 -0.471238 -0.560799 -0.210788 -0.284206 0.0937411 -0.337437 -0.149653 -0.286689 -0.154324
internal_weight=112250 32927 79323 24347 16740 9651 12684 54976 7726 11663 4125 5443 7089 3298 7538 6336 16187 2825 5237 8933 3976 179 49533 2489 1925 45149 17740 1794 9859 4611 1693 1188 970 15946 1202 4384 3797 2448 3299 3675 1865 2765 866 1899 1455 2661 1212 815 642 2472 1852 236 27409 1802 7254 672 1112 4628 2086 742 140 666
internal_count=112250 32927 79323 24347 16740 9651 12684 54976 7726 11663 4125 5443 7089 3298 7538 6336 16187 2825 5237 8933 3976 179 49533 2489 1925 45149 17740 1794 9859 4611 1693 1188 970 15946 1202 4384 3797 2448 3299 3675 1865 2765 866 1899 1455 2661 1212 815 642 2472 1852 236 27409 1802 7254 672 1112 4628 2086 742 140 666
cat_boundaries=0 1
cat_threshold=3
is_linear=0
shrinkage=0.05


Tree=41
num_leaves=63
num_cat=2
split_feature=50 50 125 114 80 107 127 125 119 120 127 113 135 90 62 103 119 105 125 125 122 120 85 133 136 113 44 96 105 74 87 74 119 103 105 83 133 87 103 136 119 103 107 101 127 93 84 135 95 103 135 94 113 100 107 69 119 56 113 135 56 80
split_gain=1.83126e+06 245261 188345 181402 114811 82930.7 82904.9 68496.2 65078.6 61268.3 61135.1 58153.3 39221.8 38799.3 38480.6 38462 37453.7 36633.7 36614.7 35454.1 34967.3 33654 32944.7 32788 30031.5 27431.8 26563.6 25374.2 25172 25005.6 26540.1 25035.8 23723.6 22441.7 21479.1 20963.7 20846.7 20206 20086.7 19723.1 19411.2 19193 19167.6 19153.7 18734.5 18684.9 17812.4 17355.4 21365.3 17293 17091.5 16755.9 16664.9 15972.9 15909.9 14916.1 14556.7 14526.7 14454.3 14415.5 14412.2 14102.3
threshold=0.39043050499094301 0.82587044091575013 0.014528005035680301 0.083010837894094663 -0.20904206878757622 0.0023685767057601502 0.019292129539327702 -0.0058913958803108986 0.037898262078786459 -0.013558340461412648 0.0029100527316856506 0.0011630377096510502 -0.012317726455858697 -0.78383966671351335 -0.36547198301503142 0.015502107802050103 -0.0091456088362928973 -0.021862885121660097 -0.015043829140732797 0.032446809068750554 0.0093166407996706016 1.0000000180025095e-35 0.35181502522798719 -0.020320478393334996 0 0.025632691370479552 0.033946771342310306 0.93394564104665001 -0.0051988541957932993 -0.099576420990319145 0.18626098265226337 -0.033761018612746295 0.036811468851471504 0.0064833184818071507 0.0060212924474253504 1.1925693129391395 -0.01129157164029925 0.16388360902288082 0.025816910040380055 1 0.0057387293705130011 0.014950096017291602 0.035386506385209106 0.36813264975137333 -0.011630270539150047 0.27802925171816706 -0.51169821459396869 -0.0039385575161069485 0.11674935476649435 0.010836631025528702 -0.038239099446016243 -0.083418090706399842 0.0069229934923749009 0.39760914907718781 0.021609930706484901 0.70195409318694557 0.028021915404740153 1.8900186384444246 0.0148288297183872 -0.019440779239195898 -0.22828066393874483 -0.41790194474713366
decision_type=2 2 2 2 2 2 2 2 2 2 2 2 2 2 2 2 2 2 2 2 2 2 2 2 1 2 2 2 2 2 2 2 2 2 2 8 2 2 2 1 2 2 2 2 2 2 2 2 10 2 2 8 2 2 2 2 2 2 2 2 2 2
left_child=2 4 5 20 7 40 14 10 15 18 -2 35 39 -13 -7 27 -16 55 -8 22 -4 -11 26 24 -18 32 45 37 -14 30 -15 -31 38 58 -25 53 56 52 59 -9 -1 -23 -36 -30 -35 -6 -33 -19 -49 -42 -17 -45 -3 -5 -40 -12 -24 -52 -26 -20 -37 -22
right_child=1 8 3 11 19 6 9 12 -10 21 17 13 28 29 16 50 23 47 25 -21 61 41 36 34 33 -27 -28 -29 43 31 -32 46 -34 44 42 60 -38 -39 54 -41 49 -43 -44 51 -46 -47 -48 48 -50 -51 57 -53 -54 -55 -56 -57 -58 -59 -60 -61 -62 -63
leaf_value=0.25799852518153843 0.16248886229388679 0.40234974689546238 0.26437406266491825 -0.0351599369006746 0.79134410161407676 0.19926001512731614 -0.99901864085080383 0.094987297739141358 -0.53810819637271579 0.32568560386469603 0.60851527102747749 0.45861486288669867 0.4692801876051263 -0.1094204657074998 0.26756944866574112 -0.58171800909571492 0.10908831926571955 -0.76338046884889466 -0.22768712584954059 -0.50183838029073113 0.22426443123819167 0.098864735321486347 -0.32932883373490401 0.17647142147455877 0.024980145398710435 -0.80860120895085863 -0.17807141013500491 -0.37283255919668401 0.7137571026620112 0.33624941372942785 -0.59916616671068745 0.010939314349354069 -0.83276490943554116 0.032563308776893056 0.058266303675583858 0.33926733573277795 -0.19889161672194322 -0.20873445183411024 -0.1222336171627745 -0.24180848653858625 0.22420259662498265 -0.18654409231548322 -0.25876533392218687 0.51846986470371481 -0.51072050814887859 0.093420799881182057 -0.35616816044008981 0.2590143490817633 -0.58405419768940692 0.10796407431487896 -0.34988467368356463 0.029956465353508772 -0.23976360845988914 0.29020930076583051 -0.60518315297741343 -0.38807785882324475 -0.64414089102801442 -0.55434730250735809 -0.7752690080736504 0.06180168618158275 -0.41204445472995349 -0.11048504797547896
leaf_weight=17260 569 268 3418 1284 126 16252 139 920 7611 1089 97 151 839 346 2347 1471 1068 582 617 1459 431 1591 1101 4265 752 159 979 2447 132 166 1389 394 116 202 3807 74 2153 2598 382 807 7990 934 544 199 737 393 2045 110 233 5342 4484 1436 161 533 308 60 554 1082 60 1413 435 1157
leaf_count=17260 569 268 3418 1284 126 16252 139 920 7611 1089 97 151 839 346 2347 1471 1068 582 617 1459 431 1591 1101 4265 752 159 979 2447 132 166 1389 394 116 202 3807 74 2153 2598 382 807 7990 934 544 199 737 393 2045 110 233 5342 4484 1436 161 533 308 60 554 1082 60 1413 435 1157
internal_value=-0.000356389 -0.314078 0.129857 -0.0542055 -0.142479 0.162157 0.111562 0.0170613 -0.422788 -0.0467982 -0.256894 -0.222024 0.121481 -0.327103 0.147143 -0.352596 0.0856747 -0.477384 -0.208553 -0.283582 0.174323 0.0934914 -0.223485 0.0483212 -0.0996725 -0.171545 -0.0248175 -0.253115 0.243907 -0.354539 -0.501619 -0.256426 -0.135556 -0.226324 0.0967481 -0.0190868 -0.30161 -0.156245 -0.105527 -0.0632906 0.222985 -0.00674033 0.0185779 0.136692 -0.393938 0.264055 -0.296885 -0.597159 -0.313715 0.177639 -0.429935 0.0896952 0.161373 0.0603912 -0.338375 0.227606 -0.435035 -0.389724 -0.0350324 -0.0262546 -0.302365 -0.0195465
internal_weight=112068 32871 79197 11823 12749 67374 36782 5984 20122 6748 1651 6817 4333 4491 30034 12511 13782 1082 3134 6765 5006 3614 5306 11435 2819 2995 1498 5474 2606 4340 1735 2605 2836 1751 8616 2326 3808 3027 2720 1727 30592 2525 4351 1767 939 519 2439 925 343 13332 7037 1635 429 1817 690 157 1655 5566 812 2030 509 1588
internal_count=112068 32871 79197 11823 12749 67374 36782 5984 20122 6748 1651 6817 4333 4491 30034 12511 13782 1082 3134 6765 5006 3614 5306 11435 2819 2995 1498 5474 2606 4340 1735 2605 2836 1751 8616 2326 3808 3027 2720 1727 30592 2525 4351 1767 939 519 2439 925 343 13332 7037 1635 429 1817 690 157 1655 5566 812 2030 509 1588
cat_boundaries=0 1 2
cat_threshold=8 12
is_linear=0
shrinkage=0.05


Tree=42
num_leaves=63
num_cat=0
split_feature=38 36 46 74 68 87 118 74 107 107 111 119 77 131 113 100 107 102 111 125 46 36 119 94 119 125 123 56 125 119 102 85 125 133 96 125 125 121 119 36 115 115 56 82 111 113 80 124 113 56 125 111 91 124 121 125 131 46 107 131 68 80
split_gain=1.65004e+06 238196 189061 111195 91820.6 84162.3 79409.1 72124.4 66928.7 55826.8 51914.2 47589.3 43439.4 41975.6 40816.7 40869.9 38932.3 38715.7 37548.7 32959.3 34093.6 32663.8 31002.3 28417.2 27701.7 27663.3 27557.6 25953.7 25710 25118.5 23230.8 23077 21650.5 21423.3 20883.3 20333.2 18252.4 18178.9 18129 18038.2 17899.2 17660 17653.7 17618.2 17499.6 20075.9 17140.1 17024 16942.5 16562.6 16481.2 16144.2 16826.2 16014.8 15798.5 15783.2 15426 14916.7 14883.9 14716.2 14659.9 14517.9
threshold=0.35175539995915395 0.61829168258454981 0.17339078780785785 0.16080032754763748 -0.60310726513005786 0.35390983708686685 0.3332509521169752 0.060835862796133358 0.037774197127948654 0.0028447522323042508 -0.022934355552978045 0.0026559850319097006 0.2985953464054571 0.0093808309474451013 0.013134106322062402 -0.36781622371294365 0.028484710116106152 0.020616969491731255 0.029073683599214254 -0.010458503946327047 -0.51055382238933422 -0.51910324991098966 0.021230351395978904 -0.064646336489400533 0.0059155774056183505 -0.0093819283160152481 0.0079410180758084526 -1.2138141425849829 -0.011023006973213947 0.040372102467926309 -1.0000000180025095e-35 0.29446534247133915 0.018400465494103103 -0.022562274471349997 0.018992608921431755 0.018025783838359302 0.018400465494103103 -0.024945307600690098 0.046955900730233709 -0.56680860522711807 0.020435735277668201 0.015978469378112706 -0.56021239339699258 1.0818014162136096 -0.015233449516696798 0.025632691370479552 -0.18287971689937474 -1.0000000180025095e-35 0.014223167084097902 -1.266378280677172 0.010009964415810401 -0.012902736496432848 0.24675794813758298 0.38051110157712259 0.00020538348872270004 -0.012402557936078298 0.020875360395437404 2.5471100496579884 -0.0048859629823852996 0.019636246329100052 0.032396791491583407 -0.49545228403223424
decision_type=2 2 2 2 2 2 2 2 2 2 2 2 2 2 2 2 2 2 2 2 2 2 2 10 2 2 2 2 2 2 2 2 2 2 2 2 2 2 2 2 2 2 2 10 2 2 2 2 2 2 2 2 2 2 2 2 2 2 2 2 2 2
left_child=2 3 6 16 -4 7 17 18 12 38 39 46 24 36 15 -9 31 30 29 47 23 32 35 -21 61 -23 54 -25 -24 53 41 -2 -15 -18 -33 37 -12 48 40 -11 -8 44 -43 -17 45 -1 49 -13 -19 -5 -44 -36 -53 -6 58 -26 -29 -14 -22 -46 -45 -3
right_child=1 8 4 11 5 -7 9 14 -10 10 13 19 57 21 -16 43 33 22 -20 20 26 25 28 27 55 -27 -28 56 -30 -31 -32 34 -34 -35 51 -37 -38 -39 -40 -41 -42 42 50 60 59 -47 -48 -49 -50 -51 -52 52 -54 -55 -56 -57 -58 -59 -60 -61 -62 -63
leaf_value=0.089947005790796508 0.34354268665679477 0.24675303768528545 0.23533637831842033 -0.34259645646756015 -0.026390805296631598 -0.45429557789580199 0.18708580236664848 -0.26553533736093105 -0.51539675224266224 -0.014298366500090247 0.13487129357477823 -0.6597363470281874 -0.38582897376890518 0.1188966231793645 -0.40416481840163904 0.20329853301204143 -0.58828160337431368 0.043932051641282992 -0.53624065491720296 0.53852412060979338 0.31618634465991002 -0.6581080934985637 -0.63487862243530269 -0.78552069962024695 -0.52760323465745196 -0.14882697448694718 -0.48713494785015987 0.3259085953558114 0.013248096371130497 -0.59504855172672944 0.29918039224502818 0.16398327813165356 -0.70998972008027228 -0.29736542040468378 -0.39346080435889552 -0.12126357415753419 -0.33570182097512624 0.18356810617749866 -0.61161189482018763 -0.66942024557163737 -0.24671459153750722 0.30791442948344505 0.071366808267394929 1.3555057796739765 0.26094985005966104 -0.83649770949707658 0.012753943271369327 -0.018153832980221319 -0.73444265180826196 0.39195508605890506 -0.36913841895522242 -0.081823721461767959 -0.39576269866162694 -0.20753835818209365 0.16594432227601333 -0.25739061087373372 -0.33907850921090882 -0.5986364408260898 -0.19287006019667718 0.14350978215350538 0.26290922524437071 -0.13074968339670029
leaf_weight=1414 219 344 2495 81 3345 1456 8271 484 7314 145 4993 314 6400 1552 346 3131 963 232 588 449 163 302 165 87 608 2233 391 334 1955 260 9453 388 82 1857 985 596 214 15904 73 381 244 379 549 61 11031 60 538 154 99 1252 345 1874 552 1920 685 4888 117 949 1157 3524 62 972
leaf_count=1414 219 344 2495 81 3345 1456 8271 484 7314 145 4993 314 6400 1552 346 3131 963 232 588 449 163 302 165 87 608 2233 391 334 1955 260 9453 388 82 1857 985 596 214 15904 73 381 244 379 549 61 11031 60 538 154 99 1252 345 1874 552 1920 685 4888 117 949 1157 3524 62 972
internal_value=-0.000714801 -0.29139 0.125565 -0.118416 -0.0398856 -0.098828 0.162029 -0.0480322 -0.392545 0.0745912 -0.00632169 0.0442147 -0.329062 0.0208172 0.11464 0.162758 -0.254492 0.197398 -0.156712 -0.0562982 -0.00184099 -0.0974026 0.142706 0.245322 -0.238042 -0.209734 -0.103716 7.84671e-05 -0.0374713 -0.116231 0.236131 -0.154481 0.0768913 -0.396884 -0.183273 0.165402 0.115471 0.175933 0.167874 -0.489196 0.174628 0.201668 0.0223998 0.226524 0.215903 0.051694 0.251016 -0.449106 -0.190386 0.347097 -0.0988493 -0.22281 -0.153389 -0.0924772 -0.0287394 -0.287374 0.153027 -0.413387 -0.129818 0.232528 0.811328 -0.0319587
internal_weight=112379 34035 78344 12560 14148 11653 64196 10197 21475 18490 9902 5722 14161 9376 4084 3738 6838 45706 6113 3851 3383 4169 18951 987 6812 2535 2396 538 2120 5525 26755 4018 1634 2820 3799 16831 5207 16235 8588 526 8515 17302 1273 3254 16029 1474 1871 468 331 1333 894 3411 2426 5265 2005 5496 451 7349 1320 14555 123 1316
internal_count=112379 34035 78344 12560 14148 11653 64196 10197 21475 18490 9902 5722 14161 9376 4084 3738 6838 45706 6113 3851 3383 4169 18951 987 6812 2535 2396 538 2120 5525 26755 4018 1634 2820 3799 16831 5207 16235 8588 526 8515 17302 1273 3254 16029 1474 1871 468 331 1333 894 3411 2426 5265 2005 5496 451 7349 1320 14555 123 1316
is_linear=0
shrinkage=0.05


Tree=43
num_leaves=63
num_cat=0
split_feature=36 119 46 34 118 50 107 125 113 107 125 119 76 87 125 126 107 126 125 42 75 90 125 107 125 126 74 80 50 111 87 36 70 107 72 86 34 125 74 94 69 90 80 11 90 34 34 125 113 80 107 112 87 113 94 101 79 90 125 125 111 69
split_gain=1.48301e+06 228039 150190 112443 81292.8 78653.8 77507.8 69826 69776.2 46890.9 46352.7 42921.4 42262.1 40362.1 37528.5 29268.6 33184.8 29449.2 28905 27995.1 27869.8 27087 26134.1 25931.1 25741.6 25558.8 24877.2 24432 23761.9 22168.5 20219.9 19594.5 19544.7 19585.5 18680.6 25913.7 18442.9 18390 18162.3 17779.4 17325.9 16821 20783.7 19752.8 16530.2 22827.6 16503.1 20263.3 16400.8 23160.8 16366.1 16293.1 16166.4 16059.6 15835.9 15419.8 14495.1 14491.9 14333.4 16394.2 13595.6 13373.2
threshold=0.33980391323557457 0.026432172017346704 0.16432145031087944 0.70823812776910622 0.21103302403079158 -0.43095207587784962 0.025919141179191852 0.019156054877595651 0.0018526542835303503 0.027835973606184904 -0.008914729865038799 0.024102439923573107 0.79946366085301335 0.18244328573224117 -0.014522223983232949 1.0000000180025095e-35 0.025615667656376052 -1.0000000180025095e-35 0.022848944510930506 -0.41229760174705293 0.12126326000382255 0.68887032407465931 0.017679798417227905 0.040490882532887906 0.018400465494103103 0.54318543007856734 0.14168183519534686 -0.47165229101815132 0.54744774660566298 -0.0065813832308779492 0.19389191525103022 -0.030517576668941195 0.363540454612029 0.019092655649779904 -1.0085063854025582 -0.014397683797368549 0.13240840594535488 -0.010458503946327047 0.14833095570368743 -0.082376706476606734 0.49355864113144149 -1.2529815640948365 -0.57106606483132116 8129.6850000000004 -0.82278874786459377 -0.083853534754654832 -0.15785027582170627 -0.0093819283160152481 0.0012243982960714003 -0.73786882430114564 -0.0059869953673753994 0.066497368063646908 0.4304881254668958 0.015463652121781952 -0.016688985757437647 0.76754668521363367 0.077268617020726002 -0.82278874786459377 -0.016989158024637244 0.051578151347766457 -0.019750357989075148 0.65065151678543731
decision_type=2 2 2 2 2 2 2 2 2 2 2 2 2 2 2 2 2 2 2 2 2 2 2 2 2 2 2 2 2 2 2 2 2 2 2 2 2 2 2 8 2 2 2 2 2 2 2 2 2 2 2 2 2 2 8 2 2 2 2 2 2 2
left_child=2 3 4 7 15 34 11 9 12 25 29 18 30 19 -13 17 46 22 36 -10 38 -14 60 50 44 51 -5 -16 -19 -8 -7 -18 33 -28 -4 -36 57 -33 -15 -38 -11 -34 43 54 -12 -46 -17 -48 -24 -50 -3 61 -9 -29 -43 -37 -44 -6 -52 -60 -1 -2
right_child=1 23 5 26 6 8 10 52 13 40 24 14 21 20 27 16 31 28 -20 -21 -22 -23 48 -25 -26 -27 32 53 -30 -31 -32 37 41 -35 35 55 39 -39 -40 -41 -42 42 56 -45 45 -47 47 -49 49 -51 58 -53 -54 -55 -56 -57 -58 -59 59 -61 -62 -63
leaf_value=-0.0059533616480878515 0.27740963758475073 -0.12983831743399302 0.31861133139391823 -0.40140997720754412 0.30705289400332397 0.1490296676794812 -0.86671571235807299 -0.23396431545966148 -0.63900260825629362 0.33946279243198263 0.31035112347426663 -0.77505880137688898 0.54607305654025606 -0.31694647933364073 0.16310997260885038 0.20078762060676394 0.046956832204544781 0.28730478990015912 -0.4862091061571685 0.080423814445344105 -0.59249700005706385 -0.27675012529380927 0.14328030916047282 -0.51720637876460585 -0.68623305778903299 -0.11561395750331559 0.32952862661069549 -0.08357255491297319 1.0913107306726519 -0.2360235563287621 -0.11852061996176094 -0.979423662409725 -0.67752720565922497 -0.46163233369588852 0.30801625438155489 -0.10298840594644472 0.3040865859513735 -0.17593765025078431 0.028083891097937165 -0.027675973303370422 -0.29099353026567509 0.44913588759799805 -0.16637227422144843 0.87769027609498274 0.033236758841497786 -0.29041180376178549 -0.21320375526644872 0.12323319395886989 0.29320834134388901 -0.58985928495261652 -0.63781719249641078 -0.0091644731717031094 -0.58101797396841559 -0.61474785018351774 -0.19674021960872057 0.1256820690960537 -0.36667213085491518 0.15320505822620795 -0.3512148726466866 -0.55906039015693676 0.20694604562680838 0.07950385264124038
leaf_weight=791 1933 614 1006 3540 1753 992 288 1829 153 118 315 171 541 2326 1174 10116 1631 8847 180 1108 818 122 319 5458 157 1335 283 1744 92 271 2444 82 225 107 923 1565 490 507 456 2274 1313 119 1594 61 1647 813 501 4131 102 267 579 1459 411 154 453 1392 2092 12099 6918 1103 14403 1530
leaf_count=791 1933 614 1006 3540 1753 992 288 1829 153 118 315 171 541 2326 1174 10116 1631 8847 180 1108 818 122 319 5458 157 1335 283 1744 92 271 2444 82 225 107 923 1565 490 507 456 2274 1313 119 1594 61 1647 813 501 4131 102 267 579 1459 411 154 453 1392 2092 12099 6918 1103 14403 1530
internal_value=-0.00254404 -0.283724 0.114931 -0.166479 0.146639 -0.0346496 0.0722987 -0.0522825 -0.122647 0.019303 -0.14509 0.110175 0.0293012 -0.250755 -0.0563428 0.188494 0.137869 0.223095 0.142328 -0.007303 -0.336005 0.394475 0.182214 -0.430755 -0.0654534 0.0783621 -0.300248 -0.0160969 0.295701 -0.561927 -0.0412559 -0.042339 -0.2276 0.111841 0.126712 0.076888 0.149166 -0.289269 -0.260402 0.0312274 -0.238805 -0.256752 -0.23468 0.0299575 -0.0300973 -0.0737997 0.164997 0.0868058 -0.11906 -0.345627 -0.379495 0.130987 -0.297873 -0.126972 -0.0618216 0.00466372 -0.280122 0.172696 -0.397302 -0.379863 0.195863 0.19002
internal_weight=112239 33074 79165 18402 65319 13846 23530 9928 8960 7688 3491 20039 4099 4861 3243 41789 16968 24821 16796 1261 3600 663 15882 14672 2932 6257 8474 3072 8939 559 3436 2220 4934 390 4886 3880 16616 589 2782 2764 1431 4544 4319 633 2775 2460 14748 4632 688 369 9214 4922 2240 1898 572 2957 3686 13852 8600 8021 15194 3463
internal_count=112239 33074 79165 18402 65319 13846 23530 9928 8960 7688 3491 20039 4099 4861 3243 41789 16968 24821 16796 1261 3600 663 15882 14672 2932 6257 8474 3072 8939 559 3436 2220 4934 390 4886 3880 16616 589 2782 2764 1431 4544 4319 633 2775 2460 14748 4632 688 369 9214 4922 2240 1898 572 2957 3686 13852 8600 8021 15194 3463
is_linear=0
shrinkage=0.05


Tree=44
num_leaves=63
num_cat=2
split_feature=38 62 46 74 125 102 119 46 56 125 123 75 127 102 127 125 107 125 119 119 68 74 113 85 96 56 23 94 123 136 125 87 92 77 127 68 90 125 90 68 136 105 100 125 96 105 125 107 125 79 123 78 52 100 90 38 46 40 87 78 107 87
split_gain=1.34781e+06 199109 141879 86623.5 77184.1 59889.5 58376.1 56608 55633 48334.8 39008.9 38342.1 38204.4 36937 37373.9 36342.1 35174.2 31623.9 30450.9 26802 26182.8 26251.3 25802.2 25761 24916.6 23283 23098.2 22857.6 22029 25499.7 24581.4 21367.1 19980.3 19578.5 19561.2 19340.4 19315.8 27115.1 19210.8 22638.1 28756.9 19036.2 18730.1 18624 19798.2 24533.7 18460 17582.7 17410.3 17143.4 17085.2 18078 16693.6 16391.5 16162 16578.9 15916.5 18027.3 15829.8 15654.6 15563.7 15532
threshold=0.36376664205574155 0.81378850922785717 0.16432145031087944 0.14168183519534686 0.011027482837092801 1.0000000180025095e-35 0.030920979615049905 -0.51706735469674581 -1.2138141425849829 0.022290725617511806 0.0035602846799742001 0.12343055704972036 0.019602306314929051 -1.0000000180025095e-35 0.044151138351606105 -0.0067086534947232495 0.033229508425427705 -0.012402557936078298 0.023822038889211656 0.025231857803142053 -0.57336839119516059 0.14168183519534686 0.022137324365307753 0.31234386393462393 0.30464977796903975 -0.6841212865321934 2.222014769692326 -0.020854522676622446 0.00083399395886985005 0 0.010170880583488652 0.3678308576482463 -0.78246099966273663 0.18348448808498152 -0.006667734016474549 -0.75543784972629657 -0.82278874786459377 0.025354385034759602 -0.80245484424250024 -0.4672100711978649 1 -0.012839672611244099 -0.26850218124092617 0.0010120525903431002 -0.4067909090998672 0.043312740817059908 -0.012050387439153949 -0.0043329607172583997 -0.010725385231536348 0.027475744826061407 0.029168186707948053 -1.0234718687563393 -0.38558738883384769 -0.30498706161919464 -0.93076672719248454 -0.3758570546538505 -0.78723500026348459 -0.16722176300793073 0.19389191525103022 -0.027074849189938296 -0.0024781283004435997 0.1872098050141178
decision_type=2 2 2 2 2 2 2 2 2 2 2 2 2 2 2 2 2 2 2 2 2 2 2 2 2 2 2 10 2 1 2 2 2 2 2 2 2 2 2 2 1 2 2 2 2 2 2 2 2 2 2 2 2 2 2 2 2 2 2 2 2 2
left_child=2 3 5 15 18 13 9 8 24 12 25 20 28 14 19 -2 26 -8 31 36 -6 49 38 -17 61 -9 48 42 29 43 50 -4 -20 -13 -27 -33 -1 -38 -14 -40 -41 -25 -10 44 -7 -46 -21 -36 -3 -22 -30 -52 -49 -23 -19 -56 -32 -58 -34 -31 -12 -5
right_child=1 16 4 7 11 6 17 10 27 -11 60 33 22 -15 -16 23 -18 54 32 46 21 53 -24 41 -26 34 -28 -29 30 59 56 35 58 -35 47 -37 37 -39 39 40 -42 -43 -44 -45 45 -47 -48 52 -50 -51 51 -53 -54 -55 55 -57 57 -59 -60 -61 -62 -63
leaf_value=0.29361737343695776 -0.47354143915436486 -0.47279981364083429 0.15129637382676508 0.62880313386519759 0.23505698040598388 0.12547280590223531 -0.84422502749599515 -0.58880770194508569 0.45897250185675581 -0.45508050539791589 0.067369373980085412 0.026903327742920202 0.27323411950178234 0.27467409135933984 -0.31887908230225248 0.13174213883961297 -0.45965060311070699 0.40876507318936861 0.13303074553505653 -0.5102830917008816 0.080054862264064497 -0.21502920794390865 -0.63358463005212973 -0.019307454596026393 -0.57165462067675976 0.3043769053600191 -0.48403108268789191 0.045000250816578394 0.13858888787956886 0.19619180674340977 0.27423033062872054 0.17779801358440112 0.052903578759205011 -0.45438218893728088 0.28314547981517241 -0.42579904533457014 0.16744846711817285 -0.5866282070055604 0.10344691159211293 -0.31147342669817374 0.08938612372247251 -0.26529437065541767 -0.15312887676757017 0.19868560004024943 -0.094101665099961276 -0.90103074286665241 0.041744412582024083 -0.21932829105255 -0.25272419864788609 -0.2313428547898346 0.21159247504778148 -0.59257925111486254 0.043782658691213797 0.21584754610346751 0.013227523016692617 -0.3395928018983011 -0.3291800522454309 -0.00018256124124703047 -0.42316472135980931 0.3525088818481566 -0.38107966806554527 -0.39538515106080074
leaf_weight=3303 1488 1035 5923 89 561 1147 169 169 1281 374 225 254 555 9184 404 536 8016 129 432 162 512 309 166 922 314 484 1717 670 8447 6297 295 226 246 1253 365 319 19299 119 1461 1159 722 5357 138 1853 919 104 2135 1214 6873 3211 120 165 1196 766 623 714 659 1128 599 2151 1368 62
leaf_count=3303 1488 1035 5923 89 561 1147 169 169 1281 374 225 254 555 9184 404 536 8016 129 432 162 512 309 166 922 314 484 1717 670 8447 6297 295 226 246 1253 365 319 19299 119 1461 1159 722 5357 138 1853 919 104 2135 1214 6873 3211 120 165 1196 766 623 714 659 1128 599 2151 1368 62
internal_value=-0.00118898 -0.266639 0.112051 -0.138176 -0.0285236 0.144163 0.0916287 -0.0159011 0.175704 0.108753 -0.11338 -0.150567 0.11648 0.188725 0.157665 -0.249714 -0.382249 -0.198615 0.079674 0.165373 -0.0878745 -0.125674 -0.0249889 -0.200781 -0.31843 -0.0183492 -0.317745 0.285796 0.141166 0.186453 0.0889266 0.123726 -0.143372 -0.373299 0.0114043 -0.175633 0.181827 0.162797 0.00109125 -0.0441713 -0.158822 -0.229183 0.399379 0.0821081 -0.0171069 -0.176935 0.00260658 -0.0397856 -0.281584 -0.188508 0.125734 -0.254425 -0.0887914 0.0919108 -0.123664 -0.175303 -0.065431 -0.121625 -0.284671 0.235751 -0.317737 0.208441
internal_weight=112093 33519 78574 15878 14611 63963 29357 7575 2554 27722 5021 6866 27348 34606 25422 8303 17641 1635 7745 25018 5359 4798 4063 6815 465 3428 9625 2089 23285 12471 10814 6468 1277 1507 3259 545 22721 19418 3897 3342 1881 6279 1419 4023 2170 1023 2297 2775 7908 3723 8732 285 2410 1075 1466 1337 2082 1787 845 8448 1593 151
internal_count=112093 33519 78574 15878 14611 63963 29357 7575 2554 27722 5021 6866 27348 34606 25422 8303 17641 1635 7745 25018 5359 4798 4063 6815 465 3428 9625 2089 23285 12471 10814 6468 1277 1507 3259 545 22721 19418 3897 3342 1881 6279 1419 4023 2170 1023 2297 2775 7908 3723 8732 285 2410 1075 1466 1337 2082 1787 845 8448 1593 151
cat_boundaries=0 1 2
cat_threshold=2 2
is_linear=0
shrinkage=0.05


Tree=45
num_leaves=63
num_cat=2
split_feature=36 119 115 124 103 94 34 115 119 103 110 111 111 107 136 121 111 125 124 125 135 124 96 107 121 111 126 102 107 113 124 78 84 136 112 107 111 90 42 123 96 94 107 126 126 46 34 95 111 109 90 125 123 54 82 107 56 90 75 107 124 116
split_gain=1.21734e+06 204042 122838 115078 82917.5 75428.1 69789 55939 53388.6 53167.1 39065.6 36140.7 31407.2 30564.3 33015 54497.5 32571.4 27096.5 28304.7 26324 25984.1 24006.1 22911.4 22874.3 22412.1 22222.3 24806.1 21356 21083.7 20758.9 20274 19962.3 19820.7 29592.7 18703.1 18467.4 18255.8 17602.6 17899.6 17300.2 17274.9 17227.4 16904.3 16644.3 16473.4 16280 15419.1 14933 14764.5 14309.7 14282.2 14164.1 27131.3 16566.9 13687.3 13360.5 13359 18898.8 13251.8 13085.3 13052.9 12980.7
threshold=0.32037040403558181 0.019093055953788053 0.018711378596752003 0.024242690806449904 0.0039976983171912004 0.028663172195555555 0.15040051967902515 0.017249232244040655 0.014438591123718801 0.013006051800470953 -0.16355979222098346 -0.0023533814872073997 0.020725872297644752 -0.00071623411724544984 0 0.013656780752309352 -0.0037745043153620994 -0.0050988218182463994 -0.032404140328104646 -0.0070569906523495493 -0.030546617494114647 -1.0000000180025095e-35 -0.72338944945953376 0.0074155557015934508 -0.0027516241348392993 -0.013895505140301799 0.23219050426080726 0.016672960309871504 0.021058953852851153 0.024361648823189006 0.13377143822969553 0.20498090808500571 0.75507286860258349 1 0.033807496348335055 0.039932751205369259 -0.0083006350760389969 -0.6823344505174328 0.28194889907841253 0.009985711352791601 -0.79215239379638269 0.18661901736985506 0.027489183541602954 0.40013964906283023 0.98746829765715038 -0.56843684903231406 -0.68281203774413812 0.59110122114646257 0.0049956842299977008 0.0053065351079643512 -0.23367939917482691 0.014528005035680301 0.0011097101644606002 -0.033541953345933392 -0.37195821778697397 0.028155982408149805 -0.43471854633905888 0.23826367850890492 0.08891494356316941 0.037774197127948654 1.0000000180025095e-35 -0.023031186968511797
decision_type=2 2 2 2 2 10 2 2 2 2 2 2 2 2 1 2 2 2 2 2 2 2 2 2 2 2 2 2 2 2 2 2 2 1 2 2 2 2 2 2 2 10 2 2 2 2 2 10 2 2 2 2 2 2 10 2 2 2 2 2 2 10
left_child=2 5 4 21 25 7 13 10 28 23 19 24 40 -6 16 -16 17 18 22 -2 -11 59 -15 -3 -10 26 -1 -12 47 46 61 51 33 41 -17 -22 -29 -18 -39 -21 -5 49 -24 -13 -19 -42 -28 50 58 -7 -8 -27 -53 -54 -47 -38 -14 -58 -30 -4 -20 -9
right_child=1 9 3 12 6 32 8 30 11 20 27 43 56 14 15 34 37 44 60 39 35 -23 42 -25 -26 31 29 36 48 -31 -32 -33 -34 -35 -36 -37 55 38 -40 -41 45 -43 -44 -45 -46 54 -48 -49 -50 -51 -52 52 53 -55 -56 -57 57 -59 -60 -61 -62 -63
leaf_value=0.16484339694525782 -0.45121036276977372 -0.061967934591055963 0.029517356418924851 0.16882235148747762 0.18193838037679233 0.054053646014317086 0.18775989739722168 -0.28632385385868958 -0.52036195879912217 -0.51900596827308332 0.23723467675076715 0.083646958969738935 0.26512733505618191 0.041825775681964814 0.19865150735792769 0.018662912849638915 0.34684626766294846 0.02097011798039872 0.26873499889775077 0.027790999150925144 -0.31294442040439696 0.26180473809535748 -0.51473143178254677 -0.28945764052695239 -0.14879752020564188 0.20453991703457169 0.17313523295763378 -0.22429513786053451 -0.33206005230794156 -0.78921991802521596 -0.3000737980567541 0.41025973498178331 -0.36319908011112179 -0.35475052716742039 -0.35742753631369928 -0.46570658214672661 0.15714886701917946 -0.064176533275570005 0.15891986006799586 -0.33818420656616266 0.52671197990958507 0.651113028263827 -1.1870047752376942 -0.30735090116251373 -0.33186807586596562 -0.42424822861473105 -0.16311579013593092 -0.58614792212263334 0.18141884357824814 -0.65374524431303149 -0.015801255867997972 0.25007892079794108 0.11911862539797391 -0.21168587908717651 -0.1593291279099748 -0.18259543832814829 -0.76480873402143068 -0.33185431494263851 0.16040798314797455 -0.59918601239162894 -0.25225645532009983 0.22011896362208636
leaf_weight=3079 480 1417 1180 374 10458 664 2487 195 1014 4125 2218 978 61 123 7053 739 616 2699 201 1711 5663 2065 296 5028 678 26240 554 569 718 96 2095 1097 2734 830 597 3053 1628 1642 1985 397 77 108 138 376 376 586 883 76 273 79 1318 1356 708 811 2898 351 400 687 168 88 296 356
leaf_count=3079 480 1417 1180 374 10458 664 2487 195 1014 4125 2218 978 61 123 7053 739 616 2699 201 1711 5663 2065 296 5028 678 26240 554 569 718 96 2095 1097 2734 830 597 3053 1628 1642 1985 397 77 108 138 376 376 586 883 76 273 79 1318 1356 708 811 2898 351 400 687 168 88 296 356
internal_value=0.00103065 -0.250344 0.108889 -0.071603 0.13055 -0.108027 0.0765499 -0.0320214 -0.0524229 -0.356704 0.0389186 -0.217651 -0.221303 0.114865 0.0730056 0.143019 0.00266776 -0.0972913 -0.315941 -0.11744 -0.415527 0.156695 -0.560363 -0.239459 -0.371648 0.185292 0.083039 0.12383 0.0474584 -0.0812638 -0.229124 0.200898 -0.280135 -0.144904 -0.149537 -0.366501 0.0250583 0.0999474 0.0579308 -0.0412608 -0.1541 0.0633612 -0.730733 -0.0250782 -0.0222675 -0.188053 -0.0334522 0.103341 -0.139598 -0.0219811 0.117263 0.192995 0.087595 -0.0575223 -0.203997 0.0968292 -0.45132 -0.491732 -0.238605 -0.0145528 -0.0414371 0.0406938
internal_weight=112246 33701 78545 8416 70129 14415 35305 10000 8086 19286 7354 3046 5083 27219 16761 8389 8372 4129 1054 2588 12841 3333 557 6445 1692 34824 4612 4766 5040 1533 2646 30212 4415 1681 1336 8716 2548 4243 3627 2108 3935 851 434 1354 3075 3561 1437 3881 1159 743 3805 29115 2875 1519 3484 1979 1148 1087 886 1268 497 551
internal_count=112246 33701 78545 8416 70129 14415 35305 10000 8086 19286 7354 3046 5083 27219 16761 8389 8372 4129 1054 2588 12841 3333 557 6445 1692 34824 4612 4766 5040 1533 2646 30212 4415 1681 1336 8716 2548 4243 3627 2108 3935 851 434 1354 3075 3561 1437 3881 1159 743 3805 29115 2875 1519 3484 1979 1148 1087 886 1268 497 551
cat_boundaries=0 1 2
cat_threshold=3 8
is_linear=0
shrinkage=0.05


Tree=46
num_leaves=63
num_cat=0
split_feature=62 119 119 36 103 36 106 74 46 120 107 106 127 114 74 121 94 55 69 66 103 119 113 119 107 80 34 74 80 123 103 127 105 80 121 81 99 80 119 107 113 119 135 124 123 56 111 74 74 34 74 6 98 118 135 99 73 64 124 78 79 74
split_gain=1.12659e+06 169553 120760 108491 80199.1 74638.2 49720.1 48944.6 39197.4 43475.4 38422.4 35641.6 32131.1 30766 29828.3 28398.4 27470.7 25515.2 24715.1 24060.4 22775.9 21955.4 21910.1 21789.2 20798.8 22286.7 21582.8 29792.6 20448.6 19397.8 18192.9 17351.2 16958.3 16930.2 16428.8 16338.2 15937.3 17317.1 15017 15351.9 14875.1 14868.6 16949.9 14752.9 14708.6 14663.3 14419.8 13572 13489.7 13255.9 16139.7 16709.8 13172.4 12852.8 12544 12518 13237.6 15409 12331.6 14826.4 12118.7 11991.5
threshold=0.34622455665458346 0.025536451303549954 0.0016373990218102503 -0.22306635945035702 0.0067564516329264501 0.6331946361155999 0.014577038861325753 0.046111330687268456 -0.039308649742164192 -0.13558340461335472 0.031703680873267359 -1.0000000180025095e-35 0.026900470458553854 0.46562375311814758 -0.11032793490870839 0.018632075786340404 0.095392277144505974 0.13415832003877098 0.65907673962345847 -0.48717323541102825 0.036560677464812959 0.025231857803142053 0.0023750830450888502 0.036302705638498606 -0.0071447960831396489 -0.81983884703477494 -0.40799126470319863 0.089324032954472013 -0.99844698206526583 0.016048697097583504 -0.029260040526476048 -0.054788480761146792 0.031812298789697657 -0.26052615807240037 -0.012895714799699797 0.28636272830851284 0.62494006087504228 -0.5902914951047562 -0.011990146407670399 0.0039481463249156001 0.019190671004390304 -0.0082041266614521994 -0.020826342631058894 -0.28829992004788058 0.010287484081338852 -1.266378280677172 -0.014941837995381549 0.056148411344787555 0.19041157100710174 -0.3858259872617944 0.052278478186272855 9059.2250000000004 0.91447368475693469 0.4965378842201924 -0.012911837014687148 0.74886162849158378 0.62688193197667197 1.5326246836483512 -0.28829992004788058 -0.082230607143307488 0.025309907096086753 0.075092103994185311
decision_type=2 2 2 2 2 2 2 2 2 2 2 2 2 2 2 2 10 2 2 2 2 2 2 2 2 2 2 2 2 2 2 2 2 2 2 2 2 2 2 2 2 2 2 2 2 2 2 2 2 2 2 2 2 2 2 2 2 2 2 2 2 2
left_child=2 5 38 13 7 8 11 28 9 20 21 23 14 24 -3 -15 22 19 45 -16 46 32 36 40 -4 -26 44 58 -5 -9 -30 -21 -8 -31 -29 61 37 -7 -1 -40 47 -20 -43 -12 -27 -11 -2 -6 -47 -41 -51 -52 -46 -32 -23 56 57 -33 59 -28 -34 -10
right_child=1 12 3 4 6 16 10 29 35 18 43 -13 -14 15 17 -17 -18 -19 41 31 -22 54 -24 -25 25 26 27 34 30 33 53 55 60 -35 -36 -37 -38 -39 39 49 -42 42 -44 -45 52 48 -48 -49 -50 50 51 -53 -54 -55 -56 -57 -58 -59 -60 -61 -62 -63
leaf_value=0.22270625616443682 -0.39479827929439176 -0.47623090973184051 0.20640299930503306 0.44497973090363668 -0.10717129319964802 0.68109038133795075 -0.033668002848272885 0.21130122984229419 -0.22439244000646374 -0.44959961184197006 -0.88044422916524734 0.34845913351313773 -0.46154358571669152 0.014880646284175986 -0.28841989330184109 -0.49327588705587894 -0.36252517900701919 -0.35731803097733222 0.32405861286971449 0.73539711151804243 -0.57210650264158358 -0.54243928817659237 -0.26128606795193537 -0.49741591381317624 0.2432940347270198 0.14584117670525859 -1.0409237931172053 -0.19174944119993598 0.13927445193898308 0.19098515714554548 -0.050671616406169899 0.14568781588442992 0.29163755433387067 -0.42975168942779612 0.19624330625440786 -0.32149055037925517 -0.15819224023661699 0.023681173391605498 0.1947157035988363 0.16158291603231145 -0.50154598581622234 -0.38990686115596379 0.031576346371946111 -0.40233742147170148 -0.158181372770414 0.14797392424675179 -0.010295581617375789 0.09952790787740394 0.40209417606409609 -0.056527233888028522 0.20312832266423611 -0.09254390693027674 0.22342634168248507 -0.24888959742860362 -0.21609961254394647 -0.21182404412598857 0.71690912535282925 -0.33499065055432969 -0.067176379469612371 -0.22044416330285746 -0.34308143257891344 -0.012312558678456299
leaf_weight=11655 295 2136 6982 199 1621 116 2566 4321 1116 71 191 610 5644 2561 2065 307 3206 3731 258 69 270 486 3271 268 2482 8898 68 319 827 207 2312 567 82 232 1856 1158 1451 697 10104 5266 158 341 788 1050 782 1033 1384 1555 1059 2110 1933 634 317 1265 751 793 70 235 2637 277 823 1653
leaf_count=11655 295 2136 6982 199 1621 116 2566 4321 1116 71 191 610 5644 2561 2065 307 3206 3731 258 69 270 486 3271 268 2482 8898 68 319 827 207 2312 567 82 232 1856 1158 1451 697 10104 5266 158 341 788 1050 782 1033 1384 1555 1059 2110 1933 634 317 1265 751 793 70 235 2637 277 823 1653
internal_value=-0.00118246 -0.244133 0.102149 0.0512888 -0.0388348 -0.140822 -0.136106 0.0667294 -0.0432194 0.0429436 -0.229159 -0.0046543 -0.366705 0.115305 -0.311287 -0.039667 -0.246056 -0.264441 0.1471 -0.173156 -0.146749 -0.163855 -0.178542 -0.0645343 0.13336 0.104433 0.0816747 -0.00140646 -0.0495184 0.17913 -0.0719588 -0.0358023 -0.099343 -0.137289 0.139276 -0.163854 -0.0589307 0.118203 0.177563 0.151308 -0.0295989 -0.0176536 -0.0959597 -0.476572 0.124528 0.252705 -0.0780474 -0.00596991 0.276744 0.107182 0.0459076 0.130095 -0.0480059 -0.120821 -0.344648 -0.0681842 0.0625354 0.00459886 -0.104029 -0.384703 -0.285313 -0.097838
internal_weight=112189 33477 78712 47010 19524 18167 10161 9363 9426 5499 5949 4212 15310 27486 9666 2868 8741 7530 3550 3799 1949 4708 5535 3602 24618 17636 15154 5157 4603 4760 4404 1734 3471 439 2175 3927 2264 813 31702 20047 3334 1387 1129 1241 9997 2163 1679 3176 2092 9943 4677 2567 1099 3577 1237 1665 872 802 2982 345 905 2769
internal_count=112189 33477 78712 47010 19524 18167 10161 9363 9426 5499 5949 4212 15310 27486 9666 2868 8741 7530 3550 3799 1949 4708 5535 3602 24618 17636 15154 5157 4603 4760 4404 1734 3471 439 2175 3927 2264 813 31702 20047 3334 1387 1129 1241 9997 2163 1679 3176 2092 9943 4677 2567 1099 3577 1237 1665 872 802 2982 345 905 2769
is_linear=0
shrinkage=0.05


Tree=47
num_leaves=63
num_cat=0
split_feature=38 119 115 124 36 119 103 68 69 80 110 121 133 74 105 68 56 119 103 130 71 124 124 55 133 115 115 56 133 105 131 107 82 113 127 113 121 102 127 130 106 127 118 127 115 80 72 79 94 80 68 79 112 80 56 78 127 80 85 101 68 85
split_gain=1.00208e+06 149390 116653 98150.5 78954.4 66661.4 49379.9 48678.9 48328 50857.6 42495.3 35703.3 33729 31560.1 27432.4 27313.4 26060.2 23302 23163.1 23122.7 22073.4 21619.8 21134.6 20528 20127.7 20691.1 18111.1 17955.5 17418.7 16746.7 16410.5 16488 16271.7 17285.9 16145.3 15836.7 15685.9 15212 21491.2 15197 14895.7 14783.2 14738.9 14418.6 14359.4 14317.6 14005.9 13995.2 19252.8 13994.1 15713.3 13953.8 13387.8 13320.4 13288.8 13180.4 12620.4 12512.9 13705.3 12470.1 12459.4 12372.9
threshold=0.35175539995915395 0.026432172017346704 0.018116437957623004 0.034582511038187658 0.72776649041591523 0.0098040895439000502 0.0042715259397087006 -0.30263504140885206 0.69340839507968888 -0.20904206878757622 -0.096004388293571538 0.023488999473333955 -0.016282479593608647 0.18749211410569142 0.0082241719110439527 0.2052377061175307 -1.1306608975650094 -0.0034185027105458495 0.028631201014297704 0.065941240653016223 0.49803438463007821 -1.0000000180025095e-35 -0.1302859734842978 0.080288257510012617 -0.019610056395385798 0.024496463734987952 0.0080237330843426023 -0.43471854633905888 -0.012236017595059748 -0.044906189102146395 1.0000000180025095e-35 -0.0032506451729242994 -0.35351231680874967 0.00061596493421415004 0.028275453108551053 0.010909781864185902 -0.01340985295353655 1.0000000180025095e-35 0.016671570335933854 0.63937344479812019 0.0076362801255016504 0.033137944272553108 1.123238641135162 0.031999455782155607 -0.0031985024542784996 -0.21898138200705197 0.069975998791574914 0.039813384488168707 -0.054739767265993444 -0.39667339296947779 -0.47438459107187353 0.039462026871216707 0.013760056264038902 0.16240694576717243 -0.18661290107117115 0.19550672499856983 0.016671570335933854 -0.81983884703477494 0.37400696059106442 0.58127156829859661 0.65003052982785603 0.35633640140971873
decision_type=2 2 2 2 2 2 2 2 2 2 2 2 2 2 2 2 2 2 2 2 2 2 2 2 2 2 2 2 2 2 2 2 10 2 2 2 2 2 2 2 2 2 2 2 2 2 2 2 10 2 2 2 2 2 2 2 2 2 2 2 2 2
left_child=2 4 5 21 8 18 30 39 9 13 12 27 44 15 29 46 60 -10 41 40 54 -4 23 -19 -6 56 35 -5 -17 -3 -7 -32 -29 -34 -14 -18 -16 -20 -39 -8 -12 55 52 -41 -9 -35 -2 48 -22 -43 -51 53 -33 -13 -11 -1 -26 58 -24 -59 -15 -52
right_child=1 14 3 11 24 6 7 10 17 20 19 51 34 16 36 28 26 22 37 -21 47 -23 57 -25 25 -27 -28 32 -30 -31 31 42 33 45 -36 -37 -38 38 -40 43 -42 49 -44 -45 -46 -47 -48 -49 -50 50 61 -53 -54 -55 -56 -57 -58 59 -60 -61 -62 -63
leaf_value=0.17754685435795015 -0.26209662263140537 0.46325514128153356 -0.01484433596397499 0.15589207748870881 -0.35563921123442493 0.1951109897336924 0.11397303064864206 -0.8112702635392337 0.052101142150356772 0.80167848318815238 0.22937072249550888 -0.71126070970296862 -0.055003756493167494 0.19230659402058861 -0.47230425094668338 -0.30073754309186046 0.49791541219363228 -0.20251864863070104 0.16117746049212309 -0.15025279385528356 0.24991534901985824 0.23299957232849669 0.52246216135720414 -0.76093489836631845 -0.042196558385800165 -0.32981353085076365 0.083620665225604074 -0.39270499728150904 0.033312646004585382 -0.23995600257626482 0.18617825594252696 0.12572540900676638 0.073157826074153859 -0.52254171228482271 -0.53250288139455593 -0.18154070078525494 -0.34493478233793062 0.072669573070115623 -0.21025208487313174 -0.0074409345205769771 -0.044678136870413034 0.20046468035594286 -0.34338977745492161 -0.51458010250506436 -0.38392272884971734 -0.14537404281081365 0.38596496773847216 -0.23890541362683174 -0.1930647908449358 0.10449778165481266 0.072492102819418758 -0.56381894754416939 -0.044361945783443123 -0.05093282031497131 0.083687663206852933 0.35173667008351123 -0.24484801878334911 -0.50411585977173645 -0.27938349950903407 -0.17032637186281535 -0.49111459128660706 -0.46515499104153024
leaf_weight=32261 98 86 1464 481 3048 5413 5916 283 678 79 1095 99 1191 122 3508 654 1177 292 3102 1584 412 2204 119 379 2048 1786 465 666 965 3296 2456 2522 846 283 207 92 7863 3263 844 1799 905 727 253 151 653 2225 535 2123 603 517 158 783 2136 324 333 1124 1229 350 95 1391 145 329
leaf_count=32261 98 86 1464 481 3048 5413 5916 283 678 79 1095 99 1191 122 3508 654 1177 292 3102 1584 412 2204 119 379 2048 1786 465 666 965 3296 2456 2522 846 283 207 92 7863 3263 844 1799 905 727 253 151 653 2225 535 2123 603 517 158 783 2136 324 333 1124 1229 350 95 1391 145 329
internal_value=-0.000639364 -0.227404 0.0977911 -0.067676 -0.135526 0.12031 0.0582222 -0.00741977 -0.0489125 0.0189596 -0.115737 -0.197363 -0.281718 0.135568 -0.347073 0.00715783 0.28001 -0.209162 0.159275 -0.00759798 -0.120739 0.134101 -0.276611 -0.518591 -0.254111 -0.192931 0.350794 -0.132571 -0.10173 -0.221943 0.129016 0.080432 -0.167116 -0.122218 -0.126037 0.448552 -0.384267 0.0776233 0.0144914 0.0740776 0.105403 0.176035 0.0275209 -0.0469553 -0.513859 -0.188125 0.285378 -0.165923 -0.0131851 0.0335411 -0.087408 -0.438868 0.0477364 -0.206791 0.222968 0.183422 -0.11825 -0.193336 0.166859 -0.23768 -0.179287 -0.290932
internal_weight=112235 33971 78264 9375 19218 68889 26564 13784 11107 7803 5918 5707 2334 4253 14753 2252 2001 3304 42325 3584 3550 3668 2626 671 8111 5063 1734 4501 1619 3382 12780 7367 4020 3354 1398 1269 11371 7209 4107 7866 2000 35116 4911 1950 936 2508 633 3138 1015 1731 1004 1206 4658 423 412 33385 3277 1955 214 1741 267 487
internal_count=112235 33971 78264 9375 19218 68889 26564 13784 11107 7803 5918 5707 2334 4253 14753 2252 2001 3304 42325 3584 3550 3668 2626 671 8111 5063 1734 4501 1619 3382 12780 7367 4020 3354 1398 1269 11371 7209 4107 7866 2000 35116 4911 1950 936 2508 633 3138 1015 1731 1004 1206 4658 423 412 33385 3277 1955 214 1741 267 487
is_linear=0
shrinkage=0.05


Tree=48
num_leaves=63
num_cat=0
split_feature=38 119 115 125 121 127 115 122 112 123 121 127 68 120 131 127 74 68 80 119 127 125 121 125 115 72 105 125 42 131 95 80 110 104 127 40 104 121 104 131 122 125 46 113 78 123 127 66 78 46 135 95 74 127 135 127 125 115 74 44 113 135
split_gain=900565 141526 107813 84510.5 61816.6 54048.6 51158.1 49808 49713.2 42628.6 41700 41373.1 45966.1 39621.5 36737.1 34440.9 32056.4 38372.2 34402.7 35853.3 27576.7 27537 26767.5 25617.9 25500.8 24696 24109.5 22568.3 21742.9 20779.4 20492.5 23634.5 19419.7 18826 18656.7 22802.7 17994.3 17276 16777.2 15850.6 15650.1 15528 15190.4 14871 14727.2 14143.1 15443.8 14049.4 13799.1 13788 13779.3 13737.6 13376.4 20947 15011.9 13233.7 12802.8 12769.7 14034.9 19559.7 13538.5 12640.6
threshold=0.35175539995915395 0.014833396990602302 0.014127760113557751 0.0079460750672978517 -0.0077525576601983493 0.026442192744377504 0.014586415759104352 0.035872132749218612 0.25270883599872029 0.016048697097583504 -0.0035395693958042 -0.0014115966076151999 -0.4672100711978649 -0.052222305184057648 0.025820134046248052 0.027800444448171004 0.096743125747934158 -0.55216365941481693 -0.92759834993892143 0.0098040895439000502 0.0011747837894422002 -0.011364082672706497 0.023488999473333955 -0.0036552336821930992 -0.0024886297340949493 0.20390197288424258 0.0093277227479934017 -0.012050387439153949 -0.31684503379280177 0.0088332963568323025 0.59110122114646257 -0.65464626001552728 -0.072727578900122644 0.15016426341269354 0.0076558146247209507 0.15169259281572398 -0.019577271550693946 -0.023039118415214898 1.0000000180025095e-35 0.018781452356177553 -0.0022518375126355495 -0.000223091716433 -0.68001045686773887 0.025632691370479552 0.20498090808500571 0.0022719718226996504 -0.00082985991765859989 -0.75521666996409142 -0.5515443629690705 -0.076992452856737434 -0.0059708340493426987 0.23195744708203189 -0.11032793490870839 -0.054788480761146792 0.066723137041761416 0.00019333844358270004 -0.0068780274543425992 0.0057043414508312507 -0.11032793490870839 -0.061939482163124344 0.0022800797232750505 -0.025683954253876245
decision_type=2 2 2 2 2 2 2 2 2 2 2 2 2 2 2 2 2 2 2 2 2 2 2 2 2 2 2 2 2 2 10 2 2 2 2 2 2 2 2 2 2 2 2 2 2 2 2 2 2 2 2 8 2 2 2 2 2 2 2 2 2 2
left_child=2 6 4 -4 8 14 10 33 11 43 34 -1 -13 15 26 21 17 57 25 49 -21 -14 42 24 32 -19 45 -12 44 -23 31 -29 -22 36 35 -2 -5 -11 -15 -25 -34 -8 -9 -10 47 46 -3 -18 -30 51 -17 -20 -16 -54 61 -33 -36 -6 59 -59 -61 -55
right_child=1 5 3 7 16 -7 41 22 9 37 27 12 13 38 52 50 28 18 19 20 23 29 -24 39 -26 -27 -28 30 48 -31 -32 55 40 -35 56 -37 -38 -39 -40 -41 -42 -43 -44 -45 -46 -47 -48 -49 -50 -51 -52 -53 53 54 -56 -57 -58 58 -60 60 -62 -63
leaf_value=0.17721022268165046 -0.21859979951762096 0.33536368491490942 0.11328077159581458 -0.054430862476495957 0.18660469331416282 -0.40284090171449299 0.11314335631901283 0.28978182522184925 0.028286123741030074 -0.88370663029890439 -0.30042838396348825 0.12542245331351046 -0.77846805786936546 0.17322658299477581 -0.4511169688786848 -0.80903833718524754 -0.33103975907104205 0.37682124499870961 0.10512442763115537 0.047645176502989668 -1.0728319349135944 0.077401454661016056 -0.46027313735735415 0.023912899618260243 -0.16066443870105773 -0.65938572082363189 -0.22980379562574621 0.37263900340601591 0.036913210856232191 -0.27726337470687351 -0.21253038439755678 0.24063136532718499 -0.83018211860520152 -0.14266714768799635 -0.43075705447423779 0.15478711600770201 0.21557142237781501 -0.33182082893584786 -0.12136596455007032 -0.28226917733618379 0.044928885522213857 -0.26049761579919034 -0.20254104056020217 -0.48426002170666155 0.36185376448098411 -0.15563268039875583 -0.036727326396915311 0.083579386230979408 0.24262004241229349 0.00026098396587944961 -0.30418390179251104 0.31266600121425037 0.51957993894815446 -0.41559370221389014 0.46571150883100931 0.0014035296468134656 -0.15164726389959307 0.088237520170932893 0.19050710283695749 -0.060763830239285194 -0.56248027250760857 -0.24974214342894305
leaf_weight=4758 708 384 5805 1248 13667 7390 302 164 959 254 322 3490 158 1130 1553 325 218 1031 3637 2555 186 877 1126 1280 483 60 5038 1037 872 779 383 909 95 1564 564 965 1219 324 843 630 109 3435 3158 165 446 1489 1011 3050 12615 2264 234 1021 79 1737 63 1585 1514 2517 2260 403 201 3418
leaf_count=4758 708 384 5805 1248 13667 7390 302 164 959 254 322 3490 158 1130 1553 325 218 1031 3637 2555 186 877 1126 1280 483 60 5038 1037 872 779 383 909 95 1564 564 965 1219 324 843 630 109 3435 3158 165 446 1489 1011 3050 12615 2264 234 1021 79 1737 63 1585 1514 2517 2260 403 201 3418
internal_value=-0.00282416 -0.218113 0.0904911 -0.0336923 0.118253 -0.292431 -0.077614 -0.134316 0.0266452 -0.226905 -0.0061638 0.0609263 -0.00969464 -0.118203 -0.237173 -0.255818 0.144655 0.11536 0.0503595 0.0264043 -0.0709561 -0.149908 -0.249661 -0.179819 -0.404046 0.319283 -0.163818 0.101333 0.199824 -0.0895033 0.134454 0.17214 -0.704284 -0.0070092 -0.127555 -0.00326338 0.0790166 -0.575452 0.0473589 -0.077174 -0.36466 -0.23028 -0.178156 -0.0473178 0.0926653 -0.0485081 0.0658646 0.0558284 0.229324 0.101485 -0.598624 0.150673 -0.321973 -0.284031 -0.296295 0.0886575 -0.227573 0.160915 0.0956427 0.0269098 -0.22838 -0.305696
internal_weight=112066 33886 78180 14284 63896 22162 11724 8479 14296 1702 7987 12594 7836 4346 14772 2373 49600 32399 13351 12260 5338 1814 4448 2783 873 1091 7922 4236 17201 1656 3914 3531 390 4031 3751 1673 2467 578 1973 1910 204 3737 3322 1124 3714 2884 1395 3268 13487 6922 559 4658 6850 5297 5218 2494 2078 19048 5381 3121 604 5155
internal_count=112066 33886 78180 14284 63896 22162 11724 8479 14296 1702 7987 12594 7836 4346 14772 2373 49600 32399 13351 12260 5338 1814 4448 2783 873 1091 7922 4236 17201 1656 3914 3531 390 4031 3751 1673 2467 578 1973 1910 204 3737 3322 1124 3714 2884 1395 3268 13487 6922 559 4658 6850 5297 5218 2494 2078 19048 5381 3121 604 5155
is_linear=0
shrinkage=0.05


Tree=49
num_leaves=63
num_cat=0
split_feature=36 107 118 119 114 103 125 95 104 121 107 80 34 74 104 50 103 125 34 113 77 123 125 125 107 125 74 135 88 111 103 56 36 115 121 111 125 50 125 123 90 107 84 123 55 81 113 123 100 95 113 125 107 126 125 135 97 119 42 78 60 34
split_gain=829659 125751 109909 71682.2 50602 48318.2 47682.4 47047.8 39436.5 38910.7 37879.5 36899.3 30647.7 33155.1 29699.5 30390.6 26819.7 26607.6 25441.9 25243.9 25178.8 24897.7 24156.3 30880.2 22941.8 20078.5 19572.9 21073.9 17448.1 17235.5 17123.9 16245.2 16193.6 15696.5 15549.7 15537.3 15399.9 15092.4 17218.1 14639.9 14537.7 14464.2 13979 13893.9 13830.6 13711.6 13580.7 13542.8 17465.8 14690.3 13139.6 12968.2 12922.8 12900.6 14605.8 12861.5 12803.2 12573.9 12329.5 14439 12321.6 16577.1
threshold=0.37085552362461249 0.0138740509165145 0.48573356810210372 0.026758574191973351 0.48589677753846217 0.013006051800470953 0.010848581839144552 0.56996771456405104 1.0000000180025095e-35 -0.028645817064950948 0.025317572960696703 -0.48402547024516268 -0.25384004905962021 0.060835862796133358 -1.0000000180025095e-35 0.49203319958779351 0.031696328035209061 0.018025783838359302 -0.5458089426583177 0.013134106322062402 0.12421415951108421 0.0030908154187063506 -0.0057351452914557498 0.054060220650354603 0.0096156746431659505 -0.0022194580307568494 0.081129666766626765 -0.021185652249108549 -0.061339536995445941 0.0094733289422997014 0.033379824250112954 -1.2138141425849829 -0.27571084739255597 0.021199517466553904 0.028535302301397253 -0.016739668968289847 -0.015671378370368649 -0.13483298756175469 -0.0027284062193625495 0.011305526527007802 -1.0748222586414651 -0.012527070705318699 1.6792283981913541 0.0011097101644606002 0.19841848155348349 0.16333306920633198 0.022137324365307753 0.013381820425263301 -0.54701614335327109 0.13522425803428287 0.0148288297183872 -0.011699796772888548 0.033644955734050457 0.4852681397979024 0.014062215657829601 -0.018750769121115746 0.48294995641183291 0.030149803690189502 -0.3123858652762011 0.36292393058377498 -0.20884759486969653 0.36949914915891557
decision_type=2 2 2 2 2 2 2 10 2 2 2 2 2 2 2 2 2 2 2 2 2 2 2 2 2 2 2 2 2 2 2 2 2 2 2 2 2 2 2 2 2 2 2 2 2 2 2 2 2 8 2 2 2 2 2 2 2 2 2 2 10 2
left_child=2 7 4 10 8 26 52 11 14 46 17 20 34 24 16 -16 33 39 -5 58 40 35 -7 42 57 29 -3 -28 -27 -26 41 -22 -12 36 -11 -13 -1 -18 -39 60 -2 -20 -24 44 -8 -21 -10 48 -29 -50 56 -34 -6 54 -37 -41 -33 -14 -15 -60 -4 -62
right_child=1 5 3 18 6 22 43 -9 9 12 32 21 13 19 15 -17 37 -19 30 45 31 -23 23 -25 25 28 27 47 -30 -31 -32 50 51 -35 -36 53 -38 38 -40 55 -42 -43 -44 -45 -46 -47 -48 -49 49 -51 -52 -53 -54 -55 -56 -57 -58 -59 59 -61 61 -63
leaf_value=-0.151219999804174 0.066184920260498117 -0.27061844675095809 0.19752149539856595 0.017631884493764387 0.12047907030746685 -0.46853988675194574 0.12740918945600746 -0.29948154114628167 -0.24428891666822419 0.14089111097568305 -0.0085091308749026106 -0.30910474295808893 0.059764266061772847 0.036066114627611161 0.23092868596888971 0.96563258888004544 0.075105694585213836 -0.18548511648898153 0.22883407357455551 0.27093618585138907 -0.31820390745025617 -0.19905676367097094 -0.23980847647660364 -0.47470665681237795 -0.55913089967548013 0.16242337314023766 -0.26496245944544522 -0.068689906924732425 -0.22248625706948022 0.19970447200943123 -0.50126830449518534 0.58262787007107708 -0.82363045183730499 -0.079372530740348501 -0.42609130786579164 0.17005834534828379 0.17347604106556275 -0.49708725951022387 -0.031446286129742464 -0.42528252392115756 0.76376446288110866 -0.25572176153751697 -0.43803810018024092 -0.26318500058963568 -0.35868791762498486 -0.39880901146347503 -0.93455053367112806 -0.27147624954351623 0.95868546407956345 0.16695828688753436 -0.38058766588313969 -0.2232435369172559 -0.23930731922817383 -0.13594608092512669 -0.10322604670951561 0.0026712524350097576 0.11867190481283381 -0.44789842641410921 0.1782958113839983 0.67657389855617056 0.094626002463688796 -0.15350617105554371
leaf_weight=372 110 3556 2554 887 3469 3084 537 1957 290 14538 1103 367 1975 1733 9413 142 2023 987 166 97 229 2849 7200 2218 515 426 1362 1340 948 87 712 166 96 670 121 1721 18031 277 695 233 233 2013 1016 1769 200 349 94 437 64 603 116 1273 268 831 682 703 1367 129 2655 153 7072 743
leaf_count=372 110 3556 2554 887 3469 3084 537 1957 290 14538 1103 367 1975 1733 9413 142 2023 987 166 97 229 2849 7200 2218 515 426 1362 1340 948 87 712 166 96 670 121 1721 18031 277 695 233 233 2013 1016 1769 200 349 94 437 64 603 116 1273 268 831 682 703 1367 129 2655 153 7072 743
internal_value=-0.000613084 -0.218128 0.0845056 -0.0222941 0.116458 -0.28939 -0.0185296 -0.0781093 0.131579 0.0834043 0.0274402 -0.0281179 0.091492 0.0192323 0.168304 0.241947 0.136408 0.0633575 -0.216606 0.105704 0.147612 -0.0886424 -0.345526 -0.309125 -0.0864628 -0.208762 -0.186282 -0.107435 -0.103116 -0.449316 -0.288455 0.0755329 -0.151111 0.15825 0.136182 -0.00125503 0.166905 -0.00269124 -0.164519 0.0850976 0.540894 -0.218719 -0.264372 -0.187231 -0.00481047 -0.252867 -0.415248 -0.0195756 0.0353806 0.244248 0.130372 -0.265916 0.0946198 0.0337651 0.0924863 -0.1042 0.169258 0.0284406 0.14097 0.205677 0.102194 0.0710186
internal_weight=112026 31508 80518 18542 61976 20880 6243 10628 55733 24110 14764 8671 23726 9067 31623 9555 22068 12292 3778 4987 2221 6450 13518 10434 4080 1976 7362 3806 1374 602 2891 1878 2472 19073 14659 3601 18403 2995 972 11305 343 2179 8216 2506 737 446 384 2444 2007 667 1649 1369 3737 3234 2403 936 1533 2104 4541 2808 10369 7815
internal_count=112026 31508 80518 18542 61976 20880 6243 10628 55733 24110 14764 8671 23726 9067 31623 9555 22068 12292 3778 4987 2221 6450 13518 10434 4080 1976 7362 3806 1374 602 2891 1878 2472 19073 14659 3601 18403 2995 972 11305 343 2179 8216 2506 737 446 384 2444 2007 667 1649 1369 3737 3234 2403 936 1533 2104 4541 2808 10369 7815
is_linear=0
shrinkage=0.05


Tree=50
num_leaves=63
num_cat=2
split_feature=34 131 124 118 123 123 127 136 127 42 111 84 103 56 74 78 112 123 113 74 80 117 111 113 113 96 118 134 127 136 92 52 90 133 113 91 127 77 74 120 77 127 25 124 111 111 78 78 34 2 80 114 34 92 133 131 124 124 127 98 83 56
split_gain=772186 122881 109272 77535.9 55968.7 54412 53908.8 40506.8 45577.7 47356.2 41789 40218.8 38550.2 28794 31835.1 28091.1 27942.8 30983.1 27823.5 26958.3 30394.7 25746.2 25367 25856.4 24440 23550.3 20822.7 19007.9 19429.5 18892.7 21966.6 18608.9 18598.1 15528.5 15226.7 15202.9 14907.3 14791.5 14697.4 14467.6 14279.5 13919.7 13850.5 14090.4 13422.8 13280.6 13207 12996.9 17375.1 12648.1 12459.5 12221 12121.8 11885.2 11057.8 11014.2 10930.4 10582 10547.9 10363 10298.9 10205.1
threshold=0.40424834862296921 0.017460765841698905 0.50324551482973567 0.25628442612943508 0.014905951499548951 0.0014702473727398002 0.022183036067965404 0 -0.0034352568644892495 0.07735434318379826 0.019006736954769256 0.68472321930467805 0.030133436281278903 -0.44090718684468772 -0.11032793490870839 -1.09390880991869 0.0072059910471695505 0.0010060097929493503 0.0148288297183872 0.17563926193069548 -0.074942830419495038 0.079399285577378562 0.014466795511805451 0.019190671004390304 0.0017367073584971502 -0.91773113072542623 0.36295164102532895 -0.28613451968427711 0.027800444448171004 1 0.058910230850515007 -0.41811424637576661 -0.26194621754127395 -0.0033863488121332499 0.0034430802642010003 0.19779379672736497 0.038146981317970605 0.18098265889728993 -0.028372764211261448 -0.08908510884340283 0.12600009354259209 0.020534059939678453 0.18643915865519736 -0.2704589342496353 -0.00036476756305189997 -0.00023945184245359997 0.27131697753459799 0.17954537233370413 0.1146763305217512 1402.8350000000003 0.19735662299233597 0.24136049962709225 -0.75990389167491201 -0.653661034091638 -0.013142389268767648 0.023302624882610753 -0.2644876462654519 -0.38962381104724192 -0.032265588196227539 -0.71044147653698164 0.26643393740860527 -0.28762551959761501
decision_type=2 2 2 2 2 2 2 1 2 2 2 2 2 2 2 2 2 2 2 2 2 8 2 2 2 2 2 2 2 1 2 2 2 2 2 2 2 2 2 2 2 2 2 2 2 2 2 2 2 2 2 2 2 2 2 2 2 2 2 2 10 2
left_child=2 6 3 16 7 49 11 8 -5 32 24 19 26 -7 37 -6 27 41 46 33 -21 34 23 36 47 -25 35 28 -1 -24 -31 -22 39 -2 58 -3 -19 -15 -16 51 45 -18 -29 -44 -8 -13 -17 48 -9 -4 -39 -10 -11 -34 -27 -54 -14 -41 -12 -33 -46 -55
right_child=1 12 5 4 15 13 44 10 9 52 21 40 56 14 38 18 17 22 -20 20 31 -23 29 25 -26 54 -28 42 -30 30 -32 59 53 -35 -36 -37 -38 50 -40 57 -42 -43 43 -45 60 -47 -48 -49 -50 -51 -52 -53 55 61 -56 -57 -58 -59 -60 -61 -62 -63
leaf_value=0.12482411776730525 -0.18556734170775188 0.00574475409958803 0.11579096924064583 0.13748397402230475 0.23272680600203391 0.15730790767333624 -0.31724506989407952 0.19968859143848405 -0.39072005159269541 0.1712798379835693 -0.71361783937267642 -0.019298165635878429 -0.52020823358632029 0.008618420655173915 0.1995823163520293 -0.2151614982323985 0.18124575062058179 0.09865997266606201 -0.53708126015345381 0.26261280477008953 -0.36764371710327959 0.29381453903873317 0.16813476863609023 0.25275984850505856 0.042724560190263217 -0.8109121164413774 -0.29659485820111753 0.18002605301852379 -0.15893234186110455 -0.32856164130993665 0.26265849371886124 0.69517228516840168 0.082440824918729019 0.047952420378926337 -0.49970609852558856 -0.21096399029143953 -0.31430110331707534 -0.67825716704833672 -0.17780979416582141 -0.46269118400575882 -0.18594894092979547 0.0037291959674834538 -0.13230381626158189 0.36498487706090482 0.11859321906639819 0.67903504143690785 0.26673551720806532 0.48917689110088097 -0.01449457395133699 -0.16192572951843642 -0.36999575218339564 0.048557013681078981 0.034771677231313865 -1.0426129910794477 -0.25488877786710018 -0.20716842199271313 -0.35888899131457802 0.054828567871639103 -0.066791747605598348 0.018360159635376589 -0.2210756457725056 -0.38335884345257021
leaf_weight=6710 1418 1175 2388 2854 282 479 2892 6873 640 1052 68 359 1259 188 295 759 7930 7658 731 1959 350 266 356 148 4961 156 5410 19161 662 1082 183 61 132 1428 402 2599 224 465 2015 110 4070 1283 155 1696 341 83 174 332 1098 494 1130 210 1675 61 211 653 6511 896 732 645 642 1261
leaf_count=6710 1418 1175 2388 2854 282 479 2892 6873 640 1052 68 359 1259 188 295 759 7930 7658 731 1959 350 266 356 148 4961 156 5410 19161 662 1082 183 61 132 1428 402 2599 224 465 2015 110 4070 1283 155 1696 341 83 174 332 1098 494 1130 210 1675 61 211 653 6511 896 732 645 642 1261
internal_value=-0.000705432 -0.212147 0.0804539 0.0988729 0.0298277 -0.101987 -0.103898 0.0505127 -0.0297432 -0.101138 0.102455 -0.0444441 -0.303107 -0.209225 -0.252148 -0.228108 0.136895 0.0903536 -0.306299 0.0419385 0.146101 -0.150532 0.0294873 0.0644476 0.130541 -0.278466 -0.23371 0.168424 0.0993249 -0.15154 -0.24099 -0.0700867 -0.235536 -0.0684215 -0.249027 -0.14351 0.0868856 -0.410821 -0.129549 -0.130524 -0.156638 0.156528 0.192662 0.323294 -0.262999 0.113074 -0.125101 0.182999 0.170187 0.0681482 -0.460234 -0.282263 0.0305078 -0.369399 -0.492798 -0.0331519 -0.385092 -0.00216236 -0.122594 0.0777388 -0.103245 -0.414543
internal_weight=112493 31202 81291 73837 26222 7454 14248 24276 9544 6690 14732 10373 16954 4572 4093 1946 47615 19231 1664 5861 3015 1468 10018 8397 13264 515 9184 28384 7372 1621 1265 1056 3310 2846 1202 3774 7882 1783 2310 1856 4512 9213 21012 1851 3875 442 933 8303 7971 2882 1595 850 3380 1454 367 2328 7770 1006 800 706 983 1322
internal_count=112493 31202 81291 73837 26222 7454 14248 24276 9544 6690 14732 10373 16954 4572 4093 1946 47615 19231 1664 5861 3015 1468 10018 8397 13264 515 9184 28384 7372 1621 1265 1056 3310 2846 1202 3774 7882 1783 2310 1856 4512 9213 21012 1851 3875 442 933 8303 7971 2882 1595 850 3380 1454 367 2328 7770 1006 800 706 983 1322
cat_boundaries=0 1 2
cat_threshold=2 3
is_linear=0
shrinkage=0.05


Tree=51
num_leaves=63
num_cat=0
split_feature=62 107 107 103 36 103 119 94 113 115 127 115 123 121 127 105 115 91 121 73 114 121 129 91 126 80 121 78 40 121 135 93 87 119 131 130 70 68 115 58 134 46 34 84 20 123 78 123 50 117 121 127 127 111 120 107 34 84 105 46 123 78
split_gain=679695 115661 89543.4 78832 66212 54537 44806 42460.8 33476.1 32143.4 31935.7 31554.8 27714.9 24381.2 24047.1 21276.8 19871.6 19665.1 19089.5 18528.6 18238.4 20717.8 17505.8 16243 16107.2 14560.2 14529 14523.1 13925.6 13772.4 13596.5 13414.8 13353.8 14044.5 13339.8 13247.2 12816.3 12747.5 12497.7 12281.6 12279.3 12225.5 11879.4 11864.1 11745 13400.8 11444.7 11433.9 12784.2 15577.4 11990.6 11368.7 11192.9 11360.8 11163 11099 10776.6 10608.1 10578 10300.7 10010 9999.56
threshold=0.35961942333847102 0.012063987432894252 0.00022790016209295002 0.0039976983171912004 -0.43468498025711561 0.016631407749643102 0.0028601681657795504 0.095751821153620867 0.01050870631344695 0.010586086990997451 0.015109411610930301 0.016230948076752554 0.016690403261148203 -0.0052587199425197491 0.013872514819274852 -0.0054824868748815994 -0.0078785846382733987 0.38488716882959284 -0.0082063714887833979 0.35778932045974404 0.015172895924180153 0.018052735654610106 -0.011776121866483897 0.26083000175989746 0.37861704403438173 0.10380825908533657 -0.0064919838310993488 0.08752344694561652 -0.077007201595193739 -0.012895714799699797 -0.016741021744553747 0.41947011410627733 0.37532074888078787 0.014234115951215152 0.022057484173807103 0.67211723571828597 1.357056273289825 -0.47438459107187353 -0.0029069991340850997 0.57682938520896976 -0.055480325661750644 -0.62307415063522942 0.09588051760218616 0.81214479973859577 0.13225285235813219 0.024881822353065856 0.21445748943474222 0.0025765990158935505 -1.1231444148802636 0.0023311312856377502 0.0133131173491718 0.0029100527316856506 -0.0055561847756507984 -0.0037745043153620994 0.33219776956585251 -0.017848076197460497 -0.60821952420850567 0.83243109224876732 0.035607906303668703 0.36767049270148516 0.0013602646994099502 0.2510153871134273
decision_type=2 2 2 2 2 2 2 10 2 2 2 2 2 2 2 2 2 2 2 2 2 2 10 2 2 2 2 2 2 2 2 2 2 2 2 2 2 2 2 2 2 2 2 2 2 2 2 2 2 8 2 2 2 2 2 2 2 2 2 2 2 2
left_child=2 7 25 9 47 15 31 8 11 18 12 14 23 19 40 43 -7 26 24 -12 -11 29 -16 30 -4 46 -18 -20 -25 -22 35 54 33 -27 57 39 44 -26 -21 -8 -2 -40 -35 -3 -17 51 -1 -5 -49 50 -50 -46 -33 -54 -6 -10 -34 -28 -15 -58 -56 -32
right_child=1 5 3 4 6 16 10 -9 55 20 13 -13 -14 58 22 36 17 -19 27 38 21 -23 -24 28 37 32 34 -29 -30 -31 61 52 56 42 -36 -37 -38 -39 41 -41 -42 -43 -44 -45 45 -47 -48 48 49 -51 -52 -53 53 -55 60 -57 59 -59 -60 -61 -62 -63
leaf_value=0.15272757667637418 0.084421777347018653 0.10492019178868249 0.099937549445944809 0.1070494690501565 0.13732920087147379 -0.47551804998394448 -0.019077201745376977 -0.256358079587448 0.28322832787159791 0.13013792830262361 0.28046815490897964 -0.13203612405867024 -0.43733078259770775 -0.082108816532434042 0.18663049581853641 -0.24026813494795005 -0.33292617026085969 -0.43136573361804953 0.15284435167028798 -0.70896825397611152 -0.3127551034834104 -0.32925105900987461 -0.16567385370544666 -0.52030232334536886 0.086948837246998215 0.15286096792677997 0.006859694528384171 0.37117380237750475 -0.095235727470153547 0.023670251910414671 -0.0045985218634894947 0.11050500297400388 0.051807085566976101 0.046754933593574903 -0.27671294468572166 -0.42455191071613474 -0.38940905550637162 -0.29023486810839116 0.079290840142066527 -0.47380417796544905 0.27355224012330898 -0.45033031961941972 -0.27534382239447358 -0.1702512968114169 0.083166839018091243 -0.37737378168088004 0.33536170156660017 0.16699642793601985 0.12365926152195182 -0.20921388728415111 -0.30568143188036484 -0.13426118544672347 -0.27585237248702665 -0.0058939660881319259 0.13156775892194775 -0.27267933051860443 -0.97239874239478796 -0.21782160418497354 -0.42288085741341419 -0.20324167119086547 -0.38340224029840592 0.35253628935430936
leaf_weight=25884 1682 1024 2547 7190 2496 1801 1087 2069 96 1905 84 1916 547 1170 518 3465 4194 2187 12444 421 337 597 1099 339 368 2847 1003 811 446 3042 3688 642 177 1107 2861 361 784 570 125 171 1754 834 385 633 847 406 887 769 1005 1053 193 2066 759 800 170 1239 69 1102 282 117 210 206
leaf_count=25884 1682 1024 2547 7190 2496 1801 1087 2069 96 1905 84 1916 547 1170 518 3465 4194 2187 12444 421 337 597 1099 339 368 2847 1003 811 446 3042 3688 642 177 1107 2861 361 784 570 125 171 1754 834 385 633 847 406 887 769 1005 1053 193 2066 759 800 170 1239 69 1102 282 117 210 206
internal_value=-0.000184328 -0.191765 0.0790861 0.0358698 -0.0252344 -0.255748 -0.0926656 -0.0537534 -0.00324822 0.103528 -0.155323 0.0406991 -0.096269 -0.293865 0.10621 -0.162523 -0.321139 -0.296596 0.138853 -0.437802 0.00296976 -0.0579771 -0.0527689 -0.066582 0.0347105 0.144538 -0.264376 0.16623 -0.279228 -0.00996528 -0.0362581 0.0278056 0.0633725 0.087758 -0.206427 -0.157986 -0.19805 -0.142322 -0.481694 -0.0812155 0.18102 -0.381287 -0.0364891 -0.000238918 -0.175881 -0.108609 0.158791 0.0727615 -0.00887957 -0.0690108 0.0542944 -0.0710338 -0.0650836 -0.137416 0.0988916 -0.232522 -0.227552 -0.110812 -0.148537 -0.492248 -0.15328 0.0143802
internal_weight=111888 32746 79142 47669 25048 22373 14838 10373 8304 22621 9761 6969 6845 2916 5053 9225 13148 11347 16740 1464 5881 3976 1617 6298 3485 31473 9160 13255 785 3379 5513 5077 4702 4339 4966 1619 7568 938 1380 1258 3436 959 1492 1657 6784 3319 26771 10210 3020 2251 1198 2913 2201 1559 2876 1335 363 2105 1452 186 380 3894
internal_count=111888 32746 79142 47669 25048 22373 14838 10373 8304 22621 9761 6969 6845 2916 5053 9225 13148 11347 16740 1464 5881 3976 1617 6298 3485 31473 9160 13255 785 3379 5513 5077 4702 4339 4966 1619 7568 938 1380 1258 3436 959 1492 1657 6784 3319 26771 10210 3020 2251 1198 2913 2201 1559 2876 1335 363 2105 1452 186 380 3894
is_linear=0
shrinkage=0.05


Tree=52
num_leaves=63
num_cat=0
split_feature=36 107 115 121 110 112 107 103 115 111 62 74 113 125 125 103 34 119 94 74 90 125 106 123 123 125 49 115 106 90 78 133 93 125 123 75 111 111 34 62 115 107 38 119 6 131 106 135 72 135 131 119 123 123 134 100 103 115 125 123 101 90
split_gain=611888 124661 70227 56113 55387.6 52923 52396.5 45468.2 41201.8 36182.2 29442.5 29382.5 26783.2 26761.2 25963.1 25521.3 25209.6 24905.3 24189 23368.4 22990.2 22640.3 20136.6 24477.3 19829.9 38063.6 19946.8 19020.9 17556.8 17514.4 16792.6 16731.3 16635.7 19829.6 16178.8 15953.1 15542.5 15344.6 14416.4 14414.1 17123.7 14150.9 13890.5 13592.4 13553.5 13225.6 13073.6 12923.8 12885 12699 14640.3 12526.5 12184.7 12056 12035 11958.3 11808.8 11785.7 11513.1 11509.1 11493.4 11456.5
threshold=0.2902648298958927 0.014104402286612902 0.015478879048303652 -0.0082063714887833979 -0.027233076620624446 0.028200628961544402 0.016426325982682052 0.0053835520703298511 0.016986520687428504 -0.0048065493878488496 -0.54871233630935434 0.11070847900409617 0.019190671004390304 -0.0084599487060272992 0.0031876925844198504 0.012449801416198001 0.26567551473870027 0.00062789828784970013 0.028663172195555555 0.081129666766626765 -0.86417855119313358 -0.0022194580307568494 0.058243927970229308 0.027704550098994401 0.0013951670259210003 0.011954052175189951 0.36036580369050447 0.059667051086166954 1.0000000180025095e-35 -0.70584907876367498 0.08752344694561652 -0.0013927186411748997 0.40746106718631175 -0.0028616599614549993 0.0016642852254762502 0.12525703963594373 -0.0065813832308779492 0.019006736954769256 -0.33866644262842627 -0.41730225598857429 -0.013541211728602348 0.0063337431413744002 0.85261798590209137 0.033384769713616508 9060.1350000000002 0.0014540967827006504 -1.0000000180025095e-35 0.012918883277913301 0.70345190625136977 -0.035793604615357695 0.023004529119984251 0.034766575783835553 0.014905951499548951 0.0083873551873349019 -0.11860584814853729 0.030989487550925603 -0.027820768463654045 -0.0041147773464312995 -0.0029962379187012497 0.013381820425263301 0.40223347130502868 0.25674586447504372
decision_type=2 2 2 2 2 2 2 2 2 2 2 2 2 2 2 2 2 2 10 2 2 2 2 2 2 2 10 2 2 2 2 2 2 2 2 2 2 2 2 2 2 2 2 2 2 2 2 2 2 2 2 2 2 2 2 2 2 2 2 2 2 2
left_child=2 8 3 4 6 28 12 19 9 15 -8 16 39 48 -7 -2 20 -15 59 -3 -5 57 -6 43 32 -26 35 49 46 -16 36 56 -22 38 -30 -27 44 -31 -34 -1 -41 -40 -33 -24 55 -17 -4 -23 -9 -19 -51 -18 -14 -32 -43 -13 -21 -12 -10 60 -11 -39
right_child=1 7 5 11 22 14 10 13 58 18 21 30 52 17 29 45 51 27 -20 31 24 47 23 -25 25 26 -28 -29 34 37 53 42 33 -35 -36 -37 -38 61 41 40 -42 54 -44 -45 -46 -47 -48 -49 -50 50 -52 -53 -54 -55 -56 -57 -58 -59 -60 -61 -62 -63
leaf_value=0.13108064903789923 0.024826246317409009 -0.22902094676593798 0.02606164713784866 0.22342277173544037 0.16424449511080624 0.092432333291369739 0.0048641492685003737 -0.60864258495890833 0.28194993888651293 0.42318156785970812 -0.91367025709562011 0.033030661065416869 -0.17012144454368733 -0.020165543044157262 0.21337156669499402 -0.038277933098985722 -0.044245541676510944 -0.35611815401223712 -0.090010593621233356 0.21079929293516805 0.1749660508310773 -0.34526828829097816 0.054770778806760602 -0.70584964200603872 0.08532510246939301 0.095647630925701901 -0.35486446409246208 -0.41247858099299634 0.068320344848584263 -0.17124872374249619 0.37193134377201575 0.29327621498440543 0.052962741222547752 0.12763201893480183 -0.17949403838290334 -0.25488391505369473 0.18518819209698786 -0.59168733310935195 0.015890759297392584 -0.66188816130161288 -0.023515574100178599 -0.55989643021378044 -0.051819258722460883 -0.42028804150409993 -0.10361050331707444 -0.3167432555075686 0.20827488683054352 0.14839953982793705 -0.3635526004488227 -0.15130738093371371 -0.28463243912215391 -0.48816606745881552 -0.81909686627278799 0.13576158570373117 -0.10151728231162914 0.23897084004604838 -0.16471226846594811 -0.4723391297932536 -0.20263947097507207 -0.11951173449948567 0.15422748594409461 -0.25963105288571975
leaf_weight=1973 1972 2851 1801 3695 4784 873 559 707 126 458 249 1663 163 1032 233 622 1558 2152 1258 237 8140 698 2555 118 7818 852 775 2115 1506 2868 1688 576 2168 6780 1169 523 11356 432 538 110 1961 299 589 159 881 1357 2171 163 2261 4024 4226 176 130 797 275 1223 1746 396 3639 328 2978 657
leaf_count=1973 1972 2851 1801 3695 4784 873 559 707 126 458 249 1663 163 1032 233 622 1558 2152 1258 237 8140 698 2555 118 7818 852 775 2115 1506 2868 1688 576 2168 6780 1169 523 11356 432 538 110 1961 299 589 159 881 1357 2171 163 2261 4024 4226 176 130 797 275 1223 1746 396 3639 328 2978 657
internal_value=-6.50467e-05 -0.172561 0.0789814 0.0992227 0.0105848 -0.0337588 -0.0978093 -0.243278 -0.0475517 0.0107019 -0.305042 0.123488 0.000909279 -0.286099 -0.155536 -0.10248 0.0960629 -0.256274 0.0997494 -0.12535 0.106167 -0.420001 0.101702 -0.00397038 0.0907784 0.0340867 -0.152183 -0.275737 0.0590083 -0.207211 0.175807 -0.0314179 0.121824 0.0788119 -0.0400035 -0.0377702 0.155995 -0.232024 -0.0221111 0.0343995 -0.0577255 -0.168394 0.118908 0.0267949 0.0679615 -0.229285 0.125682 -0.251746 -0.42212 -0.247897 -0.219628 -0.0895586 -0.459869 0.296271 -0.340848 0.120354 -0.119749 -0.643864 -0.186352 0.163178 0.19019 -0.391778
internal_weight=112187 35254 76933 65223 14018 11710 6402 22516 12738 8973 2065 51205 4337 16517 5063 3951 33597 13549 5022 5999 31863 1506 7616 2832 28168 9968 2150 12517 6647 4190 17608 3148 18200 10060 2675 1375 15123 3957 3280 4044 2071 1112 1165 2714 3767 1979 3972 861 2968 10402 8250 1734 293 2485 574 2886 1983 645 3765 3764 3436 1089
internal_count=112187 35254 76933 65223 14018 11710 6402 22516 12738 8973 2065 51205 4337 16517 5063 3951 33597 13549 5022 5999 31863 1506 7616 2832 28168 9968 2150 12517 6647 4190 17608 3148 18200 10060 2675 1375 15123 3957 3280 4044 2071 1112 1165 2714 3767 1979 3972 861 2968 10402 8250 1734 293 2485 574 2886 1983 645 3765 3764 3436 1089
is_linear=0
shrinkage=0.05


Tree=53
num_leaves=63
num_cat=0
split_feature=36 107 62 106 80 127 124 121 114 115 115 119 131 34 111 111 111 121 127 80 115 77 75 85 75 115 127 74 103 103 127 92 34 120 90 105 90 115 95 83 96 74 113 68 75 135 74 40 91 119 73 106 105 135 75 69 103 97 121 126 58 133
split_gain=558935 117422 92120.3 68276.4 44972 42076.3 39078.3 35207.6 33073.2 32401.8 31274.2 28182.4 25474.9 27739.2 27408.6 22176 20143.5 21944.1 20775.9 19716.9 18124.4 17740.8 17672 19811.6 36107.9 17488.6 16976 16423.4 15865.5 15048.8 15035 13335.1 13856.8 13146.1 12865.5 12731.8 12383 12004.9 11572.7 11449.8 11442.5 11091.2 13735 13014.2 10890.9 10797.6 10641 10458.8 20498.1 10291.3 10273.4 10265.5 10091.3 9907.1 9827.58 17451.3 9788.19 9540.61 10273.5 10618.6 9894.18 9523.02
threshold=0.61829168258454981 0.0098313423129427532 -0.36547198301503142 0.65878852458649717 -0.42368974492270856 0.022523689990121453 -0.16433946070159575 -0.007463706580270949 0.47898553961156082 0.026903411306699102 -0.0057626639243682489 0.0044035764486645016 0.0048550694464205508 0.06910102987153717 -0.0042969196332087985 -0.0026079435863379996 -0.0020898090123818496 0.023488999473333955 -0.0062374786097459493 -0.64202069945269591 0.016986520687428504 0.13355403229860066 0.10172033051921976 0.57254404935887693 0.076940480217825472 -0.0059462583934242492 -0.0024218433166315998 0.11070847900409617 0.011913926648127352 -0.011582833133926898 0.0038963146572381004 -0.054062595992402047 -0.43824934003636257 -1.0000000180025095e-35 2.1169448539053515 0.026939190260256953 -0.85441836823316863 0.013301593687250752 0.18147386385866407 0.7239481570182501 0.46093150246539744 0.070203070826038563 0.0091678205541320511 -0.5107295649765603 0.097800144156721905 -0.023380909709859697 -0.36538107541705406 -0.36294475236470608 0.23695076488933578 -0.00021589620510529997 0.46844776318065756 0.21109692585402987 -0.0099184619265981488 -0.024901526829980394 0.084317902094540015 0.74097836974334363 0.040560134763988405 0.49376593001366492 0.0051299923446957016 0.036474751031098554 0.27080737204323085 0.0085688162315263015
decision_type=2 2 2 2 2 2 2 2 2 2 2 2 2 2 2 2 2 2 2 2 2 2 2 2 2 2 2 2 2 2 2 2 2 2 2 2 2 2 8 8 2 2 2 2 2 2 2 2 2 2 2 2 2 2 2 2 2 2 2 2 2 2
left_child=1 8 31 4 6 9 10 25 12 15 30 39 -1 36 19 29 18 -18 -13 40 -10 61 23 34 -25 -5 -21 -16 37 -2 -4 32 47 45 54 -31 -14 52 -27 -6 -15 43 -43 -38 -19 -20 -34 48 -3 -30 -41 -48 -9 -29 -11 -56 -28 -8 59 -59 -61 -17
right_child=5 2 3 7 11 -7 57 28 20 22 -12 16 13 14 27 21 17 44 33 26 -22 -23 -24 24 -26 38 56 53 49 35 -32 -33 46 -35 -36 -37 41 -39 -40 50 -42 42 -44 -45 -46 -47 51 -49 -50 -51 -52 -53 -54 -55 55 -57 -58 58 -60 60 -62 -63
leaf_value=0.1572523766260617 0.060971889828529718 0.056416311943625945 -0.084295215887752017 -0.67257536140084273 0.085942999073391008 -0.30746316549690733 0.36965626917283334 0.23935410078936528 0.055022190094566492 -0.20439986569032298 0.028884717511109766 0.039177944428186021 0.24425959844951112 0.16608295446364327 -0.07945718937672866 0.19534703182161747 0.0020637338327898452 -0.05670510800918202 -0.55460022477924154 0.026431180088657816 -0.13800828771198745 -0.052429597342769946 -0.3933961327859139 -0.17072265902599257 1.2511444777708789 -0.083888554232557436 -0.27740932104113514 -0.068354062464148296 -0.011112501394860204 -0.12806489460297485 -0.77172324532339276 0.16725507909864726 -0.31424043248344619 -0.14080267077184216 -0.38453127240425911 -0.30298970027359073 0.10891220882863598 -0.1955597016170687 -0.38168567178835899 0.030253859594160201 -0.42991386363480955 0.19898782091412529 -0.026364252219444575 -0.014327919794783449 -0.43657181651413046 -0.27963796196952156 0.090855763694943595 0.11810818864979591 -0.40951002415441962 -0.27493065703622438 -0.35612924015968556 -0.092215499128718847 -0.038704643052072864 0.21784719552592591 -0.11246037436649203 0.80612492410137371 -0.66406818499995612 0.20064307575241488 0.32214105597142623 0.17594873553759827 -0.13894098888106998 0.86836508298292758
leaf_weight=23667 573 1475 122 399 2897 8597 626 445 3709 2322 828 605 1650 562 1052 300 3256 307 549 423 1808 3524 1745 142 64 441 970 371 460 2166 229 3669 295 962 963 2005 6635 844 1260 391 93 4059 811 3163 490 1032 1537 7144 280 1883 306 1524 1215 1624 215 67 197 1282 706 412 629 63
leaf_count=23667 573 1475 122 399 2897 8597 626 445 3709 2322 828 605 1650 562 1052 300 3256 307 549 423 1808 3524 1745 142 64 441 970 371 460 2166 229 3669 295 962 963 2005 6635 844 1260 391 93 4059 811 3163 490 1032 1537 7144 280 1883 306 1524 1215 1624 215 67 197 1282 706 412 629 63
internal_value=0.00104801 0.0574129 -0.00844541 -0.0734002 -0.0154248 -0.220217 0.111307 -0.203809 0.10733 -0.167187 -0.138915 -0.0721802 0.121414 0.0821581 -0.0173143 -0.106668 -0.129248 -0.0555255 -0.224118 -0.149844 -0.00825021 -0.0181172 -0.261812 -0.200867 0.274933 -0.374781 -0.244905 0.0803496 -0.129673 -0.179203 -0.533706 0.0836421 0.0585977 -0.286749 -0.228415 -0.212204 0.114417 -0.0421401 -0.304574 0.0421671 0.0809341 0.0997949 0.161462 0.0691303 -0.290504 -0.375408 -0.0279737 0.0912451 -0.0181104 -0.223162 -0.139645 -0.000291467 0.0359344 0.164616 -0.170555 0.107862 -0.343193 0.192037 0.155219 0.104371 -0.0142668 0.314217
internal_weight=112040 89294 38500 22576 15629 22746 4834 6947 50794 14149 1179 10795 45277 21610 5292 8631 7201 4053 3148 2245 5517 3887 5518 3773 206 2100 1590 3047 4847 4744 351 15924 12255 2543 3567 4171 16318 2504 1701 3594 655 14668 4870 9798 797 1581 3356 8899 1755 2343 697 3061 1660 1995 2604 282 1167 3655 3029 2323 1041 363
internal_count=112040 89294 38500 22576 15629 22746 4834 6947 50794 14149 1179 10795 45277 21610 5292 8631 7201 4053 3148 2245 5517 3887 5518 3773 206 2100 1590 3047 4847 4744 351 15924 12255 2543 3567 4171 16318 2504 1701 3594 655 14668 4870 9798 797 1581 3356 8899 1755 2343 697 3061 1660 1995 2604 282 1167 3655 3029 2323 1041 363
is_linear=0
shrinkage=0.05


Tree=54
num_leaves=63
num_cat=0
split_feature=38 106 115 124 34 126 80 101 78 121 131 34 127 38 127 121 79 118 113 114 54 121 74 127 113 87 113 126 113 121 94 113 80 80 70 93 42 119 119 94 118 124 127 94 113 126 127 50 121 68 131 106 60 112 112 134 134 121 87 42 74 66
split_gain=510116 88900.2 70337.2 78883.4 57883.6 47977.1 47048.2 34015.5 32017.7 31792.8 31398.4 33994.3 31364.4 30044 28254.5 26018.3 25667.7 25495.6 24897.8 23832.4 23285.7 21396.1 19721.1 23846.6 19456.9 17374.2 20579.5 16751.7 16591.4 16406.2 16066.5 15716.8 15621.2 15244.5 15107.6 15105.9 14118.5 13353.9 13333.6 14636 13242.7 12929.3 14753.3 12735.8 13875.8 12576.1 12227.3 12155.8 12107 11589.7 11445.9 11429.6 10892.7 10726.6 10690 10751.4 13951.4 10671.4 10173.2 10118.3 9971.27 12612.3
threshold=0.36376664205574155 0.4983154495994197 0.012134114517367902 0.29370383105859049 0.96954482273182563 0.96936239562626858 -0.5198968351809744 0.40223347130502868 0.22326198981726708 -0.0020048191463849494 0.0048550694464205508 0.06910102987153717 -0.005117902040455099 -0.5827957206554758 0.021830552995123254 0.028535302301397253 0.12236403013705187 0.033339632358688857 0.0026224123895581502 0.090567898888805357 0.55406296913842079 -0.0073256654677514993 -0.11032793490870839 -0.005331800600271849 0.014223167084097902 0.3678308576482463 0.00058380427330835007 0.072304744060242607 0.019190671004390304 -0.0046865972954216991 -0.026261733643890797 0.0026224123895581502 0.23591569733040768 -0.83725107440051338 -0.95333984957916507 0.42164702338578702 -0.59809982882623636 0.028376282097251956 0.063649577204252267 0.074537754467914955 0.14742875580366857 -0.16433946070159575 0.0027203472125784003 -0.10635538184256595 0.0033726179240322006 0.78632551070673529 0.039949533056228205 0.77076503076846026 0.0085936171985251022 -0.50281348199174236 -0.014078488820917598 0.68455345520011446 -1.4795150162811383e-14 0.50430486810577635 0.0062448417247437512 -1.0000000180025095e-35 1.0000000180025095e-35 -0.015761211245208396 0.47529645418178751 0.34775773016653544 0.075092103994185311 -0.37709998553998625
decision_type=2 2 2 2 2 2 2 2 2 2 2 2 2 2 2 2 2 2 2 2 2 2 2 2 2 2 2 2 2 2 10 2 2 2 2 2 2 2 2 10 2 2 2 10 2 2 2 2 2 2 2 2 8 2 2 2 2 2 2 2 2 2
left_child=2 4 5 19 6 8 7 47 10 13 -1 24 -13 -7 22 25 41 -14 27 45 -10 52 -3 28 -12 26 59 60 38 -25 36 -21 33 -28 -26 -6 -18 51 39 58 53 42 -9 44 -31 -4 -11 -2 49 -35 -29 -15 -19 -36 55 -20 -57 -42 -24 -5 -8 -62
right_child=1 14 3 15 35 9 18 16 20 46 11 12 17 37 -16 -17 30 21 54 31 -22 -23 23 29 34 -27 32 50 -30 43 -32 -33 -34 48 40 -37 -38 -39 -40 -41 57 -43 -44 -45 -46 -47 -48 -49 -50 -51 -52 -53 -54 -55 -56 56 -58 -59 -60 -61 61 -63
leaf_value=0.13754016967660082 0.48980674802577084 -0.34867874092252782 0.15099486749443247 0.020320410436646969 -0.13472540798282051 0.048965117260710095 -0.028205423600768637 0.39161092169964928 0.41866295869640879 0.11548866227744742 0.10021916977116785 0.16483852534751753 0.016739800103680522 -0.19434450737882666 -0.32496486912145217 -0.42090750967125551 -0.26837693203985696 -0.23006110181336972 -0.17513538728545899 0.046793499394823038 0.035178351588714435 -0.15415049782932114 0.14949085061274991 -0.28678210405643728 0.20846940094088937 -0.37866698289611223 0.18702519213013791 0.1792626145219719 -0.35385488346160121 0.30740835961417123 -0.36779352972159091 -0.12602031487894888 -0.048866032920430888 0.088962276589913958 0.092251954502348799 -0.29455769571033896 0.22349825616522009 -0.72145804432220761 0.73581956354054545 -0.19047577999106344 -0.70736339674841986 0.31367257566991869 -0.20855683607093042 -0.1830084036150311 -0.13429563223808813 -0.17121117321594481 -0.34315994230667191 1.2682746732045735 -0.45477509414357203 -0.31774158234109445 -0.12866768686281355 -0.57639490807196125 -0.69519708020494164 -0.42108809848626455 -0.21772625362875275 0.83356260096325596 0.04140084680029818 -0.21257505830147633 -0.44088513709795785 0.40833092899189388 0.095415304367057308 0.4462748461565248
leaf_weight=28537 262 1672 5407 1143 3346 718 742 155 1375 1691 20383 1125 1463 841 6506 831 224 200 460 4018 556 1351 1139 3319 331 579 169 354 315 313 357 1955 1744 273 481 2652 414 207 65 596 154 1139 297 2322 409 320 158 62 753 486 2015 255 345 128 2809 67 305 372 77 196 820 372
leaf_count=28537 262 1672 5407 1143 3346 718 742 155 1375 1691 20383 1125 1463 841 6506 831 224 200 460 4018 556 1351 1139 3319 331 579 169 354 315 313 357 1955 1744 273 481 2652 414 207 65 596 154 1139 297 2322 409 320 158 62 753 486 2015 255 345 128 2809 67 305 372 77 196 820 372
internal_value=0.00123033 -0.161858 0.0709663 -0.0162063 -0.0807901 0.0966476 -0.0118994 0.160064 0.108253 -0.0736782 0.101207 0.0618294 -0.0635623 -0.210708 -0.243493 -0.16079 0.0994298 -0.140085 -0.0749041 0.0600965 0.30832 -0.26104 -0.191636 -0.160907 0.0875649 -0.120262 -0.0887837 0.0065251 -0.0186674 -0.209896 -0.0997019 -0.00978116 -0.153748 -0.262468 -0.0883265 -0.205432 0.0506525 -0.353726 0.0377426 0.0123091 -0.174988 0.22395 -0.00233694 -0.125998 0.0573513 0.132965 0.0761321 0.642217 -0.312799 -0.171532 -0.0825974 -0.283678 -0.525239 -0.0161556 -0.171114 -0.0136693 0.185927 -0.358504 0.111775 0.0773789 0.11568 0.205194
internal_weight=112130 33585 78545 17874 16852 60671 10854 2910 56801 3870 54870 26333 4484 2021 16733 6174 2586 3359 7944 11700 1931 1896 10227 8555 21849 5343 4764 4303 2192 6363 995 5973 3425 1681 1466 5998 638 1303 1877 1812 1135 1591 452 3044 722 5727 1849 324 1512 759 2369 1096 545 609 3641 832 372 526 1216 1339 1934 1192
internal_count=112130 33585 78545 17874 16852 60671 10854 2910 56801 3870 54870 26333 4484 2021 16733 6174 2586 3359 7944 11700 1931 1896 10227 8555 21849 5343 4764 4303 2192 6363 995 5973 3425 1681 1466 5998 638 1303 1877 1812 1135 1591 452 3044 722 5727 1849 324 1512 759 2369 1096 545 609 3641 832 372 526 1216 1339 1934 1192
is_linear=0
shrinkage=0.05


Tree=55
num_leaves=63
num_cat=0
split_feature=38 118 124 118 115 107 119 46 124 121 102 127 135 46 125 110 110 125 115 135 133 50 111 127 121 121 125 126 131 125 135 17 80 90 113 90 74 68 111 115 135 121 113 23 94 74 127 94 131 92 78 78 94 131 42 127 28 113 131 72 94 94
split_gain=458318 87829.5 79679.9 49549.6 47233.1 44110.1 42260 40337.6 48787.3 31595.7 30603.5 36486.3 25089.5 22940.8 24378.7 20876.9 36769.7 20147.2 20071.1 19975.3 18603.5 24272.5 18156.2 16698.3 16247.3 16168 16122 15839.8 15638.6 14862 14852.3 14522.1 13983.1 20240.3 13426.4 13266 13702 16711 17469.1 12806.5 12744.6 12637.9 12448.1 12380.7 12321.3 12291.5 11958.9 11808.9 11382.3 11375.6 11246.8 11103.9 10910.6 10658.6 10297.8 10258.6 10012.7 10156.2 10004.9 10163.5 9878.31 9750.18
threshold=0.36376664205574155 0.17697693047245433 0.48717128050270447 0.4754378491428024 0.0096595387782077019 0.037256424097413553 0.042486715041071557 0.065400718913717459 -0.1302859734842978 -0.014505704751932549 0.068163899552844964 0.037337808488249656 -0.030546617494114647 1.9210466826099952 -0.0076286597217435489 -1.0000000180025095e-35 1.0000000180025095e-35 -0.0011636166188102499 0.022502021915822106 -0.034064527544548945 -0.024111344607509397 -0.30357905622164827 0.017083700236557003 0.033137944272553108 0.011281716455095302 0.016466974511260956 -0.0080451558914313975 1.0067250214562125 0.046129162668996804 0.022290725617511806 -0.016741021744553747 0.039085215813387204 -0.55797567410189364 -1.2243681271590721 0.0091678205541320511 -0.86417855119313358 0.056148411344787555 -0.4672100711978649 -0.018151323989562398 -0.0045838394817896491 -0.015098038293185999 -0.0073256654677514993 0.025632691370479552 -0.36557441353727355 -0.081335322246799444 0.14168183519534686 -0.0062374786097459493 0.096092741263945805 -0.0085201234184962994 0.058910230850515007 0.19550672499856983 0.20498090808500571 -0.016688985757437647 0.032527119827191656 -0.43464476110527855 0.0066411169029164012 0.55267472047133881 0.0026803571792694504 0.0057151492884668009 -0.9674658690200818 0.0020827684595608503 0.017048060377082206
decision_type=2 2 2 2 2 2 2 2 2 2 2 2 2 2 2 2 2 2 2 2 2 2 2 2 2 2 2 2 2 2 2 2 2 2 2 2 2 2 2 2 2 2 2 2 8 2 2 10 2 2 2 2 10 2 2 2 2 2 2 2 8 8
left_child=2 7 3 10 29 12 9 8 17 23 27 20 44 14 -14 41 -17 46 19 31 21 -12 30 42 -24 -6 -23 50 32 -4 34 -11 33 -16 -22 -21 37 -37 55 -7 -13 -10 58 52 -3 -35 -2 -47 -8 -26 -1 -32 -28 -40 -38 -39 -27 -58 -5 -60 -45 -9
right_child=1 5 4 6 25 39 48 61 15 18 11 40 13 -15 28 16 -18 -19 -20 35 22 26 24 -25 49 56 43 -29 -30 -31 51 -33 -34 45 -36 36 54 38 53 -41 -42 -43 -44 60 -46 47 -48 -49 -50 -51 -52 -53 -54 -55 -56 -57 57 -59 59 -61 -62 -63
leaf_value=0.13635689780619809 0.14449689307728328 0.12964375246776624 0.078174375965866238 0.05387415092643804 -0.14250729818452909 -0.43590894109780998 0.07903563483533535 -0.047243878044827922 -0.14646836147190587 0.00102233684237785 0.075214269284340399 -0.53545068432670717 -0.27288247177621811 -0.29841542318458325 -0.34134600209788635 0.64104288847149704 0.13867127973468305 0.057401653454777546 -0.20947991494655693 0.24045461154377057 0.057152370783142684 -0.57152215548989327 0.08906265663381896 -0.65984102430626423 -0.27088949861382478 -0.57728279021183659 -0.032105790105201773 -0.033582945619838461 -0.24984215593092363 -0.42298521872084494 0.12771322695550771 -0.32854010569298586 -0.068142348956159601 0.0026728466102274276 -0.25586826284952841 0.083184885258943519 -0.17038050840694119 -0.097369283644101509 0.0062332954231699954 -0.27604227974339868 -0.11625941559600408 0.1106464914846719 -0.68820331512639932 -0.12092649041849951 -0.29756853107456938 0.42763309698375473 -0.33379039968252311 -0.16935210908972184 -0.5472249609439872 0.41324379024180502 0.30021688197310636 0.37634515208880193 0.53725740436201153 -0.26289483507474265 0.16170707576632889 -0.80805413205691468 0.036193024389268386 -0.36540021300930881 0.20346508365158644 -0.32893483755843983 -0.48873029095243736 -0.20275467531830196
leaf_weight=29896 147 177 2864 575 2700 1582 87 1501 700 911 2555 297 1615 1629 207 465 1672 678 753 1128 4200 215 877 175 781 374 560 1338 956 155 11896 527 5779 475 372 4074 250 87 2146 6090 465 1501 95 590 3419 548 1142 97 429 65 1085 466 98 443 3372 122 209 635 108 510 264 3072
leaf_count=29896 147 177 2864 575 2700 1582 87 1501 700 911 2555 297 1615 1629 207 465 1672 678 753 1128 4200 215 877 175 781 374 560 1338 956 155 11896 527 5779 475 372 4074 250 87 2146 6090 465 1501 95 590 3419 548 1142 97 429 65 1085 466 98 443 3372 122 209 635 108 510 264 3072
internal_value=-0.0003631 -0.155409 0.0655002 0.0811322 -0.0963107 -0.211647 0.002907 -0.0386935 0.0433046 0.0179526 0.103183 0.0600247 -0.161479 -0.12487 -0.0956286 0.136953 0.248233 -0.163192 0.0413593 0.0558369 0.0713359 -0.0226489 0.0929066 -0.202921 -0.0616963 -0.210816 -0.167392 0.134831 -0.0600912 0.0523125 0.10864 -0.1199 -0.0345316 0.111782 0.0316331 0.0775895 0.0600619 0.0185766 -0.0754918 -0.30906 -0.280133 0.028845 -0.140375 -0.109586 -0.27651 0.195759 -0.279176 0.337731 -0.441686 -0.2179 0.142105 0.137115 0.0533796 -0.0399005 0.138745 -0.514091 -0.361998 -0.266028 -0.0962115 -0.235716 -0.235066 -0.151733
internal_weight=112201 33452 78749 71812 6937 22574 15792 10878 6305 15276 56020 23701 14902 11306 9677 4338 2137 1967 13813 13060 22939 4282 18657 1463 1723 3918 1727 32319 8062 3019 16934 1438 7106 1327 4572 11622 10494 6872 2798 7672 762 2201 1288 1512 3596 1120 1289 645 516 846 30981 12362 658 2589 3622 209 1218 844 1193 618 854 4573
internal_count=112201 33452 78749 71812 6937 22574 15792 10878 6305 15276 56020 23701 14902 11306 9677 4338 2137 1967 13813 13060 22939 4282 18657 1463 1723 3918 1727 32319 8062 3019 16934 1438 7106 1327 4572 11622 10494 6872 2798 7672 762 2201 1288 1512 3596 1120 1289 645 516 846 30981 12362 658 2589 3622 209 1218 844 1193 618 854 4573
is_linear=0
shrinkage=0.05


Tree=56
num_leaves=63
num_cat=0
split_feature=34 115 118 124 103 127 120 123 93 119 105 80 135 34 90 90 125 78 135 115 125 110 40 34 124 107 115 112 123 40 125 90 105 123 121 125 68 127 115 124 54 82 123 107 131 73 79 134 100 78 68 122 125 134 123 76 123 119 52 130 80 121
split_gain=400763 88318.6 80175.7 76785 51327.3 48050.5 51421 41958.1 36916.1 28718.2 27537.5 26382.7 25245.8 24717.8 21778.1 23575.2 28479.2 21151.1 19317.4 19908 18269.1 17753.2 17752.5 17174.9 17085.5 16300.4 16014.5 15581.8 16227.6 15147.9 14438.8 14761.2 14315.3 17762.4 19605.4 16087.9 21057.5 26371.1 17224 15057.3 12773 12561.7 12347.9 11961.1 11696.5 11614.4 11612.6 11591.4 11430.1 12374.6 10994.5 10970.2 10961.4 10903.6 11947.2 10864.4 10683.1 10642.9 10464.4 10348.8 10346.3 12099.7
threshold=0.40424834862296921 0.010426092576416301 0.069502549767060565 0.13030023544176325 0.030895724621814554 0.028275453108551053 -1.0000000180025095e-35 0.0017040782941857003 0.41534283488589036 0.023013807689618953 0.021280937813774103 -0.16739078527008758 -0.0070674132611005984 -0.58477973390541982 -0.76601767351224692 0.29437358449341638 0.0070122462973948507 0.20498090808500571 -0.02300905491079815 0.025051968001907756 -0.016989158024637244 -0.22709674875373012 -0.12511528505012273 0.91126468643996827 -0.083142647238713938 0.020803882852953905 -0.0039690921403701994 0.014427745659857502 0.0018721170061198002 -0.98482111778002157 -0.004237063117107899 -0.61736508830235237 -0.022419650575986046 0.014905951499548951 -0.016098017954441695 -0.010458503946327047 -0.4448849045853604 0.0013695932936515001 -0.0015408459639898499 -0.025162275741464044 0.58409059474253711 -0.35919228826291066 0.018190912140408005 -0.011072527916132799 0.035001806174530858 0.64948559603697564 0.044776062507883956 -0.45357601142441056 0.35894382679307718 -0.051386966000278346 0.092083487180973117 0.026830666321412653 0.0011264843984539503 -0.10041964308532368 0.029168186707948053 -0.19287391772546805 0.0037162274045497504 0.012260256111025452 0.13179849834547377 0.7373757553896827 -0.68964532928515188 -0.0028625131791930997
decision_type=2 2 2 2 2 2 2 2 2 2 2 2 2 2 2 2 2 2 2 2 2 2 2 2 2 2 2 2 2 2 2 2 2 2 2 2 2 2 2 2 2 10 2 2 2 2 2 2 2 2 2 2 2 2 2 2 2 2 2 2 2 2
left_child=1 5 8 27 10 9 12 41 11 17 18 23 13 -7 -9 16 -16 32 -4 20 -20 25 -17 -2 58 -11 55 47 -29 42 -15 -32 -1 35 53 36 -34 -38 39 -39 -19 -5 -18 -10 -22 -24 -13 -3 49 -43 -40 -23 -27 54 -35 -6 -31 -14 -8 -37 61 -28
right_child=2 3 4 7 26 6 24 14 43 21 -12 46 57 30 15 22 29 40 19 -21 44 51 45 -25 -26 52 60 28 -30 56 31 -33 33 34 -36 59 37 38 50 -41 -42 48 -44 -45 -46 -47 -48 -49 -50 -51 -52 -53 -54 -55 -56 -57 -58 -59 -60 -61 -62 -63
leaf_value=0.17928229141919247 0.23397882620235233 -0.016517853041159814 -0.19407430396850284 -0.16599209589554986 -0.36349285616627003 0.013065257531367927 -0.31241962432432241 0.22741648220743232 0.15267252645829099 -0.02954419876886008 -0.21425389013011564 0.087253582429553708 0.082777043322355554 -0.71808030325188943 -0.054349075484942722 -0.25942840719494148 0.15496362187480042 0.36451289947740101 -0.48229733743728737 -0.19800661054899049 0.11464461240623321 0.10953928668246644 -0.075725923431211289 -0.049372384714963226 0.14224172846839558 -0.54410880104289394 -0.21496653028024212 0.089469524487312338 -0.10907541786774254 -0.35206053147501337 0.15120804127719667 -0.45898093485575953 0.12002692359055014 -0.33840528257349706 0.025438212826332081 0.13232806148579104 0.088262516730449533 -0.82368713080274825 0.099866986699635174 -0.17217872014916535 0.050438676345264603 0.14428218606017118 -0.62650223663342852 -0.18155869220961529 -0.12545233744527062 0.47049751047155647 -0.14966146219448101 0.14802651428771529 0.15788318140743768 -0.10486046385697903 -0.56251987390134528 -0.044350219314992223 -0.058597171233723988 -0.12411638662307221 -1.2313714028336109 -0.68355134010787999 -0.60846638714494383 -0.21999517425078238 0.094849743335386649 0.059604924420698896 -0.27283209152508747 0.24879992186313582
leaf_weight=6946 2144 1325 2060 849 1743 325 381 305 293 1226 5980 802 671 407 714 1744 181 1352 155 1081 2791 3405 2677 712 2602 319 425 2127 1992 819 125 470 1526 93 1425 26258 601 244 223 140 426 742 69 3015 619 100 1453 5563 1428 1513 86 1754 183 168 63 314 818 510 268 6015 7119 209
leaf_count=6946 2144 1325 2060 849 1743 325 381 305 293 1226 5980 802 671 407 714 1744 181 1352 155 1081 2791 3405 2677 712 2602 319 425 2127 1992 819 125 470 1526 93 1425 26258 601 244 223 140 426 742 69 3015 619 100 1453 5563 1428 1513 86 1754 183 168 63 314 818 510 268 6015 7119 209
internal_value=-0.000228572 0.0581147 -0.153426 -0.0249156 -0.202683 0.0908719 -0.0462172 -0.112622 -0.0218 0.105924 -0.136251 0.0624294 -0.216276 -0.365847 -0.185773 -0.203497 -0.323419 0.120307 -0.0666708 -0.0101515 0.0468505 0.0107591 -0.134449 0.163347 0.0850017 -0.127905 -0.288568 0.070378 -0.00655247 -0.425146 -0.488639 -0.330751 0.113437 0.101019 -0.0544678 0.108769 -0.00575485 -0.154066 -0.364048 -0.587222 0.289333 0.00727216 -0.0623577 -0.151918 0.071037 -0.0558941 -0.0654003 0.116376 0.047247 -0.0228533 -0.0857065 0.0572202 -0.367588 -0.404903 -0.704572 -0.412658 -0.480478 -0.0480468 -0.144353 0.118776 -0.255596 -0.0619335
internal_weight=112093 81178 30915 22966 22496 58212 5759 11959 8419 52453 12686 5111 2508 1327 7427 7122 2601 45566 6706 4646 3565 6887 4521 2856 3251 1728 9810 11007 4119 1887 1002 595 43788 36842 1749 35093 2820 1294 693 384 1778 4532 250 3308 3410 2777 2255 6888 3683 2255 309 5159 502 324 156 2057 1637 1181 649 32273 7753 634
internal_count=112093 81178 30915 22966 22496 58212 5759 11959 8419 52453 12686 5111 2508 1327 7427 7122 2601 45566 6706 4646 3565 6887 4521 2856 3251 1728 9810 11007 4119 1887 1002 595 43788 36842 1749 35093 2820 1294 693 384 1778 4532 250 3308 3410 2777 2255 6888 3683 2255 309 5159 502 324 156 2057 1637 1181 649 32273 7753 634
is_linear=0
shrinkage=0.05


Tree=57
num_leaves=63
num_cat=1
split_feature=34 115 131 112 118 121 121 80 106 121 113 131 95 78 120 114 119 125 68 96 106 74 96 85 95 105 105 117 73 131 119 77 23 90 77 110 104 50 119 38 95 89 121 95 123 125 136 68 104 74 34 80 123 113 72 74 125 118 95 90 84 80
split_gain=392699 84023.2 66096 52601.3 45425.5 42215.5 39939.9 32529.2 26896.9 33665.7 28458.4 26314.9 26129 21497.3 21161.4 21143.1 20683.4 18338.4 20637.2 17797.1 16864.8 16166.3 15687.7 15030.4 15507.1 14386.8 13798.9 13725.2 13267.6 13242.6 13080.9 12166.2 11843.8 11744.9 13926.6 11584.8 11416.7 12853.7 11641.3 11134.7 12460.6 15515.3 11060.9 10909 10732.9 10720.2 10547.9 16870.5 10263.1 10241.2 10159.3 10205.2 10101 10059.4 17173.9 12210.6 10012.3 10007.7 10835.6 9824.16 10409.6 9485.19
threshold=0.42614875059218277 0.019046254554134202 0.021404174535445904 0.028200628961544402 0.45712976674444167 -0.0050308178002270486 -0.016098017954441695 -0.16739078527008758 1.0000000180025095e-35 -0.014205192169011048 0.027115574342248702 0.0051223196909515505 0.5894025423933128 0.25979882218674599 -0.049137259584742597 0.097818987081944406 0.045970703040488559 -0.010148232124606449 -0.37341583389695199 -0.84625849762626293 0.28725564399251957 -0.11032793490870839 -0.85872352648374572 0.3992099264186188 0.26242989404547928 0.03262607688998536 0.017032476633355203 0.054998668369909708 0.48383930052245244 0.0017076308579913504 0.027691497323932255 0.23656982106993973 2.3262482037254846 -0.22280324178822744 0.21369298707234616 -0.29176021435986904 1.0000000180025095e-35 0.30934894756794068 0.033832163533869856 -0.49698310371117138 0.11674935476649446 0.026978699434583253 0.010257752178973002 0.13725831305771857 0.027704550098994401 0.022848944510930506 0 -0.57336839119516059 -0.057265207049493394 0.11070847900409617 -0.62383442017334401 -0.50779077147344898 0.0018273406115797001 0.0083127906578461027 0.034853226338814554 0.089324032954472013 -0.0024654550990871995 0.39990114254037978 0.22896762646455687 -1.092741233584158 0.51982470605229747 -0.31262609595299989
decision_type=2 2 2 2 2 2 2 2 2 2 2 2 10 2 2 2 2 2 2 2 2 2 2 2 8 2 2 10 2 2 2 2 2 2 2 2 2 2 2 2 10 2 2 8 2 2 1 2 2 2 2 2 2 2 2 2 2 2 8 2 2 2
left_child=1 4 5 15 8 23 22 12 36 10 44 49 14 17 -7 -3 26 18 -11 -5 35 33 -6 24 28 -20 -13 -15 -2 -24 45 59 -9 -21 -35 -4 37 -1 -38 -28 61 -42 -33 -23 46 53 47 -10 -39 50 -8 -52 -49 55 -55 -19 -22 58 -37 -16 -61 -41
right_child=2 3 20 19 6 7 11 32 9 13 -12 16 -14 27 31 -17 -18 30 25 21 56 43 29 -25 -26 -27 39 -29 -30 -31 -32 42 -34 34 -36 57 38 48 -40 40 41 -43 -44 -45 -46 -47 -48 52 -50 -51 51 -53 -54 54 -56 -57 -58 -59 -60 60 -62 -63
leaf_value=0.14447364502174267 0.21678999941858992 0.1373922982149838 -0.27412518661190127 0.19516232185171431 0.1269895574241354 -0.003999898317572529 0.13542628951709496 -0.072466007232225488 0.11667687206209956 0.077430270227068429 -0.72811481800325761 0.02197013737511691 -0.20004699085294628 0.42651494213490077 0.017890842708690867 -0.067023262510010673 -0.5383970267032806 0.078386929517511916 -0.17136031068425844 -0.74461354289278892 -0.35024656942654586 0.090560787311053575 -0.10058257938850496 -0.24593179439932014 -0.1710717292084781 -0.71385836044947304 0.014576068352307042 -0.16265960706986934 -0.14097037218397973 -0.45106490136508254 -0.073921218534704319 0.052309618034095277 -0.31605603528348891 0.065243738634415363 -0.33321614631428487 0.13999070632308078 0.097897553807649432 0.21821902885107766 -0.23390431336481196 0.32245268327016269 0.27858553179281043 -0.35250523959541846 0.45488363026096573 -0.17725014106712561 -0.52157261005640032 -0.17084833719029829 0.046234346440356344 -0.51056072055614232 0.57268086699617216 0.17934210820094326 0.13504171574616811 -0.064210026062840458 -0.013165903698396068 0.028918403974592995 -0.52959079417763955 0.16654483448174781 -0.23810148431693412 -0.19142186886356916 -0.11732607928026345 0.28869887311480141 0.64733199687318865 -0.13637217204173407
leaf_weight=16361 591 2528 1534 281 227 1415 2201 3743 285 883 178 5272 649 650 163 2530 200 12307 666 148 2817 455 419 3609 2330 149 991 116 460 758 1286 876 575 250 1767 635 10899 617 270 160 107 1013 211 2297 124 384 1248 350 306 2325 912 2169 144 1555 150 5771 6843 1858 1146 476 355 374
leaf_count=16361 591 2528 1534 281 227 1415 2201 3743 285 883 178 5272 649 650 163 2530 200 12307 666 148 2817 455 419 3609 2330 149 991 116 460 758 1286 876 575 250 1767 635 10899 617 270 160 107 1013 211 2297 124 384 1248 350 306 2325 912 2169 144 1555 150 5771 6843 1858 1146 476 355 374
internal_value=-0.00254707 0.0542298 -0.156424 -0.079639 0.0733455 -0.0840482 0.00228728 -0.00893796 0.0955956 0.0590862 -0.122346 0.0251083 0.0911023 0.0767581 0.145193 0.0351511 -0.0375077 0.0681268 -0.0900104 -0.191323 -0.231814 -0.213445 -0.253131 -0.174972 -0.0991768 -0.271294 -0.0247878 0.337197 0.0602209 -0.326488 0.0806469 0.246592 -0.104969 -0.31565 -0.283821 -0.158905 0.12927 0.154732 0.0898563 -0.117959 -0.197328 -0.292019 0.1308 -0.132955 -0.0719023 0.0905065 -0.0441505 -0.187021 0.336226 0.0919185 0.0534102 -0.00520528 -0.365891 0.0955879 -0.0204989 0.106537 -0.270838 -0.110273 -0.025555 0.372958 0.442499 0.00144919
internal_weight=112369 82083 30286 10256 71827 15453 17128 8463 54699 26246 2329 15724 4145 23917 3496 5058 8117 23151 1698 5198 14833 4917 1404 6990 3381 815 7917 766 1051 1177 21453 2081 4318 2165 2017 5173 28453 17284 11169 2645 1654 1120 1087 2752 2151 20167 2027 779 923 7607 5282 3081 494 19783 1705 18078 9660 3639 1781 994 831 534
internal_count=112369 82083 30286 10256 71827 15453 17128 8463 54699 26246 2329 15724 4145 23917 3496 5058 8117 23151 1698 5198 14833 4917 1404 6990 3381 815 7917 766 1051 1177 21453 2081 4318 2165 2017 5173 28453 17284 11169 2645 1654 1120 1087 2752 2151 20167 2027 779 923 7607 5282 3081 494 19783 1705 18078 9660 3639 1781 994 831 534
cat_boundaries=0 1
cat_threshold=2
is_linear=0
shrinkage=0.05


Tree=58
num_leaves=63
num_cat=0
split_feature=34 114 126 123 105 131 107 111 127 118 87 107 34 111 131 94 56 40 133 111 135 73 98 103 135 46 87 123 87 104 104 85 107 46 102 111 84 90 84 111 107 90 59 127 111 73 23 77 103 103 111 73 99 107 117 103 94 79 70 127 84 46
split_gain=347643 81503.9 52828.9 47577.5 44482.7 39556.4 40036.3 37667.2 35402.3 33811.2 27580.3 21596.8 21588.2 22080 21306.9 20497.5 19742.6 18803.9 17294.2 16731.8 14040.4 13670.8 38657 12682.3 12633.7 12222.1 12136.5 12111.4 12071.8 12071.5 14571.4 12002.9 13371.9 11757.3 11717.1 12781.3 11507.5 11497.4 11369.7 11328.1 11003.1 10963.4 12247.4 10587.8 10540.9 10144 10819 10104.6 10001.2 9840.63 9753.43 9690.93 9560 9542.32 9372.48 9364.89 9188.18 8920.71 8789.14 8702.14 8578.67 8572.15
threshold=0.55501900256096082 0.47898553961156082 0.77338305904531657 0.0018273406115797001 0.031014781092555701 0.0048550694464205508 0.0041674391510618013 -0.0020898090123818496 0.039949533056228205 0.18606116857687985 0.14872673223740807 0.029182450534325857 0.0079192040210473522 0.00012759824128975001 0.00054697264135750016 0.028663172195555555 -0.54566546724450771 -0.11174937778460063 -0.00027191150211224995 -0.0014720051048196499 -0.0045198859954135489 0.62688193197667197 0.81362728977837884 0.037019448116175309 0.0045321173651637009 0.80238207575396259 0.16388360902288082 0.0036393370877690003 0.12722911253283811 1.0000000180025095e-35 -0.0097860930984067489 0.37107640586200219 -0.0068552142744762994 1.2777105371592958 1.0000000180025095e-35 -0.020690392207189049 0.13228574300199297 -0.55659767567911456 -0.69051594342163736 -0.010565156493980748 0.032091114286280413 0.23826367850890492 0.39880212487053829 -0.0046942733051682489 0.0023123231805394005 0.47374167395407446 -0.95998558342388363 0.22335583253698318 0.033379824250112954 0.031304935445075212 -0.013895505140301799 0.53041119452150687 0.83725623509134672 0.027835973606184904 0.01469619391362135 0.020734016462049556 -0.085500859165980478 0.20361077035020939 -0.21962042004557233 0.0072502179858774012 0.28091128660800685 -0.039308649742164192
decision_type=2 2 2 2 2 2 2 2 2 2 2 2 2 2 2 8 2 2 2 2 2 2 2 2 2 2 2 2 2 2 2 2 2 2 2 2 2 2 2 2 2 2 2 2 2 2 2 2 2 2 2 2 2 2 8 2 8 2 2 2 2 2
left_child=1 2 5 25 7 34 -7 14 11 29 44 20 27 18 24 33 -5 26 43 -13 48 38 -23 -16 -2 53 -18 -11 -29 30 -8 32 -6 45 36 -36 -1 -30 -19 -10 49 42 -39 -14 -9 -12 -47 -26 -4 52 59 -38 -37 -3 -20 -41 -34 -40 -50 -31 -32 -28
right_child=4 3 8 16 31 6 9 10 39 12 15 19 13 -15 23 -17 17 21 54 -21 -22 22 -24 -25 47 -27 61 28 37 50 60 -33 56 -35 35 40 51 41 57 55 -42 -43 -44 -45 -46 46 -48 -49 58 -51 -52 -53 -54 -55 -56 -57 -58 -59 -60 -61 -62 -63
leaf_value=0.13033865698207955 -0.11021173447084859 0.090995560270327833 -0.022868677044693603 0.10920797434931145 0.2958720636723926 0.10284292766337194 0.043023522023265752 0.11940371905190823 -0.58403049981931143 0.023155250309759547 0.23928815265550749 -0.40196764990061268 -0.1022871366504467 -0.035496740999239253 -0.16793019983539903 -0.12927134461821885 -0.0072763184470645455 0.10249302950768996 -0.20859746865506443 0.011935593355671469 0.094303163686751124 -0.16609396522506972 1.3172731772906356 -0.30658647069887118 0.4868716161830362 -0.16751625205447551 -0.63572754826951539 0.17016179178530971 0.14015910634770989 -0.018905882677847291 0.19039068006283877 -0.27989465031753719 0.41928386620936858 -0.22065339548823737 -0.1183551667371031 0.14761648885041753 0.29681198842308371 -0.65207808755788232 -0.13002980576670112 -0.083111619105134205 -0.060336388224588144 -0.083668166672795974 -0.17706921327090452 -0.50899962127019438 0.49782885569838231 -0.61679785937973952 0.04848113597534371 0.027999732561903187 -0.087492787733412625 0.0076154720436829044 0.01951729726844334 0.057212726153771987 0.021029785217113899 -0.13088236819614063 0.26081541364251731 -0.5535147947195459 -0.19938624281908771 -0.33012279953440832 -0.56261161582854891 -0.41582973763835707 0.75443085908889773 -0.31308354249774784
leaf_weight=16539 1626 4079 2626 588 158 15218 3741 506 335 3797 870 594 197 1250 4770 3579 294 400 423 414 3006 150 61 2525 168 645 234 239 183 296 1930 7202 61 299 725 9377 1966 297 2168 386 1033 373 251 865 289 65 824 414 227 2023 3995 538 1774 549 141 145 1959 750 170 258 69 1740
leaf_count=16539 1626 4079 2626 588 158 15218 3741 506 335 3797 870 594 197 1250 4770 3579 294 400 423 414 3006 150 61 2525 168 645 234 239 183 296 1930 7202 61 299 725 9377 1966 297 2168 386 1033 373 251 865 289 65 824 414 227 2023 3995 538 1774 549 141 145 1959 750 170 258 69 1740
internal_value=0.000686652 0.0481096 0.0671325 -0.0749209 -0.162398 0.0814532 0.0429175 -0.111535 -0.0551734 -0.00690476 -0.0180897 -0.0180277 -0.0838872 -0.193557 -0.174773 -0.0569846 -0.166703 -0.194703 -0.31497 -0.232128 0.0178008 -0.122455 0.266937 -0.215958 -0.038666 0.036227 -0.307017 -0.0224977 -0.151491 0.0530733 0.10128 -0.248784 -0.145827 0.0687286 0.119474 0.0863038 0.145477 -0.221216 -0.14729 -0.356645 0.0967554 -0.293094 -0.435229 -0.433722 0.257422 0.118016 -0.000799687 0.161066 -0.0582774 0.109077 -0.00776348 0.245376 0.127482 0.0646525 -0.0909903 -0.212363 -0.180505 -0.181554 -0.291847 -0.204171 0.210227 -0.351633
internal_weight=112374 87059 75401 11658 25315 67498 33523 15935 7903 18305 6432 7037 8016 2876 9503 5637 6385 5797 1626 1008 6029 3529 211 7295 2208 5273 2268 5140 1343 10289 5740 9380 2178 2058 33975 14932 19043 1104 3318 866 14207 921 548 1062 795 1759 889 582 3023 13174 4549 2504 11151 4628 564 531 2020 2918 397 554 1999 1974
internal_count=112374 87059 75401 11658 25315 67498 33523 15935 7903 18305 6432 7037 8016 2876 9503 5637 6385 5797 1626 1008 6029 3529 211 7295 2208 5273 2268 5140 1343 10289 5740 9380 2178 2058 33975 14932 19043 1104 3318 866 14207 921 548 1062 795 1759 889 582 3023 13174 4549 2504 11151 4628 564 531 2020 2918 397 554 1999 1974
is_linear=0
shrinkage=0.05


Tree=59
num_leaves=63
num_cat=0
split_feature=36 107 118 119 119 135 87 102 121 107 131 115 80 123 127 131 119 113 72 62 135 131 87 11 115 36 111 110 124 96 124 105 76 87 113 111 60 133 56 111 115 65 94 89 80 119 89 41 56 123 121 133 41 80 52 34 127 121 98 104 133 97
split_gain=319851 85221.9 48284.7 40380.6 33690.5 32427.3 21660.1 21459.5 27132.9 20265.8 20202.9 20028.1 19326 22292.7 18121.6 16919.4 16819.7 16175.3 14966.2 14864.6 14426.7 14800.4 14092.6 13573.8 12257.9 12590.5 12114 12085.7 11458.2 15026.5 11349 11141.8 10770.4 10653.6 10355.3 10341.1 10081.4 9991.19 10661.3 12528.1 10188.7 9837.21 9786.26 15600.8 11646.4 12660.5 9616.28 12575.9 9492.66 12105.7 11724.8 11924.3 9904.6 9486.83 9968.72 9294.21 10350.1 9200.68 9007.68 8891.93 8818.4 8787.83
threshold=0.24123485642287118 0.004592118088160701 0.3332509521169752 0.0059155774056183505 0.025231857803142053 -0.020826342631058894 0.20795672292933967 0.016672960309871504 -0.023955481615686999 -0.012527070705318699 0.023004529119984251 0.022502021915822106 -0.81069438880064548 0.014905951499548951 0.032550310209916854 0.017074761530171106 -0.013232909701007598 0.018324196723578202 0.43233715706570403 -0.88934556285733934 -0.016418022099585299 0.0098179295467344507 0.17812776189667753 8143.9850000000006 -0.0045838394817896491 1.341086338162037 0.0015221182368401001 -1.0000000180025095e-35 -0.083142647238713938 0.37413816593855359 0.41108876825169571 -0.0017681304687951498 1.0000000180025095e-35 0.19389191525103022 0.020124840332054403 -0.0020898090123818496 0.3690724978205514 -0.01129157164029925 0.65148939700251141 -0.0083006350760389969 -0.013140315946814198 0.57042216308537019 0.0052069211489235512 0.14403328579063254 -0.76026504194587419 -0.0048998273052023988 0.08142010488240202 0.22013347046595946 -0.82892515445114789 0.0023680088470499007 0.0085936171985251022 -0.010982028410556548 0.11345113894741372 -0.42368974492270856 0.079876234763784013 -0.76865761541646227 0.016951776734006056 0.0151460709088786 -0.38960991066870893 0.27105879603373007 -0.027334603842615695 0.45491546122592369
decision_type=2 2 2 2 2 2 2 2 2 2 2 2 2 2 2 2 2 2 2 2 2 2 2 2 2 2 2 2 2 2 2 2 2 2 2 2 10 2 2 2 2 2 10 2 2 2 2 2 2 2 2 2 2 2 2 2 2 2 2 2 2 2
left_child=2 6 7 16 12 28 23 30 17 -6 22 14 32 15 42 36 33 60 59 -11 26 -22 35 27 -24 34 -21 -2 29 -5 -1 -15 -4 -3 41 -7 46 40 39 -39 -18 -26 48 44 -44 -46 47 -14 -10 -50 51 -51 -52 -16 -55 -17 -57 -32 -20 -8 -9 -42
right_child=1 3 4 5 9 10 18 8 11 19 -12 -13 13 31 53 55 37 -19 58 20 21 -23 24 -25 25 -27 -28 -29 -30 -31 57 -33 -34 -35 -36 -37 -38 38 -40 -41 61 -43 43 -45 45 -47 -48 -49 49 50 52 -53 -54 54 -56 56 -58 -59 -60 -61 -62 -63
leaf_value=0.12544805547537882 0.057046353857961696 0.4610446150075298 0.11338871154070876 -0.57825433204680765 0.18849936087525662 -0.06049733988283465 0.15069480338402846 -0.60330891866857816 0.18664328976078368 0.11746429161153438 -0.19863821747464183 -0.15664136541273557 0.037335871392817743 -0.0039812803595167335 0.073696838128705353 0.090849718636665258 -0.64602644759977224 -0.79466915614022993 -0.071197271086673231 -0.45833982215290148 0.0099402536871758384 -0.23926666998515606 -0.28549281212209004 -0.11208388189839667 0.084533889082553368 -0.24601682501386912 -0.10860106059930899 0.26173598549808896 -0.22242612281255769 -0.28734713624300307 0.053490559247976181 -0.35564630363130312 0.39195248022401208 0.055022682921528059 -0.28055901653409854 0.22175663735962536 -0.487191591173949 -0.15593813847668633 -0.18871089730244195 0.13711578564164156 0.30567692842061095 -0.08331436073877703 0.48204190149422621 -0.82049396955541209 0.31617286619932755 -0.29541809242610412 0.13153884977446184 -0.61821105713779867 0.10057926002545169 -0.066437892768692539 -0.016851517969007319 0.1219694360876861 -0.30784924266212188 -0.51575035269817582 -0.10555574783615251 -0.041241688425553091 -0.23480959616015468 -0.21928596112825394 -0.27610615696562923 -0.040601334426912127 -0.027771963063419239 -0.15912342851186498
leaf_weight=26690 1440 246 1984 549 464 716 1107 83 2107 428 7400 1022 6457 361 343 931 100 126 2142 748 1099 1300 885 546 1417 968 371 1445 6297 2338 2187 598 420 468 420 592 82 500 577 1340 108 2270 92 69 114 320 3617 73 12334 1322 794 2299 462 229 418 3085 889 359 715 1344 321 1533
leaf_count=26690 1440 246 1984 549 464 716 1107 83 2107 428 7400 1022 6457 361 343 931 100 126 2142 748 1099 1300 885 546 1417 968 371 1445 6297 2338 2187 598 420 468 420 592 82 500 577 1340 108 2270 92 69 114 320 3617 73 12334 1322 794 2299 462 229 418 3085 889 359 715 1344 321 1533
internal_value=0.000952555 -0.118246 0.0608149 -0.159841 0.000387178 -0.186634 0.0184734 0.087593 0.0508296 -0.123782 -0.140486 0.0593804 0.0299964 0.0102389 0.0699492 0.0250583 -0.0286619 -0.302342 -0.044812 -0.160541 -0.194387 -0.125147 -0.0812581 0.116365 -0.113872 -0.0838935 -0.342586 0.159624 -0.260314 -0.342848 0.115827 -0.22341 0.162199 0.195362 -0.0456313 0.0673225 0.0616655 -0.0671683 -0.00137619 0.0574401 -0.158453 -0.0188009 0.0803312 -0.119252 -0.0258813 -0.134412 0.0661485 0.0299139 0.0864843 0.0742125 0.00752382 0.053184 -0.12405 -0.138747 -0.251312 -0.0512802 -0.0845918 0.0149566 -0.122557 0.0458242 -0.147211 -0.128366
internal_weight=112061 37463 74598 28724 22907 23852 8739 51691 22455 4410 14668 21925 18497 16093 20903 15134 4872 530 5308 3946 3518 2399 7268 3431 5960 5075 1119 2885 9184 2887 29236 959 2404 714 4107 1308 10229 4158 2417 1840 1741 3687 19913 595 526 434 10147 6530 19318 17211 4877 3621 1256 990 647 4905 3974 2546 2857 2451 404 1641
internal_count=112061 37463 74598 28724 22907 23852 8739 51691 22455 4410 14668 21925 18497 16093 20903 15134 4872 530 5308 3946 3518 2399 7268 3431 5960 5075 1119 2885 9184 2887 29236 959 2404 714 4107 1308 10229 4158 2417 1840 1741 3687 19913 595 526 434 10147 6530 19318 17211 4877 3621 1256 990 647 4905 3974 2546 2857 2451 404 1641
is_linear=0
shrinkage=0.05


Tree=60
num_leaves=63
num_cat=0
split_feature=38 103 122 125 123 115 125 111 125 80 135 124 85 103 81 74 68 124 125 78 78 115 131 133 74 111 111 85 69 75 115 8 9 55 81 69 111 70 133 135 123 74 126 56 88 115 115 131 68 83 76 101 133 70 113 90 111 96 78 68 121 77
split_gain=266460 77190.5 44389.5 49628.7 42649.4 37225.3 45795.6 33263.2 32251.4 30757.9 23489 22417.1 22102.7 21429.4 20362.7 20308.3 23353.9 23850.4 30467.7 24286.9 18793.9 18370.9 16886.3 16419.1 17745.9 16969 15567.9 15130.4 15023.5 20018.7 15835.5 14740 14050.1 15020.6 13850.3 15480.6 12849.7 13651.8 14635.6 12633.8 12569.9 12287.6 12258.9 12181.4 13503.4 12175.2 11985.5 11937.7 11746.9 11443.4 12467.1 11384.4 12885.5 11138.9 11691.4 11023.7 10957.3 10878.3 11908.2 10794.5 10741.6 10586.3
threshold=0.27311521792494331 0.01722309867916515 0.035872132749218612 0.010500147550235353 0.022586728059888751 0.014586415759104352 -0.0046689318697289489 0.022095051709246857 -0.0072449597554572987 -0.61035857400982352 -0.023380909709859697 -0.03569010352002689 0.35332513897124568 0.028277310673913203 0.45871068524422071 0.056148411344787555 -0.50281348199174236 -0.13823330028340497 -0.014522223983232949 -0.027893940744217149 -0.025448629842104196 0.0030298649783828502 0.032155008692473654 -0.023320783430120097 -0.089329932966200579 -0.00036476756305189997 0.0020516282495138005 0.39288395584821617 0.84745748545176924 0.083477846950513412 0.024496463734987952 47.365000000000002 521.03500000000008 0.13415832003877098 0.23277849806904377 0.60910158106284507 -0.0046766320841109491 -0.22636317877888804 -0.012536664670264748 -0.020479755147513098 0.0019135270362625502 -0.056173965881240899 0.011568027316532453 -0.6841212865321934 0.052604671493607251 0.0008558327762924001 0.0048350113016196504 0.024274481829298453 0.83481187637241916 0.18293992108678545 0.76462666080514508 1.0011637186554017 -0.018578200217766846 -0.88651817500133268 0.0175827552375287 -0.31632311537031804 -0.016413373117263097 -0.26804370301992603 -0.012026802315468399 -0.25983762982966374 0.011281716455095302 0.24374839278091853
decision_type=2 2 2 2 2 2 2 2 2 2 2 2 2 2 2 2 2 2 2 2 2 2 2 2 2 2 2 2 2 2 2 2 2 2 2 2 2 2 2 2 2 2 2 2 2 2 2 2 2 8 2 2 2 2 2 2 2 2 2 2 2 2
left_child=2 5 15 4 13 6 11 21 -3 32 -6 45 34 36 23 16 -1 18 -18 -19 -17 -5 56 -11 -25 -26 39 46 30 -30 -27 -15 33 -10 35 55 37 -4 59 -14 -7 -32 -13 -23 60 -2 -21 48 -36 -48 -51 52 -41 -12 -55 -8 -20 -29 -59 -39 61 -45
right_child=1 8 3 7 10 40 12 -9 9 14 53 42 26 31 -16 20 17 19 22 27 -22 43 -24 24 25 28 -28 57 29 -31 41 -33 -34 -35 47 -37 -38 38 -40 51 -42 -43 -44 44 -46 -47 49 -49 -50 50 -52 -53 -54 54 -56 -57 -58 58 -60 -61 -62 -63
leaf_value=0.091962132705140198 -0.29629307254792386 -0.31158701381331944 0.074320614618160447 0.095531800599245917 -0.7001888732191146 -0.016434908925230262 0.3660689513111674 -0.33145579652445928 0.20249485660166969 -0.23509141095747721 0.1932977582927774 0.236821526797341 -0.16501912647961745 -0.0014253661611352984 -0.34196816609458519 0.084068439416383492 -0.64723913910342201 0.11625732178864419 -0.36326276218832132 0.20647635772719619 0.1939618561536306 0.22710636773624937 -0.3603282382202177 -0.26906309036447484 -0.14557811153032868 0.087400871812277917 0.16320689033107405 -0.0095492211524017007 0.046538168083255491 1.1883891893009986 0.52675807263341645 -0.26220446128913666 0.3792316712302603 -0.13164059382019036 0.52348914898455934 -0.057955925861044269 0.11420462853860816 -0.79489860378883104 0.02442101383866993 -0.10301841779698327 -0.17237596840377545 -0.19781639275286719 -0.08001196347897005 0.01563542460912604 -0.0071833472927285789 -0.052603653313141832 0.47106225578133593 0.065769927748072665 0.022875158133154567 -0.18028023597019527 0.26547710230004606 -0.60022187360617174 0.15100204484898755 -0.081346237035493874 -0.56267030845136989 0.0013681150011477933 0.024605734303944582 -0.53611966778844367 -0.1545120454953576 -0.20074302948573056 -0.34856365884230461 -0.21641542224029586
leaf_weight=19448 1603 3776 3481 1481 245 1765 628 1355 524 3965 190 492 1196 2387 1588 9964 254 4972 201 782 6385 258 423 1460 3842 1607 1412 979 101 61 61 700 272 935 672 757 10814 87 972 792 4826 1054 801 777 1561 754 96 297 142 838 192 67 1347 362 193 309 1846 255 1023 594 777 1336
leaf_count=19448 1603 3776 3481 1481 245 1765 628 1355 524 3965 190 492 1196 2387 1588 9964 254 4972 201 782 6385 258 423 1460 3842 1607 1412 979 101 61 61 700 272 935 672 757 10814 87 972 792 4826 1054 801 777 1561 754 96 297 142 838 192 67 1347 362 193 309 1846 255 1023 594 777 1336
internal_value=-0.00146672 -0.111112 0.0526164 0.00211861 0.0432964 -0.0362474 0.0189591 -0.107162 -0.18058 -0.148585 -0.276502 -0.126647 0.0887212 0.0599426 -0.173609 0.0818285 0.0582396 0.0029431 -0.126883 0.0416577 0.126996 -0.0580177 -0.0731329 -0.15158 -0.111106 -0.0767841 0.0237021 -0.0474026 0.0148805 0.481147 -0.0130359 -0.0606247 0.0500141 -0.0115793 0.20026 0.110178 0.0832827 0.0181408 -0.10014 -0.0342303 -0.130625 -0.15774 0.0406363 -0.10632 -0.125693 -0.218393 0.0562315 0.337391 0.436294 -0.0482032 -0.0970107 0.0367205 0.0569426 -0.136417 -0.249437 0.245929 -0.0136388 -0.134998 -0.231014 -0.277703 -0.18968 -0.131118
internal_weight=112334 37106 75228 27570 20025 17860 11269 7545 19246 15470 990 3650 7619 19035 13739 47658 31309 11861 2724 9137 16349 6190 2470 12151 8186 6726 4814 4165 2884 162 2722 3087 1731 1459 2805 1694 15948 5134 1653 3402 6591 1115 1293 4709 4451 2357 1908 1111 814 1126 1030 2206 2139 745 555 937 2047 2257 1278 681 2890 2113
internal_count=112334 37106 75228 27570 20025 17860 11269 7545 19246 15470 990 3650 7619 19035 13739 47658 31309 11861 2724 9137 16349 6190 2470 12151 8186 6726 4814 4165 2884 162 2722 3087 1731 1459 2805 1694 15948 5134 1653 3402 6591 1115 1293 4709 4451 2357 1908 1111 814 1126 1030 2206 2139 745 555 937 2047 2257 1278 681 2890 2113
is_linear=0
shrinkage=0.05


Tree=61
num_leaves=63
num_cat=1
split_feature=36 107 103 103 119 125 106 72 107 124 119 95 133 123 123 112 74 113 80 44 103 74 133 124 74 96 125 136 123 54 107 103 123 72 34 85 124 77 88 40 127 79 72 95 34 102 110 111 79 96 96 116 34 64 125 82 78 83 113 127 72 125
split_gain=261434 71558.5 44589.8 40754.8 37359.3 36263.4 34799.8 28325 27175.3 26012.5 20888.9 19282.6 17871.5 17289.6 16847.3 18681.1 16067.3 17129 15905.1 15209.8 14383.9 14379.5 13916 13471.1 12955.7 14847.6 12703.8 17883.8 13624.5 13024.7 12685.2 12497 12489.8 11529 11326.6 13061.2 12628.1 11127.2 11076.2 15948.6 10841 10515 10513 10484.7 12616.3 11627.6 10217.6 10087.6 15203.7 11055.5 10004.6 9851.53 9826.76 9811.68 10819 9808.17 11532.4 10250.5 9484.03 9372.24 9630.9 8960.39
threshold=0.24123485642287118 0.0039481463249156001 0.0042715259397087006 -0.0011728073797821496 -0.0029277116449547493 -0.0076286597217435489 0.32279634936632468 0.70345190625136977 0.026246809155814652 1.0080728426877166 -0.0048998273052023988 0.5894025423933128 -0.017591245610931647 0.013892622697497801 0.0021765101842501503 0.020966047311130252 0.10407093270626762 0.0098194368757329505 1.0000000180025095e-35 0.28079355888426277 -0.051511860594232295 -0.089329932966200579 -0.00054491126521429988 -0.25319539964870919 0.052278478186272855 -0.71902621921138454 0.010170880583488652 0 0.0013260843060115002 -0.10375822385683438 0.028836088826913103 -0.0087359113802039489 0.018925300563843703 0.26772298069091988 -0.067101989402627446 0.39769255918426821 -0.23100126133657498 0.22100313082256717 0.074985744273086713 -0.080702603823135988 0.016951776734006056 0.054100398201137656 -0.77748319301280644 0.13606670104157967 0.17827257294167512 1.0000000180025095e-35 -0.67903094770830041 -0.00012518863940294997 0.048721368052232462 0.73568494232165194 0.10843524556507717 -0.69859382789299984 -0.60821952420850567 -0.46193116921633387 0.025354385034759602 1.4535150497563141 0.091493450711881655 0.22181543279429131 0.021078122242664355 -0.0087655118686145988 0.15437374460647477 -0.0043928794183316989
decision_type=2 2 2 2 2 2 2 2 2 2 2 10 2 2 2 2 2 2 2 2 2 2 2 2 2 2 2 1 2 2 2 2 2 2 2 2 2 2 2 2 2 2 2 8 2 2 2 2 2 2 2 8 2 2 2 10 2 10 2 2 2 2
left_child=2 11 16 20 -4 7 14 59 13 10 -7 18 33 24 19 -16 26 -18 22 34 -3 37 43 -10 25 -8 -1 -28 -29 -30 53 -20 41 -12 -6 -36 -37 -14 52 -40 -27 -17 -25 44 -2 -46 -19 -23 49 55 -35 -38 -31 -22 -55 56 57 -49 -50 -5 -61 -42
right_child=1 3 4 5 6 9 8 -9 23 -11 12 -13 21 -15 15 32 17 46 31 -21 30 47 -24 42 -26 40 27 28 29 38 -32 -33 -34 50 35 36 51 -39 39 -41 61 -43 -44 -45 45 -47 -48 48 58 -51 -52 -53 -54 54 -56 -57 -58 -59 -60 60 -62 -63
leaf_value=0.088612312428849246 0.19419160878429048 0.3740069181951029 0.093279057960835784 -0.075550629865182073 0.090056576510131978 0.10014406232070823 0.055714280382769502 -0.22412287009264309 -0.51392868553761339 -0.27155266654916538 -0.38953066495178856 -0.18070030174158291 0.13337405601497551 -0.30971279895172077 0.048031777111994411 -0.24204251686289049 0.16238268402653616 -0.30376577573736796 0.16470376216077245 0.49058731915611847 -0.071110936922650622 -0.10986560450957239 0.20581058849555622 0.063176404626473143 0.077434561951589348 -0.079679655854463141 0.082200255521283738 0.029518293209779618 0.061621857434511186 -0.20719110036114285 -0.13973032520392473 -0.10185439624849874 -0.37508923988746895 0.44948040114508736 0.065390303760409843 -0.44444569103899556 -0.59328418941032601 -0.2653443672185482 -0.26624922647717453 0.70812550146901421 -0.56552142998925203 -0.021678601914493282 -0.24065209848875885 0.071833019870832876 -0.020960705913603307 -0.69619398086766404 0.04341502614088516 -0.25037526879991806 -0.014585709835335779 -0.12484033175244712 -0.18516424465270187 -0.026202909255068775 -0.54822824375346457 0.14913911639825639 -0.15210712222292055 0.81821037319642087 -0.36488559719634384 0.40563860730299944 -0.30795635376870634 -0.82287173951080639 -0.47366001845540284 -0.18823902181954716
leaf_weight=18804 129 209 10780 113 7310 1011 1534 2812 377 3442 735 1042 197 568 2963 767 10705 243 552 203 1890 4052 1976 344 2182 2234 3253 1202 354 457 2290 2146 438 62 1960 263 81 1527 125 62 221 1835 1641 2242 111 149 1611 69 1809 206 4753 1162 395 1517 370 78 72 408 324 258 876 547
leaf_count=18804 129 209 10780 113 7310 1011 1534 2812 377 3442 735 1042 197 568 2963 767 10705 243 552 203 1890 4052 1976 344 2182 2234 3253 1202 354 457 2290 2146 438 62 1960 263 81 1527 125 62 221 1835 1641 2242 111 149 1611 69 1809 206 4753 1162 395 1517 370 78 72 408 324 258 876 547
internal_value=-0.000789969 -0.10863 0.0532992 -0.145669 0.0147507 -0.176721 -0.0170404 -0.312215 -0.0928666 -0.147366 -0.119418 0.0204129 -0.134955 -0.0450735 0.0260418 -0.0413039 0.0920523 0.138084 0.0491209 0.0628649 -0.0328326 -0.0903888 0.105572 -0.240212 -0.0226557 -0.0708096 0.0685967 0.00423329 -0.093454 -0.200181 -0.046907 -0.0472768 -0.128364 -0.205125 0.0547626 -0.0196788 -0.130363 -0.219732 -0.289353 0.0588537 -0.135459 -0.086704 -0.187993 0.0302392 -0.209056 -0.409106 -0.00222848 -0.0585883 0.0114776 0.192494 -0.176901 -0.0636039 -0.365758 0.00939403 0.0900219 0.296786 0.221351 0.310418 -0.0592718 -0.510526 -0.553765 -0.2974
internal_weight=112048 37427 74621 29080 37410 22804 26630 4059 9648 18745 15303 8347 14292 7286 16982 6003 37211 12559 7305 10979 6276 8742 4607 2362 6718 4536 24652 5848 2595 1393 6067 2698 3040 5550 10776 3466 1506 1724 1039 187 3002 2602 1985 2631 389 260 1854 7018 2966 833 4815 1243 852 3777 1887 627 549 477 2133 1247 1134 768
internal_count=112048 37427 74621 29080 37410 22804 26630 4059 9648 18745 15303 8347 14292 7286 16982 6003 37211 12559 7305 10979 6276 8742 4607 2362 6718 4536 24652 5848 2595 1393 6067 2698 3040 5550 10776 3466 1506 1724 1039 187 3002 2602 1985 2631 389 260 1854 7018 2966 833 4815 1243 852 3777 1887 627 549 477 2133 1247 1134 768
cat_boundaries=0 1
cat_threshold=6
is_linear=0
shrinkage=0.05


Tree=62
num_leaves=63
num_cat=0
split_feature=34 105 119 112 103 113 96 34 74 125 135 89 135 78 127 90 112 127 90 90 101 87 86 68 69 94 85 125 90 45 120 113 125 113 95 113 120 78 83 75 125 14 54 133 93 98 52 46 85 105 90 90 98 78 119 125 113 94 109 119 79 74
split_gain=235049 69590.4 57252.5 38985.8 32331.5 24795.4 24774.2 24520.1 25725.7 23044.2 21601.8 20932.6 19285.2 20261.6 19624.4 18351.2 15582.1 15509 15439.4 28294.1 17186.1 15373.8 19335.3 15239.3 18869.1 14777.1 14313.5 13283.9 12696.9 12498.6 12294.3 12224 11831.6 11685 15392.9 11397.7 10875.4 10760.9 13597.1 10708.7 13037.9 13400.2 12698.7 10525.8 10269.2 10248.8 13133.6 11178.8 10024.4 9586.36 9509.97 16844.5 9478.4 13458.2 9164.56 10703.7 9358.98 8993.11 8704.32 10578.5 10987.3 8677.57
threshold=0.58082026890129812 0.0084910315539327517 0.0016373990218102503 0.063177209001116563 0.03608659558842376 0.030399100922693805 1.2844826942156609 -0.17364654940295329 0.081129666766626765 0.016745683929637753 -0.030546617494114647 0.031424529880873957 -0.0079012649473642494 0.23103857980557099 0.0046541622040517511 -0.88692530920642376 0.030257172261008752 0.023606156577312253 -1.2243681271590721 -0.74825003993234784 0.40576860487734462 0.14399641499183899 -0.3306420942944101 -0.48880542122015941 0.72570581780327104 -0.018771754217030045 0.35332513897124568 -0.0016375165429257496 -0.26735888912959255 0.047256901854845955 -0.023499725108245797 0.010909781864185902 -0.0098790379310436469 0.0091678205541320511 0.098619062823160061 -0.00021668998301899999 -1.0000000180025095e-35 -0.079794069706506834 0.34354394238564995 0.10909986107576301 -0.0093819283160152481 365.50000000000006 -0.89201000055541557 -0.010399648116056598 0.44631842218925039 -0.049780288893216444 -0.0096301993421622992 -0.84904814845686849 0.35710615568013043 -0.019831579305836098 -0.85441836823316863 -0.64537094255911709 -0.95253278217372428 0.39935434272369286 -0.019444678983209344 0.013390701105041451 8.9877873579588652e-05 -0.091617871553400038 -0.0017639237719765499 0.0055566070992949506 0.028384530032859404 0.17428686256569328
decision_type=2 2 2 2 2 2 2 2 2 2 2 2 2 2 2 2 2 2 2 2 2 2 2 2 2 8 2 2 2 2 2 2 2 2 10 2 2 2 10 2 2 2 2 2 2 2 2 2 2 2 2 2 2 2 2 2 2 8 2 2 2 2
left_child=1 9 54 7 6 15 10 -4 26 12 -2 -10 14 -14 -1 -5 -11 18 -12 20 52 22 48 -16 33 -22 -9 35 -29 -21 32 -15 -13 34 -25 -28 -35 38 50 40 41 -23 -41 -6 49 46 -46 -47 -17 -36 -26 -52 -20 -54 -3 -56 -57 -45 -49 -60 -61 -33
right_child=4 2 3 5 43 -7 -8 8 11 16 17 30 13 31 23 21 -18 -19 19 29 25 39 -24 24 37 -27 27 28 -30 -31 -32 61 -34 36 44 -37 -38 -39 -40 42 -42 -43 -44 57 45 47 -48 58 -50 -51 51 -53 53 -55 55 56 -58 -59 59 60 -62 -63
leaf_value=0.10206911081471347 -0.17660450089194443 0.15421629699720277 0.042343681768762798 0.15679721412766492 -0.25555389038924797 -0.44690735644023677 -0.22264646739288652 0.052166561896837972 0.35592197018129101 0.060820530184583145 -0.33372266798867251 -0.56344747766323966 0.11178397181123811 0.45521471136097458 0.079455189719730354 -0.028893523619995573 -0.11450502196644358 -0.13100886419765623 0.1034756606719533 0.10627593027278036 0.44888447031258577 0.09071143159231583 0.19911563693559256 0.22314107380140469 -0.28088652587766888 0.038822860530301651 -0.49457601903499493 0.028370226055772958 -0.21164669684669796 -0.065565757180917603 0.07262377925506594 0.25957000671324099 -0.080365898808601788 -0.44022928773265185 0.28840580803746735 -0.17713739725170277 0.046998042306589966 -0.15013666422805574 0.049418921492717885 0.081781502281385379 -0.10383837477871692 -0.69617017338713338 -0.31804565592991113 0.22369122853751777 -0.097155212021790005 0.23185483966859019 0.62268443430842069 0.045771602832752729 -0.5007765455998201 -0.023639358524681676 -1.586199785255995 -0.42045480979211408 0.4572190328971627 1.3923862070804747 0.072891213614396447 0.10872056222458681 -0.14744222038526009 -0.16272542547090116 -0.15913915915159405 -0.098554384802848519 -0.82562189029484268 -0.27443952984430575
leaf_weight=9133 3011 2785 10006 573 5273 607 2888 684 420 2779 302 140 23995 706 3147 283 2328 2446 60 1448 309 76 689 781 78 755 577 822 1669 3922 1640 246 1260 272 342 557 197 922 80 226 4163 185 1615 156 278 97 81 114 186 871 60 65 96 65 9743 524 1111 3764 196 70 204 109
leaf_count=9133 3011 2785 10006 573 5273 607 2888 684 420 2779 302 140 23995 706 3147 283 2328 2446 60 1448 309 76 689 781 78 755 577 822 1669 3922 1640 246 1260 272 342 557 197 922 80 226 4163 185 1615 156 278 97 81 114 186 871 60 65 96 65 9743 524 1111 3764 196 70 204 109
internal_value=0.00163167 0.0398823 -0.00815331 -0.0516916 -0.135301 -0.139059 -0.0907673 -0.00940089 -0.0760416 0.0811832 -0.0600714 0.025493 0.0933655 0.121249 0.052235 -0.115636 -0.0191075 -0.0227407 0.0153385 0.0312265 0.241885 -0.136684 0.0306633 -0.00571263 -0.0626467 0.15822 -0.157558 -0.197134 -0.132464 -0.0192181 -0.0202604 0.334993 -0.129042 -0.00391893 0.0320083 -0.338949 -0.235908 -0.233227 -0.502448 -0.167616 -0.125398 -0.467568 -0.268945 -0.209412 -0.0343173 -0.14953 0.0665384 -0.263365 -0.216704 0.0645055 -0.719109 -0.98816 0.642161 0.841035 0.0729329 0.0530253 -0.0653285 -0.147294 -0.345874 -0.440765 -0.640909 0.0952962
internal_weight=112187 87692 40541 26378 24495 8603 15302 17775 7769 47151 12414 3460 42044 25056 16988 7996 5107 9403 6957 6655 1285 7423 1158 7855 4708 1064 4309 3625 2491 5370 3040 1061 1400 3503 3034 1134 469 1205 283 6265 4424 261 1841 9193 2253 1040 359 681 469 1213 203 125 221 161 14163 11378 1635 3920 584 470 274 355
internal_count=112187 87692 40541 26378 24495 8603 15302 17775 7769 47151 12414 3460 42044 25056 16988 7996 5107 9403 6957 6655 1285 7423 1158 7855 4708 1064 4309 3625 2491 5370 3040 1061 1400 3503 3034 1134 469 1205 283 6265 4424 261 1841 9193 2253 1040 359 681 469 1213 203 125 221 161 14163 11378 1635 3920 584 470 274 355
is_linear=0
shrinkage=0.05


Tree=63
num_leaves=63
num_cat=0
split_feature=50 135 74 90 115 125 111 123 113 50 125 58 90 114 120 48 121 121 110 133 121 95 87 98 100 84 60 87 77 56 90 51 87 74 75 118 74 69 90 113 40 105 71 123 75 74 87 90 70 77 95 45 87 113 68 78 70 118 69 123 48 131
split_gain=191647 58634 50466 45144.1 42879.1 54343.3 42585.1 42086.1 41209.3 30144.4 40699.1 28585.4 25952.3 28147 25384.2 23722.8 22959.2 20011.3 18881.3 18461.1 18024.1 17562.2 16138.3 15316.4 15126.4 14500.3 14361.1 14319.2 14245.3 18968.4 16394.2 14142.6 16482.5 17989.9 15031.6 13398.6 13308.7 19341.5 13218 13156.8 12996.8 12932.2 12924 12795.1 12636.6 12378.3 12000.7 17834.2 15021.2 11979.6 11946.4 16756 13363.2 13146.7 15743.1 12663.7 11372.3 11248.3 11092.7 11076.4 11033.7 10856.5
threshold=0.35505926321687692 -0.030546617494114647 0.081129666766626765 -0.85441836823316863 0.0099715334049657513 0.004440610006498551 -0.0073173983588706989 0.013381820425263301 0.00061596493421415004 -0.41225380627113434 -0.0028616599614549993 1.0259417590040421 0.26595336780061551 0.083010837894094663 -0.049137259584742597 -0.4368513171453508 0.0024450844373087506 0.0096067770325867028 -0.04587174735283759 -0.029575294506216196 0.0051299923446957016 0.16094583971658258 0.16971595642871176 -0.075670116770000281 0.35894382679307718 -0.62876401316099384 -6.6697524707798455e-14 0.1890067592683343 0.12600009354259209 -1.266378280677172 -0.6823344505174328 0.62156024925656606 0.44069354407140054 0.11070847900409617 0.072481069471529366 0.3367492392531109 0.25414768683445715 0.65416054068485152 -1.027908526873704 -0.005714018078500499 -0.98482111778002157 -0.0030042622033346995 0.78027352332579736 0.011305526527007802 0.16990147096568298 -0.0019650207972969499 0.264536820505758 -0.72200126412873489 -0.40385363819822734 0.47752858508157553 0.16145272616827019 0.071233682126631157 0.20862538439272646 0.00017955155443660003 0.52895864401514825 -0.056949976077047396 -0.12789483402637838 0.23400298548245971 0.6379522593660043 0.0053732511432469507 -0.41909805025422331 0.020875360395437404
decision_type=2 2 2 2 2 2 2 2 2 2 2 2 2 2 2 10 2 2 2 2 2 10 2 2 2 2 8 2 2 2 2 2 2 2 2 2 2 2 2 2 2 2 2 2 2 2 2 2 2 2 8 2 2 2 2 2 2 2 2 2 10 2
left_child=3 41 22 23 6 -6 9 11 15 -5 14 16 13 57 19 -7 28 25 -16 -11 35 -13 -3 49 -17 -15 -24 -14 30 -30 -4 32 33 -18 -34 -12 50 -38 -25 -8 44 -2 -21 45 -19 -41 47 56 -48 -1 53 52 60 54 -31 61 -47 -10 -35 -42 -52 -55
right_child=1 2 7 4 5 8 39 -9 12 10 20 21 27 17 18 24 31 40 -20 42 -22 -23 26 38 -26 -27 -28 -29 29 36 -32 -33 34 58 -36 -37 37 -39 -40 43 59 -43 -44 -45 -46 46 48 -49 -50 -51 51 -53 -54 55 -56 -57 -58 -59 -60 -61 -62 -63
leaf_value=0.11664169499206765 -0.077326328635090771 0.18680462027869471 0.4911553450285549 0.044944307687858114 0.078319655835324048 -0.19650784335362792 0.1923329609488911 -0.16540826215697454 0.020276273560508269 -0.80960695270421734 0.017570586307777844 0.068070177900551684 0.12806688639040298 -0.0071750916986608173 -0.34506778915840314 0.01240274875195369 1.0860468131017227 0.38923536821619259 0.076448601541109384 -0.23851025255335939 0.20788951765647845 -0.13574834918445428 -0.031447892925976065 0.40662070567655245 0.22893684587394891 -0.32187362802938435 -0.17792392101598764 -0.10964769010476892 -0.57341651389347936 -0.55749558698157875 0.027477392146575824 0.98198178122120527 0.39807896867394449 0.35010043986294193 -0.38143829395147888 -0.20571913312473114 -0.0358520098891335 -0.85294039440155034 0.17113982770485586 0.053833639814285641 -0.4494253338864283 -0.23930686954657876 -0.79154043387709638 -0.042187649652565759 -0.38380741825294212 0.166977450678027 0.029091155756712946 0.11190004023853822 0.33116154329810654 -0.58823132788548704 -0.11805091500282289 0.0041206472510917774 0.085644347519122477 0.55209849896332763 0.076200399865827911 -0.099504362846720804 -0.32082448989227791 -0.26548781257249165 0.10709147106016303 -0.81126775405643203 0.53408047469553133 -0.17827452358065382
leaf_weight=5268 1493 366 354 7696 7338 891 2603 2999 1101 273 1865 1749 785 567 476 2175 64 76 599 640 778 2668 2062 939 1281 1032 8889 3266 135 244 412 61 89 1031 197 1049 263 99 1636 16540 797 7087 126 2155 168 170 606 12629 1283 60 75 1361 507 175 163 477 397 500 864 291 464 71
leaf_count=5268 1493 366 354 7696 7338 891 2603 2999 1101 273 1865 1749 785 567 476 2175 64 76 599 640 778 2668 2062 939 1281 1032 8889 3266 135 244 412 61 89 1031 197 1049 263 99 1636 16540 797 7087 126 2155 168 170 606 12629 1283 60 75 1361 507 175 163 477 397 500 864 291 464 71
internal_value=0.000396215 -0.0978894 -0.0602794 0.0437362 0.0309724 -0.0303532 0.0558887 0.0014076 -0.0920283 -0.0199443 -0.105949 0.044834 -0.155547 -0.237737 -0.280837 0.0333948 0.106917 -0.329807 -0.110342 -0.456964 -0.00576021 -0.0550452 -0.13943 0.15702 0.0927062 -0.210357 -0.150349 -0.0635633 0.0446034 0.00704647 0.242123 0.236548 0.215865 0.267618 -0.138319 -0.0628536 0.0272865 -0.261044 0.257135 0.0840307 -0.472936 -0.211133 -0.330392 0.0756798 -0.142418 0.0837126 0.116468 0.0995804 0.234323 0.108595 0.0568615 0.119807 0.270184 -0.0772052 -0.304141 0.050788 -0.174533 -0.0690792 0.239419 -0.546861 0.443288 0.341431
internal_weight=112475 34419 25839 78056 70153 20268 49885 14522 12930 13502 5806 11523 8583 4532 2114 4347 7106 2931 1075 1039 3692 4417 11317 7903 3456 1599 10951 4051 4800 4034 766 2306 2245 1959 286 2914 3899 362 2575 36383 1332 8580 766 33780 244 31625 15085 13196 1889 5328 3537 2407 1046 1130 407 723 567 1601 1895 1088 539 246
internal_count=112475 34419 25839 78056 70153 20268 49885 14522 12930 13502 5806 11523 8583 4532 2114 4347 7106 2931 1075 1039 3692 4417 11317 7903 3456 1599 10951 4051 4800 4034 766 2306 2245 1959 286 2914 3899 362 2575 36383 1332 8580 766 33780 244 31625 15085 13196 1889 5328 3537 2407 1046 1130 407 723 567 1601 1895 1088 539 246
is_linear=0
shrinkage=0.05


Tree=64
num_leaves=63
num_cat=0
split_feature=62 103 119 103 133 106 106 107 74 95 80 125 104 119 125 115 127 121 123 74 115 56 105 38 125 87 80 123 131 127 91 104 127 125 135 73 31 125 46 96 107 121 134 127 96 80 74 66 76 46 87 99 133 121 81 119 74 54 66 123 64 74
split_gain=183137 65505.3 35429.6 35279.7 30679.2 26667.6 26216.5 22908.1 21860.9 18305.8 21039.9 18931.4 17133.9 19617.5 16899.4 15713.6 18397.1 15571.8 15383.3 15252 14128.4 13946.4 13884.5 16461.2 13744.3 13733.8 13428.5 12466.9 11999.1 11168 10761 10637 11422.1 10559 9971.88 18774.2 9952.78 9574.47 9166.35 10100.7 9007.36 8991.35 13100.1 8922.18 8478.13 8442.45 10411.8 11816.1 9642.71 8328.54 8270.43 8229.6 8211.51 8133.7 7935.74 8135.77 8278.14 7857.11 7823.51 7822.91 8170.11 8546.61
threshold=0.24607715186612458 0.010028675020088302 0.0026559850319097006 0.0037204948968517005 -0.012236017595059748 0.036835509180371755 0.35047885834301934 0.032091114286280413 -0.089329932966200579 0.30555021143436295 -0.54551693828503478 -0.00081476328847254992 1.0000000180025095e-35 0.035296635934125409 -0.014025482923744547 0.014127760113557751 -0.00020901757357729998 -0.0096310939981723489 0.013892622697497801 0.096743125747934158 -0.0035153005939058497 -0.56734667324498211 -0.012839672611244099 -0.92278054773026419 -0.0015208756472129996 0.17227228402269229 -0.99844698206526583 0.019759094221506904 -0.01053636922143395 0.043019058208708404 0.24052873756648538 -0.019577271550693946 0.022523689990121453 -0.013146045974934299 0.035362192378140006 0.62688193197667197 -0.32449758393954009 0.017356476450846103 -0.88912586869481713 0.057688956356135711 -0.0032506451729242994 -0.025976373472376395 -0.019190430052385948 0.015109411610930301 0.58673433112573392 -0.81983884703477494 0.052278478186272855 0.11536812340157611 -0.33445214616890484 -0.27165096109671355 0.28963767764710541 0.63092539061895303 -0.011601557423464149 0.010257752178973002 0.16460760700381086 -0.010827800015762197 -0.025391188367921445 0.80434482927826123 -0.15098353308909027 0.010287484081338852 -0.36385876666481842 -0.099576420990319145
decision_type=2 2 2 2 2 2 2 2 2 10 2 2 2 2 2 2 2 2 2 2 2 2 2 2 2 2 2 2 2 2 2 2 2 2 2 2 2 2 2 2 2 2 2 2 2 2 2 2 2 2 2 2 2 2 2 2 2 2 2 2 2 2
left_child=2 5 57 19 17 25 12 18 50 10 11 38 31 33 -7 16 -16 44 29 22 -9 -11 -4 -24 40 49 -25 54 -28 45 43 32 37 -14 -23 51 -32 -5 -10 -40 -18 42 -21 -27 -3 -8 47 -47 52 -2 -6 -36 -48 -26 -12 -56 -57 -1 -45 60 -35 -62
right_child=1 4 3 6 8 14 7 20 9 21 27 -13 13 -15 15 -17 24 -19 -20 41 -22 34 23 26 53 30 28 -29 -30 -31 36 -33 -34 59 35 -37 -38 -39 39 -41 -42 -43 -44 58 -46 46 48 -49 -50 -51 -52 -53 -54 -55 55 56 -58 -59 -60 -61 61 -63
leaf_value=0.085466284772694023 0.36036572028545782 -0.3605907224652789 0.11820658745057236 0.074681466618699718 -0.054634307514405948 -0.33083489132873845 0.14891253543808633 -0.61050055765499955 -0.24206117252948919 -0.28096144378588661 0.29915218992186848 0.40444097884962443 -0.37385293843500927 -0.36341068628915146 0.17490768425244219 -0.11665194347238353 0.18340994094005403 -0.14530731095731328 -0.32707427909263065 -0.53220147924423222 -0.20837229282805692 -0.11034777123862594 0.10317090084600351 0.3124532510894012 0.012507737853925211 0.16094791869381428 0.052708185324997991 -0.23531771098250626 -0.095225388345170525 -0.42901225412885352 0.54586535545646164 0.1532373445333278 -0.15850280455983523 -0.1417214601278399 0.51499623420437979 0.94679558770731098 -0.10828357412256301 -0.17318246806405974 -0.38841543757489755 0.27707494568188212 -0.20387733166315003 0.13888694899455764 0.10788821104142043 -0.11309282469465926 -0.22217257870168852 -0.23479435428192744 -0.58887060058116913 -0.035638591678520799 0.099915100923386124 0.093142055280990774 -0.28451197614337692 -0.13231894000733302 0.0097959108705873849 0.39076918445990172 0.28772471897608165 0.4138725494267419 -0.057273569139551263 -0.44875336505364682 0.22200600149688024 -0.18360363945935212 -0.084798803244830481 0.070944761302049658
leaf_weight=32221 618 1561 3467 4348 514 532 596 277 236 1158 198 556 208 457 1355 3855 169 6030 511 124 1030 2629 2847 260 1999 1810 1916 719 4811 179 60 2245 740 794 61 63 1249 427 69 308 1296 6252 221 698 3833 1101 99 2299 1449 553 1645 235 134 152 195 95 3242 68 231 600 1177 3492
leaf_count=32221 618 1561 3467 4348 514 532 596 277 236 1158 198 556 208 457 1355 3855 169 6030 511 124 1030 2629 2847 260 1999 1810 1916 719 4811 179 60 2245 740 794 61 63 1249 427 69 308 1296 6252 221 698 3833 1101 99 2299 1449 553 1645 235 134 152 195 95 3242 68 231 600 1177 3492
internal_value=-0.000672585 -0.0900843 0.0449346 0.0146927 -0.142007 -0.00691971 -0.0286961 -0.103405 -0.0858917 -0.0540429 0.00477351 0.193446 0.010885 -0.047507 -0.0574224 -0.0409064 0.0178457 -0.20056 -0.0642461 0.0630195 -0.293999 -0.133724 0.032186 0.00185034 -0.0410412 0.0836285 -0.0394437 -0.0448337 -0.053089 -0.0412634 0.0399786 0.0615112 0.024151 -0.0244312 -0.0765866 0.170271 -0.0779059 0.0524848 0.00172407 0.154569 -0.159106 0.125172 -0.123046 0.0963249 -0.26229 -0.0289662 -0.0498524 -0.10018 0.051879 0.234358 -0.229835 0.00236531 -0.246003 0.0394067 -0.00806247 -0.0253644 -0.0437407 0.0843274 -0.0296199 -0.0123841 0.00645104 0.0316739
internal_weight=112274 37924 74350 42061 23347 14577 22163 7675 11923 9764 5618 1169 14488 6728 9358 8826 4971 11424 6368 19898 1307 4146 13301 9834 3616 5219 6987 4449 6727 5857 4048 7760 5515 6271 2988 359 1309 4775 613 377 1465 6597 345 2739 5394 5678 5082 3400 1682 1171 2159 296 233 2151 3730 3532 3337 32289 929 6063 5463 4669
internal_count=112274 37924 74350 42061 23347 14577 22163 7675 11923 9764 5618 1169 14488 6728 9358 8826 4971 11424 6368 19898 1307 4146 13301 9834 3616 5219 6987 4449 6727 5857 4048 7760 5515 6271 2988 359 1309 4775 613 377 1465 6597 345 2739 5394 5678 5082 3400 1682 1171 2159 296 233 2151 3730 3532 3337 32289 929 6063 5463 4669
is_linear=0
shrinkage=0.05


Tree=65
num_leaves=63
num_cat=0
split_feature=62 103 105 111 131 131 87 113 78 74 34 85 111 87 89 52 82 6 90 135 123 105 74 111 56 58 126 125 94 113 135 80 56 86 82 103 45 126 50 103 90 126 115 103 101 113 125 20 77 99 78 66 80 135 74 83 71 72 79 77 24 80
split_gain=174171 59110.8 32870.3 30438.3 28481 21993.3 20412.2 22792 23420.4 21194.3 27218.1 21485.7 19431 17927.7 17141.4 17877.9 17746.6 16722.4 15723 14397.2 14323.4 13922.3 13465.4 13395.1 14454 12988.8 12730.5 12075.3 11739.7 13230.8 11439.8 12456.8 16380.1 12268.5 12089.8 11427.5 11382.7 11161.4 11018.6 11008 12353.6 11457.5 10887.6 10858.3 10662.2 10596.7 13825 13486.3 11762.2 10518.8 10463.9 10299.3 15158.2 10046.4 9875.95 9712.55 9610.63 12195.8 12834.1 10707.7 9583.61 9291.23
threshold=0.24607715186612458 0.00028568384892375004 0.0046335707213533512 -0.008462091135036447 -0.0077666931674832988 0.022671801707752206 0.12722911253283811 0.014223167084097902 -1.1553153740102624 0.096743125747934158 -0.657433152102886 0.38295816424556545 0.017553826844579203 0.19307741564323058 0.088378613907354714 0.054766008473071656 -0.044113518559558293 9062.3150000000005 1.3204201899253576 0.052160749009845908 0.0045919354797642007 0.088350450452497259 -0.11032793490870839 0.006700503857225551 -0.71765199688031378 0.39870832214959123 -0.43462731203534255 -0.008914729865038799 0.095392277144505974 0.016103063045761454 -0.026955277153214597 -0.54551693828503478 -1.1499257114885781 -0.35722162439411148 1.6475309675947483 0.031304935445075212 0.047784775429569902 0.40013964906283023 1.0874041652743121 -0.014665256123424999 -0.84350258738054429 0.42355260017087304 0.012508931469733952 0.036560677464812959 0.91482499874233114 0.0014173465713082504 0.0080771216391866008 -0.14518592462598504 0.17211507435635803 0.65065444957499585 0.34313112024025061 -0.53537363792444992 -0.21426557522645304 -0.024111543859695498 -0.11032793490870839 0.29471531910467846 0.73089379620378103 -0.17419257477119063 0.027475744826061407 0.21749921472573672 -0.35386995969122442 -0.440864695140744
decision_type=2 2 2 2 2 2 2 2 2 2 2 2 2 2 2 2 10 2 2 2 2 2 2 2 2 2 2 2 10 2 2 2 2 2 8 2 2 2 2 2 2 2 2 2 2 2 2 2 2 2 2 2 2 2 2 10 2 2 2 2 10 2
left_child=2 13 39 19 -4 18 51 9 -9 10 -8 12 56 37 15 16 -13 25 28 27 -10 -22 -15 24 -18 -11 36 38 29 30 -5 32 49 -34 -33 -7 -24 -2 -3 -1 -41 45 55 -36 -28 -42 50 48 -48 -32 -47 52 -6 -43 -14 -17 57 -12 -59 -58 -19 -26
right_child=1 3 4 5 6 35 7 8 20 17 11 14 54 22 -16 42 23 60 -20 -21 21 -23 26 -25 61 -27 44 -29 -30 -31 31 34 33 -35 43 -37 -38 -39 -40 40 41 53 -44 -45 -46 46 47 -49 -50 -51 -52 -53 -54 -55 -56 -57 59 58 -60 -61 -62 -63
leaf_value=0.12611831578221541 0.19086380857848337 -0.45255217633116751 0.073049479851278465 -0.083145516447343679 0.15548139698267413 -0.088487675459904172 0.032249758712716479 0.21076613963194135 -0.068485278267668107 0.15768351298511507 0.033540428270592143 -0.17862675503399683 -0.42858865747693931 -0.24094263923965628 -0.011352788175454103 -0.18592001694677057 -1.3242193553716906 -0.083042502204684177 -0.18178159915618311 0.37184646281257144 -0.46904652038364508 0.19662417380096414 0.39667463920597784 -0.082613228720688978 -0.16710509591519018 -0.035692450835547368 -0.0066805651343126993 -0.16710480590273194 -0.11371847543019778 -0.18396423506031259 0.17935926717503564 0.027662507373775694 0.60814377569301103 0.16292118190223692 0.19709181761126496 -0.20182973196516221 0.042339268513510366 -0.046508024150438337 -0.22133563479669394 0.15446534588359739 0.097278967941088604 -0.14501205288271132 -0.29477760003046516 0.90719010916139409 -0.2318179370572051 0.059882860746439198 0.060222817195149575 0.015881536670848337 -0.33633545092918649 -0.57893540443558444 0.56720612974873241 0.14294399419262116 -0.62655888998082709 0.021776128054856316 -0.016928485819142483 0.055629248334116289 0.38887097604040588 0.90665177320822699 0.202796158113141 -0.1664738441150137 -0.63430933098444786 -0.62221507571879153
leaf_weight=9149 1952 757 12642 942 138 5385 6009 273 467 3187 1771 851 375 639 1315 797 61 695 1289 112 849 86 342 158 145 1193 5052 8237 1513 564 114 2572 343 283 237 3791 669 663 1624 3258 12203 1138 701 69 586 4516 259 1527 669 75 103 2416 111 4354 238 869 97 77 388 761 88 508
leaf_count=9149 1952 757 12642 942 138 5385 6009 273 467 3187 1771 851 375 639 1315 797 61 695 1289 112 849 86 342 158 145 1193 5052 8237 1513 564 114 2572 343 283 237 3791 669 663 1624 3258 12203 1138 701 69 586 4516 259 1527 669 75 103 2416 111 4354 238 869 97 77 388 761 88 508
internal_value=0.000846317 -0.0865434 0.0452332 -0.123784 0.0120479 -0.0825045 -0.0192721 -0.0351324 -0.212342 -0.0204892 -0.0503538 -0.104825 -0.0121086 0.0184032 -0.1684 -0.218879 -0.341376 0.0669688 -0.0219106 -0.189851 -0.294821 -0.407674 -0.0218975 -0.499819 -0.591897 0.105017 -0.00081313 -0.195811 0.00881414 0.0444883 0.0723207 0.111988 0.284434 0.40745 0.0630729 -0.135331 0.162477 0.130686 -0.295006 0.0784976 0.0629485 0.0509051 -0.129603 0.359645 -0.0301178 0.0690556 0.0203619 -0.0754967 -0.225712 -0.123015 0.0713161 0.111378 -0.194251 -0.0128042 -0.269048 -0.059968 0.038868 0.0934467 0.321044 -0.10331 -0.145728 -0.521567
internal_weight=112252 37810 74442 27907 37266 17177 24624 21959 1675 20284 15121 9112 3707 9903 5405 4090 1723 5163 8001 10730 1402 935 7288 872 714 4380 6649 10618 6712 5199 4635 3693 815 626 2878 9176 1011 2615 2381 37176 28027 24769 2367 306 5638 19277 7074 2455 928 189 4619 2665 249 5492 613 1666 3094 2236 465 858 783 653
internal_count=112252 37810 74442 27907 37266 17177 24624 21959 1675 20284 15121 9112 3707 9903 5405 4090 1723 5163 8001 10730 1402 935 7288 872 714 4380 6649 10618 6712 5199 4635 3693 815 626 2878 9176 1011 2615 2381 37176 28027 24769 2367 306 5638 19277 7074 2455 928 189 4619 2665 249 5492 613 1666 3094 2236 465 858 783 653
is_linear=0
shrinkage=0.05


Tree=66
num_leaves=63
num_cat=1
split_feature=34 118 115 124 135 106 78 131 114 93 90 42 131 92 68 123 120 113 92 46 96 100 135 113 98 72 120 73 115 115 136 124 84 105 124 93 119 75 89 123 131 92 115 75 84 105 83 96 69 117 123 84 113 95 90 49 55 69 80 42 100 42
split_gain=158979 70619.7 34920.5 34745.9 34665.4 32468.3 26442.9 24900.9 22314.1 19130.1 26148.9 25016.2 23177.6 19543.3 22729.8 18714.7 21827.3 15944.4 15006.8 14360.7 16249.9 14069.7 13597.5 13338.3 18559.2 13214.1 12869.2 13939.4 12866.7 13972.2 12834.4 12796 15035.5 12571.9 14249.6 11972.5 11606.2 11684.8 18403.9 11430.9 12351.1 11106.7 10965.6 10695.5 10604.5 10522.3 10423.3 10333.1 12825.8 10256.2 10090.9 10894.7 10028.5 12842.1 9574.83 9572.61 9537.46 9496.84 9413.56 10805.2 9265.12 10431.1
threshold=0.17011421612583222 0.09997528563509496 0.014350299952027452 0.13030023544176325 -0.016741021744553747 0.12963189531189742 0.20498090808500571 0.027853618892664904 0.20876595019647301 0.39657774606611795 -0.82278874786459377 0.066737418670432216 -0.0085201234184962994 0.015319961226025402 -0.47438459107187353 0.0018273406115797001 0.22124281390380549 0.00061596493421415004 -0.086593643724551236 0.43287901001596674 -0.82656482315301816 0.35107284657873561 -0.040217509395397345 0.0091678205541320511 0.89787030828508418 -0.31818806071912681 -0.013558340461412648 0.4304996193671306 0.025051968001907756 -0.0045838394817896491 0 -0.090709617905063836 0.45564073792687304 -0.013633469093005697 -0.16433946070159575 0.31365229277767609 0.028376282097251956 0.062098398667134257 0.068634729216460119 0.0053732511432469507 -0.019903656674972847 -0.46036280682236558 -0.0054116021990188489 0.12343055704972036 0.22964548387302011 0.026569389093246954 0.23921656396562507 0.03625178318692391 0.60178865599563847 0.015355154848585703 0.024881822353065856 0.019482469576221153 0.016841313751626102 0.30555021143436295 -0.84350258738054429 0.23735048826278998 0.09454053473994932 0.70626899164806289 -0.79388821327567283 -0.32179952201597939 -0.04258099442636009 1.0403092403596153
decision_type=2 2 2 2 2 2 2 2 2 2 2 2 2 2 2 2 2 2 2 2 2 2 2 2 2 2 2 2 2 2 1 2 2 2 2 2 2 2 2 2 2 2 2 2 2 2 8 2 2 8 2 2 2 10 2 10 2 2 2 2 2 2
left_child=2 5 6 -4 31 8 9 28 30 15 47 12 -12 14 -14 -1 -17 35 43 20 -19 26 -7 -13 25 39 27 57 29 -6 -2 32 42 -29 -35 -5 37 38 -15 -25 -41 -23 -3 -18 -32 -31 -36 58 -49 -22 51 60 53 54 -24 -45 -40 -16 59 -11 -8 -62
right_child=1 4 3 17 7 22 50 -9 -10 10 11 23 13 36 21 16 18 19 -20 -21 49 41 52 24 -26 -27 -28 33 -30 45 44 -33 -34 34 46 -37 -38 -39 56 40 -42 -43 -44 55 -46 -47 -48 48 -50 -51 -52 -53 -54 -55 -56 -57 -58 -59 -60 -61 61 -63
leaf_value=0.11315370635534416 0.23256861877921128 -0.73506534336989149 0.057074536904250378 0.27546500615616215 -0.12317768956726605 -0.23983858213027986 -0.3227021255894848 -0.15534537176437574 -0.02868117808514031 0.085088842207219753 0.074737361028332741 0.060086800003739074 -0.022560009524939001 -0.50585983060450568 0.3009793683886528 0.069554964206702416 -0.080625245598634668 0.056804590941028826 0.08732802297705386 -0.07412864468172535 -0.22196184693471499 -0.22327598241026414 0.22070435073250272 -0.062436823016545386 0.14145637696231161 0.151154170519508 -0.082857024637794707 -0.026812932568673904 -0.13095085027972278 0.079830694341331276 0.16490888335361062 -0.15282866840121001 -0.21019813863191161 -0.89827999466641717 0.0045157340550145445 -0.044408995920427463 -0.27249513337122544 0.19135246507363865 0.60289372996642043 0.092178817117214207 -0.45446673606548293 -0.75619403843088939 -0.3361100362881192 -0.19710446701008971 -0.098657141765165046 -0.071284390089560279 -0.520202942272602 0.38560069513422524 -0.25100498940623928 -0.46919156037276999 -0.090743972722660105 0.41334426912267441 -0.23081947766707628 -0.11748059400207139 0.0067567562614076126 -0.58762052281077692 -0.039670975686723342 -0.44147651656107467 -0.260745374361674 0.30223444052853415 0.30004255182781014 -0.36165801131111736
leaf_weight=19570 2639 241 6260 373 1670 896 91 6022 2276 903 2054 14946 1316 185 123 7284 885 376 676 2751 1293 162 631 562 714 271 863 155 2269 4412 879 7941 2853 186 128 1342 279 864 77 124 610 250 612 415 673 1558 362 109 281 623 186 879 570 1865 3031 253 222 65 104 1571 486 67
leaf_count=19570 2639 241 6260 373 1670 896 91 6022 2276 903 2054 14946 1316 185 123 7284 885 376 676 2751 1293 162 631 562 714 271 863 155 2269 4412 879 7941 2853 186 128 1342 279 864 77 124 610 250 612 415 673 1558 362 109 281 623 186 879 570 1865 3031 253 222 65 104 1571 486 67
internal_value=0.00111482 -0.0772855 0.0462425 -0.0277943 -0.123107 0.0165994 0.0627809 -0.0751678 0.0973446 0.0569241 0.0270135 0.0100425 -0.0675852 -0.123409 -0.188238 0.0851903 0.0276586 -0.106406 -0.109222 -0.151186 -0.243602 -0.283231 -0.0580755 0.042899 -0.0696992 -0.165941 -0.225075 -0.345322 -0.0264307 0.00462382 0.165776 -0.188667 -0.265397 -0.433188 -0.526188 0.0252813 0.0204609 0.0812521 -0.11528 -0.232312 -0.362118 -0.547697 -0.449557 -0.194778 0.0503038 0.0403886 -0.383404 0.167156 -0.0725507 -0.302553 0.256499 0.298939 -0.0313291 -0.0107176 0.0436723 -0.345667 0.127264 0.0433015 0.203433 0.223044 0.142387 0.219365
internal_weight=112334 41038 71296 13018 27578 13460 58278 15931 6467 56569 27486 24518 7291 5237 3610 29083 9513 6758 2229 5043 2292 2294 6993 17227 2281 1567 1882 1019 9909 7640 4191 11647 3706 831 676 1715 1627 1348 484 1296 734 412 853 1553 1552 5970 490 2968 390 1916 1709 1523 6097 5527 3662 668 299 188 2578 2474 644 553
internal_count=112334 41038 71296 13018 27578 13460 58278 15931 6467 56569 27486 24518 7291 5237 3610 29083 9513 6758 2229 5043 2292 2294 6993 17227 2281 1567 1882 1019 9909 7640 4191 11647 3706 831 676 1715 1627 1348 484 1296 734 412 853 1553 1552 5970 490 2968 390 1916 1709 1523 6097 5527 3662 668 299 188 2578 2474 644 553
cat_boundaries=0 1
cat_threshold=12
is_linear=0
shrinkage=0.05


Tree=67
num_leaves=63
num_cat=0
split_feature=34 131 107 105 105 121 123 69 78 127 125 96 115 114 119 111 115 127 84 131 121 34 125 125 54 77 110 75 44 56 94 134 11 46 80 94 6 129 96 121 46 85 65 78 134 121 99 48 127 77 99 119 38 44 111 113 132 125 113 125 9 93
split_gain=153242 52818.2 48698.5 29177.7 26842.2 23047.5 18833.3 20296.9 17888.8 17462.1 23844.2 18118.3 17158.6 18187.5 15975.3 16215.3 16188.1 15371.8 15572.1 14804.2 14799.6 13290.7 16654.2 13206.2 13032.4 12983.1 12423.9 12338.3 17338.1 13511 11999.4 11964.1 11478.6 11148.8 15123.1 12130.8 10714.9 10681 9995.52 10006.4 9763.6 9718.17 9688.24 9497.61 9393.01 9309.15 9201.04 9171.74 8738.13 11576.9 9988.26 9836.55 8617.05 9785.22 10945.2 9252.88 8502.05 8459.82 11392.5 8438.56 8529.77 8288.89
threshold=0.58082026890129812 0.0048550694464205508 -0.0017148815396009996 0.023202951293351055 0.031014781092555701 -0.0079012659909866983 0.014905951499548951 0.68276748543280907 0.27131697753459799 0.0011747837894422002 -0.0017506676761955998 -0.34022539831521831 0.021617553453866001 1.0000000180025095e-35 -0.011990146407670399 -0.0078090699198951992 0.009820722924548551 0.020219839948778903 0.20092794562409053 0.03457490221526336 0.0021005652644754502 -0.45438298794296689 0.0075448506868274002 0.010673901891241303 -0.019863944203250845 0.12421415951108421 -0.67903094770830041 0.081119085900658264 -0.14880544398839216 -1.2980695978618817 -0.10531399761278273 -0.5247042743272694 8141.1050000000005 -1.0428837981656047 -0.71747802618152967 -0.020854522676607649 9048.9450000000015 -0.0091097098311307481 -0.028839336747519744 0.014371852104843052 -0.36389026963483856 0.32083965089573058 0.80336302296390949 0.008465633134077501 -0.73557671842495775 -0.0016974016491786998 0.93345932686383482 -0.067134399052987639 -0.0042631473386694997 0.32549314218475145 0.56762946156176886 -0.018030338521441699 -0.95285580023288674 0.064954572076111064 -0.017789435832973797 0.00094030636041180003 -0.028017143949585096 0.0057427341285072502 1.0000000180025095e-35 -0.0068780274543425992 521.53500000000008 0.32369932666673856
decision_type=2 2 2 2 2 2 2 2 2 2 2 2 2 2 2 2 2 2 2 2 2 2 2 2 2 2 2 2 2 2 8 2 2 2 2 8 2 8 2 2 2 2 2 2 2 2 2 10 2 2 2 2 2 2 2 2 2 2 2 2 2 2
left_child=1 12 57 6 5 -2 7 8 38 23 11 46 17 -14 -5 21 59 18 -1 25 31 -16 41 -9 37 32 45 28 -20 -29 40 52 61 -32 35 42 -28 -13 39 -4 -27 -23 -35 -43 -30 -8 -11 -46 49 -40 -51 -50 -19 54 -54 -55 -53 -3 -59 60 -17 -7
right_child=4 2 3 14 -6 19 26 9 -10 10 -12 24 13 -15 15 16 -18 20 27 -21 -22 22 -24 -25 -26 30 36 29 44 -31 33 -33 -34 34 -36 -37 -38 -39 48 -41 -42 43 -44 -45 47 -47 -48 -49 51 50 -52 56 53 55 -56 -57 -58 58 -60 -61 -62 -63
leaf_value=0.082538032401001687 -0.14697040970613703 0.10142457629741647 0.074722671542269664 0.094498270467091874 -0.17668273638942114 0.49679307552095148 -0.75301759646584587 0.088069243373514738 0.32837920274517302 0.0041875475646873704 -0.048691886579351772 -0.023683749506106744 0.12022203307236673 -0.12982900276328985 -0.029712615638928914 -0.27122116227885068 -0.17205458858228606 0.1957873398286325 -0.59920291846118323 -0.12921648061827601 0.11564395638102208 0.025642052779977137 -0.11650197996813548 -0.13115093223524005 -0.1687534680667305 0.87566207630888515 0.16879413192184844 -0.42558627520357412 -0.051672844621536033 0.32871381950139655 -0.37197223752479536 0.0081972625446031771 -0.058794857219238009 0.71302756148776636 -0.036760127170400468 0.068489694256814684 -0.18073302863131666 -0.7163949013354669 0.227704007532611 -0.085770017476481969 0.064480758054428794 -0.5937472012040742 -0.02903984631182718 -0.26259762073613546 0.27857555343425938 -0.015774671755723595 -0.61977220311544956 0.020261917862808333 0.40619604038479534 0.39207676645707001 -0.19026848957253173 -0.21057312230499378 -0.70425156264698929 0.60003014281392097 -0.22099224017376506 -0.147233554398641 -0.012690314414449559 0.12805220767250711 -0.026032633466802724 0.032367881051398088 0.20699383960715656 0.10960186571186903
leaf_weight=29535 5787 8764 8190 827 9209 320 143 2161 518 411 2274 64 1135 2020 526 478 3174 134 81 2336 2109 103 652 1006 228 67 266 61 482 1489 216 2818 286 163 5142 481 1229 429 569 1101 82 659 60 326 1124 61 68 495 91 87 451 1207 139 61 732 124 986 1751 3804 2380 115 244
leaf_count=29535 5787 8764 8190 827 9209 320 143 2161 518 411 2274 64 1135 2020 526 478 3174 134 81 2336 2109 103 652 1006 228 67 266 61 482 1489 216 2818 286 163 5142 481 1229 429 569 1101 82 659 60 326 1124 61 68 495 91 87 451 1207 139 61 732 124 986 1751 3804 2380 115 244
internal_value=0.00150296 0.0323546 -0.00534418 -0.0407817 -0.109336 -0.0684818 -0.00889595 0.00478876 0.0406582 -0.0665026 -0.143898 -0.324124 0.0723213 -0.0398644 -0.115104 -0.135717 -0.0935441 0.0813091 0.0947035 -0.0201353 0.00846081 -0.250027 -0.316572 0.0184144 -0.482318 0.0159654 -0.168615 0.190933 0.114226 0.298773 -0.0091277 -0.0479535 0.199117 -0.0200558 -0.00699166 0.21018 -0.118472 -0.626699 0.0288812 0.0556968 0.432646 -0.43625 0.51413 -0.484526 0.142003 -0.53372 -0.0854979 0.199659 -0.0445858 0.0706613 -0.0955447 -0.10045 -0.180817 -0.228746 -0.298833 0.101063 -0.121649 0.0708296 0.022551 -0.00969594 -0.178289 0.329775
internal_weight=112031 87638 45099 30780 24393 15184 21540 19841 13200 6641 3474 1200 42539 3155 9240 8413 6147 39384 33267 9397 6117 2266 1740 3167 721 7061 1699 3732 2182 1550 6211 4008 850 6062 5846 704 1495 493 12682 9291 149 1088 223 985 2101 204 479 1619 3391 1107 538 2284 1190 1056 871 185 2193 14319 5555 2973 593 564
internal_count=112031 87638 45099 30780 24393 15184 21540 19841 13200 6641 3474 1200 42539 3155 9240 8413 6147 39384 33267 9397 6117 2266 1740 3167 721 7061 1699 3732 2182 1550 6211 4008 850 6062 5846 704 1495 493 12682 9291 149 1088 223 985 2101 204 479 1619 3391 1107 538 2284 1190 1056 871 185 2193 14319 5555 2973 593 564
is_linear=0
shrinkage=0.05


Tree=68
num_leaves=63
num_cat=0
split_feature=62 106 106 119 111 132 132 113 74 134 111 96 133 106 113 99 73 133 74 44 101 36 119 119 111 85 96 124 77 111 36 40 75 92 80 133 126 56 114 97 94 87 73 135 96 133 72 84 133 50 124 85 66 36 129 112 132 74 135 133 135 58
split_gain=133137 40713.9 35638.5 32590.8 20641.4 19199.3 22331.8 18104.3 17423.4 13538.5 17689.2 13120.4 13044.6 12550.9 12300.9 23638.6 14914.9 12121.2 12103 16494.6 17704.8 11546.8 11440.2 10559.7 10011.9 9972.84 9740.23 10036.1 9602.67 12491.4 10733.6 14946.8 11930.7 11275.7 15349.9 10139.2 9960.41 9565.31 10475.3 9343.58 9258.15 9210.76 9151.55 9069.35 10007.6 9040.68 8674.52 8491.89 8399.86 12213.1 8394.15 10253.5 33424.8 9012.17 8343.21 9608.04 8113.81 7926.07 7728.61 7574.88 9018.71 10062.1
threshold=0.31791174072432465 0.044010789461149509 0.32279634936632468 0.023281410384020155 -0.0044192634149951993 -0.076884091771210181 0.016922800499700501 0.01125789363380345 -0.11032793490870839 -0.29556974682317905 -0.019750357989075148 -0.91773113072542623 0.0070315351524483007 -0.088777331680906235 0.013680478339793252 0.62894027971030997 0.62688193197667197 -0.015952141457263449 -0.11032793490870839 -0.017599224810335098 0.58812370498005173 -0.63362038247131147 0.034766575783835553 0.042486715041071557 -0.0020898090123818496 0.35488563177615584 0.50155087136034504 0.10249135961116897 0.21871372691182034 0.017083700236557003 -0.56680860522711807 0.064778131905019673 0.11928828673650597 0.2849913028678584 -0.93852767361874145 -0.055267934983120895 1.2238534322575401 -1.2138141425849829 0.25844440488524451 0.44790841669528808 -0.065687720719189338 0.24129434510863942 0.38693373300557748 0.0066087466507163016 -0.70178221459785972 -0.0028264766741386998 0.25716984972681006 0.18171235338323094 -0.028218371441446347 -0.27495829902588881 -0.20122955441631465 0.58157565384658738 0.047104729985262904 1.4678177225878126 0.0043176004915536012 -1.0000000180025095e-35 0.59424381197143361 -0.099576420990319145 -0.026523265608193146 -0.012536664670264748 0.016523582896973154 -0.27860356457877189
decision_type=2 2 2 2 2 2 2 2 2 2 2 2 2 2 2 2 2 2 2 2 2 2 2 2 2 2 2 2 2 2 2 2 2 2 2 2 2 2 2 2 8 2 2 2 2 2 2 2 2 2 2 2 2 2 10 2 2 2 2 2 2 2
left_child=2 5 9 7 12 17 13 28 41 10 21 -9 26 -7 15 16 39 -2 19 -11 -21 -1 48 24 43 -14 27 -3 29 -4 -30 32 33 34 -32 -33 59 -8 58 -10 -37 -6 -42 44 -5 -23 -35 -20 49 -12 -17 53 -53 -52 -49 -56 -46 -26 -39 60 61 -36
right_child=1 4 3 23 8 6 37 11 14 18 22 -13 25 -15 -16 50 -18 -19 47 20 -22 45 -24 -25 57 -27 -28 -29 30 -31 31 35 -34 46 36 40 -38 38 -40 -41 42 -43 -44 -45 56 -47 -48 54 -50 -51 51 52 -54 -55 55 -57 -58 -59 -60 -61 -62 -63
leaf_value=0.071953218653798098 -0.14762549716828538 -0.35849522112567128 0.10167244589836869 0.05745629860692858 0.050494959603522793 0.03259839711787358 -0.34601517189737585 0.16577446854650768 0.41369746488528059 0.05523716856751143 0.04943788900883906 -0.20379838737388775 0.17538218815685611 0.43465505130589011 -0.19423223811534562 -0.20155428449515439 0.79541641807613472 0.0085978411041158134 0.085730034389963447 0.091786821196143786 -0.29761549732495579 -0.40876778796342128 -0.18439846544764762 -0.35294035856097106 -0.16941241409065722 -0.10217541734044747 -0.15631403650975736 -0.15770628677696846 0.064041006281218893 -0.44228946979123135 0.31150020532417821 -0.48460163672765094 -0.29720299914374021 -0.64807749509811408 -0.056771551720614724 0.23709327823490695 -0.32649761269457567 -0.0568594332078751 -0.041669819525058355 0.060794473591403587 0.21381225803020329 -0.22604630508824194 -0.013814508006949578 -0.0084135317470658746 -0.41205851515604808 -0.048726070585259559 -0.1495543422171077 0.22612188817746853 0.062883156595286246 -0.18186880855161597 -0.028454940418439198 -0.18250863859513861 1.2754138237155486 -0.21953077829630976 -0.19133509994570308 0.18321193318217271 -0.05830203831846853 0.033812304703295014 0.17070949868945173 0.016939595424552718 0.078982649495097978 -0.34199846369046688
leaf_weight=339 2401 1404 4684 190 350 291 167 288 205 7688 1489 1425 415 583 1118 1018 77 2570 23865 484 733 483 558 500 734 1457 7764 1122 5497 107 310 83 530 124 690 677 306 486 2040 2103 549 2140 2239 440 780 273 292 2143 12240 924 4054 110 60 727 292 411 205 1381 1599 2885 437 560
leaf_count=339 2401 1404 4684 190 350 291 167 288 205 7688 1489 1425 415 583 1118 1018 77 2570 23865 484 733 483 558 500 734 1457 7764 1122 5497 107 310 83 530 124 690 677 306 486 2040 2103 549 2140 2239 440 780 273 292 2143 12240 924 4054 110 60 727 292 411 205 1381 1599 2885 437 560
internal_value=0.00131478 -0.0808157 0.0374671 -0.0104243 -0.116147 0.00326809 0.0707612 0.0143443 -0.0695024 0.0613682 0.0236326 -0.141603 -0.162014 0.30098 -0.0385533 -0.0176983 0.115329 -0.0668728 0.0786435 0.0281592 -0.142802 -0.170375 0.037609 -0.137362 -0.108377 -0.0405834 -0.1841 -0.269406 0.0277277 0.0894341 0.00824651 -0.0234344 -0.0706781 -0.0492053 -0.0290935 0.0582403 -0.0507979 0.0238216 0.0388746 0.0923054 0.0713795 -0.18717 0.0310693 -0.202082 -0.274536 -0.278989 -0.29935 0.0954725 0.0460752 -0.0391741 -0.0708618 -0.0439542 0.336502 -0.0575498 0.177108 0.0275883 -0.338568 -0.0367625 0.117663 -0.0322782 -0.116408 -0.184724
internal_weight=112096 34261 77835 25913 24124 10137 5166 21683 11962 51922 16306 1713 12162 874 9472 8354 2385 4971 35616 8905 1217 1095 15211 4230 3730 1872 10290 2526 19970 4791 15179 9682 6134 5604 5188 3548 4878 4292 4125 2308 3465 2490 2788 1615 1175 756 416 26711 14653 2413 5969 4951 170 4781 2846 703 985 2115 2085 4572 1687 1250
internal_count=112096 34261 77835 25913 24124 10137 5166 21683 11962 51922 16306 1713 12162 874 9472 8354 2385 4971 35616 8905 1217 1095 15211 4230 3730 1872 10290 2526 19970 4791 15179 9682 6134 5604 5188 3548 4878 4292 4125 2308 3465 2490 2788 1615 1175 756 416 26711 14653 2413 5969 4951 170 4781 2846 703 985 2115 2085 4572 1687 1250
is_linear=0
shrinkage=0.05


Tree=69
num_leaves=63
num_cat=0
split_feature=34 107 131 118 77 127 126 125 135 102 102 80 56 123 114 89 106 85 84 84 105 46 123 80 127 97 135 84 92 45 80 125 38 125 84 99 127 135 41 88 125 81 89 85 96 39 84 125 74 112 126 88 79 123 77 91 54 123 69 125 124 85
split_gain=116752 52327.8 39029.8 26165.4 24205.8 21368 19710.3 17566.7 14619.9 14204.8 14729.1 14031.8 17736.8 13455.6 12673.9 12267.8 11799.8 11110.6 11956.4 13815.2 10816.1 10589.2 16806.9 10700.9 10663.7 10444.2 10086.8 12940.3 9933.62 13816.3 10307.8 9847.66 10647.7 9603.54 9352.32 12738.2 9989.96 9313.54 10229.8 13172.1 9952.64 9094.31 9074.84 9071.76 14882 9960.87 9043.61 10531.1 9150.47 12110.3 9007.67 8517.29 8233.46 8135.77 8628.5 8055.4 8023.82 7923.83 7830.05 7695.69 11061.5 7848.69
threshold=0.58082026890129812 0.0054898053309264004 0.013593449450255151 0.26208649437045184 0.29576846858601091 0.028759203872877805 0.40013964906283023 -0.014025482923744547 0.016135405594295504 0.033285669688282005 -1.0000000180025095e-35 -0.55185068413755201 -1.266378280677172 0.032810194444916257 0.49283106890628997 0.074222551818185559 0.014577038861325753 0.33698694384440575 0.75507286860258349 0.32423079790736997 -0.0011765098659589997 -0.17800852084592925 0.0011451657842327502 -0.28634820256110977 0.010129584275473502 0.49573232557067798 -0.021552013030491746 -0.45928091571987911 0.58442219147124164 0.10087677077639647 -0.73786882430114564 -0.0037998947903183995 1.0032754610054473 -0.0043928794183316989 -0.51169821459396869 0.8083894507402567 -0.020640937333091195 -0.014789008746370699 0.12302785950996677 0.24816291785679687 0.01157291303425355 0.21966013322046676 0.46027822653787559 0.47212693773057951 -0.39859779537205781 0.34651574374595445 1.770539930095018 0.069963264732222516 0.066340562506553111 0.070460235991342615 1.0000000180025095e-35 -0.049448168925174445 0.072414172391610812 0.014360403945469601 0.22450255938189503 0.17693593885230682 -0.092405374389664438 0.0011097101644606002 0.8415399738658581 -0.0029962379187012497 -0.22568133672440771 0.3680599484687056
decision_type=2 2 2 2 2 2 2 2 2 2 2 2 2 2 2 2 2 2 2 2 2 2 2 2 2 2 2 2 2 2 2 2 2 2 2 2 2 2 2 2 2 2 2 2 2 2 2 2 2 2 2 2 2 2 2 2 2 2 2 2 2 2
left_child=1 21 5 9 6 14 11 -5 16 10 -4 12 -2 20 37 17 50 18 19 -13 -9 -1 24 -24 -23 -14 27 -11 30 -30 -27 32 -8 -29 -25 36 -36 59 39 -39 -40 42 -41 -26 -45 -46 47 48 -6 58 -7 52 -17 54 -28 -21 -31 -16 -50 60 -3 -62
right_child=4 2 3 7 46 8 31 13 -10 26 -12 15 25 -15 57 51 -18 -19 -20 55 -22 22 23 34 43 28 53 33 29 56 -32 -33 -34 -35 35 -37 -38 38 40 41 -42 -43 -44 44 45 -47 -48 -49 49 -51 -52 -53 -54 -55 -56 -57 -58 -59 -60 -61 61 -63
leaf_value=0.085634091790823486 -0.17399958364503179 -0.27764920283345479 -0.014806413644536233 -0.51390545240892427 -0.16130518441941458 0.12672590279540324 -0.41078849135042339 -0.017535364326823438 0.10492625100505218 0.0064855677960120846 0.15582572459842456 0.047691121745217398 0.44871937590775579 -0.45475795584294448 0.047436209974346416 -0.62306517384086668 -0.27133374246753184 -0.0075762357832191976 -0.096412400214961086 1.1604760721081593 -0.14461139557743094 0.12234914715473755 -0.50667783714629511 0.058859998331520502 0.044000564669987141 0.16161733075004558 0.12785608479269259 -0.67829319911974451 0.53701950445739111 -0.11578959767109176 -0.5189683175749249 -0.077396279584743238 -0.1312987426806439 -0.23867776910913507 -0.21705636334563816 -0.23017272797331476 0.015615706616505005 0.085547768055180828 0.043746072194898206 0.5351588926562354 -0.19313813656236078 0.0066269786882562094 -0.098659209762491401 0.071850513858813789 -0.99436007876168286 -0.270565582336458 -0.26191191500564814 -0.28477428841942237 0.0061757625124103689 -0.13254893164677295 -0.20433312115428134 -0.059253351838477235 -0.16346335635390841 -0.27039157303832695 -0.05984966619064206 0.47715888908074339 0.2373878777419266 -0.11987137196592833 0.50472518200929295 0.043517308083036214 0.13181053783034555 -0.10284509228935433
leaf_weight=26232 392 503 4074 289 5186 445 541 2418 625 436 1833 151 336 285 1171 129 1203 1482 164 60 5447 5638 110 2875 2239 114 817 161 231 278 107 3091 922 543 535 854 3311 11519 1731 379 595 165 66 249 67 162 1476 1002 1992 2882 380 2995 394 337 2433 158 379 1786 81 4351 605 864
leaf_count=26232 392 503 4074 289 5186 445 541 2418 625 436 1833 151 336 285 1171 129 1203 1482 164 60 5447 5638 110 2875 2239 114 817 161 231 278 107 3091 922 543 535 854 3311 11519 1731 379 595 165 66 249 67 162 1476 1002 1992 2882 380 2995 394 337 2433 158 379 1786 81 4351 605 864
internal_value=-0.000946407 0.0260213 -0.0112146 -0.065706 -0.0973441 0.0281723 -0.0462564 -0.13144 -0.10638 -0.0135329 0.0381598 0.00427864 0.123974 -0.117816 0.0432159 -0.0354765 -0.171521 0.0628783 0.258424 0.415963 -0.105551 0.0660656 0.0340597 -0.0193053 0.0831417 0.204873 -0.078124 -0.207616 0.130656 0.205276 -0.16875 -0.128023 -0.234861 -0.340034 -0.012162 -0.0556096 -0.0167983 0.0569992 0.079138 0.0975565 -0.0169068 0.323814 0.441144 0.00176792 -0.195733 -0.485733 -0.145611 -0.130183 -0.114882 -0.0662718 -0.0258247 -0.0918129 -0.277799 -0.0369231 -0.0126385 0.669668 0.0879971 -0.0536223 0.02589 0.00638335 -0.0755292 -0.00617947
internal_weight=112276 87733 45461 19073 24543 26388 11924 8439 2653 10634 5907 7370 1837 8150 23735 5533 2028 2015 533 369 7865 42272 16040 7685 8355 1445 4727 1140 1109 888 221 4554 1463 704 7575 4700 3846 20778 14455 12129 2326 610 445 2717 478 229 12619 11143 10141 4955 825 3518 523 3587 3250 218 657 2957 2073 6323 1972 1469
internal_count=112276 87733 45461 19073 24543 26388 11924 8439 2653 10634 5907 7370 1837 8150 23735 5533 2028 2015 533 369 7865 42272 16040 7685 8355 1445 4727 1140 1109 888 221 4554 1463 704 7575 4700 3846 20778 14455 12129 2326 610 445 2717 478 229 12619 11143 10141 4955 825 3518 523 3587 3250 218 657 2957 2073 6323 1972 1469
is_linear=0
shrinkage=0.05


Tree=70
num_leaves=63
num_cat=2
split_feature=34 131 112 121 136 68 127 111 125 124 74 113 125 90 74 121 74 125 124 121 9 94 56 125 103 77 87 45 135 78 82 74 90 68 136 121 111 78 70 89 124 115 75 125 68 110 115 120 36 90 85 50 113 72 101 131 121 90 90 62 54 81
split_gain=109027 47300.8 31433.5 30067.8 27689.6 33101 31307.7 25387.5 21732.2 25711 21648.4 21385.8 19058.1 17015.7 16361 16191.5 15703.2 14150.8 18399.8 13915 14022.9 13894 13708.4 12801.9 12798.9 12563 12379 14916 12354.4 13865.1 12185.8 13408.7 11797 11777.8 11093.1 14746.4 10997.6 10786.3 12613.4 14342.4 13905.1 17087.6 13696.2 12253.8 10780.6 10771.3 10610.6 11750.1 9963.88 10632.3 9875.03 9803.32 9724.76 12090.8 9491.2 10236.6 9428.66 9396.68 11496.7 10015.7 9212.69 9106.16
threshold=0.58082026890129812 0.0048550694464205508 0.066497368063646908 -0.023955481615686999 0 -0.50281348199174236 -0.0022137375898614495 -0.0026079435863379996 0.0007801612188346001 -0.10554752439515239 0.096743125747934158 -0.00015712954546389998 0.0096928933024513515 -0.79293501252483867 -0.11032793490870839 -0.0096310939981723489 0.12576368127547102 0.019941940948243305 0.041340286107489806 0.012660524261976802 522.59500000000014 -0.084459474936191728 -0.21666994164043557 -0.013574270229808097 0.037491285506811058 0.42900463764989233 0.14399641499183899 0.05341748488083551 -0.020479755147513098 0.22326198981726708 0.54149154982693282 -1.3436199686629064 0.019918702834742903 0.56757725253507518 1 -0.00011089982035809998 0.0090561672488813014 0.19550672499856983 0.051555119789370212 0.034727691834331657 -0.12595372217569442 1.0000000180025095e-35 0.11132912441517556 -0.0012749015348922997 0.45744104635249927 -0.031658394982218348 -0.0061087172605522487 0.058114402537498701 -0.64211301396805454 0.34532761179521182 0.41574082678528662 1.1943387391618425 0.0032301129413035003 -0.39244240188588764 0.81731718520676255 0.037714600154924907 0.0044344948125454508 -1.2243681271590721 -0.98067443646878794 0.95405564308752455 0.62178055954383038 0.21002103314150591
decision_type=2 2 2 2 1 2 2 2 2 2 2 2 2 2 2 2 2 2 2 2 2 8 2 2 2 2 2 2 2 2 8 2 2 2 1 2 2 2 2 2 2 2 2 2 2 2 2 2 2 2 2 2 2 2 2 2 2 2 2 2 2 2
left_child=1 17 4 25 5 -3 -7 23 9 46 -9 -5 33 -13 56 -10 -12 28 -19 20 48 44 -17 51 -25 -4 32 -28 34 -30 31 -21 -23 37 -1 45 50 38 -6 -40 41 43 -42 -41 -18 -36 -8 -48 -15 -50 -11 -2 -33 -54 -24 -56 -14 59 -59 -29 -39 -31
right_child=7 2 3 11 12 6 8 10 15 36 16 13 14 19 -16 22 21 18 -20 30 -22 26 54 24 -26 -27 27 57 29 61 -32 52 -34 -35 35 -37 -38 60 39 40 42 -43 -44 -45 -46 -47 47 -49 49 -51 -52 -53 53 -55 55 -57 -58 58 -60 -61 -62 -63
leaf_value=0.091020374622339625 -0.42820965574015823 0.064084524271340565 -0.065981016304571302 0.079112146438962722 0.09048675459290445 0.051714471119241427 -0.66910755249132192 -0.11226671078881989 -0.2928496492671756 -0.034239020871583127 0.63590378814211523 0.10501461798365122 0.041271298274308019 0.037145343868690166 0.04682259855126239 0.13932989596566822 -0.038242386640714748 0.12205011013996876 -0.1319313035769589 0.04528770772559406 0.15780749607224243 0.2681565792136924 -0.23447101234198994 -0.078456553914815375 -0.18333959635042682 -0.52482008415770354 0.12481403708526935 -0.81005587836543291 0.07981849876234276 0.32954429067805474 -0.11667093035721852 -0.18780564610759276 -0.14619168988326442 0.42233012105280071 -0.18145335766976936 0.076442567558112337 0.1653262282266951 0.35977972181297474 0.2455990462037857 -0.92825779294530886 -0.078906692224988167 -0.06244484739483528 0.45472726113550421 -0.14231337173418565 0.58103838533124064 -0.0057678455160589427 -0.49319696214774417 -0.10236876833642397 -0.18048257913486165 -0.012583136824141916 -0.31655076199141169 -0.1838378264302698 -0.76524838364912551 -0.32237234537835036 0.17284756774005361 -0.2927158672048385 -0.18428130931481426 0.2276125377040914 -0.10335333821326927 -0.10823470832795923 -0.088687127021451803 0.055457888693282643
leaf_weight=3573 564 4664 212 2353 10760 2282 365 4522 642 547 106 1025 634 1176 3523 922 111 1119 1962 205 625 708 715 8047 4557 505 1079 90 28463 943 1834 352 226 255 1594 2346 255 567 342 144 982 264 136 76 190 1926 503 312 2954 1385 714 1513 275 355 408 165 1717 293 2443 116 143 447
leaf_count=3573 564 4664 212 2353 10760 2282 365 4522 642 547 106 1025 634 1176 3523 922 111 1119 1962 205 625 708 715 8047 4557 505 1079 90 28463 943 1834 352 226 255 1594 2346 255 567 342 144 982 264 136 76 190 1926 503 312 2954 1385 714 1513 275 355 408 165 1717 293 2443 116 143 447
internal_value=-0.000559277 0.0255278 -0.00999588 -0.0747475 0.016798 -0.0413226 -0.104162 -0.0936544 -0.168275 -0.270033 -0.031701 -0.0567236 0.0539487 -0.0881068 -0.0213422 -0.0720218 0.0362516 0.0634988 -0.0396772 -0.109724 -0.0664808 0.0240395 -0.0077684 -0.13536 -0.116389 -0.389433 0.00397107 -0.0341265 0.0715899 0.0873547 -0.197561 -0.322339 0.167848 0.0863422 0.0217262 -0.0206095 -0.133667 0.0799241 0.0693111 -0.047882 -0.110649 -0.334234 -0.013644 -0.658622 0.353295 -0.0853544 -0.444967 -0.343888 -0.0919228 -0.126905 -0.194213 -0.25037 -0.399052 -0.516598 -0.113093 0.0385084 -0.123464 -0.0924417 -0.0678398 -0.417288 0.269457 0.241506
internal_weight=112231 87666 45293 13256 32037 12494 7830 24565 5548 2696 9884 12539 19543 10186 5874 2852 5362 42373 3081 9161 6140 5256 2210 14681 12604 717 4955 4021 39292 29853 3021 1187 934 13669 9439 5866 1516 13414 12704 1944 1602 484 1118 220 301 3520 1180 815 5515 4339 1261 2077 982 630 1288 573 2351 2942 2736 206 710 1390
internal_count=112231 87666 45293 13256 32037 12494 7830 24565 5548 2696 9884 12539 19543 10186 5874 2852 5362 42373 3081 9161 6140 5256 2210 14681 12604 717 4955 4021 39292 29853 3021 1187 934 13669 9439 5866 1516 13414 12704 1944 1602 484 1118 220 301 3520 1180 815 5515 4339 1261 2077 982 630 1288 573 2351 2942 2736 206 710 1390
cat_boundaries=0 1 2
cat_threshold=2 8
is_linear=0
shrinkage=0.05


Tree=71
num_leaves=63
num_cat=1
split_feature=36 102 102 90 126 105 123 133 115 136 42 121 135 123 89 127 20 123 45 96 107 38 115 86 115 98 54 72 94 89 56 121 79 86 133 107 54 90 81 83 85 92 92 111 123 39 92 56 79 46 120 98 75 121 72 123 94 88 81 115 121 117
split_gain=92426.4 39569.3 34782.4 32471.5 27634.5 24936.7 25801 24027.2 19413.1 22470.8 21946.2 19837 21172.2 19274.6 17607.9 17349.5 18847.1 16632.6 14812.6 14389.9 14453.3 14206.6 14181.3 13819 13582.5 13403.2 14840.5 16830.2 13866.4 28261.6 13119.1 12671.9 15657.6 12197.4 13212.1 11812.7 11785.4 11696.2 10916.8 10873.9 10745.2 10376.5 16073.8 10551 10192.1 10148.2 10018.8 10012.6 13400.4 10181.4 14414.2 11130.8 9884.2 9709.3 10562 9539.78 10230 9449.44 9440.65 9262.36 9110.49 17506.7
threshold=0.24123485642287118 1.0000000180025095e-35 -1.0000000180025095e-35 -0.84350258738054429 1.3624836232787312 -0.016535860679497093 0.014905951499548951 -0.019610056395385798 0.0099715334049657513 0 0.050705998241105256 -0.0015900024210928497 0.018438466505661354 0.0015489884573351004 0.076488736725569662 0.010129584275473502 -0.13239910017372142 0.014905951499548951 0.082373002573381468 -0.75243163613831843 -0.0065445972293758986 -0.63396485934319358 0.059667051086166954 -0.27458677265168063 -0.0090591559677695981 -0.068838307359105483 0.52625387356676534 0.17349689502423993 0.017048060377082206 0.14403328579063254 -1.2980695978618817 -0.020121909060480097 0.39818928449709595 -0.033177287367908641 -0.0097811283361824482 -0.011072527916132799 0.0068673608524365505 -1.0435636029129207 0.23731838305510383 1.1320612678854853 0.57254404935887693 -0.5302706242338594 -0.070561398595180486 -0.011784929255138799 0.0010747036593704003 0.430331319023881 0.58442219147124164 -0.28162493927072274 0.061149538828864002 0.49045975859439622 0.090362466205043221 0.025147351252149553 0.078858174592202165 -0.0096310939981723489 -0.15703782474792469 0.030917298611585153 0.0067672652891683513 -0.021934910886898345 0.19706813853026517 -0.0076708431524460993 0.0085936171985251022 0.01469619391362135
decision_type=2 2 2 2 2 2 2 2 2 1 2 2 2 2 2 2 2 2 2 2 2 2 2 2 2 2 2 2 10 2 2 2 2 2 2 2 2 2 2 8 2 2 2 2 2 2 2 2 2 2 2 2 2 2 2 2 10 2 2 2 2 10
left_child=3 2 15 25 5 -5 8 53 9 10 11 12 35 39 47 16 -2 30 33 -8 -21 -6 24 -11 -9 26 28 -28 46 -30 -18 32 -22 -13 -35 -7 38 -27 41 -10 -32 -37 43 -43 57 -20 -1 48 -15 50 -49 -52 -39 54 -3 56 -26 -25 -29 -23 -46 -62
right_child=1 7 -4 4 21 6 19 22 13 23 -12 18 -14 14 -16 -17 17 -19 45 20 31 59 -24 44 55 37 27 58 29 -31 40 -33 -34 34 -36 36 -38 52 -40 -41 -42 42 -44 -45 60 -47 -48 49 -50 -51 51 -53 -54 -55 -56 -57 -58 -59 -60 -61 61 -63
leaf_value=0.092977307403333154 -0.13960075708983202 -0.77497535965272357 0.31752684321280955 0.081464941921809864 0.020484286552505272 -0.0081084682613269971 0.052234547604595262 -0.21094488211566986 0.047543140448035169 0.0025650007368270096 0.027804101484944596 0.3069720020145178 0.079021327797315022 0.054133725268918277 0.0007804886792524675 -0.077071746687369214 -0.41098884191364055 -0.20418693382953165 -0.01383308291003324 0.050428001658910732 -0.080031539218409081 -0.694640542769974 -0.24058429444016363 0.093639597696435706 0.01569872252122673 0.37944818782845657 -0.92106332961718251 0.27122499259575361 0.21962582129807698 -0.61761582409867 0.1084079355568878 -0.18555458301044112 -0.73439353991790801 -0.23249459945098053 0.12107608891209021 -0.076657204851508148 -0.07118536266590296 0.22118036598530655 -0.2775144455316722 -0.12733756027299167 0.67564962241579507 -1.374607522726059 -0.38209170266439063 -0.69606333347675331 0.077727053277365413 -0.84247882520710982 0.28671241002255587 -0.1372362903390518 -0.68729779902678823 -0.053681698005508496 -0.059634430475413482 -0.48792454247419015 -0.043653842956095999 -0.11628017958083435 -0.20832722285257002 -0.19924648985942497 -0.080043758418250871 0.20296625534297777 -0.48701772694267442 -0.24312076658290549 0.019448054400178279 -0.41831557551668724
leaf_weight=4568 1200 83 835 15491 513 261 827 1178 6015 5664 8436 369 440 673 2447 6014 119 473 68 498 142 131 1035 6578 7102 796 74 105 209 193 4831 1513 257 450 637 79 252 1284 474 1042 84 99 217 145 4699 80 781 934 66 674 186 829 485 4816 4285 810 4594 2827 66 837 1183 282
leaf_count=4568 1200 83 835 15491 513 261 827 1178 6015 5664 8436 369 440 673 2447 6014 119 473 68 498 142 131 1035 6578 7102 796 74 105 209 193 4831 1513 257 450 637 79 252 1284 474 1042 84 99 217 145 4699 80 781 934 66 674 186 829 485 4816 4285 810 4594 2827 66 837 1183 282
internal_value=0.000997683 -0.0631228 0.00511614 0.0330763 0.0212448 0.0261243 0.00874907 -0.101822 0.0183301 0.0385149 -0.0161642 -0.120057 -0.226433 -0.0338172 -0.101262 -0.0154137 0.0398768 0.079004 0.0104522 -0.127682 -0.189417 -0.192239 -0.0622168 0.0694095 -0.0487092 0.124712 0.0837696 -0.296586 0.100022 -0.182869 0.105648 -0.251881 -0.502295 0.0590056 -0.0253755 -0.314443 -0.377541 0.220351 -0.453531 0.0217068 0.118238 -0.607236 -0.697797 -0.975861 0.0937703 -0.464398 0.121313 -0.175511 -0.0129227 -0.221296 -0.279203 -0.409576 0.148588 -0.165281 -0.219269 -0.0334118 -0.021911 0.12652 -0.0225601 -0.304879 0.0437892 -0.0650456
internal_weight=112335 37459 13556 74876 66315 64834 49343 23903 46106 33240 12007 3571 1967 12866 5809 12721 6707 5507 1604 3237 2410 1481 14719 21233 13684 8561 5996 245 5751 402 5034 1912 399 1456 1087 1527 1266 2565 1014 7057 4915 540 461 244 15569 148 5349 3362 739 2623 1949 1015 1769 9184 4368 12506 11696 9405 171 968 6164 1465
internal_count=112335 37459 13556 74876 66315 64834 49343 23903 46106 33240 12007 3571 1967 12866 5809 12721 6707 5507 1604 3237 2410 1481 14719 21233 13684 8561 5996 245 5751 402 5034 1912 399 1456 1087 1527 1266 2565 1014 7057 4915 540 461 244 15569 148 5349 3362 739 2623 1949 1015 1769 9184 4368 12506 11696 9405 171 968 6164 1465
cat_boundaries=0 1
cat_threshold=2
is_linear=0
shrinkage=0.05


Tree=72
num_leaves=63
num_cat=0
split_feature=34 107 125 90 103 123 121 125 93 125 69 42 107 124 50 124 75 121 92 82 40 75 89 123 81 81 121 127 80 82 72 80 90 105 4 46 129 135 114 76 109 119 82 103 60 46 81 45 127 72 79 44 135 75 99 107 44 121 44 38 127 82
split_gain=100140 40920.8 31395.9 30963.1 24948.3 25581.6 29235.9 29261.2 23297.3 33517 20576.7 19386.8 23245.9 19004.7 25436.8 23445.1 18212 17946.8 17659.2 20347.8 25077.9 19868 15502 15273.4 14649.7 14689.7 14319.3 13855.5 13853.3 13606.9 17033.4 13563.3 13553.8 13197.3 12852.4 12731.7 12616.5 12026.5 11980.1 11876.4 12924.8 12338 11405 11158.7 11134.1 11019.7 12007.6 10994.5 10817 10453.4 10393.2 10205 14005.4 9784.23 9630.75 9478.04 9394.89 9751.41 9337.89 9246.54 8883.89 8870.44
threshold=0.18764081745688727 -0.0035175072289172996 -0.0046689318697289489 -0.24520698798992271 -0.022770679545852445 0.0018721170061198002 0.0096067770325867028 0.0042172075864918505 0.45267955521337783 -0.0031320459053919493 0.70481728265283661 0.13857888781357827 0.015469910656570602 -0.0036553255208028996 0.69951579867518687 1.0000000180025095e-35 0.063663647027473111 -0.00021480205139864995 0.051344184724457856 -0.19271075290506098 -1.0905000065167196 0.16990147096568298 0.11566678845370416 0.0027930993656774504 0.23378283026496918 0.1876382074576404 -0.0047994601089872491 -0.012483158997476148 -0.0066215952114898492 0.047454897881636753 -0.99815086010109022 -0.87576767346874784 -1.2243681271590721 0.0051812230921263512 554.73500000000013 -0.29863440159358295 0.0028804308656354004 0.036977276309566702 -0.20110572710392657 0.22876646895437858 0.0019652480478845502 0.040372102467926309 -0.16127179974773162 0.040018581162176659 -5.9252765147846178e-14 0.46960522194439563 0.2084791754799277 0.040458852089982657 -0.011906947166980349 0.33115107896309659 0.4035635964710565 -0.074986835918691777 0.0016939626320985003 0.10589236333319377 0.55795184922768881 0.011419351601326152 0.084379916600459612 -0.01340985295353655 0.058159781113643054 0.087347250446229055 -0.005117902040455099 0.053993582479393655
decision_type=2 2 2 2 2 2 2 2 2 2 2 2 2 2 2 2 2 2 2 8 2 2 2 2 2 2 2 2 2 8 2 2 2 2 2 2 10 2 2 2 2 2 8 2 10 2 2 2 2 2 2 2 2 2 2 2 2 2 2 2 2 10
left_child=4 28 13 10 -1 8 16 -8 -6 11 17 12 24 14 26 -15 34 53 19 20 21 -9 38 43 25 -10 -3 -11 32 58 -31 -29 -2 -28 48 -21 -22 39 -14 40 41 56 -34 60 -19 46 -37 49 -7 -12 54 -44 -53 -4 -32 -50 57 -33 -18 -39 -5 -49
right_child=1 2 3 23 5 6 7 18 9 27 47 -13 22 15 -16 -17 29 44 -20 35 36 -23 -24 -25 -26 -27 33 31 -30 30 50 37 42 -35 -36 45 -38 59 -40 -41 -42 -43 51 -45 -46 -47 -48 61 55 -51 -52 52 -54 -55 -56 -57 -58 -59 -60 -61 -62 -63
leaf_value=0.098144823590403163 -0.33395653434053685 -0.52824329867048592 -0.02016274585831071 0.1532626192353792 0.078375097455127038 0.077565044618042367 0.062936269825853597 0.46932421677717662 0.13321295867679436 0.16349429889957809 0.37897209431071888 -0.019314139500533511 -0.98719351732981042 0.37680686456216894 -0.15141580265497645 -0.10990372235139563 0.073955671082706689 0.29123395410004177 0.15480303109902671 0.1853330765876893 -0.6080141580994759 -0.28637494267347979 0.026573981947571268 -0.13056131044999969 0.068269284979577627 -0.39905877570548381 -0.027824379041790966 0.27270442442650994 -0.056821885504566128 0.14095511749516451 0.1877326676652849 -0.30870902190272442 0.20185593003939664 -0.42434161551739252 0.20722227582109448 -0.008230145005406914 -0.16575392906864483 0.13733528623149274 -0.44805511311593138 0.054202554997193245 -0.25133700244409829 -0.58572668586857624 -0.16523785173819094 -0.14782749443912319 0.063488814313715655 -0.086535003786143469 -0.39498210287806107 -0.16924897696879299 -0.045253733459417161 -0.23244028602428035 -0.3554993166147094 -0.024394149752698782 0.29022792842963857 0.24645243655802229 -0.1256272626607971 -0.19422575857793339 0.26346873965627732 -0.002384384140313495 0.26581068187262175 0.75239843739306234 -0.026838923788557002 0.35281057718045572
leaf_weight=13027 168 846 3553 825 22846 934 1773 131 172 2038 205 2222 136 283 3992 1921 6593 1151 372 285 719 254 130 11311 616 520 399 483 1910 913 305 297 2170 442 430 272 209 612 434 2837 862 95 478 1615 1006 1688 765 1947 2461 105 379 892 585 380 1234 1886 282 2027 701 67 4002 84
leaf_count=13027 168 846 3553 825 22846 934 1773 131 172 2038 205 2222 136 283 3992 1921 6593 1151 372 285 719 254 130 11311 616 520 399 483 1910 913 305 297 2170 442 430 272 209 612 434 2837 862 95 478 1615 1006 1688 765 1947 2461 105 379 892 585 380 1234 1886 282 2027 701 67 4002 84
internal_value=0.000211894 -0.0629301 -0.0844371 -0.058096 0.0355245 0.0216921 -0.0205334 -0.110097 0.0473708 -0.00384771 0.0208013 -0.121093 -0.233654 -0.171913 -0.220271 -0.0472661 0.0160523 0.0692291 -0.17544 -0.203887 -0.368077 -0.0286912 -0.466003 -0.0955638 -0.109046 -0.266759 -0.383018 0.0478208 0.0551813 0.0563206 -0.0367091 0.0166287 0.105014 -0.236476 -0.0553366 -0.132167 -0.508696 -0.000879419 -0.578195 -0.0221178 -0.0828852 -0.0290522 0.122969 -0.0341038 0.185095 -0.165429 -0.293645 -0.105157 -0.0767504 0.171799 -0.12131 0.035348 0.100331 0.00565327 -0.0634438 -0.109917 -0.00854207 -0.0416477 0.0924281 0.199044 0.00396825 -0.147494
internal_weight=112277 40270 34067 26184 72007 58980 22304 6468 36676 13830 8431 4230 2008 7883 5679 2204 15836 6090 4695 4323 1313 385 700 17753 1308 692 1687 9600 6203 10125 2831 7562 4293 841 5711 3010 928 7079 570 6400 3563 2701 4125 6442 2157 2725 1037 2341 5281 310 1918 1955 1477 3933 1539 4347 2606 2324 7294 679 4827 2031
internal_count=112277 40270 34067 26184 72007 58980 22304 6468 36676 13830 8431 4230 2008 7883 5679 2204 15836 6090 4695 4323 1313 385 700 17753 1308 692 1687 9600 6203 10125 2831 7562 4293 841 5711 3010 928 7079 570 6400 3563 2701 4125 6442 2157 2725 1037 2341 5281 310 1918 1955 1477 3933 1539 4347 2606 2324 7294 679 4827 2031
is_linear=0
shrinkage=0.05


Tree=73
num_leaves=63
num_cat=2
split_feature=118 34 60 102 127 111 92 125 107 80 79 123 134 25 114 111 80 74 110 136 111 125 34 107 119 125 125 111 125 115 72 136 125 103 38 84 123 98 123 60 90 127 120 92 78 49 111 131 120 115 70 89 85 131 84 75 127 88 125 76 103 44
split_gain=87760 41792.6 36402.4 26316.7 24581.2 19837.3 16175.3 15953.7 15313.7 15152.1 15152.7 13163.7 12747.9 14466.9 12160.6 12153.3 10938.5 11934.5 14314.4 12651.4 10703.3 10666.7 12242.2 10090.8 9996.22 9483.15 9770.09 9333.66 9206.65 8763.63 10157 8645.91 8632.52 8570.76 8289.3 8124.37 9419.46 11809 7995.35 7927.24 7668.81 7485.85 7355.82 11025 8088.4 11197.5 8095.51 7331.13 7278.8 7177.4 8181.1 9829.43 13329.6 8439.23 7847.06 7825.07 12916.5 7119.77 7095.57 6836.85 6822.41 6812.97
threshold=0.45712976674444167 0.051462574031071261 0.17415968974478707 0.076910288649639211 0.019292129539327702 0.019540700335145753 0.051344184724457856 -0.0063765606928521991 0.027835973606184904 -0.36665787843421083 0.053171720031332755 0.014905951499548951 -0.38463139456079826 -0.21708873761042394 0.51438466486468282 0.0029772669177616502 -0.84661894733194687 -0.11032793490870839 0.37669863824841826 0 -0.0093033407681651983 -0.0023414074528262997 -0.5458089426583177 -0.021258990689074497 0.046955900730233709 -0.016989158024637244 0.021771484782367404 -0.0062909232338178491 0.011392665902671802 0.0025573182867686503 0.70345190625136977 1 -0.014025482923744547 0.018082473243526204 -0.29694871429454056 -0.28527968026621681 0.00080081371668785006 0.15471316652865957 -0.00061816308379509979 -2.962915813148465e-14 -0.86417855119313358 -0.0020067482987207994 -0.12349310539218869 -0.72604848459952098 -0.52225896440121355 0.11501366975909917 -0.011569420150340048 0.010361607541819952 -0.14292115771971303 0.079568860655456167 0.30419915182089324 0.030167315026672355 0.43411792558111811 0.010361607541819952 1.8205420752850094 0.10281505040466461 -0.054788480761146792 -0.017605608647429497 -0.018739631375853497 -0.15394005709463879 0.030133436281278903 -0.018531013256092948
decision_type=2 2 10 2 2 2 2 2 2 2 2 2 2 2 2 2 2 2 2 1 2 2 2 2 2 2 2 2 2 2 2 1 2 2 2 2 2 2 2 8 2 2 2 2 2 10 2 2 2 2 2 2 2 2 2 2 2 2 2 2 2 2
left_child=2 8 3 12 5 11 31 29 16 10 -9 25 20 -14 -15 32 59 18 -18 -19 21 22 -1 -12 42 34 40 -10 -29 30 41 -7 -6 -34 -5 36 -33 -38 61 -20 -27 48 43 -21 -45 -46 -47 -40 -3 50 51 52 -11 -53 55 56 -52 -55 -22 -2 -42 -24
right_child=1 7 -4 4 15 6 -8 9 27 49 23 -13 13 14 -16 -17 17 19 39 24 58 -23 38 -25 -26 26 -28 28 -30 -31 -32 35 33 -35 -36 -37 37 -39 47 -41 60 -43 -44 44 45 46 -48 -49 -50 -51 54 53 -54 57 -56 -57 -58 -59 -60 -61 -62 -63
leaf_value=0.03216539417551114 0.076807460872890004 -0.48713351043443831 -0.12099553259560357 0.089800555736590668 -0.3725443108927346 0.047455799469253851 0.2703665875329459 0.40106156118214131 -0.28872472631696661 0.27040781885992027 0.3885801886970347 -0.10366965159309996 0.056538827332228647 0.15179042105340201 -0.01944093021358979 0.031902271547529067 -0.011288124961674119 0.12667663236780877 -0.43334804235498386 0.081346580560970938 -0.49139643546010625 0.0022623677689464386 -0.91651168007826078 -0.042362469390196646 -0.5078156288342589 0.14467409506618598 -0.083405143315080366 0.042164668133185111 -0.19630339397182991 -0.063095334612323264 -0.17175498053873306 -0.015098431938928916 -0.040283813703922956 -0.18104246706495053 -0.45582578635284671 -0.13367817512811772 -0.13841191246326454 -0.69388631183183058 -0.020022824124910348 -0.13004559121869891 0.064304873026781437 -0.40816186313261726 0.045125712357979832 -0.57208066766078658 0.016450629394066912 -0.57632250907017457 -0.16750005928484349 -0.44770495989359915 0.18053760626393467 -0.25164317118913754 0.60022680089845293 -0.1089166793699457 -0.36569250213705806 -0.46197107712306629 -0.24630289558818325 -0.16662646107565987 -0.050934421979878491 -0.21783623515215098 0.049944116995671417 0.31514601192313946 -0.011217394528704553 -0.23709718101928312
leaf_weight=324 1000 62 3830 116 329 399 241 229 615 257 142 1525 19456 8588 1179 1650 2015 2480 358 812 60 1692 96 2713 97 2366 1260 939 710 949 2194 140 2277 2060 172 1078 152 260 200 542 14866 988 3709 103 762 157 525 200 115 864 76 1269 120 409 651 1589 6992 1117 8015 430 3743 61
leaf_count=324 1000 62 3830 116 329 399 241 229 615 257 142 1525 19456 8588 1179 1650 2015 2480 358 812 60 1692 96 2713 97 2366 1260 939 710 949 2194 140 2277 2060 172 1078 152 260 200 542 14866 988 3709 103 762 157 525 200 115 864 76 1269 120 409 651 1589 6992 1117 8015 430 3743 61
internal_value=-0.00113107 -0.0654952 0.0292154 0.0371517 0.00385518 0.0251141 -0.116144 -0.111706 -0.00267418 -0.0892374 0.0106449 0.0384524 0.0644038 0.0814695 0.131121 -0.0847181 0.0182432 0.00210056 -0.0853716 0.0316017 0.0175646 -0.0712242 -0.212201 -0.0208 -0.00685287 0.0480794 0.0517761 -0.122645 -0.0605678 -0.197346 -0.235244 -0.162164 -0.125956 -0.107168 -0.236509 -0.212461 -0.369639 -0.489785 -0.354149 -0.25104 0.0599002 -0.354562 0.00122633 -0.0677855 -0.146065 -0.115303 -0.262319 -0.234447 -0.0547587 -0.112321 -0.102656 -0.172 0.0675038 -0.204318 -0.0790088 -0.0664014 -0.0438488 -0.283529 0.0458614 0.148646 0.0491146 -0.655707
internal_weight=112325 35990 76335 72505 32634 26318 2270 20736 15254 16428 3084 24048 39871 29223 9767 6316 12990 11560 2915 8645 10648 2573 881 2855 6165 22523 22235 2264 1649 4308 3359 2029 4666 4337 288 1630 552 412 557 900 20975 1165 6068 2359 1547 1444 682 400 177 13344 12480 3172 377 2795 9308 8657 7068 1526 8075 1430 18609 157
internal_count=112325 35990 76335 72505 32634 26318 2270 20736 15254 16428 3084 24048 39871 29223 9767 6316 12990 11560 2915 8645 10648 2573 881 2855 6165 22523 22235 2264 1649 4308 3359 2029 4666 4337 288 1630 552 412 557 900 20975 1165 6068 2359 1547 1444 682 400 177 13344 12480 3172 377 2795 9308 8657 7068 1526 8075 1430 18609 157
cat_boundaries=0 1 2
cat_threshold=8 3
is_linear=0
shrinkage=0.05


Tree=74
num_leaves=63
num_cat=0
split_feature=107 103 121 103 125 81 126 127 112 121 78 127 74 74 127 68 115 115 96 125 96 127 20 125 42 27 125 117 109 126 119 74 127 119 112 118 75 41 127 54 70 46 125 40 96 38 46 124 125 110 105 126 79 93 105 79 56 78 68 82 2 39
split_gain=69300.8 40679.8 27272.9 24976.2 19612.6 18028.7 16344.1 15422.8 13293.5 13170.3 14841.7 13816 12826.6 21765 28346.8 11853.9 11839.4 11760.2 12076.8 12809.2 12670.4 11443.6 10841.7 15633.2 12042 11777.3 10355.1 10052.3 9998.59 9668.06 9622.45 9369.66 9070.75 9721.55 8974.83 8971.94 8662.46 8613.02 8530.39 8436.88 9781.61 8385.71 8225.69 8141.17 7865.59 7677.91 7649.5 10648.8 10047.1 7536.86 7475.95 7434.34 7235.23 7945.46 7094.65 7399.06 7210.86 6903.83 10366.6 8496.95 6717.47 6686.42
threshold=0.017143768552940055 -0.0017825531967734997 -0.0054894652585393998 0.026518500268810453 0.015843183135256306 0.24848536915802572 0.407945194445481 -0.0040553689135302993 0.068394638718888276 -0.0051458615214036987 0.20498090808500571 0.0058354982641712506 -0.099576420990319145 -0.045053865723113241 -0.045334273242406194 -0.47438459107187353 0.0058271760659172507 -0.0036718509006490496 0.75702293346806615 0.0039917242339133508 -0.91773113072542623 0.018992213622036954 -0.14947386973177867 0.0036493375218487004 -0.44065708471346371 -0.010369418308153848 -0.0021028397199069995 0.026622448045422954 -0.0015634627258988498 0.39331292876201462 0.033832163533869856 -0.79162173653538714 0.010129584275473502 0.026432172017346704 0.5054176719988771 0.066650190423381009 0.082186231026528764 0.10393509502156746 0.015109411610930301 0.16172303328879359 0.25766771203695626 -0.076992452856737434 0.0068820956486797509 0.15907703779132987 -0.53020914776795258 0.62191476168079707 0.41545822676858574 0.031254824783464204 0.026051125274693655 -0.0048790290324044992 -0.022419650575986046 1.0474375806246441 0.046769662847946709 0.38320052676146971 0.0040671876377549009 0.1250908954467381 -0.91875539647855053 0.08752344694561652 0.11878780588959957 1.4535150497563141 1124.7950000000003 0.6272219551668059
decision_type=2 2 2 2 2 2 2 2 2 2 2 2 2 2 2 2 2 2 2 2 2 2 2 2 2 2 2 8 2 2 2 2 2 2 2 2 2 2 2 2 2 2 2 2 2 2 2 2 2 2 2 2 2 2 2 2 2 2 2 8 2 2
left_child=3 8 7 4 9 21 41 -3 29 11 22 -1 42 14 -14 -13 -6 18 19 20 -9 37 23 -11 39 -25 27 28 43 -2 -22 -18 33 -8 -29 -30 -16 57 -31 -24 -41 -5 -7 -17 -43 50 47 -33 -49 -19 -37 -26 53 -23 55 56 -15 -4 59 -59 -44 -52
right_child=1 2 5 6 16 12 32 17 -10 10 -12 15 13 54 36 26 31 49 -20 -21 30 52 24 25 51 -27 -28 34 35 38 -32 46 -34 -35 -36 45 -38 -39 -40 40 -42 44 60 -45 -46 -47 -48 48 -50 -51 61 -53 -54 -55 -56 -57 -58 58 -60 -61 -62 -63
leaf_value=0.066268412153202214 0.091761686427330694 0.0031788052813174006 0.048406398319844911 0.03962925034833939 0.088694628812218484 0.054477865424050621 0.028890778555094632 0.1483397356743672 -0.054125387170703247 0.087144388310914783 0.21368179173054808 0.05754402883749396 1.2650419126439374 0.51283937059342866 -0.057134849740145335 -0.12184178393128008 0.17291883376514763 -0.15910237345184389 -0.12075976220103515 -0.011097444109750767 -0.51038758968344344 0.1163189673481123 -0.013535068207083903 -0.02227469668103866 0.099521201192399919 -0.27265649647716145 -0.016481022458108618 0.17120631947581411 -0.12933308372527047 0.06471045512533756 -0.23773788283012198 0.023996223625240246 -0.1790731589036626 -0.30904347726646519 -0.33728755146710965 -0.026165255729574712 0.44211188709961563 -0.069831231355474616 -0.13262288498881322 -0.83216837792539256 0.00074700120784027479 0.09331559878988592 -0.40587728064989587 0.49087196575558711 -0.081029466521068697 -0.15603844842795905 -0.033048294713507079 -0.17204378444420138 -0.5261977800268991 -0.056598576313924225 -0.52431550998240706 -0.025260414030500236 -0.030075702745002725 -0.33813602040653062 -0.10988247809974183 -0.18652395102251321 0.034827209467780208 0.22676502681262367 0.089209302326841322 0.78474228435702498 -0.17308915153937154 -1.0985070162468025
leaf_weight=7467 6510 1744 4075 6919 1607 342 1368 106 3506 3457 1856 2417 63 83 237 252 381 5372 1267 281 946 122 1452 2809 21926 563 2659 327 426 1145 496 573 2235 251 117 63 136 1252 1048 70 70 791 362 68 3533 191 2990 1224 239 2694 344 1262 1450 446 4017 374 1302 173 662 113 2155 60
leaf_count=7467 6510 1744 4075 6919 1607 342 1368 106 3506 3457 1856 2417 63 83 237 252 381 5372 1267 281 946 122 1452 2809 21926 563 2659 327 426 1145 496 573 2235 251 117 63 136 1252 1048 70 70 791 362 68 3533 191 2990 1224 239 2694 344 1262 1450 446 4017 374 1302 173 662 113 2155 60
internal_value=0.0013988 -0.0489769 -0.0800507 0.0319836 0.0476532 -0.0391304 -0.0249671 -0.135099 0.0280655 0.0590973 0.0762978 0.0190965 -0.0878406 -0.0474911 0.292755 -0.0317769 -0.0304261 -0.156702 -0.239546 -0.321721 -0.378064 0.0141536 0.0682245 0.0124415 0.0835963 -0.0641477 -0.0796798 -0.170555 -0.236094 0.0611784 -0.416835 -0.0658394 -0.113809 -0.0236589 0.0367545 -0.308532 0.125592 0.0474617 -0.0296095 -0.049402 -0.418659 0.00549468 -0.175464 0.00948347 -0.0491219 -0.424176 -0.0839695 -0.158698 -0.230219 -0.124878 -0.533274 0.0927292 -0.0893905 -0.240491 -0.0732207 0.0105181 0.0638228 0.0767054 0.19817 0.449191 -0.206717 -0.612093
internal_weight=112446 42479 30270 69967 54870 17364 15097 12906 12209 47856 33465 14391 9071 6212 436 6924 7014 11162 3096 1829 1548 8293 31609 6829 24780 3372 4507 1848 1404 8703 1442 5407 3854 1619 444 1084 373 6275 2193 1592 140 11243 2859 320 4324 658 5026 2036 1463 8066 467 23188 2018 568 5776 1759 1385 5023 948 286 2517 404
internal_count=112446 42479 30270 69967 54870 17364 15097 12906 12209 47856 33465 14391 9071 6212 436 6924 7014 11162 3096 1829 1548 8293 31609 6829 24780 3372 4507 1848 1404 8703 1442 5407 3854 1619 444 1084 373 6275 2193 1592 140 11243 2859 320 4324 658 5026 2036 1463 8066 467 23188 2018 568 5776 1759 1385 5023 948 286 2517 404
is_linear=0
shrinkage=0.05


Tree=75
num_leaves=63
num_cat=2
split_feature=103 125 135 119 36 127 78 113 126 50 125 50 111 20 121 90 90 89 125 111 58 107 100 109 136 84 105 73 98 72 121 75 111 79 123 103 48 89 135 75 126 92 125 83 133 136 87 98 74 40 74 75 55 135 74 94 72 71 121 72 45 79
split_gain=70452.9 42546.6 34465 30660.7 24449.5 22351.8 19653.1 26265.1 18547.4 18297.1 15561.3 19538.6 14526.9 16016.6 22665.6 21943.4 14826.2 17131.1 13367.5 13242.2 13074.1 13021.3 12433.7 12105.2 11741 12927.6 12430.9 10670.7 13100.8 10815.9 10658.3 10593.9 14520.1 10460.1 10343.6 10201.4 10147.4 10076.8 9992.39 9776.17 9627.3 15962.9 10343.8 9601.37 13575.6 9406.91 9357.38 9338.49 9293.97 13428.9 9220.21 14981.5 8909.07 8815.36 8750.16 8443.79 8300.57 14537.5 8227.75 14721.5 8382.43 12144.9
threshold=0.026162895923757205 0.022290725617511806 -0.014789008746370699 -0.0098059846271497993 -0.61673544581448281 0.0031039992757737004 0.2510153871134273 0.0098194368757329505 0.51733950924003669 -0.11669642664993064 -0.0043928794183316989 0.77076503076846026 -0.014144058864022148 -0.14518592462598504 0.0056792729686031005 -1.2529815640948365 -0.86417855119313358 0.14810455426006958 0.0051578485978161512 0.0016580388773415001 -0.23222029572261491 -0.0043329607172583997 -0.623660734191546 -2.3990652964875948e-05 0 0.79311811809320154 -0.0045712184681350491 0.36490046482747723 -0.37213613655389099 0.26772298069091988 -0.00064387413423244993 0.11416292482904576 0.0007397604331952002 0.17019944312013854 0.027704550098994401 -0.044229492790658992 0.040632145167103555 0.026174493252348403 0.0093439339854792507 0.11416292482904576 0.27039516445230832 0.6624078348887058 -0.0046689318697289489 0.46315528695547764 -0.0062539645485861486 1 0.4304881254668958 0.075407732491783466 -0.089329932966200579 -0.37473982443331783 -0.043782972700519639 0.084317902094540015 0.073990575896227567 0.015026281804821401 -1.4137451450191902 0.03354779900723711 -0.165322407446544 0.69660566034469817 -0.0034275940244656495 0.68647571808998986 0.035705629355102159 0.043235528612081159
decision_type=2 2 2 2 2 2 2 2 2 2 2 2 2 2 2 2 2 2 2 2 2 2 2 2 1 2 2 2 2 2 2 2 2 2 2 2 10 2 2 2 2 2 2 8 2 1 2 2 2 2 2 2 2 2 2 8 2 2 2 2 2 2
left_child=1 2 5 -2 -5 34 12 -8 21 -7 11 -10 20 14 -14 -15 17 -17 -16 24 -4 -6 -18 -20 26 30 -11 -28 -29 -30 33 32 38 47 -1 -3 -19 56 58 43 41 -39 -42 44 55 -22 -36 -26 49 -34 51 -50 -43 -12 -25 -21 -24 -58 59 60 -23 -62
right_child=3 35 6 4 8 9 7 -9 10 19 53 -13 13 15 18 16 22 36 23 39 45 31 37 54 25 -27 27 28 29 -31 -32 -33 48 -35 46 -37 -38 40 -40 -41 42 52 -44 -45 -46 -47 -48 -49 50 -51 -52 -53 -54 -55 -56 -57 57 -59 -60 -61 61 -63
leaf_value=0.047381720487201406 0.074628316238653375 0.095808862721407442 0.058627284226874105 0.026175825364116709 0.024894157570784694 0.0065391611197410694 0.30443324093686719 0.014216223310817172 -0.4921622106185396 0.11790683804336657 -0.15050448794660876 -0.17584265226508719 0.075368237758266302 -0.37906014870466859 0.03154333199746636 0.27154396861670421 -0.062511063664333996 0.042053310131292557 -0.25613889091882003 -0.44203984361949811 0.0027042731592717825 -0.095224365273061842 0.12318319966995391 0.23680803708764664 -0.24593190751580105 -0.087496418922618585 0.21787650310410764 -0.075571999887491859 -0.22398772008767823 -0.67806324321203515 -0.12930242594417829 -0.19705926570392085 0.3213559620887847 -0.73431773854721905 -0.069273050489865318 -0.099026307475471795 -0.61496757301000449 0.081638364282252088 0.0036189563866736441 0.55182366239119174 -0.081916773519590119 0.4861235084146916 0.055084396699015138 0.14580750933449635 0.058361190551271036 -0.17892946981936775 -0.7081625454228776 -0.63220995660852553 0.077815286465078959 -0.28454389515479178 0.0081223050180885374 0.96492772478221078 0.12714112213443196 0.044634890078358011 -0.099486168871378081 -0.019663627300713513 0.50963471199894128 -0.036818859372820173 -0.065531935333627653 -0.099272479951830084 -0.84777274062320351 -0.31474808370466989
leaf_weight=10400 3380 733 2387 4165 2682 6106 1798 1376 744 641 4152 1422 5164 260 1719 1926 1645 612 1312 331 1277 377 1565 228 747 1093 196 1287 476 181 560 2165 110 190 186 7957 64 15776 1290 78 1755 386 6396 590 599 1617 82 198 165 521 3264 66 314 672 1245 184 403 174 1844 1873 117 1186
leaf_count=10400 3380 733 2387 4165 2682 6106 1798 1376 744 641 4152 1422 5164 260 1719 1926 1645 612 1312 331 1277 377 1565 228 747 1093 196 1287 476 181 560 2165 110 190 186 7957 64 15776 1290 78 1755 386 6396 590 599 1617 82 198 165 521 3264 66 314 672 1245 184 403 174 1844 1873 117 1186
internal_value=-0.00195332 0.0220358 0.0344019 -0.0672687 -0.0851568 -0.0145835 0.0583248 0.178662 -0.105629 -0.0574325 -0.17335 -0.284672 0.0500582 0.0601247 0.00387738 0.0775111 0.0813505 0.195571 -0.078088 -0.110563 -0.0279841 -0.0753926 0.0708843 -0.145743 -0.148519 -0.220894 -0.0748455 -0.132959 -0.168425 -0.349923 -0.308113 -0.0961179 -0.0758908 -0.396146 0.0394682 -0.0825829 -0.0209663 0.0790837 -0.121398 0.00806956 0.0700307 0.0920184 0.0255801 -0.0171296 -0.103478 -0.0994176 -0.26666 -0.327449 -0.00212614 -0.178578 0.0297731 0.334343 0.325505 -0.123317 -0.0473071 -0.291463 0.183086 0.345068 -0.151275 -0.195744 -0.303175 -0.363223
internal_weight=112409 82214 73524 30195 26815 24125 49399 3174 22650 13457 6990 2166 46225 40944 9668 31276 31016 2602 4504 7351 5281 15660 28414 2785 5569 2788 2781 2140 1944 657 1695 12978 10813 1135 10668 8690 676 26769 6687 1782 24627 16476 8151 1704 1114 2894 268 945 4126 631 3495 231 700 4824 1473 515 2142 577 5397 3553 1680 1303
internal_count=112409 82214 73524 30195 26815 24125 49399 3174 22650 13457 6990 2166 46225 40944 9668 31276 31016 2602 4504 7351 5281 15660 28414 2785 5569 2788 2781 2140 1944 657 1695 12978 10813 1135 10668 8690 676 26769 6687 1782 24627 16476 8151 1704 1114 2894 268 945 4126 631 3495 231 700 4824 1473 515 2142 577 5397 3553 1680 1303
cat_boundaries=0 1 2
cat_threshold=9 12
is_linear=0
shrinkage=0.05


Tree=76
num_leaves=63
num_cat=0
split_feature=131 105 107 111 60 125 94 113 74 127 85 32 127 124 122 99 124 91 127 96 124 122 107 69 94 90 111 74 125 113 38 125 54 25 69 122 46 124 91 94 124 74 111 82 69 90 82 6 109 38 70 96 44 82 103 71 83 94 46 85 70 113
split_gain=63884.7 45726.6 27393 17060.1 16359 13959.2 13667.3 13641.9 12919.8 23675.5 29042.1 24753.1 20235 11910.7 11786.3 11411 11062.8 11295.2 10911.1 12065.6 13440.1 10727.4 9748.44 11283.1 9324.4 10831.1 8853.99 9507.79 13378.6 12526.3 12748.7 10746.9 9062.53 8845.99 8627.71 8509.34 8198.58 8102.83 8097.13 9222.84 8090.32 8046.47 7969.55 7635.35 10428.6 7624.11 9093.42 8467.76 9515.44 7485.49 7465.65 7512.34 7414.64 7239.94 19880.3 9864.17 20254.4 9058.16 7184.14 7154.78 7087.35 7044.89
threshold=0.0048550694464205508 0.0051812230921263512 0.0041674391510618013 -0.0093033407681651983 0.3732380347397361 0.022290725617511806 0.017048060377082206 0.010165355433040901 -0.11032793490870839 0.0080634493314807026 0.58157565384658738 0.85907412363505398 -0.0082792014278871475 0.0068147830133012009 0.41726207624110345 0.61707091389124913 -0.15536642879150833 0.15612528304334122 -0.005117902040455099 0.6065154957135569 -0.025162275741464044 0.31621419283699781 -0.0059869953673753994 0.88483596119980235 0.11832956828068016 -0.86417855119313358 -0.017079709271365096 -0.11032793490870839 -0.0032647982141712994 0.0027381865093034506 0.40835052970792513 0.0038726388801867003 -0.14632190765076372 -0.37587905872405897 0.72897983220447393 0.4073266108582646 2.4253959000896725 -0.03569010352002689 0.20569061381370027 -0.063604952259589537 1.0000000180025095e-35 -0.8744214713545394 0.011298799075672852 0.57788520165074375 0.66389360279245169 -1.2013798886602383 -0.29375053735804674 9059.8250000000025 -1.0000000180025095e-35 -0.78121285746955427 0.19426336901624511 0.31595933130743181 -0.82624843350063648 1.4535150497563141 0.051122372965062106 0.65203539715228909 0.94226465834051976 0.073496370238118766 -0.79533216855448141 0.50304195625426029 -0.81707918563508231 0.019190671004390304
decision_type=2 2 2 2 10 2 10 2 2 2 2 2 2 2 2 2 2 2 2 2 2 2 2 2 10 2 2 2 2 2 2 2 2 2 2 2 2 2 2 10 2 2 2 10 2 2 8 2 2 2 2 2 2 10 2 2 10 8 2 2 2 2
left_child=4 6 24 18 5 7 22 15 12 10 14 -12 41 -7 36 33 -11 -18 -4 20 60 -9 -2 35 25 58 37 31 29 30 -29 -28 -32 -1 -30 38 53 49 43 -40 -22 -5 -19 -24 -45 46 -35 -47 -49 -17 -34 -52 -23 -10 55 56 -55 -58 -3 -36 -20 -27
right_child=1 2 3 8 -6 13 -8 21 9 16 11 -13 -14 -15 -16 26 17 42 19 -21 40 52 23 -25 -26 61 27 28 34 -31 32 -33 50 45 59 -37 -38 -39 39 -41 -42 -43 -44 44 -46 47 -48 48 -50 -51 51 -53 -54 54 -56 -57 57 -59 -60 -61 -62 -63
leaf_value=0.065724522049483966 0.089019672526320648 0.097581137188967035 0.0037622685221404858 -0.054702605603661927 -0.11013000759581937 0.097504796877708078 -0.078867618412538448 0.025743939753303274 0.028081027109309077 -0.2172691857763619 0.10875373021182087 1.4663307885639369 0.023887437469971559 -0.11089615293871409 -0.20064573607292477 0.075137809930845748 0.20158911681598748 -0.11270413301248378 0.094526587785044802 -0.11658004552528858 0.094382805783010781 0.12996111678361308 0.073911039724829625 -0.25277150034943086 -0.20864367353492508 0.0026332191161412208 0.065352578054980209 0.011896313367561317 0.12145950104831248 0.21857527846401772 -0.51197834587286395 -0.11326780908757678 -0.44135635913492965 0.1301298749719367 0.0075443642632430086 -0.095509895223606589 -0.22499317169776081 0.020480937541404103 -0.058149058563159772 0.058342254752903368 -0.20058302153931301 -0.24616141033516814 0.087434842437836571 0.090590701741707885 -0.73259400042040013 0.18743525881450976 -0.57114573159703508 -0.042889561509865677 0.17756920625781028 -0.27096342005029966 0.41233723082963158 -0.11366814385259452 -0.19855033458462032 -0.06780293373057264 1.0258821674692098 -0.16958423221722629 1.1709706422336625 0.32562060545460558 0.42923105165887726 0.24305466859960442 -0.39572530063937583 -0.18621652291530752
leaf_weight=7976 5947 1011 1011 699 1638 975 3037 2913 4972 1673 71 63 1368 2304 590 214 357 4283 78 4397 268 203 7672 385 509 8855 1731 4240 9705 609 188 1638 129 107 3252 1433 290 1520 3897 3011 1727 2564 562 85 69 4795 80 1009 949 574 84 336 1094 172 66 194 65 63 194 357 1242 522
leaf_count=7976 5947 1011 1011 699 1638 975 3037 2913 4972 1673 71 63 1368 2304 590 214 357 4283 78 4397 268 203 7672 385 509 8855 1731 4240 9705 609 188 1638 129 107 3252 1433 290 1520 3897 3011 1727 2564 562 85 69 4795 80 1009 949 574 84 336 1094 172 66 194 65 63 194 357 1242 522
internal_value=0.00203611 -0.031029 -0.0658986 -0.0932684 0.0451538 0.0505699 0.0206778 0.0580354 -0.0655185 -0.0406654 0.0273907 0.753151 -0.13752 -0.048918 0.0121084 0.0671561 -0.105459 -0.0694657 -0.150682 -0.170927 -0.242955 -0.027519 0.0341177 0.0143877 0.000177825 0.010241 0.0462151 0.0558766 0.0696697 0.00472265 -0.0214836 -0.0215001 -0.213276 0.101655 0.0969164 0.020765 0.0336996 -0.0469891 0.0320794 -0.00737273 -0.160931 -0.205176 -0.0894756 0.0669003 -0.280586 0.142934 -0.171323 0.15166 0.0639981 -0.176995 -0.110243 -0.00773753 -0.147073 0.0472991 0.217574 0.107727 0.287023 0.760649 0.151287 0.0309018 -0.366706 -0.00789843
internal_weight=112022 63402 37866 26775 48620 46982 25536 43703 18052 13421 6546 134 4631 3279 6412 39493 6875 5202 8723 7712 3315 4210 22499 16552 11091 10582 24577 22269 18900 5586 4977 3369 737 14916 13314 16167 5822 2308 14734 6908 1995 3263 4845 7826 154 6940 187 6753 1958 788 549 420 1297 5532 560 494 300 128 1205 3609 1320 9377
internal_count=112022 63402 37866 26775 48620 46982 25536 43703 18052 13421 6546 134 4631 3279 6412 39493 6875 5202 8723 7712 3315 4210 22499 16552 11091 10582 24577 22269 18900 5586 4977 3369 737 14916 13314 16167 5822 2308 14734 6908 1995 3263 4845 7826 154 6940 187 6753 1958 788 549 420 1297 5532 560 494 300 128 1205 3609 1320 9377
is_linear=0
shrinkage=0.05


Tree=77
num_leaves=63
num_cat=0
split_feature=118 60 133 114 104 36 111 106 135 73 74 34 117 115 50 99 113 78 110 111 84 130 133 82 127 36 135 50 127 120 124 127 127 111 36 28 90 80 53 120 62 46 23 135 66 32 49 123 115 90 50 120 113 117 94 94 79 41 23 27 36 119
split_gain=62117.2 29340 28305.8 23353.1 18236.5 16372.2 16001.2 15272.3 12516.7 11967.3 24803.7 11469.5 11327.7 10670.8 11566.3 10305.1 9589.46 11436.6 9491.07 11932 11145.1 12656.7 10470.9 9482.49 9179.07 8586.62 8421.41 13725.6 8376.65 8175.68 7810.11 7781.49 7743.23 7262.27 11450.1 7886.68 7244.32 7195.94 6938.98 6920.99 6742.94 6621.07 6488.05 6452.68 6430.47 6299.17 6212.4 6150.7 6289.07 5932.38 5905.39 9977.24 5812.12 6231.64 5814.37 5798.72 5694.06 5683.52 5647.2 6267.58 5698.01 5644.51
threshold=0.45712976674444167 0.37740357165892091 -0.017591245610931647 0.72552057051356778 0.4316915608346325 -0.39662343885290868 0.023753232742879053 0.59146917176241298 -0.021185652249108549 0.64948559603697564 -0.099576420990319145 -0.47686330969870433 -0.049612070360769596 -0.0098498252493359976 1.0398187273638078 0.6871094340493159 0.013680478339793252 0.25979882218674599 -0.24284994132487991 -0.0040434423660948996 0.075304228969922019 1.0000000180025095e-35 0.028117927550350905 -0.32084327448455757 -0.0010200988249237997 -0.23033753979334493 -0.013228927634307448 0.65025809461840944 0.016671570335933854 -0.029057201268754496 -0.14647318467216452 0.0080634493314807026 0.0072502179858774012 -0.0018526502386267498 0.57532806575378703 0.27665703865997932 -1.2243681271590721 -0.69687529673098114 0.10800393916925441 0.50931825758336335 -0.66227797918743303 -0.50455843414090606 0.46996931497199945 0.043041392301843458 -0.30378639168168614 0.69697196995680588 0.071456291157142263 0.0017838861876933504 0.0099715334049657513 -0.83352846338760223 0.39043050499094301 0.0045925243570276008 0.0033002122464227501 0.069715519073511575 -0.063604952259593242 -0.083418090706391834 0.48343178906436474 0.10674123434418382 0.48665031582937085 -0.049647632313518791 -0.39662343885290868 0.0018460679053928003
decision_type=2 10 2 2 2 2 2 2 2 2 2 2 10 2 2 2 2 2 2 2 2 2 2 10 2 2 2 2 2 2 2 2 2 2 2 2 2 2 2 2 2 2 2 2 2 2 8 2 2 2 2 2 2 10 8 8 2 2 2 2 2 2
left_child=1 3 5 4 18 -2 7 28 11 12 -11 -6 -8 14 24 16 17 -10 19 22 42 29 31 57 -7 -9 27 40 47 44 -27 56 61 34 35 38 -23 -38 -34 50 -15 -28 -20 -30 55 -40 -42 -4 -49 -48 -31 -52 53 -25 -54 -22 -1 -14 59 -50 -61 -13
right_child=2 -3 6 -5 8 13 9 25 15 10 -12 32 23 26 -16 -17 -18 -19 20 -21 21 36 -24 52 -26 30 41 -29 43 39 -32 -33 33 -35 -36 -37 37 -39 45 -41 46 -43 -44 -45 -46 -47 49 48 58 -51 51 -53 54 -55 -56 -57 -58 -59 -60 60 -62 -63
leaf_value=0.017141841759394687 0.011669833898140154 -0.12433156670797263 0.082567910053799196 -0.086052408016727422 0.045371576661022539 -0.02262218949198723 0.36593512143271995 0.023958815493290871 0.057625297441627782 -0.21892668235533197 0.90983849304417763 0.073192343094253112 -0.19312635739868295 0.21122587602872117 -0.15763607477289615 -0.024201551779101122 -0.070314268343278016 0.26727442699673926 0.047105929512999592 0.071859948743140598 0.38308876927980445 -0.33455947870779945 0.16978258665418255 -0.057827570802148155 -0.55780806825694884 -0.22070721205020172 0.062795859204856558 -0.11013091804135 -0.053373981700365516 0.18014668271668843 -0.067877610222858084 -0.12751764203231383 -0.95351594914258886 -0.051946640667491155 -0.083668991729941064 -0.069440718114657227 0.20548157193884253 0.026099693414230879 -0.47924880795087177 -0.035990746127457444 -0.65926196143283688 -0.098544290004777019 0.15299426859153098 0.3243289406928751 0.23273388178928234 0.014444877729787456 0.080455798676834916 0.05639797460252545 0.013792208039466245 -0.31015939869955184 0.51266553912843971 0.21572887858471815 -0.43146207870952058 0.4633208375422328 -0.15243878412398915 -0.022240540148030698 -0.33462843769961154 -0.84270670960268268 0.018620461143232504 -0.56881207893292107 -0.17718136652167665 -0.10916038707131089
leaf_weight=2334 2119 3164 5761 4017 1622 99 105 1771 7438 115 83 699 60 64 865 6991 1298 712 28243 4451 96 118 539 552 421 1115 792 3621 3383 1454 3338 2347 65 710 574 158 699 2779 428 233 117 3213 1524 116 491 76 105 2323 323 1249 461 737 203 63 2258 976 120 78 902 119 419 1077
leaf_count=2334 2119 3164 5761 4017 1622 99 105 1771 7438 115 83 699 60 64 865 6991 1298 712 28243 4451 96 118 539 552 421 1115 792 3621 3383 1454 3338 2347 65 710 574 158 699 2779 428 233 117 3213 1524 116 491 76 105 2323 323 1249 461 737 203 63 2258 976 120 78 902 119 419 1077
internal_value=-0.000663522 0.0247271 -0.055085 0.0311482 0.0379282 -0.115149 -0.0221315 -0.00448286 0.000108986 -0.120306 0.256437 -0.0658604 -0.142852 -0.14063 -0.269964 0.0218179 0.0558687 0.0759712 0.0552858 0.0114101 0.0666467 0.118865 -0.0389801 -0.159583 -0.456156 -0.0691562 -0.121049 -0.163298 0.0256809 0.17525 -0.106186 -0.062448 -0.113501 -0.180667 -0.25082 -0.382498 0.0490914 0.0622001 -0.469154 0.225139 -0.288564 -0.0666311 0.0525321 -0.0407632 0.0830791 -0.404922 -0.310437 0.0492927 0.00236805 -0.279831 0.248086 0.330325 -0.141275 -0.00377616 -0.17562 0.0143808 -0.000188937 -0.563702 -0.0688156 -0.160331 -0.264701 -0.037389
internal_weight=112383 76631 35752 73467 69450 12665 23087 19570 21848 3517 198 5409 3319 10546 1385 16439 9448 8150 47602 9791 37811 8044 5340 3214 520 6224 9161 5156 13346 4448 4453 4801 3787 2011 1301 727 3596 3478 569 2885 1535 4005 29767 3499 1563 504 1471 9847 4086 1354 2652 1198 3076 615 2461 1072 2454 138 1763 861 538 1776
internal_count=112383 76631 35752 73467 69450 12665 23087 19570 21848 3517 198 5409 3319 10546 1385 16439 9448 8150 47602 9791 37811 8044 5340 3214 520 6224 9161 5156 13346 4448 4453 4801 3787 2011 1301 727 3596 3478 569 2885 1535 4005 29767 3499 1563 504 1471 9847 4086 1354 2652 1198 3076 615 2461 1072 2454 138 1763 861 538 1776
is_linear=0
shrinkage=0.05


Tree=78
num_leaves=63
num_cat=0
split_feature=106 105 124 127 131 103 123 69 103 125 120 120 68 125 123 50 96 109 118 78 44 71 125 93 125 123 90 82 82 78 102 123 125 103 113 78 85 80 80 97 58 96 68 50 71 109 91 54 89 66 99 82 103 96 89 92 85 21 133 50 102 87
split_gain=65839.3 34130.5 23395.2 21786 16962.1 15884.5 14740.9 13751.5 12481.6 10733.3 10537.7 10422.5 9877.5 10167.7 12731.4 8831.31 9898.08 8759.64 8340.82 8335.36 8296.83 7343.16 6971.65 9782.39 7673.23 7303.61 10804.2 8545.23 7736.62 7287.22 6875.99 6857.58 6769.47 6737.94 7286.28 7351.85 6729.9 7228.39 10852.5 6575.37 8636.04 6909.32 6436.51 7942.95 6430.84 6409.51 6193.44 5957.96 5940.56 5828.43 5757.13 5956.58 5856.19 5684.69 10897 5680.16 5678.5 7530.61 5648.41 5592.54 5577.04 5562.23
threshold=0.30861532142240472 0.022868070887692205 0.66237921809138212 0.038146981317970605 0.0037798500315100506 0.026871434314002452 0.010624204903435802 0.69746917694916533 -0.0014806691876431998 -0.0068780274543425992 -0.1904578189066107 -0.93081904677264815 -0.40882353710000569 0.00044682019460170005 0.0033456881512102508 0.97010607986243047 -0.60548122190299969 0.0042994930665884506 1.0595008079037684 0.24101655448153333 0.8078886014646175 0.71975106025770119 -0.014522223983232949 0.53955440769406893 0.013842591617406402 0.0011451657842327502 0.32303300359159032 0.069010586043751765 -0.29730374983844926 0.25979882218674599 1.0000000180025095e-35 0.016690403261148203 -0.00046287770206574993 -0.021065553412859598 0.013134106322062402 0.2510153871134273 0.37847000282156168 -0.81983884703477494 -0.50779077147344898 0.80691269207905114 0.2533499002421456 0.75702293346806615 -0.4448849045853604 1.1148461882170388 0.76219485456378433 0.0020751813237883505 0.15612528304334122 -0.066434537643710198 0.029509378917291555 -0.96821016582274033 0.56278721036879442 -0.076798169681082634 -0.0045288108666611494 -0.92916108059987967 0.5133198115655927 0.56430867063187795 0.41489549473591508 -0.39091890333735424 -0.042378275142157543 0.86541130381863063 -1.0000000180025095e-35 0.22013780555235199
decision_type=2 2 2 2 2 2 2 2 2 2 2 2 2 2 2 2 2 2 2 2 2 2 2 2 2 2 2 10 10 2 2 2 2 2 2 2 2 2 2 2 2 2 2 2 2 2 2 2 2 2 2 10 2 2 2 2 2 2 2 2 2 2
left_child=2 3 4 6 19 11 7 22 -3 15 32 -6 -9 14 17 16 -10 39 33 -1 -21 31 23 55 29 28 27 -27 -26 49 60 58 42 -13 35 46 37 -15 -39 40 -14 44 -7 56 47 -20 -35 61 -40 -24 -38 52 -52 -8 -55 -2 57 -44 -11 -56 -12 -42
right_child=1 8 -4 -5 5 10 53 12 9 21 30 18 13 36 -16 -17 -18 -19 45 20 -22 -23 24 -25 25 26 -28 -29 -30 -31 -32 -33 -34 34 -36 -37 50 38 48 -41 41 -43 43 -45 -46 -47 -48 -49 -50 -51 51 -53 -54 54 59 -57 -58 -59 -60 -61 -62 -63
leaf_value=0.06163826138152978 0.11747227066808992 -0.024808860520933493 -0.087201464618620439 -0.17201966147271103 -0.23699231893100073 0.020777336626567625 0.12282427315910659 0.035410568620523185 0.027636558681156987 -0.19151681322798955 -0.02665951161751963 0.097505541471157947 -0.027852253235974594 0.52755216933786875 0.11728862679202952 -0.14325961871320178 -0.40700331389076949 -0.64069296448934276 -0.023985193527602991 0.22892540745206535 -0.064551832759911804 -0.16038655489820111 -0.11148853187572011 -0.68625376588768427 -0.087091997216693473 -0.1548611960364045 0.0071571759619088711 -0.61372040491551161 0.18679114091786073 0.2199183244868714 -0.060920855116245787 -0.17814813643321695 -0.061866458039337824 0.12738825896669836 -0.073209185320847039 0.18431196743338885 0.17661704985514523 -0.33766756928779862 0.44807782092555004 -0.55724651984617868 -0.35562083339318634 -0.012489427241186301 -0.58187148934971977 -0.095443415401918863 0.10869356253080897 -0.29484750391805875 0.023450183350875994 -0.24627529905509143 0.054864841788638076 0.060288008216542802 0.218293559578113 -0.20424691928708452 -0.096771738748150191 -0.091590093104769787 -0.64686831206349393 -0.25606277219336876 -0.62804767302634046 -0.037940672278835054 -0.029806557961456932 -0.092636252021875934 0.11712455604363092 -0.82404677989384667
leaf_weight=27649 221 4037 3805 1985 345 186 269 2603 156 607 1305 4980 607 79 309 1504 812 121 895 1363 292 3637 515 71 418 666 1379 119 670 690 3174 1240 1184 1590 1511 853 186 164 109 117 127 179 112 277 62 288 14465 235 761 11536 200 884 553 2950 139 187 208 146 4834 68 1394 131
leaf_count=27649 221 4037 3805 1985 345 186 269 2603 156 607 1305 4980 607 79 309 1504 812 121 895 1363 292 3637 515 71 418 666 1379 119 670 690 3174 1240 1184 1590 1511 853 186 164 109 117 127 179 112 277 62 288 14465 235 761 11536 200 884 553 2950 139 187 208 146 4834 68 1394 131
internal_value=0.00111517 -0.0447106 0.033139 -0.012125 0.0404999 0.0158652 -0.000503704 0.0134021 -0.101466 -0.125658 -0.0454993 0.0355259 -0.0430777 -0.0854281 -0.175918 -0.219232 -0.337002 -0.233335 0.0393601 0.0681672 0.177138 -0.10322 0.0388691 -0.148898 0.0445018 -0.0240445 -0.0771649 -0.225113 0.0815843 0.061998 -0.0110406 -0.07208 -0.141225 0.0459098 0.0319552 0.0413571 -0.0271982 0.0696451 0.034184 -0.199112 -0.167473 -0.282742 -0.242192 -0.307962 -0.369725 -0.0901196 0.0337509 -0.429989 0.104587 0.0529385 -0.0863299 -0.116296 -0.0129105 -0.0974827 -0.116287 -0.0539388 -0.433813 -0.275401 -0.0478789 -0.466122 0.047619 -0.595728
internal_weight=112159 46137 66022 29310 62217 32913 27325 23899 16827 12790 7986 24927 7427 4824 1888 2472 968 1579 24582 29304 1655 10318 16472 479 15993 3252 2164 785 1088 12741 5873 6681 2113 23399 18419 16908 2936 1113 1034 1458 1341 734 929 743 555 1183 16055 493 870 12051 1823 1637 753 3426 3157 408 466 258 5441 207 2699 258
internal_count=112159 46137 66022 29310 62217 32913 27325 23899 16827 12790 7986 24927 7427 4824 1888 2472 968 1579 24582 29304 1655 10318 16472 479 15993 3252 2164 785 1088 12741 5873 6681 2113 23399 18419 16908 2936 1113 1034 1458 1341 734 929 743 555 1183 16055 493 870 12051 1823 1637 753 3426 3157 408 466 258 5441 207 2699 258
is_linear=0
shrinkage=0.05


Tree=79
num_leaves=63
num_cat=0
split_feature=107 125 102 103 134 134 135 118 78 50 113 133 123 126 80 107 60 122 20 125 99 90 123 68 125 80 44 123 133 70 110 80 131 125 76 68 135 81 90 125 118 68 110 79 50 25 100 51 31 129 78 25 133 75 86 95 70 45 43 80 77 72
split_gain=56138.5 29524 25709.9 25707.2 18691.2 19707.5 17485.6 15708.6 15553.9 13527.9 13433.6 13367.9 13313.9 10549.5 9827.2 9514.94 9510.06 10437 9365.32 17654.8 13865.2 12640.6 11971.7 11080.7 10841.3 10324.8 9869.01 9649.19 9459.63 9154.96 10741.1 8698.25 8689.83 8610.59 10900.8 12476.9 8868.69 11692.9 8678.2 8569.7 8484.31 8429.97 8258.39 8189.53 7977.09 7767.72 7727.85 7436.57 7363.95 7353.65 7402.54 7299.51 11869.6 7158.63 8000.26 7016.22 8710.13 6963.67 6883.26 6730.99 6686.52 6565.34
threshold=0.026246809155814652 0.022290725617511806 0.38239869995267589 0.032104749259158759 -0.037518710839854794 1.0000000180025095e-35 -0.017091694269019148 0.96657128042023199 0.22326198981726708 0.029998563753451005 0.0057414638654634002 -0.0062539645485861486 0.018190912140408005 1.5012440889498937 -0.84661894733194687 -0.023490129413017747 0.28003617868731889 0.56918554711062264 -0.14518592462598504 0.0036493375218487004 0.70005274388642091 -1.2529815640948365 0.0017838861876933504 -0.77766503905756401 -0.0040925400389313993 0.50778714772053168 0.1402843236156319 0.011305526527007802 -0.015952141457263449 -0.43281454929203961 -0.36590483361764797 -0.58375175879661956 0.017460765841698905 -0.0017506676761955998 -0.12428378762880178 -0.4448849045853604 0.0037025426142830503 0.22210092028335984 -0.84350258738054429 -0.0031320459053919493 1.0000000180025095e-35 0.31930438502622133 0.23661612449679095 0.13374203663353762 0.66738155224473916 -0.1158408501027156 -0.030849976400752897 0.36403673981370682 -0.83369661342384738 -0.005758831193337849 -0.045165986313150844 0.73720407770543306 -0.027790486346459694 0.2122607376772431 -0.44623842166474043 0.18204290926296568 0.015219644320313851 0.032142190192124311 0.44015376925398725 -0.94968323337521021 0.20121190933745406 -0.28504334476944276
decision_type=2 2 2 2 2 2 2 2 2 2 2 2 2 2 2 2 10 2 2 2 2 2 2 2 2 2 2 2 2 2 2 2 2 2 2 2 2 2 2 2 2 2 2 2 2 2 2 2 2 10 2 2 2 2 2 8 2 2 2 2 2 2
left_child=1 3 4 6 39 9 11 13 18 -6 14 12 29 16 46 -3 17 -5 19 -8 42 43 60 -24 25 28 45 -28 40 61 -31 44 -12 34 -4 -36 -37 -38 -35 48 -23 -33 -21 -20 -16 -26 58 -32 -2 -30 59 52 -50 -44 -55 56 -42 -54 -10 -51 -22 -1
right_child=2 15 33 7 5 -7 8 -9 10 -11 32 -13 -14 -15 31 -17 -18 -19 21 20 22 24 23 -25 26 -27 27 -29 49 30 47 41 -34 38 35 36 37 -39 -40 -41 55 -43 53 -45 -46 -47 -48 -49 51 50 -52 -53 57 54 -56 -57 -58 -59 -60 -61 -62 -63
leaf_value=0.029626878490302596 0.098775714739961926 0.090330843454207374 -0.1292071077363573 0.0096272374130656809 0.087162936093202512 -0.024275809653183943 0.080674118552262669 -0.21922349800175198 0.036613796604329243 0.37376181957072019 0.15873117949425553 0.043135288296760339 -0.26667154143867616 -0.35999857513317923 0.39682104222067616 -0.092451646815871938 -0.20750514025430258 -0.25155703778654787 0.16142357151095685 0.05084714120455476 -0.55467202547006311 0.023654700216839679 -0.06279488871471163 -0.51482559216775658 0.066149037776365313 0.66450597687822877 -0.0032482569951780248 -0.42928783851273267 0.1162387306301665 -0.20263395839160703 0.033072180876756709 0.39887326223851072 -0.078452710169317263 0.14673080915827255 -0.064135948699772169 -0.58837120346190264 0.31915932660167284 -0.47198424424066793 -0.098639563230887725 -0.044204578340473338 0.15468142227112475 0.076428437841435271 -0.03788430235209353 -0.50753928292750317 0.91035931005701431 0.12429831372899687 0.38393107437245222 -0.10104419428876613 -0.69087633450003061 0.19672095643278834 0.070998556879774161 -0.11540491056407487 0.10322319865226746 0.13258383788168432 -0.44238535132803936 -0.25089373637432871 -0.26780998787962562 -0.30966092478398077 -0.56327061866010941 -0.11988497430317924 -0.022426516691784772 0.47501748080748851
leaf_weight=3123 228 795 2698 9816 2505 5650 4478 1072 198 492 953 9599 611 221 327 6760 586 397 64 2411 63 1282 208 390 14819 60 740 161 2319 1125 2249 407 648 376 300 417 73 126 8225 4808 307 404 1022 156 99 9382 114 1911 168 191 1714 1006 133 79 252 789 201 433 62 1339 758 84
leaf_count=3123 228 795 2698 9816 2505 5650 4478 1072 198 492 953 9599 611 221 327 6760 586 397 64 2411 63 1282 208 390 14819 60 740 161 2319 1125 2249 407 648 376 300 417 73 126 8225 4808 307 404 1022 156 99 9382 114 1911 168 191 1714 1006 133 79 252 789 201 433 62 1339 758 84
internal_value=0.000937541 0.0211186 -0.0609418 0.0303516 -0.0180225 0.0307022 0.0427874 -0.0365965 0.0592392 0.134321 0.165376 0.0019717 -0.0414348 -0.0188127 0.26727 -0.0732083 -0.0117977 -0.000549159 0.0513414 0.00796611 -0.0548555 0.0638407 -0.187987 -0.357965 0.0663399 0.0164309 0.0826462 -0.0797689 0.0115741 -0.0251995 -0.0656356 0.335127 0.0627427 -0.115127 -0.179889 -0.328864 -0.457477 -0.181621 -0.0878972 -0.0801965 -0.0675631 0.238539 -0.00462925 -0.313082 0.518017 0.088696 0.0425391 -0.028547 -0.168061 0.0482676 -0.000342964 -0.203062 -0.322883 -0.103451 -0.305171 -0.157675 -0.0126832 -0.21263 -0.108046 -0.0802583 -0.0638938 0.0414373
internal_weight=112384 84746 27638 77191 15423 8647 65099 12092 46397 2997 3212 18702 9103 11020 1611 7555 10799 10213 43185 9661 5183 33524 1419 598 33304 8202 25102 901 8142 8492 5285 1237 1601 12215 3614 916 616 199 8601 6776 2579 811 3764 220 426 24201 374 4160 1968 5563 3244 1740 734 1353 331 1297 508 566 260 1530 821 3207
internal_count=112384 84746 27638 77191 15423 8647 65099 12092 46397 2997 3212 18702 9103 11020 1611 7555 10799 10213 43185 9661 5183 33524 1419 598 33304 8202 25102 901 8142 8492 5285 1237 1601 12215 3614 916 616 199 8601 6776 2579 811 3764 220 426 24201 374 4160 1968 5563 3244 1740 734 1353 331 1297 508 566 260 1530 821 3207
is_linear=0
shrinkage=0.05


Tree=80
num_leaves=63
num_cat=0
split_feature=103 119 104 131 106 107 118 70 114 124 118 119 111 80 127 72 114 66 123 96 87 80 94 84 113 57 6 82 68 90 55 113 129 25 88 103 71 46 104 37 94 131 127 133 96 82 37 96 133 80 46 114 56 84 66 73 84 75 68 58 98 85
split_gain=50275.4 32514.3 25731.7 21073.1 19666.2 17037.7 14640.3 11822.2 10384.7 9863.17 8884.46 8433.76 7460.53 7411.79 7280.9 13308.6 7207.85 7054.54 7046.25 11506.3 7061.25 8409.42 6748.72 6726.76 6653.24 6612.27 6601.99 7823.47 8539.82 6572.87 7034.63 6491.84 7423.66 6343.81 6329.52 6277.67 6276.61 6232.09 6055.03 6277.31 5947.02 5926.44 5858.08 5851.32 6705.17 6789.84 6435.14 6790.78 5831.57 8748.19 5691.26 5816.17 5588.75 7608.55 8354.36 8112.04 13327.5 10505.6 11258.7 10339 7750.38 7700.72
threshold=0.01411524304371565 0.0024555333313879507 0.019088402349831005 -0.0013462484760658998 1.0000000180025095e-35 -0.0032506451729242994 0.44600491719655183 -0.82662699360874603 0.01158006710684095 -0.079156325770058225 0.1203638862894444 -0.010827800015762197 -0.0079696692019963471 -0.48953118036363602 0.0031039992757737004 0.79452127627310998 -0.54976748283145216 -0.22604043465963383 0.0013602646994099502 -0.07144254350693878 0.20651302777546007 -0.091999975329414632 0.03354779900723711 0.075304228969922019 -0.00044411057354964994 0.20370046981250131 9060.7450000000008 -0.064781481816868089 -0.58095586978977376 -0.81282470166538678 0.024808256518522056 -0.0010592021228576498 -0.0096894029932324977 -0.20287257398968203 -0.045175649005374997 0.033379824250112954 0.57268011509782302 -0.91052847493599076 0.4698683655343282 0.63286317012024895 -0.060480799570208445 0.027585545488893803 0.030817409043013905 0.0035235617781828503 0.52993854166028631 0.14927117710529206 0.89761374787120263 -0.75243163613831843 0.00027347113657840008 -0.36154667942983049 -0.931545871336806 0.30743828224057068 1.0082328863327314 -0.35788427464100309 0.23727233038697587 0.47550848977370669 0.20092794562409053 0.091784851444869073 0.76373229183386149 0.63321327886081036 -0.60112315915109427 0.50304195625426029
decision_type=2 2 2 2 2 2 2 2 2 2 2 2 2 2 2 2 2 2 2 2 2 2 10 2 2 2 2 10 2 2 2 2 10 2 2 2 2 2 2 2 10 2 2 2 2 10 2 2 2 2 2 2 2 2 2 2 2 2 2 2 2 2
left_child=3 11 4 52 10 -5 8 -4 16 14 33 22 43 17 29 31 38 -11 40 20 -20 -22 23 -2 -10 34 27 -13 -29 -9 -31 32 -16 -3 -19 -24 -32 -25 -7 -40 -15 -6 -26 44 45 46 47 -8 -33 -50 -49 -52 53 -1 55 56 -55 61 60 -57 -59 -58
right_child=1 2 7 5 41 6 12 9 24 13 -12 26 -14 18 15 -17 -18 25 19 -21 21 -23 35 37 42 -27 -28 28 -30 30 36 48 -34 -35 -36 -37 -38 -39 39 -41 -42 -43 -44 -45 -46 -47 -48 50 49 -51 51 -53 -54 54 -56 59 57 58 -60 -61 -62 -63
leaf_value=0.045481136819943722 0.064253761270338855 0.052401396879897304 0.064305307111406945 0.058882445617032153 -0.03466901684060579 -0.0066021652434935831 0.11426843373090263 0.16806117162077117 0.043994126043811324 -0.083769389426928062 -0.01834438713974685 0.055961315013817459 -0.034009737040658905 0.02647916624917375 -0.11363289143797779 -0.1068529041247388 0.06265620002538648 -0.055681578454347846 -0.10456860292629869 -0.10013178197006777 -0.54999371184500301 -0.23052597081579362 0.099859738194694125 -0.10688410595767509 -0.032634527006138885 0.31114889235884058 -0.10275357501505421 0.074958716075807397 -0.11713321191862583 0.2168758368416541 0.025889434034277681 -0.30739422501613062 -0.56964477173039618 0.18862887080258894 0.45139174639758928 -0.44960197828579374 -0.24002652755325338 0.28363591024457518 -0.082780204802427607 -0.68509543158719888 -0.10432819439451338 -0.12666654754733206 -0.18967932537981358 -0.0079611704473295953 -0.072132422382149772 0.16839898036372278 -0.56422201455487109 0.1908517421085815 -0.36047370731434292 0.079016648515928212 -0.39580922578503824 -0.10593873133302219 -0.070238079058730599 0.040061668678691424 0.19631589879808145 0.077874068785998646 0.16952813293882685 0.75826699285042354 -0.11790014609848101 -0.11347154164394878 0.34663932347323878 -0.31027761783157848
leaf_weight=13431 3931 2253 1025 11205 5283 333 126 237 2813 967 2501 4501 6795 1668 120 1847 8343 461 509 7240 308 627 95 120 7112 282 1398 868 1731 137 313 1065 354 1377 70 113 760 669 91 82 1812 2618 647 763 1022 92 166 60 187 284 590 246 733 2236 1941 2466 1408 162 96 988 397 88
leaf_count=13431 3931 2253 1025 11205 5283 333 126 237 2813 967 2501 4501 6795 1668 120 1847 8343 461 509 7240 308 627 95 120 7112 282 1398 868 1731 137 313 1065 354 1377 70 113 760 669 91 82 1812 2618 647 763 1022 92 166 60 187 284 590 246 733 2236 1941 2466 1408 162 96 988 397 88
internal_value=-0.00036846 -0.0392612 -0.0650774 0.0284433 -0.0130254 0.0064517 -0.0136134 -0.101103 0.0115785 -0.109914 0.054166 0.0267022 -0.0632293 -0.0878283 -0.16795 -0.203828 0.0515389 0.00746226 -0.101772 -0.125861 -0.254705 -0.336238 0.0787342 0.0910292 -0.021871 0.115945 -0.00347688 0.0160826 -0.0529752 -0.07224 -0.119407 -0.292842 -0.454681 0.104115 0.0118871 -0.199369 -0.162505 0.224181 -0.131526 -0.370567 -0.0416413 -0.0651646 -0.0457528 -0.127976 -0.167734 -0.24395 -0.275998 -0.228677 -0.242636 -0.0958672 -0.276977 -0.310741 0.0656231 0.0699161 0.103458 0.0804494 0.125568 0.214393 0.381286 0.0231236 0.467071 0.141116
internal_weight=112163 47731 34305 64432 14032 40486 29281 20273 19421 19248 6131 13426 9860 13944 5304 3857 8849 1780 12164 8684 1444 935 4928 4720 10572 813 8498 7100 2599 1447 1210 2010 474 3630 531 208 1073 789 506 173 3480 7901 7759 3065 2302 1280 1188 1022 1536 471 896 836 23946 23213 9782 7841 4387 2151 655 3454 559 1496
internal_count=112163 47731 34305 64432 14032 40486 29281 20273 19421 19248 6131 13426 9860 13944 5304 3857 8849 1780 12164 8684 1444 935 4928 4720 10572 813 8498 7100 2599 1447 1210 2010 474 3630 531 208 1073 789 506 173 3480 7901 7759 3065 2302 1280 1188 1022 1536 471 896 836 23946 23213 9782 7841 4387 2151 655 3454 559 1496
is_linear=0
shrinkage=0.05


Tree=81
num_leaves=63
num_cat=0
split_feature=103 105 118 107 104 114 127 112 133 74 121 11 66 8 96 125 90 72 55 118 42 120 68 125 56 101 45 125 79 127 72 96 78 74 133 74 74 105 94 110 34 86 121 113 60 20 129 125 125 127 40 72 127 113 131 133 72 125 68 114 98 83
split_gain=44513.3 28870 21533.2 21123.6 13964.7 12391.2 11787.2 11747.1 9765.75 11076.2 9662.73 9308.38 11347.6 10146.7 8946.56 8682.18 13379.7 12454.4 8515.37 8330.42 8150.4 7682.28 11252.9 7963.5 7723.13 7609.45 9010.93 7579.79 7416.89 7139.07 7002.83 8632.01 6979.96 6720.83 6622.93 8039.88 13962.7 10809.2 6521.38 7833.46 6901.77 6369.03 6267.88 7716.9 7114.84 6691.26 9545.33 11151.4 8299.57 6655.75 6623.46 7564.69 6205.23 6163.1 6149.7 6038.21 6902.3 5708.56 7517.84 6493.24 6118.91 5687.27
threshold=0.032508338880088958 0.0099264171643206525 0.13330038084678539 0.011419351601326152 0.27105879603373007 0.91197944336983372 0.018704586753870354 0.06317720899824357 -0.024501570961429544 -0.015410755911696347 -0.030198551020894044 8141.1050000000005 -0.8762692981909681 47.465000000000011 -0.69183633816798518 -0.0039456056537971991 -0.84350258738054429 0.85674395793745861 0.14353687477472446 -0.038117871901324693 -0.32624927255314851 -0.0072428030796181991 -0.4448849045853604 0.0018158242551131003 -0.31613894340276666 0.97086165854099227 0.029046824111055653 0.025354385034759602 0.023679061447882004 0.026020916537282904 0.65274573111300216 0.34828157846424818 0.24101655448153333 0.010715482629376301 -0.013445014455720048 -0.089329932966200579 -0.042396208805785991 0.029119120097718752 -0.017730369987230144 -0.11666978584609329 -0.84119153599309804 -0.07738035855530058 -0.0053723379479397497 0.032199744531324161 0.3732380347397361 -0.14947386973177867 0.0060523945298335009 0.0052772102117730002 -0.0082550726546175481 -0.023897096851901545 0.29302096263691318 0.70345190625136977 0.017521664008542801 0.0026803571792694504 0.0029139342152381003 -0.010068178422308649 -0.45193876802239724 -0.011023006973213947 -0.62414114592034664 -0.12245051881350054 -0.43304125883475064 0.69173713799838865
decision_type=2 2 2 2 2 2 2 2 2 2 2 2 2 2 2 2 2 2 2 2 2 2 2 2 2 2 2 2 2 2 2 2 2 2 2 2 2 2 8 2 2 2 2 2 10 2 8 2 2 2 2 2 2 2 2 2 2 2 2 2 2 10
left_child=1 5 4 27 19 8 7 28 21 -10 20 12 30 -14 -4 17 18 25 -17 52 -9 22 -1 -24 -25 26 -16 42 61 -6 31 -11 57 -28 -18 -36 37 -37 39 40 -8 -31 43 50 45 46 47 -44 55 -49 -3 -52 -2 -42 -12 56 -47 58 -30 60 -60 -5
right_child=2 3 14 6 29 -7 38 10 9 11 54 -13 13 -15 15 16 34 -19 -20 -21 -22 -23 23 24 -26 -27 33 -29 32 41 -32 -33 -34 -35 35 36 -38 -39 -40 -41 53 -43 44 -45 -46 48 -48 49 -50 -51 51 -53 -54 -55 -56 -57 -58 -59 59 -61 -62 -63
leaf_value=0.066779602465453961 0.01466555016557451 0.007984963660616488 0.035882620853138661 0.22370660510850204 -0.052823475230291378 -0.12268130446868786 0.16556292449434598 -0.13697293026004143 0.027206835486743981 0.028274012882528562 0.018045142767735362 0.020484480700918781 0.095108065427805588 0.20586682514890914 -0.03406216201848454 0.44567693599330432 -0.15412676956668128 -0.086133825433312813 0.0039248338719415996 0.085686785162922691 -0.83342453594270516 0.04728919658274524 -0.17754931786776662 0.15075292110443117 -0.090796999103371759 0.08260435896060829 -0.56183675894450935 -0.093742923989572582 0.13816743886437693 -0.10889890636151126 0.041309580012909047 -0.40455502545883681 0.16512975571027963 -0.29920615744653711 -0.170206933296698 0.092603376440787588 -0.04648217390607863 0.95986521375960998 -0.072045183010437622 -0.094598164262770901 -0.42633537077278905 -0.43727584207952025 0.046173364925632107 -0.35209739093605913 -0.18061634001398522 0.053353946067211104 0.077608928930610638 -0.58238525398833274 0.089009645750621133 -0.17287637183495347 -0.49093852871533566 0.12392961977957151 -0.16186936271285879 -0.071620371125497018 -0.09727397265461013 0.042171421214894367 -0.31681502837994385 0.0013650837075116966 -0.22392809536758362 -0.12092359156370668 -0.83672788205899684 -0.28017350735683599
leaf_weight=1578 1979 5335 1077 591 2536 1078 71 95 14909 223 1587 4674 13356 2447 224 175 3729 1494 287 3825 75 4966 1546 474 1090 125 355 1295 165 363 976 237 598 792 1320 88 3320 60 4415 1054 563 249 643 162 328 204 1411 117 9479 636 140 77 664 157 4254 807 327 6751 90 325 75 61
leaf_count=1578 1979 5335 1077 591 2536 1078 71 95 14909 223 1587 4674 13356 2447 224 175 3729 1494 287 3825 75 4966 1546 474 1090 125 355 1295 165 363 976 237 598 792 1320 88 3320 60 4415 1054 563 249 643 162 328 204 1411 117 9479 636 140 77 664 157 4254 807 327 6751 90 325 75 61
internal_value=0.00231221 0.0181716 -0.0602792 -0.0120955 -0.00350827 0.044832 -0.0476298 -0.0231112 0.04872 0.0604554 -0.0768022 0.0830745 0.100042 0.11227 -0.102121 -0.114541 -0.0899488 -0.188335 0.171856 0.0385272 -0.447308 0.00395751 -0.0419441 -0.0971137 -0.0175411 -0.290274 -0.324306 0.0233819 0.014178 -0.0898607 -0.0345103 -0.195121 0.000958863 -0.38091 -0.104169 -0.0652364 -0.0252447 0.448278 -0.105063 -0.183992 -0.302839 -0.242999 0.0310989 -0.0130079 0.0491623 0.0547071 -0.0140756 -0.106734 0.0725558 -0.237193 -0.00305205 -0.273192 -0.0297297 -0.349194 -0.065944 -0.0439905 -0.17477 -0.0123177 -0.153131 -0.251303 -0.505836 0.176208
internal_weight=112104 89442 22662 41888 9616 47554 20927 14667 46476 36822 6011 21913 17239 15803 13046 11969 8979 2990 462 6468 170 9654 4688 3110 1564 1496 1371 20961 8656 3148 1436 460 8004 1147 8517 4788 3468 148 6260 1845 791 612 19666 5714 13952 13624 2807 1396 10817 753 5552 217 2643 720 5841 1338 531 7406 655 490 165 652
internal_count=112104 89442 22662 41888 9616 47554 20927 14667 46476 36822 6011 21913 17239 15803 13046 11969 8979 2990 462 6468 170 9654 4688 3110 1564 1496 1371 20961 8656 3148 1436 460 8004 1147 8517 4788 3468 148 6260 1845 791 612 19666 5714 13952 13624 2807 1396 10817 753 5552 217 2643 720 5841 1338 531 7406 655 490 165 652
is_linear=0
shrinkage=0.05


Tree=82
num_leaves=63
num_cat=1
split_feature=106 121 104 133 68 115 68 121 115 38 122 127 46 74 74 81 133 96 113 127 107 131 74 110 38 130 127 121 136 38 115 41 81 61 94 124 113 99 69 126 131 19 126 48 98 27 73 113 46 133 82 78 113 105 96 120 0 38 64 126 99 20
split_gain=45318.9 27831.5 21768.7 18790.5 17394 13588.1 13280.9 13227.1 12961.1 13339.7 12800.4 12258 11143.2 10751.4 12613.8 13122.9 10583.6 11677.6 9767.7 9459.36 9367.8 9286.75 8196.69 8016.15 11935.1 10747.6 9232.27 7382.65 7276.15 7227.71 10656.2 9914.07 7832.24 7053.05 6884.09 6880.26 6856.75 7478.38 17109.4 6779.31 6675.84 6605.06 6524.51 6477.78 6803.89 6440.38 6425.46 6288.39 6054.95 6021.63 5988.11 7089.03 6108.04 5830.01 5770.27 7548.56 5956.7 5723.33 6769.79 5690.14 6099.06 5755.82
threshold=0.48397707597245099 -0.0051458615214036987 0.28045507045143031 -0.015014779937019948 -0.46026039183200379 0.013512652303650301 -0.45281884983407511 0.023488999473333955 -0.0098498252493359976 0.83279006809581413 0.042902432475991306 0.016951776734006056 -0.22747730021954046 -0.099576420990319145 -0.043782972700519639 0.34033207526340276 -0.0083084070089911484 0.48535442642874793 0.0018112877008727502 0.049802135858472103 0.034493682797722504 0.024592051329801703 -1.0630208673314347 -0.15529883263770791 -0.23607118686736131 0.057470981899291153 0.0058354982641712506 -0.007463706580270949 0 0.72025390359011909 -0.0055867220373723991 0.077195317165598118 0.24848536915802572 0.24760887461468886 -0.062563568029800787 -0.29424057360023714 0.015463652121781952 0.60195983424505128 0.78729160205686521 0.29004520843779052 0.043610818126736402 -0.49695068725850161 0.084281341877584973 0.062328781471973412 0.89787030828508418 -0.13131656411594503 0.51458153623732039 -0.00018830903606189997 -0.86873891158930638 0.0064497364288204507 -0.20965222509501721 0.27131697753459799 0.0091678205541320511 0.012753226552197501 -0.48184292379924676 0.030720601443049406 642.98500000000013 -0.13733499288794218 -0.041569789370157796 1.2541380792115435 0.91619960069470241 -0.13239910017372142
decision_type=2 2 2 2 2 2 2 2 2 2 2 2 2 2 2 2 2 2 2 2 2 2 2 2 2 2 2 2 1 2 2 2 2 10 8 2 2 2 2 2 2 2 2 8 2 2 2 2 2 2 8 2 2 2 2 2 2 2 2 2 2 2
left_child=2 4 10 6 43 11 -4 19 9 -6 23 50 53 22 15 -15 17 39 -14 33 40 27 -7 26 -25 -26 -1 41 49 30 46 32 -32 59 -22 -30 37 38 -16 48 42 -8 -13 -2 -45 -27 -23 -9 -10 -28 51 -3 -53 54 -12 56 -56 -50 -59 61 -61 -5
right_child=1 5 3 7 8 13 21 47 16 -11 12 20 18 14 36 -17 -18 -19 -20 -21 34 29 -24 24 25 45 28 -29 35 -31 31 -33 -34 -35 -36 -37 -38 -39 -40 -41 -42 -43 -44 44 -46 -47 -48 -49 57 -51 -52 52 -54 -55 55 -57 -58 58 -60 60 -62 -63
leaf_value=0.068711940637617333 0.093458766223332532 -0.015359292533500475 0.024773249677220385 -0.0076240178576338184 -0.46067451253216335 0.048226279654282049 -0.40098026160875594 0.29766760428504246 0.21726936460698695 -0.15228167180488406 0.028461586357108572 0.1342490641498798 0.030478977090713386 0.08952589129742522 0.050160756419895085 0.78794607516828474 -0.038770004479097793 -0.090277675844735256 -0.082662262581861934 -0.24602589187569093 -0.52735786133799056 -0.7891970685274482 -0.1737936408658928 0.04894721263767246 0.16258792342966413 -0.065007377252225468 -0.032311990526993718 -0.014222152367748065 -0.34299255176897975 -0.094419581388195437 -0.42649300314653193 0.037158820369317162 -0.09746613660795922 -0.066107970965469928 -0.1455633519217733 -0.072284880101625607 -0.19689612269415022 -0.053612881403474255 0.9091291952277385 -0.31643897044893121 -0.2484425637448299 -0.10728488089850699 -0.047704678254845631 -0.15280033199289386 0.14085279822349547 0.093808895361807601 -0.17706009892863223 -0.15328252456045366 0.021872304964948585 0.17281256259362282 0.07534116219164394 0.4205995818421161 -0.086340990894370612 -0.01525182914948682 0.11481659023950551 0.26076461425313918 -0.15528669766158112 -0.18340500014162425 -0.55668077470956145 -0.053580144855152306 -0.5656847683822408 0.065298309812293689
leaf_weight=3852 1369 4280 2758 3497 541 497 220 81 102 998 2487 717 3260 259 895 90 3772 3911 4596 307 144 138 2529 15443 5695 912 1161 2899 278 1194 467 307 296 1613 644 1485 604 3170 61 1170 281 1444 1569 732 269 2122 63 1375 269 516 6364 176 89 2284 1306 814 241 824 142 403 67 11959
leaf_count=3852 1369 4280 2758 3497 541 497 220 81 102 998 2487 717 3260 259 895 90 3772 3911 4596 307 144 138 2529 15443 5695 912 1161 2899 278 1194 467 307 296 1613 644 1485 604 3170 61 1170 281 1444 1569 732 269 2122 63 1375 269 516 6364 176 89 2284 1306 814 241 824 142 403 67 11959
internal_value=5.3572e-05 -0.0457196 0.0221515 -0.0117672 -0.100736 -0.0110404 -0.0682028 0.0168473 -0.125698 -0.260919 0.0433911 0.0183349 0.00536157 -0.0627338 -0.0182753 0.271371 -0.105252 -0.144313 -0.0357142 0.0286721 -0.0652329 -0.104688 -0.137324 0.0615058 0.075367 0.122097 0.0155539 -0.0624206 -0.0439735 -0.182872 -0.265827 -0.202709 -0.299144 0.0334942 -0.215913 -0.114493 -0.0396995 -0.0166456 0.105862 -0.228541 -0.0189121 -0.146332 0.00939855 0.0228031 -0.0738247 0.0460641 -0.59916 -0.128008 -0.151443 0.0306858 0.0440393 0.000202883 0.25066 0.0506058 0.0816295 0.137599 0.0726653 -0.182046 -0.238795 0.0435855 -0.127628 0.0487998
internal_weight=112008 36468 75540 29088 14099 22369 9786 19302 11729 1539 46452 14264 14988 8105 5079 349 10190 6418 7856 17846 3355 7028 3026 31464 24172 8729 7292 4563 3440 2465 1271 1070 763 17539 788 1763 4730 4126 956 2507 2567 1664 2286 2370 1001 3034 201 1456 1337 1677 10909 4545 265 7132 4848 2361 1547 1235 966 15926 470 15456
internal_count=112008 36468 75540 29088 14099 22369 9786 19302 11729 1539 46452 14264 14988 8105 5079 349 10190 6418 7856 17846 3355 7028 3026 31464 24172 8729 7292 4563 3440 2465 1271 1070 763 17539 788 1763 4730 4126 956 2507 2567 1664 2286 2370 1001 3034 201 1456 1337 1677 10909 4545 265 7132 4848 2361 1547 1235 966 15926 470 15456
cat_boundaries=0 1
cat_threshold=9
is_linear=0
shrinkage=0.05


Tree=83
num_leaves=63
num_cat=0
split_feature=94 113 74 88 91 89 72 100 42 71 75 100 23 91 90 72 70 95 92 90 73 70 56 69 70 123 135 82 88 45 100 89 3 99 89 86 85 123 90 76 72 75 96 69 72 115 97 90 71 72 99 99 78 85 111 89 92 123 72 87 76 89
split_gain=37504.8 36524.8 28324.3 22748 19136.8 21654.1 22507.3 27891.7 30138.1 24689.8 24033.1 18273.7 19991.6 17265.6 17093.4 16752.2 16115 22211.3 17419.1 16077.2 26720.9 26326.9 22975.8 30516.5 16762.7 15644.4 15606 15594.9 22190.5 15489.7 15324.6 17942.9 15042.2 14884.8 14789.7 17865.8 17013.5 14438 14408.6 18299 15794 16845.5 14182.8 19160.8 14122.5 14012.6 13961.1 13913.6 13641 13330.3 17340.2 13265 13653.6 13024.3 12868.5 12721.7 12482.2 12456 13093.2 12556.2 13064 12105.1
threshold=0.028663172195555555 0.0091678205541320511 0.096743125747934158 -0.021934910886898345 0.22180528119997464 0.086250967237738119 -0.51202466946593517 -0.054456311872726842 0.07735434318379826 0.80814191314534811 0.10281505040466461 -0.43461339962966 -0.24462281648699061 0.17889693036352797 -0.71396663592313814 0.68647571808998986 0.37409606032573128 0.099570343560177368 -1.4910765704369005 -0.86417855119313358 0.47831444732382505 -0.1347750930817033 -0.66764649125660946 0.61141618388902963 0.15231595927424332 0.0060192370049086509 0.024274385771472905 -0.3128927684566849 -0.058367392362838992 0.047784775429569902 -0.28299314323060509 0.088378613907354714 21.575000000000003 0.62697606265190042 0.029155121472992953 -0.34355290474746697 0.39369577348083434 0.00076706484713135012 -0.27889371195060714 -0.12428378762880178 0.25716984972681006 0.053682894644595906 -0.020636170141751498 0.68409636477260483 -0.56337285667330794 -0.0085656922903164477 0.63798458412588033 -0.86417855119313358 0.73594467634388272 0.7562167690803322 0.63689261649973905 0.67378916919785381 -0.10215979599696177 0.39369577348083434 0.0059125053897806012 0.029155121472992953 0.40125672576052041 0.0024201577015455504 -0.28504334476944276 0.23056332843272478 1.1424713738968111 0.036121442482169759
decision_type=10 2 2 2 2 2 2 2 2 2 2 2 2 2 2 2 2 8 2 2 2 2 2 2 2 2 2 10 2 2 2 2 2 2 2 2 2 2 2 2 2 2 2 2 2 2 2 2 2 2 2 2 2 2 2 2 2 2 2 2 2 2
left_child=1 2 4 19 5 6 -1 9 26 38 13 12 -5 53 -3 -14 55 -18 -19 20 -4 -21 23 56 -22 -16 45 33 -29 -11 -25 -32 -27 -24 -30 49 54 61 39 -8 -40 -42 44 -44 -7 -9 48 -39 -41 50 -36 -26 -53 -10 -37 -13 -23 58 -15 -60 -61 -6
right_child=-2 14 3 11 37 42 7 8 10 29 -12 16 15 57 25 -17 17 18 -20 21 24 22 27 30 51 32 -28 28 34 -31 31 -33 -34 -35 35 36 -38 47 40 46 41 -43 43 -45 -46 -47 -48 -49 -50 -51 -52 52 -54 -55 -56 -57 -58 -59 59 60 -62 -63
leaf_value=0.036738319054953138 -0.072650225771720811 0.047352494221257486 0.32104445054379394 0.17735616414155236 0.11835779054465737 0.070940570212614476 -0.14121989222224227 -0.58796145741849448 0.043308825358687429 -0.037474796639912294 -0.40226266165442115 0.30476241857946446 -0.14516164070400581 0.038592178236145927 -0.0015288717588060931 0.077284770228828736 1.2185917527591057 -0.43186962834248943 0.41008432850314147 0.059107505493695346 0.22708999977826522 -0.40925120170286394 -0.081360132931081464 -0.30018885647525662 -0.52697900759234828 0.0035985759754377554 -2.9584892028200946e-05 0.19563216117723939 0.22414292868740301 -0.65640618838138465 -0.51347420126138654 -1.3952745181963195 -0.15714180977233783 -0.46960388614333487 0.69868925365748524 -0.51773836570131637 0.056014022957860378 0.1029668107988348 -0.14707065176757456 0.31083450402464657 -0.22808982568327341 0.36990520572622443 0.10209358408477376 -0.25760744275367625 0.2168610756912715 -0.24245429180741562 0.57804527750655832 -0.10315690610604367 -0.51752845531418212 -0.45131561970220341 -0.047565872901381707 -0.29342819348314392 0.39573786125695415 -0.29530085468024109 0.011683717086201624 0.11219315835510385 0.16520301842784191 -0.12902260810688412 0.073912351272270665 0.58732545969239969 -0.15663551980729351 -0.026169464953886674
leaf_weight=14513 15857 2991 1086 1619 1894 5831 193 343 518 272 378 971 1727 1061 3830 1658 73 71 423 8503 323 127 1281 369 218 1850 564 1271 320 160 182 85 6823 305 136 535 284 905 611 235 159 447 849 655 2317 2030 454 8513 62 78 180 176 120 627 146 7325 361 492 336 392 69 6152
leaf_count=14513 15857 2991 1086 1619 1894 5831 193 343 518 272 378 971 1727 1061 3830 1658 73 71 423 8503 323 127 1281 369 218 1850 564 1271 320 160 182 85 6823 305 136 535 284 905 611 235 159 447 849 655 2317 2030 454 8513 62 78 180 176 120 627 146 7325 361 492 336 392 69 6152
internal_value=-0.00139049 0.0103222 0.0237786 0.0623743 0.0011243 0.0232089 -0.00230377 -0.0625605 -0.115694 0.076974 -0.0240809 0.109302 0.0329057 0.0169245 -0.0600099 -0.036215 0.152427 0.410135 0.288447 0.0219155 0.157532 0.00349214 -0.0800543 -0.28232 -0.0547539 -0.0856951 -0.236453 -0.0298827 0.0380972 -0.267695 -0.51025 -0.798356 -0.122859 -0.156271 -0.081202 -0.153213 -0.268971 -0.0413239 0.145968 0.292451 0.032197 0.212888 0.0864186 -0.0546252 0.112457 -0.292621 0.40394 -0.0833411 0.136754 0.130271 0.274798 -0.231963 -0.0136448 -0.142209 -0.404385 0.134766 0.0151725 0.0944873 0.15371 0.30672 0.475875 0.00786222
internal_weight=112336 96479 80985 29953 51032 33568 23916 9403 6810 2593 3873 13867 5004 3495 15494 3385 8863 567 494 16086 1923 14163 5660 1124 837 12503 2937 4536 2950 432 636 267 8673 1586 1679 1359 965 17464 2161 944 1217 606 9652 1504 8148 2373 751 9418 297 394 316 514 296 1145 681 8296 488 2350 1858 797 461 8046
internal_count=112336 96479 80985 29953 51032 33568 23916 9403 6810 2593 3873 13867 5004 3495 15494 3385 8863 567 494 16086 1923 14163 5660 1124 837 12503 2937 4536 2950 432 636 267 8673 1586 1679 1359 965 17464 2161 944 1217 606 9652 1504 8148 2373 751 9418 297 394 316 514 296 1145 681 8296 488 2350 1858 797 461 8046
is_linear=0
shrinkage=0.05


Tree=84
num_leaves=63
num_cat=0
split_feature=106 107 131 102 105 127 123 122 133 46 127 132 25 105 99 38 96 120 57 123 31 90 45 40 103 127 122 103 38 87 124 113 129 124 46 66 71 88 15 40 133 85 38 123 119 62 92 76 123 90 119 116 72 56 65 39 90 89 79 119 103 45
split_gain=42570.3 29829.1 20224.1 18379.4 12542.4 9814.89 9663.21 9252.88 9139.46 8997.36 7798.4 7331.33 7801.27 7270.26 7132.7 6975.53 9532.48 9192.49 6716.85 6581.49 6330.08 6513.83 8354.27 6572.6 6084.72 5932.34 5843.34 7344.2 6667.54 10235 7034.1 5656.5 5606.92 6615.58 5856.34 5553.38 6851.29 5549.52 5506.59 5381.25 6740.48 6403.41 5683.2 5367.56 5335.63 8731.16 7599.91 5311.95 6765.46 5704.18 5295.82 5377.4 5381.16 5376.62 5307.97 5289.72 5282.66 5254.48 5999.83 5217.94 5211.04 5186.41
threshold=0.23203244000234532 0.037774197127948654 0.021769395966359555 0.88532585838385802 0.0079470133371202008 0.023221076063857704 0.011305526527007802 0.061760975317839056 -0.026527613987282497 -0.24937602517031707 0.043019058208708404 -0.64587276023225348 -0.28322227367402336 -0.027305681421060747 0.56278721036879442 -0.40183574340758482 0.6065154957135569 0.061438006098920257 0.40187926047002204 0.0035602846799742001 -0.73891335672129144 -0.8758218124737478 0.14119525514377987 0.19030049724894313 0.048517148770342806 0.030312053281539356 -0.043544073153469746 0.044136290111984604 0.50756476879549017 0.23630204373599237 0.2801955413097198 0.0019353123066385501 0.010992655523330052 -0.032404140328104646 0.065400718913717459 -0.19511774442372301 0.54946547545172353 0.00148358551350035 38.945000000000007 -0.13781912209134603 -0.009211884578113198 0.35258341961336187 -0.53103292163331606 0.0010747036593704003 1.0000000180025095e-35 0.2513916741444488 -0.78246099966273663 -0.7134966038941758 0.032810194444916257 0.17477448250814312 -0.0034185027105458495 -1.8471310848947382 -0.32645241071950298 0.2566173581628326 0.49262471981270489 0.29632887019315435 -0.83352846338760223 0.080489467423245906 0.085561689040077812 -0.015660289103240948 -0.011953631287466498 0.056263505749328258
decision_type=2 2 2 2 2 2 2 2 2 2 2 2 2 2 2 2 2 2 2 2 2 2 2 2 2 2 2 2 2 2 2 2 8 2 2 2 2 2 2 2 2 2 2 2 2 2 2 2 2 2 2 10 2 2 2 2 2 2 2 2 2 2
left_child=3 2 4 7 10 19 14 11 15 24 60 18 -13 -10 -6 -4 17 -17 25 -5 -16 22 23 -22 -9 -1 27 32 -28 30 -30 -11 33 61 35 36 -34 59 -7 43 55 42 -42 -23 -8 46 -46 -15 50 -50 -49 52 -52 54 -54 -41 -21 -44 -59 -3 -2 -14
right_child=1 37 8 5 6 38 44 9 13 31 -12 12 26 47 20 16 -18 -19 -20 56 21 39 -24 -25 -26 -27 28 -29 29 -31 -32 -33 34 -35 -36 -37 -38 -39 -40 40 41 -43 57 -45 45 -47 -48 48 49 -51 51 -53 53 -55 -56 -57 -58 58 -60 -61 -62 -63
leaf_value=0.019862884936015481 0.10357939109321679 0.21869162789891275 0.033256774891437621 0.02043302799601221 0.061250244862801645 -0.15251623710244588 0.069847390118657676 0.058755590108479777 0.12458221605360509 0.02396052715661991 -0.19427194305185586 0.045027403705086497 0.036280354504731105 0.087752209269916115 0.038624760826773186 -0.34200709903254461 -0.070282830242991146 -0.073995403971578069 0.47366062009876431 0.11087260751979439 0.12171462628750773 0.014105170143279925 -0.15126828008499571 0.59851092775554759 -0.20851693512363867 -0.13372108737437238 0.10177242864384764 -0.21762141292952764 0.44380419380800351 0.077677961307607846 0.056802754229130718 -0.063287857136491973 0.34691034755578232 0.082701223153078318 -0.023140022080325715 0.31293749205529864 0.0073747388066819118 -0.081615271694415653 0.21846537862746224 -0.27204678171565949 -0.20974477381539455 -0.04636674657454784 0.26314467328546709 -0.28989699462862495 -0.0030548375348250071 -0.055571981107673564 -0.39273582501373161 0.038492925685571798 -0.66446232501562541 -0.16739477170552364 -0.093359552376715088 -0.086132862547812328 0.035380869276903489 -0.029541985140637602 0.52660675867342621 -0.079855111363277151 -0.10234969565988331 -0.45816203160364122 0.16878605801977364 -0.16930606711099069 0.032060253723851906 -0.21579199095467061
leaf_weight=6099 3370 88 510 6222 2876 1815 271 6676 624 3100 335 17310 375 635 2509 992 1320 473 76 333 341 205 226 91 219 700 6914 244 532 619 151 4633 203 1221 451 515 547 6030 105 432 108 2014 483 496 164 770 527 1317 76 235 330 6173 90 177 141 2078 2236 60 101 3547 10426 446
leaf_count=6099 3370 88 510 6222 2876 1815 271 6676 624 3100 335 17310 375 635 2509 992 1320 473 76 333 341 205 226 91 219 700 6914 244 532 619 151 4633 203 1221 451 515 547 6030 105 432 108 2014 483 496 164 770 527 1317 76 235 330 6173 90 177 141 2078 2236 60 101 3547 10426 446
internal_value=0.00193296 -0.0320458 -0.0134078 0.0298026 0.0106633 -0.0297407 -0.0233293 0.0423005 -0.0646666 0.00871304 0.0437435 0.0557966 0.0666234 -0.0404335 -0.00741473 -0.136692 -0.167814 -0.255584 0.00929276 -0.00736693 -0.0290158 -0.0545958 0.0946153 0.223301 0.0502374 0.00403311 0.0972135 0.0476527 0.121346 0.225128 0.358453 -0.0283132 0.0649297 0.00892966 0.131524 0.18664 0.0996153 -0.111055 -0.132125 -0.0710353 -0.0537191 0.000122566 0.124526 -0.201101 -0.133708 -0.171487 -0.300388 -0.0516699 -0.0620471 -0.290605 -0.0533738 -0.0708835 0.0566134 0.177847 0.336197 -0.113029 -0.0746789 0.180822 -0.0662451 -0.159855 0.0495367 -0.100751
internal_weight=112383 50641 40976 61742 27883 10711 13752 51031 13093 14628 14131 36403 29528 9798 12020 3295 2785 1465 6875 8791 9144 6635 658 432 6895 6799 12218 4002 8216 1302 683 7733 3758 2042 1716 1265 750 9665 1920 5977 5276 2766 752 701 1732 1461 691 9174 8539 311 8228 6911 738 408 231 2510 2569 644 161 3635 13796 821
internal_count=112383 50641 40976 61742 27883 10711 13752 51031 13093 14628 14131 36403 29528 9798 12020 3295 2785 1465 6875 8791 9144 6635 658 432 6895 6799 12218 4002 8216 1302 683 7733 3758 2042 1716 1265 750 9665 1920 5977 5276 2766 752 701 1732 1461 691 9174 8539 311 8228 6911 738 408 231 2510 2569 644 161 3635 13796 821
is_linear=0
shrinkage=0.05


Tree=85
num_leaves=63
num_cat=0
split_feature=135 115 133 68 125 78 113 111 103 124 50 101 126 125 74 105 111 80 122 46 107 121 130 84 96 92 72 96 70 46 106 60 74 125 121 5 90 113 90 92 126 64 111 54 98 77 72 109 74 74 81 90 72 74 51 74 91 96 73 50 68 121
split_gain=37979.7 25150.7 24766.7 23440.2 19295.5 17766.7 22693.8 17244.1 15683.9 14738.4 18469.5 15910.6 14610.2 13976 15938.4 13697 11977 11465.1 11450.7 11059.6 10835.4 10758.5 10728.2 10502.6 10238.2 9905.8 17166 9505.65 9709.56 9343.22 9234.45 9229.5 10674.5 20944.6 15105.6 14750.2 13968.6 10796.8 9835.78 9317.71 8886.98 8919.79 11721.1 8936.61 8595.6 13605.8 8463.58 9610.48 8273.24 11085.8 20545.4 8127.08 8010.27 7636.3 8052.89 7620.97 7577.38 7381.47 7374.7 10363.6 7331.11 7297.51
threshold=-0.019094997392225647 0.023429498445578203 0.010100017599896401 -0.45281884983407511 -0.012050387439153949 0.19550672499856983 0.0098194368757329505 0.0016580388773415001 -0.027140206361077595 -0.049800337405040647 0.73412946901124332 1.0608589966110886 1.0000000180025095e-35 -0.0039456056537971991 -0.022275613004427146 0.043312740817059908 -0.020690392207189049 -0.85574983282693473 0.50594270854149759 -0.58891507810444643 -0.0024781283004435997 -0.0010712682243094998 0.10705809051137977 -0.31268648328040388 -0.82656482315301816 0.81178768096038856 0.65274573111300216 -0.13963233734464373 -0.0070026126194090493 -0.62307415063522942 0.35047885834301934 0.37740357165892091 -0.11032793490870839 0.0086379969352799024 -0.0020048191463849494 2324.0350000000003 -1.2529815640948365 0.0024723518778431504 -0.61030136772748411 -0.55106567281990404 0.96936239562626858 -0.21043109632523291 0.0025839364419961001 0.20727217107913767 -0.062490904786912639 0.38667182827661412 0.70345190625136977 -0.0024358119523290997 -0.099576420990319145 -0.03853473235262999 0.36000815968805455 -0.22820667977472478 0.36284021542315675 0.76777326922511568 0.33898618877710396 0.11070847900409617 0.23125225204737734 0.41545651201642164 0.57469021089038763 0.089076521640792911 -0.60310726513005786 -0.004326581769932049
decision_type=2 2 2 2 2 2 2 2 2 2 2 2 2 2 2 2 2 2 2 2 2 2 2 2 2 2 2 2 2 2 2 10 2 2 2 2 2 2 2 2 2 2 2 2 2 2 2 2 2 2 2 2 2 2 2 2 2 2 2 2 2 2
left_child=2 4 3 18 12 8 17 9 23 10 11 13 -2 14 -5 16 27 44 -1 -19 -16 53 29 -6 -20 -21 -27 -10 -29 -11 -17 32 33 -18 40 37 -36 -35 -39 -40 41 42 43 52 45 57 47 -24 -3 50 -50 -32 58 54 -15 -9 -53 -7 -34 -60 -14 -49
right_child=1 48 -4 7 5 6 -8 55 15 22 -12 -13 60 21 20 30 31 19 24 25 -22 -23 46 -25 -26 26 -28 28 -30 -31 51 -33 34 35 36 -37 -38 38 39 -41 -42 -43 -44 -45 -46 -47 -48 61 49 -51 -52 56 -54 -55 -56 -57 -58 -59 59 -61 -62 -63
leaf_value=0.025445408559987389 0.020744756187603346 -0.1109922078322213 0.029905067429332213 -0.98419597765896472 0.055028847585357282 0.225736615093621 0.0069127292025717175 -0.073110332724515156 -0.0058164568232017318 0.13395400033869467 -0.10491705403344627 0.48580303513814532 0.043337568923830991 -0.089351603809803254 -0.037085923290285983 -0.0076551293278031623 0.045234382754968487 0.44692653146425676 0.07219638987021014 0.28257206417565855 -0.47652935629164372 -0.023952156387482926 0.086794793629270839 0.18776481557224686 -0.58690543515690086 -0.46123495255323022 0.18343192046977111 -0.48394156363541535 -0.10881846911158054 -0.062502432463341903 -0.044585027714864292 -0.08874008805340533 -0.093433627129755267 -0.12052002630134535 -0.48559515674564024 -0.0024668941145228464 0.084722746728718434 -0.0082941925139338891 -0.33210881930804748 -0.82307444232053495 -0.12075549189895129 0.055464796126902152 0.10059683151463357 -0.56452001309803412 0.24802743947168568 -0.75635176161052409 -0.074942573792656009 -0.32009659063725104 0.042556168508642522 -0.036962719218838293 0.82458527449448171 -0.37309844263569314 0.030435802740239992 -0.86357717647171417 -0.42818838431030737 0.057169273976532091 -0.037667647308256495 -0.37777745986455369 -0.0044363950783351683 -0.65486667661921305 -0.19107372538834347 -0.13374515785039681
leaf_weight=6292 2449 3796 8433 127 4062 151 2217 2412 1494 736 2665 62 399 314 178 2482 7088 621 98 1199 664 479 253 2354 146 135 428 240 610 3384 751 1478 1658 1250 107 1850 18837 134 290 146 1141 8312 1213 92 211 73 2681 1205 405 6532 105 565 1264 60 398 2098 240 75 105 146 2022 935
leaf_count=6292 2449 3796 8433 127 4062 151 2217 2412 1494 736 2665 62 399 314 178 2482 7088 621 98 1199 664 479 253 2354 146 135 428 240 610 3384 751 1478 1658 1250 107 1850 18837 134 290 146 1141 8312 1213 92 211 73 2681 1205 405 6532 105 565 1264 60 398 2098 240 75 105 146 2022 935
internal_value=0.000227806 0.0192255 -0.0442579 -0.069089 0.0305173 0.0379277 0.127291 -0.0976418 0.03004 -0.124791 -0.194377 -0.29876 -0.0653629 -0.320881 -0.46341 0.0208539 0.0283765 0.219506 0.0123911 0.265537 -0.383785 -0.210198 -0.0873321 0.103751 -0.32297 0.20139 0.0283056 -0.0817968 -0.21518 -0.0273833 -0.0675383 0.0341029 0.038266 -0.00496566 0.0524128 -0.101905 0.081476 -0.202925 -0.383109 -0.498022 0.0128883 0.0248192 -0.0320644 -0.0813659 0.00433007 -0.167897 -0.135994 -0.204334 -0.0515021 -0.0194226 0.204861 -0.162993 -0.0671836 -0.325577 -0.279092 -0.0125065 -0.273265 0.0246735 -0.131802 -0.383872 -0.152439 -0.238777
internal_weight=112347 78727 33620 25187 67889 63019 5110 18651 57909 14141 4947 2282 4870 2220 969 51493 47455 2893 6536 2383 842 1251 9194 6416 244 1762 563 2344 850 4120 4038 45111 43633 10758 32875 3670 18944 1820 570 436 13931 12790 4478 3265 510 299 5074 2393 10838 7042 510 1556 3173 772 712 4510 805 226 1909 251 2421 2140
internal_count=112347 78727 33620 25187 67889 63019 5110 18651 57909 14141 4947 2282 4870 2220 969 51493 47455 2893 6536 2383 842 1251 9194 6416 244 1762 563 2344 850 4120 4038 45111 43633 10758 32875 3670 18944 1820 570 436 13931 12790 4478 3265 510 299 5074 2393 10838 7042 510 1556 3173 772 712 4510 805 226 1909 251 2421 2140
is_linear=0
shrinkage=0.05


Tree=86
num_leaves=63
num_cat=1
split_feature=106 105 121 126 112 90 103 130 124 38 68 96 127 86 105 135 84 125 59 129 50 93 115 125 125 72 117 130 42 84 121 111 72 101 135 121 125 79 10 85 77 59 125 77 80 90 50 135 19 107 136 121 64 47 17 6 100 37 132 127 95 107
split_gain=38819.3 23015.9 15703.8 15163.8 13491.2 11161.7 11110.7 10787.3 8740.47 8148.85 8094.04 12018.6 10780.7 7680.84 7464.54 7179.87 12155.9 8147.68 7599.32 8371.96 7728.03 7773.05 6984.24 10295.8 6977.3 6887.76 6838.41 6748.68 6609.42 6514.8 11521.8 14461.2 8939.83 8400.39 7972.59 7410.15 6058.79 8234.69 8620.86 5927.12 5760.67 5696.92 5387.63 5367.78 7385.23 6091.77 7018.07 6219.16 6186.63 5878.92 5337.9 6116.9 6159.32 5246.31 6228.11 6473.05 5791.98 5691.35 5123.67 5109.25 5125.61 5068.36
threshold=0.79644821244634201 0.0093277227479934017 -0.0062397357693323987 0.93377818485887143 0.063177209001116563 -0.73053144575091655 0.016631407749643102 0.14142522257444762 -0.35176498279444196 -0.33168563251116939 -0.58095586978977376 0.21416212483297728 -0.0057933226176628992 0.014561019248967152 0.0051812230921263512 -0.0073388735510420992 -0.3319817613113753 0.015315551401558552 0.29317287540191411 0.0066318113193446007 0.28757319317449931 0.37841889501978948 -0.0061087172605522487 0.004440610006498551 -0.0057351452914557498 -1.0473491310102407 -0.0010026508654003999 0.83026632814846646 0.15637451598441307 0.44394383052565251 -0.0062397357693323987 0.015469232237158402 -0.41832296117124174 0.4958991041824849 -0.020826342631058894 0.010257752178973002 0.0078099267522541505 0.043641951373864507 2387.9450000000002 0.36583759690418849 0.13563037643667869 0.8669273983738166 -0.011023006973213947 0.25815050758294916 0.026545462569127102 0.31309879103300919 -0.27495829902588881 -0.0079012649473642494 0.53028039789037029 -0.013713303073105849 0 -0.020745160822557746 -0.24095941945024088 0.20474159512528142 -0.47778529957665494 8329.095000000003 0.037316475752839806 0.63502800379011037 -1.0849268934286325 -0.0073264466910588988 0.24548068789139246 0.014322021129620601
decision_type=2 2 2 2 2 2 2 2 2 2 2 2 2 2 2 2 2 2 2 10 2 2 2 2 2 2 10 2 2 2 2 2 2 2 2 2 2 2 2 2 2 2 2 2 2 2 2 2 2 2 1 2 2 2 2 2 2 2 2 2 10 2
left_child=1 6 10 4 8 13 15 -8 9 -3 -2 12 27 -6 -4 -1 -17 18 19 20 -18 24 23 -14 26 -7 -22 -12 36 30 33 34 35 -27 -32 -33 37 38 -5 -10 -36 58 -16 44 -41 46 -46 48 -48 -45 51 -24 -53 56 -55 -56 -52 -58 -20 -21 -61 -9
right_child=2 3 14 28 5 25 7 61 39 -11 11 -13 22 -15 42 16 17 -19 41 59 21 -23 50 -25 -26 29 -28 -29 -30 -31 31 32 -34 -35 40 -37 -38 -39 -40 43 -42 -43 -44 49 45 -47 47 -49 -50 -51 53 52 -54 54 55 -57 57 -59 -60 60 -62 -63
leaf_value=0.025260648542698112 0.027201103143739171 0.034227025090308671 0.016969973590105603 -0.77449628390238756 0.03088877140906876 0.10899612003632185 0.037172714510646222 -0.011337507825112487 0.053381571721556755 -0.17558358266485161 0.079954714491032072 -0.092867420266359371 -0.63518340669795592 0.37071218357060126 -0.20642378059645933 0.039653807140747246 0.036145950136042569 0.011248486313724916 0.033175462657102167 0.25530837906464454 -0.36272609453234406 -0.18989717836957426 -0.34411577441998853 0.083519187761891281 0.37547375422407164 -0.47278888048628559 0.28188942641718312 -0.39382517408383522 0.023952835554988706 -0.026278761875357898 -0.16986886540735974 -0.078087488142321415 -0.13324900561254827 -0.1710581453201756 0.13759214522231833 -0.58863138377917978 -0.05572631202400137 -0.13436182233916089 -0.25903728956645938 0.075620558059722648 -0.023715539393457143 0.60624041333794598 -0.04793241087251375 0.070268100909777878 0.048818644708469174 0.054453166996640184 -0.7404151281243877 -0.097443838361724627 -0.17609046614546886 -0.037741728646681946 -0.74407099667146359 -0.29816442833296836 0.12595982601942865 -0.52971902566840467 0.27354651428978233 -0.24339460583218325 -0.56697314161698797 -0.025576436695873096 0.20206476781396759 -0.081971218290073533 -0.52895836640222405 -0.10108223257894385
leaf_weight=12987 857 800 5304 104 1823 530 9389 4057 10221 1096 359 4956 266 182 575 10908 1276 1377 519 61 71 95 210 61 550 285 95 94 806 4029 682 102 890 1207 764 236 1392 1485 366 4057 2001 79 7788 1511 220 537 113 188 86 7554 131 125 266 114 84 210 102 92 3353 174 101 2569
leaf_count=12987 857 800 5304 104 1823 530 9389 4057 10221 1096 359 4956 266 182 575 10908 1276 1377 519 61 71 95 210 61 550 285 95 94 806 4029 682 102 890 1207 764 236 1392 1485 366 4057 2001 79 7788 1511 220 537 113 188 86 7554 131 125 266 114 84 210 102 92 3353 174 101 2569
internal_value=-0.00164247 0.0126694 -0.0619048 -0.0137326 -0.00408623 -0.0463568 0.0366371 0.00270123 0.0163123 -0.0870845 -0.117888 -0.135476 -0.235276 0.061905 -0.0294279 0.0538103 0.073679 0.121551 0.145375 0.0756146 0.112912 0.233499 -0.294211 -0.501268 0.289862 -0.066598 0.00565932 -0.0190081 -0.104561 -0.0757354 -0.108037 -0.0694 -0.216659 -0.228972 -0.0168912 -0.435247 -0.135507 -0.192255 -0.374499 0.0243214 0.0208892 0.188126 -0.0588529 0.00349867 0.0439848 -0.0681741 -0.176571 -0.304495 -0.498636 -0.0197323 -0.243118 -0.125075 -0.0100445 -0.333356 -0.217659 -0.0952705 -0.487712 -0.311676 0.179441 -0.155696 -0.247459 -0.0461429
internal_weight=112522 90928 21594 43267 39114 12731 47661 16015 26383 1896 7927 7070 2114 2005 13667 31646 18659 7751 6374 2423 2087 811 1661 327 716 10726 166 453 4153 10196 6167 4675 1228 1492 3447 338 3347 1955 470 24487 2765 3951 8363 14266 5201 1144 607 387 199 9065 1334 601 391 733 408 294 325 194 3872 336 275 6626
internal_count=112522 90928 21594 43267 39114 12731 47661 16015 26383 1896 7927 7070 2114 2005 13667 31646 18659 7751 6374 2423 2087 811 1661 327 716 10726 166 453 4153 10196 6167 4675 1228 1492 3447 338 3347 1955 470 24487 2765 3951 8363 14266 5201 1144 607 387 199 9065 1334 601 391 733 408 294 325 194 3872 336 275 6626
cat_boundaries=0 1
cat_threshold=9
is_linear=0
shrinkage=0.05


Tree=87
num_leaves=63
num_cat=1
split_feature=106 135 107 102 103 131 105 115 132 131 74 114 115 12 121 126 103 68 38 105 103 124 96 54 120 96 84 126 16 79 124 135 21 95 87 68 17 93 72 119 109 108 79 84 90 95 120 102 41 115 136 29 84 129 55 85 121 82 109 38 124 38
split_gain=34820.2 20347.7 16355.3 17670.9 12900.4 12357.2 10123.2 9872.9 9066.82 10573.7 9438.6 8474.99 8128.18 7184.71 6951.4 6926.16 6484.57 6455.47 9236.17 9029.95 6411.27 6521.68 6577.88 9128.75 7180.92 6905.32 7798.23 6960.44 6337.17 6214.11 6199.23 5883.65 5826.34 5736.64 6121.1 5731.73 5485.6 5436.81 9019.36 8151.09 5624.96 5419.72 5374.41 5343.38 5302.02 5685.1 5283.75 5270.77 5261.98 6750.79 6414.83 6926.13 5715.83 7843.58 5939.75 5496.34 5430.79 5924.25 5374.99 5001.82 4976.17 4964.88
threshold=0.48397707597245099 -0.020136273721026898 -0.0043329607172583997 0.57183895261378959 0.038008634292450605 0.017074761530171106 -0.0039296364847827498 -0.0035153005939058497 -0.14028015195094981 0.041789440427650357 0.089324032954472013 0.4720185185826567 -0.0054116021990188489 8.4166500000000024 -0.0042134400343577993 0.40013964906283023 -0.022192599775997145 -0.63123818179199287 0.95777075278835444 -0.022419650575986046 -0.015911832624659495 0.16979544153837267 -0.74740869567537993 -0.071192744402673994 0.33219776956585251 0.44561246286505396 -0.029189415100281446 0.74864051786589803 23.266250000000003 0.11550436365498681 0.15883686561812346 -0.013228927634307448 -0.40854535918091489 0.16244067336396459 0.21741281576683083 -0.70379211111241435 0.41678588755983298 0.48293198266049592 0.18371092498479927 0.0134554546920222 0.00082358545155975015 0.030084464027732554 0.021183543097453756 -0.63719819895009133 -0.81282470166538678 0.16070483341601938 0.37477183720333679 0.33996378021759782 0.12520336749645286 -0.0098498252493359976 0 -0.29053295604440582 -0.086133350961827088 0.023822003243878953 0.028461648857611255 0.36505101014578406 0.0082109816421658526 -0.21862730113534679 -0.0031994797638016993 0.12778049937144242 -0.14206565546549277 0.60806140016915688
decision_type=2 2 2 2 2 2 2 2 2 2 2 2 2 2 2 2 2 2 2 2 2 2 2 2 2 2 2 2 2 2 2 2 2 10 2 2 2 2 2 2 2 2 2 2 2 8 2 2 2 2 1 2 2 10 2 2 2 8 2 2 2 2
left_child=2 7 -1 8 6 11 -5 17 9 14 30 32 36 46 20 -15 -9 -2 19 -19 -4 22 -22 -24 25 26 27 -25 37 -23 41 -17 -3 34 -7 -8 -11 39 40 -21 -39 43 -35 -10 45 -18 -12 -30 49 50 -34 -52 -51 54 55 -54 -50 -58 -56 -41 -45 -61
right_child=1 5 3 4 -6 33 35 16 10 12 13 -13 -14 15 -16 31 44 18 -20 28 21 29 23 24 -26 -27 -28 -29 47 -31 -32 -33 48 42 -36 -37 -38 38 -40 59 -42 -43 -44 60 -46 -47 -48 -49 56 52 51 -53 53 -55 58 -57 57 -59 -60 61 -62 -63
leaf_value=0.053804903144261812 0.019736422573853482 -0.023961379416727373 0.078545806186294059 0.050804602365315178 -0.127733988047977 0.046352151726810877 0.050899184360824135 0.082086593528365934 0.025591519317197543 -0.60841642068564028 0.028143031456070739 -0.063578799180224577 -0.082427594768519907 0.13289427855616884 0.034962009608875987 -0.098219831531293628 0.34926134290964539 0.1356543929790551 -0.10905475426289775 -0.10576774030136811 0.073254225403070458 0.1050829507760889 -0.32411818595235831 0.027766632333362129 0.33189560344344693 0.03829372682293028 -0.34765103379871404 -0.44056970647973376 0.21505761469111723 -0.097673484487742102 -0.031789312664322215 0.096090615110244804 0.11961743033638127 0.30642403295286091 -0.061757099547384432 -0.065373807177918283 -0.13818004881234275 -0.51082256346746202 -0.24417784047781388 -0.13483925883586589 -0.98922660986491295 -0.040602156965650116 -0.099299688675785647 -0.010705875621770762 -0.094497490160553213 -0.016495598696315096 -0.22771560551095918 -0.38574428616557271 0.042718058966600178 0.054034164250552866 0.03814382916366732 -0.36383860701826054 0.71848608232461497 -0.2127348300393509 -0.10793048971815702 0.21900218789362247 -0.42515235513266997 -0.034095814906279831 0.17540714823824849 -0.91952048748038528 0.15308260366158538 -0.35121581147148001
leaf_weight=23904 360 3122 914 3786 3356 2146 1247 657 4329 137 1882 2721 1144 5432 7858 671 125 105 1195 283 379 833 567 416 94 477 444 97 84 690 4531 926 255 82 3355 7039 114 152 172 64 108 1665 5115 600 7323 677 225 63 610 4614 184 255 90 137 186 143 163 237 1619 85 2039 73
leaf_count=23904 360 3122 914 3786 3356 2146 1247 657 4329 137 1882 2721 1144 5432 7858 671 125 105 1195 283 379 833 567 416 94 477 444 97 84 690 4531 926 255 82 3355 7039 114 152 172 64 108 1665 5115 600 7323 677 225 63 610 4614 184 255 90 137 186 143 163 237 1619 85 2039 73
internal_value=0.000253406 -0.0398241 0.019585 0.00382085 -0.0410341 -0.0145124 -0.0169231 -0.0947942 0.0227997 -0.00848422 0.0426694 0.0158336 -0.139135 0.0817135 0.00579896 0.105987 -0.0689131 -0.17757 -0.20736 -0.305987 -0.0408619 -0.0681799 -0.118275 -0.152942 -0.0892527 -0.117071 -0.19447 -0.061473 -0.348851 0.0132197 0.015568 0.0144382 0.034441 -0.0551755 -0.0195817 -0.0478713 -0.396239 -0.39669 -0.527077 -0.284331 -0.712573 0.0404242 -0.0928403 0.0597884 -0.0811318 0.0408754 0.000725617 -0.0432955 0.0559099 0.0703685 -0.0780832 -0.191302 0.0855531 0.152361 0.176996 0.414182 -0.0511761 -0.194114 0.146166 -0.510463 0.115854 -0.66081
internal_weight=112356 36560 75796 51892 15428 25034 12072 11526 36464 14164 22300 14336 1395 9136 12769 7029 8782 2744 2384 1189 4911 3997 2474 2095 1528 1434 957 513 1084 1523 13164 1597 11615 10698 5501 8286 251 937 432 505 260 8633 5197 6968 8125 802 2107 147 8493 7483 694 439 6789 2175 2038 233 1010 400 1805 222 2639 158
internal_count=112356 36560 75796 51892 15428 25034 12072 11526 36464 14164 22300 14336 1395 9136 12769 7029 8782 2744 2384 1189 4911 3997 2474 2095 1528 1434 957 513 1084 1523 13164 1597 11615 10698 5501 8286 251 937 432 505 260 8633 5197 6968 8125 802 2107 147 8493 7483 694 439 6789 2175 2038 233 1010 400 1805 222 2639 158
cat_boundaries=0 1
cat_threshold=12
is_linear=0
shrinkage=0.05


Tree=88
num_leaves=63
num_cat=0
split_feature=118 105 60 124 90 86 113 130 133 34 134 84 114 38 121 86 84 74 74 42 84 99 31 80 68 83 84 113 113 86 66 90 133 121 121 50 68 115 113 58 45 129 120 58 77 86 42 73 130 116 121 50 42 113 129 42 91 94 120 97 25 50
split_gain=31998.3 20651.6 15604.8 11087.4 13817.5 14933.6 12040.9 10527.1 9758.65 11366.8 9234.66 12398.2 9577.79 8357.01 8231.48 8226.59 10877.7 7855.36 11478.6 7515.43 9837.82 7438.77 7372.22 7130.22 7221.31 6948.87 9333.3 6840.76 6788.76 6721.26 9199.28 6689.76 6656.52 6487.66 6476.96 6397.52 11949.6 8709 13711.2 6349.43 6258.36 6198.71 6178.9 6100.84 6471.06 6068.93 7623.29 7806.99 7409.67 6711.69 6074.61 6067.28 6573.71 6935.19 7486.05 6037.22 5996 5924.87 5921.94 7710.36 5715.45 5645.54
threshold=0.30807038959063165 0.027672205495187653 0.28148887019502472 -0.38024634247167161 -0.84350258738054429 -0.094463069663400581 0.0010009333154585502 0.030924947817746705 -0.014368336616149049 -0.058227588416828895 -0.41390337006549632 0.19093041706058103 0.22464878573123695 -0.55698180423472643 -0.014794148441879998 0.17698515417440766 -0.52056036570915232 -0.099576420990319145 -0.79162173653538714 -0.36021237908077958 0.56245021973015319 0.99380873147461146 -0.45878166158230299 -0.86510360445847223 0.83481187637241916 0.26643393740860527 0.70239136047451034 0.016103063045761454 0.034205108474217309 -0.050904312899409547 0.11536812340157611 0.61078417161972143 -0.0097811283361824482 -0.0058597075741698987 -0.0080557749126585493 0.99269718029298193 -0.46026039183200379 -0.00090201156274239986 -0.00031229118471869994 0.0080230169028428014 0.50203309070105917 0.00039190141091135009 -0.045546935525577793 0.90075302776974187 0.12769080511148809 -0.042377874503200096 0.066737418670432216 0.60801832622695229 1.0489041660107448 0.9307898723215845 -0.028645817064950948 -1.0308358358468899 0.62650677538306554 0.0030370357133816506 0.0024923476845332506 -0.29901231430491554 0.17982021702028814 0.028663172195555555 0.42054181867137319 0.62495425456585962 -0.38562209375766371 0.59026593669144445
decision_type=2 2 10 2 2 2 2 2 2 2 2 2 2 2 2 2 2 2 2 2 2 2 2 2 2 8 2 2 2 2 2 2 2 2 2 2 2 2 2 2 2 8 2 2 2 2 2 2 2 10 2 2 2 2 8 2 2 10 2 2 2 2
left_child=2 3 7 13 5 23 15 10 9 27 14 55 43 -2 40 21 -17 18 -8 20 22 33 -19 57 -25 26 34 -9 45 -15 -31 -18 35 -6 41 36 -3 38 39 -38 -1 -11 -24 -13 -45 -21 -47 49 -49 50 -48 -20 53 -53 -55 -12 -23 -5 -10 -60 -57 -4
right_child=1 32 61 4 6 -7 17 8 58 25 11 12 -14 29 -16 16 31 19 51 28 -22 56 42 24 -26 -27 -28 -29 -30 30 -32 -33 -34 -35 -36 -37 37 -39 -40 -41 -42 -43 -44 44 -46 46 47 48 -50 -51 -52 52 -54 54 -56 60 -58 -59 59 -61 -62 -63
leaf_value=-0.08796433966373475 0.045315626151859766 0.015881685243805618 -0.22632581406938179 0.032271357027691065 -0.057278625034490577 0.32654871880041947 0.038137650678870566 0.027137720037953207 0.035612182609442627 -0.25553681500882747 -0.0059163778934168904 0.22613772851136849 0.03317253270809653 -0.11444146789708493 0.016985820794549838 0.035266741795609152 0.30339877537867005 0.24947624276210734 0.040560720353736167 0.070881915002430615 -0.031933014475483683 -0.54755210120975972 -0.37448379862466902 0.27251254492447846 -0.018780470773428252 -0.059352485766833878 0.017122406457810727 -0.28575931788974823 -0.33145038818251599 -0.63718151398962997 -0.15314681319594384 -0.082450134539626602 -0.049189775609575159 0.039785258366044206 -0.21060641405940059 -0.072370321360917214 -1.0809474460397135 -0.16080239381435335 -0.20610108343550029 -0.50773114165437983 -0.46721789809465408 -0.79731471731879378 -0.10484658504137745 0.28769206842107159 -0.069861830982633613 -0.13532180340058883 -0.46003012573346358 0.12334298784179348 0.74065755676764711 -0.20589509065399991 0.033259619026850769 -0.16877557224099887 -0.11504990103539377 -0.79887651646578761 -0.32078089062704923 0.038562972558768394 -0.097882710476887638 -0.20317793850751059 -0.12025662846074983 0.064877443499087903 0.097895318566993392 -0.055567137000661099
leaf_weight=845 619 686 629 1289 2479 583 939 4343 15356 106 4796 2286 1492 1366 8316 2133 739 76 306 2764 2547 99 507 546 348 3005 343 181 145 162 249 132 7338 5628 624 3648 67 1809 467 183 124 107 367 185 395 1133 63 195 64 372 2514 538 1137 107 352 13174 289 336 1464 912 5867 2094
leaf_count=845 619 686 629 1289 2479 583 939 4343 15356 106 4796 2286 1492 1366 8316 2133 739 76 306 2764 2547 99 507 546 348 3005 343 181 145 162 249 132 7338 5628 624 3648 67 1809 467 183 124 107 367 185 395 1133 63 195 64 372 2514 538 1137 107 352 13174 289 336 1464 912 5867 2094
internal_value=8.02525e-05 -0.0323326 0.0221227 -0.00953514 -0.00091474 0.0987346 -0.012981 0.0271168 0.00295842 -0.040382 0.0441593 0.0584014 0.135937 -0.112847 0.00091008 0.0250059 0.0961093 -0.0439031 -0.110387 -0.0229913 -0.0831838 -0.000146065 -0.220412 0.0459004 0.159229 -0.0997623 -0.202533 0.0145587 0.00604978 -0.167935 -0.345018 0.244896 -0.0823021 0.0101012 -0.29246 -0.117709 -0.169164 -0.219404 -0.366828 -0.665048 -0.136928 -0.530152 -0.26151 0.189404 0.0444844 0.0129832 -0.0238899 0.0154955 0.278146 -0.00765859 0.0210264 -0.167537 -0.197382 -0.291066 -0.433727 0.0442208 -0.213731 -0.0165073 0.024246 -0.0491977 0.0568489 -0.0950802
internal_weight=111965 45321 66644 31123 28727 3102 25625 63921 26441 8709 37480 28195 4358 2396 9285 11499 3004 14126 3379 10747 3497 8495 950 2519 894 4185 1180 4524 7250 1777 411 871 14198 8107 837 6860 3212 2526 717 250 969 213 874 2866 580 7105 4341 3208 259 2949 2577 2440 2134 997 459 23837 388 1625 17732 2376 19041 2723
internal_count=111965 45321 66644 31123 28727 3102 25625 63921 26441 8709 37480 28195 4358 2396 9285 11499 3004 14126 3379 10747 3497 8495 950 2519 894 4185 1180 4524 7250 1777 411 871 14198 8107 837 6860 3212 2526 717 250 969 213 874 2866 580 7105 4341 3208 259 2949 2577 2440 2134 997 459 23837 388 1625 17732 2376 19041 2723
is_linear=0
shrinkage=0.05


Tree=89
num_leaves=63
num_cat=1
split_feature=103 135 102 125 120 34 78 81 102 135 84 72 125 105 119 125 34 115 72 71 114 38 136 74 103 23 125 72 115 56 97 71 35 121 101 42 88 67 84 99 32 42 91 77 73 103 119 8 97 1 92 116 36 6 99 100 86 121 101 74 75 40
split_gain=31096.9 20153 19605.3 17065.2 14469.7 11939.9 10398.4 11553.8 10355.7 9784.83 10750 15574.4 10290.8 9319.11 10848.4 12705.3 11380.6 8815.29 13452.2 8693.84 8661.54 7598.93 7479.79 10294 7469.79 7451.44 7367.09 7713.66 7358.65 7308.54 7293.63 7245.62 7207.48 6881.65 6811.42 6663.08 11411.3 6564.3 6325.53 6970.96 6243.62 6026.32 6026.25 5998.54 5874.6 5822.24 7180.07 5773.96 5773.28 5764.99 5635.49 5631.3 5499.84 5395.83 7542.5 5331.85 8787.07 5294.34 13130.1 13818.4 14902.1 12873
threshold=0.032104749259158759 -0.023380909709859697 1.0000000180025095e-35 0.023402364655231152 -1.0000000180025095e-35 -0.58477973390541982 0.22326198981726708 0.22759585789306516 -0.019997869424551149 -0.0031171654903996496 -0.97161139372988192 0.67003635227064229 -0.0039456056537971991 -0.021862885121660097 0.0014322161057453502 -0.008914729865038799 -0.25384004905962021 -0.0031985024542784996 0.27777876024220771 0.46264124656439659 -0.32679634504818783 0.26291223534520897 0 0.16504892648972649 -0.017637525005358146 -0.75826110370103816 -0.0065369264608449986 0.77476647010109223 -0.0045838394817896491 -0.19278156113645281 0.63931022657539816 0.71061230650776319 0.6022035651537746 -0.030198551020894044 0.93299707616124106 -0.5631698433065867 0.49616041920947157 0.6260183558744622 0.77374129348924947 0.38088107224217055 -0.61472804151258498 -0.64858443098087493 0.13936713663208533 0.12769080511148809 0.46662752815344577 -0.021065553412859598 -0.010827800015762197 47.705000000000005 0.44644680103955731 1587.5450000000003 0.77076692441670247 0.043251368924906157 0.27998645939983541 9058.0150000000012 0.5452293645229741 -0.065940589644934142 -0.36674775274410981 0.012090692545193351 0.48382611436423834 -0.0039525797863826494 0.16990147096568298 -0.11174937778460063
decision_type=2 2 2 2 2 2 2 2 2 2 2 2 2 2 2 2 2 2 2 2 2 2 1 2 2 2 2 2 2 2 2 2 2 2 2 2 2 2 2 2 2 2 2 2 2 2 2 2 2 2 2 10 2 2 2 2 2 2 2 2 2 2
left_child=1 4 8 6 5 49 13 19 -2 10 -4 12 22 -3 -15 16 -16 18 20 30 -18 -10 23 -12 -17 32 27 28 -7 31 -8 37 -14 53 47 38 -37 40 39 -21 -19 -40 -27 50 55 -6 -47 -24 -45 -1 -9 -48 -22 -26 -55 56 -38 -35 59 60 -59 -60
right_child=2 3 9 -5 45 26 7 43 21 -11 11 -13 25 14 15 24 17 29 -20 35 52 -23 34 -25 33 42 -28 -29 -30 -31 -32 -33 -34 57 -36 36 44 -39 41 -41 -42 -43 -44 48 -46 46 51 -49 -50 -51 -52 -53 -54 54 -56 -57 -58 58 61 -61 -62 -63
leaf_value=0.057453120125352711 -0.034155587166150005 0.075530201711298595 0.092902609627005028 -0.049789449105660716 0.078368620728767588 -0.44342263080179695 0.26847369353792988 0.48683739320303387 0.056714663502994513 -0.039302693185691046 0.26217063113919692 -0.063079994662721892 0.31795700435311747 0.049483200753171488 0.014991848815750134 0.062869878244139088 -1.004062189137269 -0.10604891580470065 -0.13754087956965688 -0.46029241980044261 -0.25783379163042297 0.31755509853282188 -0.52036157865107058 -0.37131272652645558 0.067042338999724657 -0.54667013588326951 -0.074697690886791374 -0.057955520186941473 -0.17312403698875145 0.20535850113991538 0.85749432546751836 0.094247542491580155 -0.15974040136614351 0.012040737329012639 -0.03109727712207527 0.26341668842881538 0.087367183214636768 -0.077637813902002278 0.093092466631161552 -0.0047901901617646223 -0.62881876930594449 0.60258141527883713 -0.1656498989211676 0.23856261397686299 0.22697549532376118 0.11274450310871126 0.001770757529556763 -0.1230925022445004 -0.15134401256478128 -0.23509555386541334 0.016684779368132074 -0.098658934565702044 -0.77946631257300802 0.0067124879269888907 -0.67486745179803287 0.089841326190493051 -0.54203733091396611 0.20259619669998508 -0.13487620215000592 -0.71927174198808097 -0.36518715352849851 0.093630010642187067
leaf_weight=1987 4869 8566 556 6846 2473 397 218 90 2741 6555 116 4012 155 18098 1433 5674 75 93 596 100 196 310 624 141 85 107 6684 687 692 197 69 238 159 17568 105 1375 98 294 631 499 149 63 2805 108 200 1028 4502 108 739 183 213 2022 68 65 107 194 126 190 1107 131 292 1388
leaf_count=1987 4869 8566 556 6846 2473 397 218 90 2741 6555 116 4012 155 18098 1433 5674 75 93 596 100 196 310 624 141 85 107 6684 687 692 197 69 238 159 17568 105 1375 98 294 631 499 149 63 2805 108 200 1028 4502 108 739 183 213 2022 68 65 107 194 126 190 1107 131 292 1388
internal_value=-0.00152836 0.0119711 -0.0528562 0.0250791 -0.0312955 -0.0719335 0.0334366 0.104706 0.0111013 -0.0856556 -0.119833 -0.134039 -0.199908 0.0274888 0.0189219 0.000451047 -0.0914692 -0.171476 -0.28098 0.149062 -0.532015 0.083313 -0.332413 -0.0822852 0.0119894 -0.154884 -0.098769 -0.189269 -0.271979 -0.0658523 0.412571 -0.135057 0.0763264 -0.00180433 -0.40323 0.125929 0.183256 -0.236861 0.0374923 -0.0814744 -0.429183 0.140143 -0.179833 -0.0331177 0.00476857 0.0117978 -0.0100092 -0.461996 -0.101405 0.032685 0.157476 -0.029366 -0.394628 -0.258438 -0.418744 -0.101838 -0.267508 0.00139794 -0.0587451 -0.265876 -0.141416 -0.00776873
internal_weight=112197 88834 23363 68179 20655 10630 61333 4723 7920 15443 8888 8332 4320 56610 48044 29946 3339 1906 935 3573 339 3051 1094 257 26607 3226 8460 1776 1089 971 287 774 314 20933 837 3286 1993 536 1293 599 242 694 2912 1150 618 10025 7552 732 847 2170 303 6524 264 257 172 418 224 20676 3108 613 482 2495
internal_count=112197 88834 23363 68179 20655 10630 61333 4723 7920 15443 8888 8332 4320 56610 48044 29946 3339 1906 935 3573 339 3051 1094 257 26607 3226 8460 1776 1089 971 287 774 314 20933 837 3286 1993 536 1293 599 242 694 2912 1150 618 10025 7552 732 847 2170 303 6524 264 257 172 418 224 20676 3108 613 482 2495
cat_boundaries=0 1
cat_threshold=8
is_linear=0
shrinkage=0.05


Tree=90
num_leaves=63
num_cat=0
split_feature=106 105 110 121 127 74 85 74 8 115 112 103 126 123 132 127 96 50 123 121 92 115 50 74 101 56 92 103 22 109 101 56 85 71 34 50 81 74 50 34 104 119 34 22 69 25 71 34 124 92 57 40 123 115 56 46 19 85 111 102 89 111
split_gain=31562.2 17848.3 14371.3 15875.8 13563.8 16772.8 15275.7 11359.2 14875.8 12328.8 11049.1 10699.2 10411 8869.36 8376.18 8357.53 7970.16 8750.59 8637.95 7847.52 7759.82 7738.59 7667.91 7332.8 7822.8 7453.97 7136.48 6987.82 6970.33 7165.74 6915.66 6884.77 6644.4 6492.35 6845.26 6403.43 6317.58 7948.13 6293.86 8715.51 6627.54 6687.17 7752.55 6126.45 6079.92 6025.03 5952.42 5915.78 5994.4 5788.87 6902.65 5781.86 5740.01 5780.18 7875.76 6302.39 5668.58 5710.93 5667.66 5592.74 6817.78 5581.14
threshold=0.79644821244634201 0.0099264171643206525 -0.18077211569155352 -0.0064919838310993488 0.0015600740511120003 -0.11032793490870839 0.58157565384658738 -0.11032793490870839 45.505000000000003 0.0032665754138858504 0.2920448268994113 0.031304935445075212 0.3167449274044391 0.012505914694244202 -0.55326127977421424 0.03451362670390571 -0.75243163613831843 0.45402306196369169 0.026240913489967054 -0.00053075424984024987 0.47430763931990955 -0.0070599189442203487 0.68270949457266206 0.11070847900409617 0.58127156829859661 -0.099583997917795139 0.56430867063187795 0.043509335357614261 -0.10403108809835374 -0.0037353263828174498 0.57887008618646008 -0.98355675095418504 0.26702137783863211 0.69926867394629322 -0.14185198028199703 0.52013242761345213 0.29408486485394841 0.14642053161404403 1.1943387391618425 -0.4310228343686735 -0.5183195437834961 -0.0031592293060382494 0.17827257294167512 -0.084650536726357681 0.74458084729975316 0.35330829324277835 0.54171374627567193 -0.66508088033423252 -0.14206565546549277 0.23393110206336593 0.18078415280795063 -1.0905000065167196 -0.0076318194611682995 -0.00050821643483254988 -0.70054076143519806 -0.56203947744562532 0.17105886710023452 0.33064142901484189 -0.021199464730397449 0.32632852481684471 0.060134797006553407 -0.0070215688515735493
decision_type=2 2 2 2 2 2 2 2 2 2 2 2 2 2 2 2 2 2 2 2 2 2 2 2 2 2 2 2 2 2 2 2 2 2 2 2 2 2 2 2 2 2 2 2 2 2 2 2 2 2 2 2 2 2 2 2 2 2 2 2 2 2
left_child=1 11 3 16 5 51 13 8 9 -4 14 23 -13 -7 15 20 -3 18 26 -11 35 38 59 -1 25 -25 31 49 29 -26 -20 -18 -21 34 -23 -9 37 -31 39 -6 -41 -42 -43 -16 -39 47 -33 -35 -49 50 -5 -2 -48 54 -54 -55 -45 -58 -52 60 -22 -56
right_child=4 2 7 27 21 6 -8 10 -10 19 -12 12 -14 -15 43 -17 17 -19 30 32 22 33 -24 24 28 -27 -28 -29 -30 36 -32 46 -34 45 -36 -37 -38 44 -40 40 41 42 -44 56 -46 -47 52 48 -50 -51 58 -53 53 55 61 -57 57 -59 -60 -61 -62 -63
leaf_value=0.024863832133236449 0.052763853103044579 0.069534170680287249 0.018844505271727277 0.11180148447982739 -0.0017597892754158734 0.053956126135189755 0.67837960606300707 0.028242951434018559 0.015745448800461675 0.042729944253879042 -0.088712972558901787 0.015420855500919515 -0.10892909108832852 -0.15125141320386445 0.0004254995119039716 -0.2008039843461408 0.2540154611043956 -0.08407681492753577 -0.79988331669651047 -0.67661551053983615 -0.43510582431588535 0.040472539357258128 -0.005232448354437356 0.072426427812754365 0.28463534964292264 -0.024899692355830755 -0.64802210012703776 -0.15646489039965353 0.12929353067569829 0.075632797414513162 -0.13923546998994427 0.053994148690678756 -0.21781248248532564 -0.02032146268220765 -0.071977264766610316 0.33073719588298633 0.32159267126960911 -0.10674069467017432 -0.071650800087142238 -0.05428268470233534 -0.014612925889199241 -0.65480412347429251 -0.30873855736844341 0.045173444918035217 -0.50635135514348484 -0.072827711987756713 0.098832696973390533 -0.45834650187243292 -0.19087910900693222 -0.051459377014053037 -0.31483306403458122 -0.13578761659046709 -0.90355263812773279 0.18189339681750252 -0.50067569552992397 -0.22920206622802652 0.23204407865602419 0.087656731639182278 0.0040136801821891435 -0.4274592417981718 0.052467624157633598 -0.11753869988816851
leaf_weight=23968 487 493 924 1950 294 4968 92 2951 3774 286 2008 5875 2358 588 4162 573 91 2840 108 82 105 1862 944 5079 212 3210 80 727 6105 610 63 218 1721 355 4948 185 119 610 913 204 113 248 474 7394 112 2442 125 273 905 2608 149 2447 66 104 194 847 872 3191 1967 230 221 187
leaf_count=23968 487 493 924 1950 294 4968 92 2951 3774 286 2008 5875 2358 588 4162 573 91 2840 108 82 105 1862 944 5079 212 3210 80 727 6105 610 63 218 1721 355 4948 185 119 610 913 204 113 248 474 7394 112 2442 125 273 905 2608 149 2447 66 104 194 847 872 3191 1967 230 221 187
internal_value=-0.00203448 0.0109047 -0.0127471 -0.0569785 -0.056331 -0.00752058 0.042859 0.00639173 -0.0503975 -0.133224 0.0232713 0.0317048 -0.0202029 0.0322154 0.0340713 -0.0208315 -0.12202 -0.141213 -0.219037 -0.200463 0.00145119 -0.0884738 -0.0920461 0.0423823 0.0685287 0.0347374 -0.188382 -0.00937116 0.104577 0.0138184 -0.558711 -0.167968 -0.239042 -0.0708781 -0.0412296 0.0461875 -0.0259184 -0.0571828 -0.172897 -0.242136 -0.310087 -0.372444 -0.42835 0.0523818 -0.169345 -0.121649 -0.190157 -0.199321 -0.253201 0.00667283 0.0439633 -0.104484 -0.225117 -0.254133 -0.402382 -0.184101 0.0712544 0.118695 -0.0185763 -0.239168 -0.105423 -0.313427
internal_weight=112311 90698 42440 12817 21613 8582 5648 29623 6787 3013 22836 48258 8233 5556 20828 5209 5416 4923 2083 2089 4636 13031 1500 40025 16057 8289 1912 7401 7768 1663 171 1832 1803 10785 6810 3136 1451 1332 2246 1333 1039 835 722 15619 722 3975 1741 1533 1178 6674 4066 2934 1523 1398 447 951 11457 4063 2116 556 326 381
internal_count=112311 90698 42440 12817 21613 8582 5648 29623 6787 3013 22836 48258 8233 5556 20828 5209 5416 4923 2083 2089 4636 13031 1500 40025 16057 8289 1912 7401 7768 1663 171 1832 1803 10785 6810 3136 1451 1332 2246 1333 1039 835 722 15619 722 3975 1741 1533 1178 6674 4066 2934 1523 1398 447 951 11457 4063 2116 556 326 381
is_linear=0
shrinkage=0.05


Tree=91
num_leaves=63
num_cat=1
split_feature=103 133 20 125 5 111 102 70 136 125 72 38 90 124 115 85 75 77 126 127 115 85 99 96 135 70 79 95 101 77 40 96 75 115 90 90 25 69 94 112 105 81 111 126 74 65 134 77 74 58 119 75 99 96 71 88 123 44 66 76 79 95
split_gain=27451.7 15508.4 19043.9 25116.2 18095.5 17623.7 14956.5 13168.9 13789.5 13022.6 12454.4 16207.9 12613 12562.6 11790.2 16906 16399.1 10854.3 10812.8 9745.67 8778.28 8801 9315.4 8721.47 8705.11 13905.4 11227.6 8531.61 8155.27 9076.58 8039.78 16237.3 8951.94 10718.6 12484.7 7941.2 8701.6 11789.4 7921.77 7900.92 7810.29 7789.53 7436.81 7427.57 7276.98 7192.09 7186.64 7060.01 8517.88 6991.61 6953.19 6590.5 6403.22 10924.6 11221 6381.08 9704.3 7199.81 6771.9 6251.28 6231.72 7168.32
threshold=0.032104749259158759 -0.014368336616149049 -0.14518592462598504 0.0049178293897695511 2324.1250000000005 -0.00023945184245359997 0.25997230251939302 -0.39725160862938452 0 -0.010148232124606449 -0.06870749373950534 -0.11935481339049568 -0.94232844992984277 -0.098159998997711537 0.019046254554134202 0.57254404935887693 0.067822803990347971 0.22100313082256717 0.21318221769034149 0.043019058208708404 0.0006062125862998501 0.26949198193253249 0.70005274388642091 -0.71902621921138454 -0.008492403788582948 0.41675625277717238 0.40950465027219912 0.70175118031228856 0.69255204227985356 0.25647822150688288 0.0047367965915739007 0.57424278750886526 0.072643831948149912 0.010426092576416301 -0.88692530920642376 -1.2243681271590721 0.050224848305254005 0.70626899164806289 -0.12720990451916622 0.048091089166208259 -0.0030042622033346995 0.31067579778218674 -0.0067348753359300498 0.59725309513587799 0.76777326922511568 1.0474243926960878 -0.19359948887133696 0.49914623261701735 0.14167614630281947 0.20995627624099447 0.0092563785110743018 0.055095085839687606 0.76140065705224769 -0.55567316395774025 0.71221644727421618 0.064245567951483812 0.00030747234686895005 0.048148292583239653 0.25212436147270439 -0.22787500697511234 0.025309907096086753 0.18204290926296388
decision_type=2 2 2 2 2 2 2 2 1 2 2 2 2 2 2 2 2 2 2 2 2 2 2 2 2 2 2 8 2 2 2 2 2 2 2 2 2 2 8 2 2 2 2 2 2 2 2 2 2 2 2 2 2 2 2 2 2 2 2 2 2 8
left_child=1 5 3 -3 20 7 39 -1 17 18 12 -12 -10 28 19 27 -17 -9 -4 35 -5 22 -22 -8 25 26 42 51 -14 -30 41 32 33 34 -32 -11 44 40 -39 46 45 -13 -25 -42 -37 -38 -2 48 -19 -34 -51 -16 -15 -54 -55 56 58 -58 60 -59 -50 -62
right_child=6 2 9 4 -6 -7 23 8 10 14 11 30 13 52 15 16 -18 47 -20 -21 21 -23 -24 24 -26 -27 -28 -29 29 -31 31 -33 49 -35 -36 36 37 38 -40 -41 43 -43 -44 -45 -46 -47 -48 -49 55 50 -52 -53 53 54 -56 -57 57 59 -60 -61 61 -63
leaf_value=0.015173930861340626 -0.058257024295966187 0.056725062426249695 0.020613250969603775 0.0040794690344641412 -0.0049998477060188475 0.028188359673902624 0.03689114097530502 0.13744128965756724 0.29685019038959731 -0.15182956258132074 0.44994628925566316 -0.0096142066924338361 -0.22608351427231246 -0.068813151296217262 -0.094430456521703343 0.053298982379981034 1.1423797416638155 0.19752618442662542 -0.1437235670074567 -0.092909091246495046 -0.10881171665752112 -0.17241530898671276 -0.89647365266626533 -0.30073686921192117 -0.053817982816718762 -0.075850071933150076 -0.52015537669517331 -0.11488691203478013 -1.1523728171338639 -0.50129863336608194 0.057356224018473956 -0.03832582785503056 0.44520709574222561 -0.12149110043229397 -0.47439096601595365 0.054632991533535916 0.21699541114886076 0.38192042338567367 -0.0065218347089248179 -0.070242559493076992 0.1233354122458509 0.52547319233968959 -0.11789422105656007 -0.016908775396344746 -0.09772716797838224 -0.065182417076898785 0.057029227547879258 -0.17963855684305674 0.19272633170458808 0.23246113903275353 -0.3532183034919707 0.054317686852149029 0.31404490673181712 -0.62076583658616835 -0.12861099404068621 0.030854158961712133 0.014048269107142429 -0.078430500724980381 0.25312348476319174 -0.61503306519281997 -0.47174764820348819 -0.16137524498000896
leaf_weight=5436 1850 5331 2611 703 3784 12133 1319 874 97 416 134 647 156 511 1018 80 60 386 1622 1004 66 3234 87 922 5685 3619 290 1930 74 200 128 2007 69 552 792 21126 2823 137 2684 3098 4973 75 1405 1165 813 245 5012 906 66 81 132 2765 60 256 212 1597 1472 140 66 88 361 386
leaf_count=5436 1850 5331 2611 703 3784 12133 1319 874 97 416 134 647 156 511 1018 80 60 386 1622 1004 66 3234 87 922 5685 3619 290 1930 74 200 128 2007 69 552 792 21126 2823 137 2684 3098 4973 75 1405 1165 813 245 5012 906 66 81 132 2765 60 256 212 1597 1472 140 66 88 361 386
internal_value=-0.00183961 0.0108169 0.0257834 -0.0270739 -0.083809 -0.0183645 -0.050266 -0.0498117 -0.0780152 0.0411333 -0.131068 -0.0899175 -0.253095 -0.289585 0.049706 -0.0160277 0.52484 -0.0260318 -0.0423764 0.0605788 -0.156703 -0.190066 -0.559611 -0.0850838 -0.0985817 -0.139375 -0.22716 -0.0293715 -0.516668 -0.680687 -0.106151 -0.135483 -0.246569 -0.295979 -0.400427 0.0650635 0.0677243 0.101905 0.0124713 -0.00397831 0.129305 0.0466196 -0.190438 0.0967185 0.0489827 0.194448 0.025944 -0.0522291 -0.0268922 0.011478 -0.13045 0.0142754 -0.195199 -0.317154 -0.398573 -0.0476781 -0.096301 -0.0265159 -0.231083 -0.287322 -0.270654 -0.311798
internal_weight=111971 88771 58677 13205 7874 30094 23200 17961 12525 45472 6183 4617 1566 1469 41239 5853 140 6342 4233 35386 4090 3387 153 13240 11921 6236 2617 5713 430 274 4483 3761 1754 1472 920 34382 33966 12027 2821 9960 9206 722 2327 6138 21939 3068 6862 5468 4562 282 213 3783 1039 528 468 4176 2579 1700 879 228 813 747
internal_count=111971 88771 58677 13205 7874 30094 23200 17961 12525 45472 6183 4617 1566 1469 41239 5853 140 6342 4233 35386 4090 3387 153 13240 11921 6236 2617 5713 430 274 4483 3761 1754 1472 920 34382 33966 12027 2821 9960 9206 722 2327 6138 21939 3068 6862 5468 4562 282 213 3783 1039 528 468 4176 2579 1700 879 228 813 747
cat_boundaries=0 1
cat_threshold=9
is_linear=0
shrinkage=0.05


Tree=92
num_leaves=63
num_cat=0
split_feature=106 125 104 121 113 130 133 111 40 115 88 125 127 65 50 121 120 64 74 112 88 90 84 92 95 73 40 89 55 89 40 101 121 38 123 77 98 123 133 86 83 46 98 127 94 90 129 108 84 96 115 83 83 40 125 81 92 79 46 81 125 88
split_gain=24822.6 14464.8 14207.4 12312.3 11856.4 10819.9 9454.43 10803.3 12518.4 8214.05 8143.11 7342.04 8323.47 7309.23 7196.66 8397.93 7165.92 6556.3 6495.87 8946.28 8524.81 9298.37 11088 10905.4 7007.31 11115.8 7021.34 6945.87 7243.17 6670.66 6352.77 6681.24 8213.76 6234.91 6219.29 6965.28 6213.61 7873.29 6703.25 5998.19 6628.78 5980.15 6133.43 5954.15 5673.56 5659.28 5526.34 5404.61 5888.43 6618.49 5394.6 5374.78 5254.28 5230.99 5148.4 5082.37 5753.53 5421.84 5070.38 5906.44 5567.79 5426.18
threshold=0.49107811172362881 -0.014522223983232949 0.28941805803454618 -0.014505704751932549 0.013680478339793252 0.64637276741278538 -0.015014779937019948 0.017083700236557003 0.086417623496227461 -0.013541211728602348 -1.0936259434456495 0.016442732544084956 0.0035051149543688502 0.65332165189619384 0.56083897391042004 -0.018059814985805996 -0.045546935525577793 -0.36385876666481842 0.089324032954472013 0.43654424740165615 -0.025104331853018146 -1.2243681271590721 0.31306612746994916 0.8888973872806929 0.16292189071339039 0.40680480554661796 0.23494769918068467 0.05412123510974836 0.10985606071032171 0.15247312219474882 -0.080702603823135988 0.4436482006218242 0.012360217376501602 -0.4545877685594133 -0.0012482544842501498 0.25733614903583196 -0.31685639008216465 0.027704550098994401 -0.019249253241663947 -0.43974046671481687 0.43657428757894889 -0.73174111443817658 -0.54092720839072295 0.033137944272553108 -0.10427261338298034 -0.51678322424828615 0.009422100262364402 0.057520683241787003 0.21065544796885188 0.21416212483297728 -0.0055867220373723991 0.30795677877891897 0.26804242846983845 -0.045732128617126049 0.0042172075864918505 0.23475822511109723 0.61698548035132605 0.057202973956168357 -0.50455843414090606 0.29665798592258685 -0.004237063117107899 0.037940714376487862
decision_type=2 2 2 2 2 2 2 2 2 2 2 2 2 2 2 2 2 2 2 2 2 2 2 2 10 2 2 2 2 2 2 2 2 2 2 2 2 2 2 2 10 2 2 2 8 2 10 2 2 2 2 8 10 2 2 2 2 2 2 2 2 2
left_child=2 39 18 36 6 11 9 13 -9 51 -6 12 30 -8 15 -12 53 -17 47 20 21 29 -23 24 25 45 34 -26 55 -20 -5 32 -32 -11 -27 -36 -3 38 -38 -2 -41 42 -30 -40 52 -24 -15 -1 -49 54 -48 -4 -7 -14 -50 57 -57 -29 59 60 -35 -60
right_child=1 3 4 5 10 44 7 8 -10 33 14 -13 16 46 -16 17 -18 -19 19 -21 -22 22 23 -25 27 26 -28 28 41 -31 31 -33 -34 58 35 -37 37 -39 43 40 -42 -43 -44 -45 -46 -47 50 48 49 -51 -52 -53 -54 -55 -56 56 -58 -59 61 -61 -62 -63
leaf_value=0.028289905086096412 -0.065353093512491106 -0.053326349841445388 -0.47626013936365352 -0.014983015303262787 0.15466246122756386 -0.49516338455889913 0.062767152705837201 -0.14713147708970128 0.16947964510763996 0.029968212556563914 -0.47199060121770708 -0.048598038055998646 0.086761166495989528 0.011987883845928499 -0.049784629534199619 -0.47762793148086025 0.033437207292124342 -0.10609743041291286 0.15518200188461279 -0.063785812084644219 0.10303829866878869 0.016246490954235353 0.64963383342613257 -0.075078411506927067 -0.18007694284121198 -0.21588180950109628 -0.48683204472064978 0.68227019583592652 -0.06899886605192404 -0.40908861365264815 0.0062664585485872996 0.1107353696279066 -0.53810952925062805 -0.13985121611378387 0.44353471845928311 -0.058450948396067827 -0.26119341725201489 -0.47258014831071099 -0.017740861191085044 -0.33563548968404711 -0.098711899241077261 -0.28097381046185127 0.6123142318774577 -0.36399590838044671 -0.045712723048172213 0.058146756980568176 -0.38446831306442619 -0.0021088590667409294 -0.60289336555337503 -0.069621648798732477 -0.064494515778124331 -0.11153857507006107 -0.13119253643414602 -0.084964246174603908 -0.10983047015508828 0.20591693154813528 0.74132238523858907 0.12152543392777444 -0.13729205869282332 0.45388288616140687 0.077071145476439784 -0.025222890077234647
leaf_weight=22119 935 2901 169 2033 262 111 9134 1671 383 2694 262 4682 511 5623 1204 136 4035 900 71 1468 7995 7929 113 405 62 140 69 60 60 194 692 4719 76 467 137 138 666 191 989 689 518 64 72 141 8077 63 159 4551 117 832 749 251 881 3319 97 67 211 149 2468 74 803 1921
leaf_count=22119 935 2901 169 2033 262 111 9134 1671 383 2694 262 4682 511 5623 1204 136 4035 900 71 1468 7995 7929 113 405 62 140 69 60 60 194 692 4719 76 467 137 138 666 191 989 689 518 64 72 141 8077 63 159 4551 117 832 749 251 881 3319 97 67 211 149 2468 74 803 1921
internal_value=-0.000388768 -0.0345224 0.0157457 -0.0265858 -0.0115813 -0.0142645 -0.00132554 0.019751 -0.0880407 -0.0435357 -0.110118 0.00621946 0.0229037 0.0338894 -0.137896 -0.219525 -0.0130571 -0.155283 0.0327326 0.0548687 0.0645492 0.0337822 0.0417443 0.153371 0.21923 0.100371 -0.0235762 0.324252 0.370229 -0.257892 0.0605111 0.0884802 -0.0482338 -0.0327637 0.0544321 0.19233 -0.100011 -0.16811 -0.135485 -0.160518 -0.234122 0.112826 0.304436 -0.0612298 -0.0595852 0.439433 -0.00650122 0.0171834 -0.0267058 -0.13362 -0.120886 -0.259078 -0.172377 -0.0620359 -0.380953 0.473381 0.613486 0.284987 -0.0622421 0.0227183 -0.00274207 -0.088258
internal_weight=112679 36166 76513 34024 29330 29136 26566 17719 2054 8847 2764 20067 15385 15665 2502 1298 7865 1036 47183 19467 17999 10004 9739 1810 1405 660 484 745 683 265 7520 5487 768 8427 415 275 4888 1987 1796 2142 1207 196 132 1130 9069 176 6531 27716 5597 1046 908 420 992 3830 214 487 278 209 5733 1344 1270 4389
internal_count=112679 36166 76513 34024 29330 29136 26566 17719 2054 8847 2764 20067 15385 15665 2502 1298 7865 1036 47183 19467 17999 10004 9739 1810 1405 660 484 745 683 265 7520 5487 768 8427 415 275 4888 1987 1796 2142 1207 196 132 1130 9069 176 6531 27716 5597 1046 908 420 992 3830 214 487 278 209 5733 1344 1270 4389
is_linear=0
shrinkage=0.05


Tree=93
num_leaves=63
num_cat=0
split_feature=118 111 40 121 131 40 133 75 109 80 62 92 102 80 115 114 85 99 122 107 56 56 69 115 106 58 133 76 45 56 113 68 50 118 133 109 129 83 124 82 79 95 80 24 102 96 83 44 79 11 89 38 75 68 79 50 87 131 80 71 98 75
split_gain=25600.8 16693.3 22264.9 21546.5 19317.1 17367.5 13407.8 13069.2 13006.7 11684.7 11682.5 14081.9 11301.2 10138 10075.9 9887.38 9261.93 11247.6 8631.18 8443.17 8196.3 8155.21 7916.96 7913.53 7788.53 7181.1 7372.26 7179.35 7148.33 7041.44 6828.22 6785.99 12589.6 9564.12 6926.58 6710.49 6653.96 13237.7 6520.7 6816.77 6486.85 10568 6298.32 6282.69 6165.6 6156.81 6377.59 6144 6137.16 10524.5 9643.68 11619.6 11179.9 16087.5 8566.47 8656.47 10503.2 8253.92 12035.4 9502.25 8101.61 8071.78
threshold=0.7524948955032591 -0.0050736669903003488 -0.10363437777410558 0.0051299923446957016 -0.0064244752679533494 -0.87442147135452475 0.011709668878332953 0.24523164999428898 -5.5694084445386806e-05 -0.68286458588976118 0.86270323577019958 -0.95569728311853541 0.05910070088890796 0.55189038524502809 0.0010872719113397503 0.77212557586394015 0.26702137783863211 0.67560350922407431 0.41713643356218583 -0.011810131144022297 -1.266378280677172 -0.98355675095418504 0.41099128740610397 -0.0057626639243682489 0.38033972239007002 0.71696651767822661 -0.021431991091567699 -0.051320662376736742 0.068781833770471867 0.75865820295498165 0.00046704818977715007 -0.4958341191794457 0.82587044091575013 1.1794565091159699 -0.026111789345568046 -0.0041503626475761493 0.0022265327397850004 0.57358723020312408 -0.38962381104724192 0.3708134631444916 0.12236403013705187 0.56037249116507715 -0.72382539747895236 0.10931060647944102 -1.0000000180025095e-35 -0.71902621921138454 0.20979097634603688 -0.13617602051333821 0.030115275370160805 8141.1050000000005 0.029155121472992953 -0.12830524898590023 0.083229038081395867 -0.4958341191794457 0.023372678745453405 0.50602033541500246 0.30327428376974647 0.0042796845909374012 -0.31262609595299989 0.57789510331684524 0.82562815265161316 0.06800892424783396
decision_type=2 2 2 2 2 2 2 2 2 2 2 2 2 2 2 2 2 2 2 2 2 2 2 2 2 2 2 2 2 2 2 2 2 2 2 2 8 10 2 10 2 8 2 8 2 2 8 2 2 2 2 2 2 2 2 2 2 2 2 2 2 2
left_child=1 4 3 -3 -1 22 8 14 28 -10 11 -11 24 18 -7 20 17 -16 25 -2 40 47 -5 31 44 26 -14 -28 -6 -15 -18 -21 33 34 -33 -24 37 -32 39 -23 -4 -42 -25 -35 -13 -30 -47 -22 50 -50 51 -40 53 -52 60 56 57 -56 -59 -60 -55 -61
right_child=19 2 15 5 6 7 -8 -9 9 10 -12 12 13 29 16 -17 30 -19 -20 23 21 38 35 42 -26 -27 27 -29 45 -31 36 32 -34 43 -36 -37 -38 -39 48 -41 41 -43 -44 -45 -46 46 -48 -49 49 -51 52 -53 -54 54 55 -57 -58 58 59 61 -62 -63
leaf_value=0.043484695678116206 0.054967561644485602 0.045704953991291014 0.28445572159886717 -0.41342197004505388 0.050099291770720304 0.029499712982761158 0.028618805130525862 -0.39410971728611299 0.015464652269696103 0.065704678886593357 -0.025720355359463105 -0.089021585756856814 -0.29837533954407308 0.47800908229283751 -0.10212636529383334 -0.057165890023137295 0.012498386318253479 -0.83007501598980393 -0.45992482269186863 0.033268443160800042 0.016799920499972736 -0.054834578347297463 -0.062305514558151469 0.056259887807047153 -0.20976457436337351 -0.39284044290785319 0.013865840052184726 -0.21784355629400232 0.078197737900477099 -0.08890615076440922 -0.37643562045882112 -0.48725034209086715 -0.081611065909365996 -0.71592988573362171 -0.12153809412507915 0.12078492967587895 -0.085301982400688287 -0.095231664871112204 0.018766405709688818 0.38250520235748703 -0.49243187493423823 -0.02152158434292482 -0.056732001505988741 -0.16584678712772996 0.11278295720289358 0.13425766005530024 -0.14162233434044225 0.19963623953511525 0.079443463823301946 0.010760657832632607 0.039100099490619197 0.21112270920746293 0.11877578205562114 -0.077150146245092269 -0.17373085130119775 0.15393903770550033 0.32097147823837791 -0.0098923283110138108 -0.17285015658130798 -0.44576671723334588 0.51537299508085621 -0.91506869123607393
leaf_weight=9290 1704 5928 78 92 3203 1150 5262 412 2157 718 2828 1587 884 61 109 2295 793 103 458 500 653 2128 764 1354 1016 519 613 734 589 469 760 172 1583 192 519 1447 1900 932 2883 92 193 309 13752 72 496 239 1656 1551 22329 7435 1660 1078 932 512 556 126 68 130 126 191 64 182
leaf_count=9290 1704 5928 78 92 3203 1150 5262 412 2157 718 2828 1587 884 61 109 2295 793 103 458 500 653 2128 764 1354 1016 519 613 734 589 469 760 172 1583 192 519 1447 1900 932 2883 92 193 309 13752 72 496 239 1656 1551 22329 7435 1660 1078 932 512 556 126 68 130 126 191 64 182
internal_value=0.000114903 0.011145 0.0268294 -0.0273893 -0.0175455 -0.0785944 -0.0416841 -0.122391 -0.0619804 -0.0904224 -0.112419 -0.144865 -0.166984 -0.225514 -0.102846 0.0439503 -0.135954 -0.458036 -0.258974 -0.0514214 0.0493138 0.0518511 0.038535 -0.0614154 -0.0963367 -0.225351 -0.186229 -0.112464 0.000739878 -0.0228801 -0.120281 -0.135038 -0.168195 -0.311481 -0.213142 0.0575194 -0.14959 -0.221689 0.0467504 -0.0365465 -0.137231 -0.203188 -0.0466011 -0.567099 -0.0409372 -0.0629013 -0.106776 0.145498 0.0515829 0.0622875 0.0141315 0.0711569 -0.0355495 -0.0753587 -0.172516 -0.240118 -0.279835 -0.314554 -0.43856 -0.549994 -0.0105351 -0.67659
internal_weight=112588 92740 59961 14390 32779 8462 23489 6159 18227 12540 10383 7555 6837 3738 5747 45571 4597 212 3208 19848 43276 42696 2303 18144 3099 2750 2231 1347 5687 530 4385 3038 2538 955 691 2211 3592 1692 40492 2220 580 502 15106 264 2083 2484 1895 2204 38272 29764 8508 3961 4547 3615 1955 1379 1253 1185 629 499 576 373
internal_count=112588 92740 59961 14390 32779 8462 23489 6159 18227 12540 10383 7555 6837 3738 5747 45571 4597 212 3208 19848 43276 42696 2303 18144 3099 2750 2231 1347 5687 530 4385 3038 2538 955 691 2211 3592 1692 40492 2220 580 502 15106 264 2083 2484 1895 2204 38272 29764 8508 3961 4547 3615 1955 1379 1253 1185 629 499 576 373
is_linear=0
shrinkage=0.05


Tree=94
num_leaves=63
num_cat=0
split_feature=135 120 114 78 113 75 133 110 89 115 98 46 113 84 72 125 125 46 125 125 127 74 90 115 129 90 113 96 89 115 107 127 46 96 96 75 74 89 74 75 117 69 29 82 49 127 81 123 77 82 70 86 90 73 101 80 100 129 100 40 101 96
split_gain=24624.8 17332.5 16535.2 12751.8 18855.2 12016.1 11098.7 11042.6 10744.9 10376.8 10610.2 13237.7 9782.24 9738.16 20973.7 9168.6 9024.5 9091.56 8803.37 8654.01 11836.2 11410 18292 13213.2 12380.7 12173.8 11282 11217 10592.1 8616.73 8589.62 8303.06 8470.01 9173.98 8074.15 8068.62 13136.7 8816.3 8016.16 13169.9 20261.5 7996.97 7815.07 9657.67 10382.8 7745.59 9598.52 7424.85 7381.86 8933.28 7304.54 12105.5 10815.8 12409.7 12032.1 14602.1 11178.2 8931.31 8984.62 12436.4 9933.04 8413.73
threshold=-0.021552013030491746 -1.0000000180025095e-35 0.49283106890628997 0.20498090808500571 0.016103063045761454 0.063861483238977321 0.0038067610295739501 -0.096004388293571538 0.025225969145183203 -0.0074626159580604493 0.037587838162950811 0.51125932020902176 0.034205108474217309 -0.41602850090966131 0.72124843860558363 0.0031876925844198504 -0.00011442342245024998 -0.46859939596495354 -0.00093237678413544988 -0.0068780274543425992 0.0046541622040517511 -0.11032793490870839 -1.2243681271590721 0.004474013706345501 0.0053930638535321504 -0.96765420502389687 -0.00054642376894874993 0.12490121449750062 0.13990722566732572 0.00097236212683200014 0.043742790109182805 -0.005331800600271849 0.46960522194439563 -0.99814366295160939 0.93394564104665001 0.10172033051921976 -0.38532678756563232 0.17409471090492809 -0.099576420990319145 0.084030356047224114 0.046532299636620207 0.68549831303117614 -1.7940528478917808 1.2450567939458079 1.2832782914114287 0.0021406591978629006 0.19153808875394288 0.026240913489967054 0.2463318748312425 -0.013744256136191098 0.16933401657886757 -0.46704418213103666 -0.51678322424828615 0.42952569754351061 0.67367636571246681 -0.41790194474713366 -0.45194013282624551 -0.012378049833640548 -0.623660734191546 0.11464380369299276 0.59280936440457221 0.37413816593855359
decision_type=2 2 2 2 2 2 2 2 2 2 2 2 2 2 2 2 2 2 2 2 2 2 2 2 8 2 2 2 2 2 2 2 2 2 2 2 2 2 2 2 10 2 2 10 10 2 2 2 2 10 2 2 2 2 2 2 2 10 2 2 2 2
left_child=1 6 3 5 42 7 13 9 -7 18 11 -11 30 47 16 -4 45 -18 -2 20 -10 23 27 -21 26 28 -25 -23 -24 41 -12 32 33 -28 -29 36 37 -17 -38 -40 -41 -22 -5 -44 -45 48 -47 -1 -15 -50 61 -52 53 -53 56 -56 -55 -54 -59 -60 -61 -27
right_child=2 -3 15 4 -6 8 -8 -9 19 10 12 -13 -14 14 -16 35 17 -19 -20 21 29 22 25 24 -26 50 31 34 -30 -31 -32 -33 -34 -35 -36 -37 38 -39 39 40 -42 -43 43 44 -46 46 -48 -49 49 -51 51 52 57 54 55 -57 -58 58 59 60 -62 -63
leaf_value=0.0014453866528879528 -0.3792192807245966 0.0021839091233285183 0.048304163035566811 -0.10516732059446957 -0.035931499000364138 0.15458583858452346 -0.0045002123380486038 0.012734429959111272 0.045009767987012117 -0.17550136541526329 0.049956150784034085 0.10444237943107293 -0.59422780795702856 0.12513681734725832 -0.045717516671143321 0.82998491036328115 0.04176070842634419 -0.18258746027877132 -0.049876936983544166 0.049316917449026679 -0.070665288085787606 0.14927795805384989 0.30596467339617128 0.048339992331313475 0.01000000334632465 0.039881397049572581 -0.081030272836391193 -0.70398955969081367 0.038247616650859045 0.0090609568659040639 -0.51908889160875016 -0.061166192057630957 -0.049465460267177297 -0.43887452003362937 -0.052181594794535116 -0.1162074748148863 -0.18442463901835923 0.01779315942718137 -0.040851597543640719 0.092116916132049892 0.94380183433875064 -0.26322967085131166 0.1567092724911904 0.24951471254595134 1.0579085717398313 -0.10260266847684081 -0.41034168371695756 -0.50329742018381762 -0.38130666758342269 0.23287762405474979 -0.081627076454911268 0.23679976365291525 0.44173134100863581 -0.081419558196582587 0.15260743402874144 -0.55143404464389001 -0.66998235100921066 -0.024167855406268722 0.063573997166358073 0.026129791585988077 0.38413335320603381 -0.30278323823740472
leaf_weight=2553 465 14164 2706 267 1878 1709 4304 10917 3315 2066 2684 530 62 199 4609 73 565 2242 360 5539 1380 90 908 610 2963 17528 240 158 623 1482 67 715 315 711 68 3586 798 61 6302 670 77 885 3585 113 61 331 1091 74 284 74 743 450 317 197 512 85 136 524 871 243 958 180
leaf_count=2553 465 14164 2706 267 1878 1709 4304 10917 3315 2066 2684 530 62 199 4609 73 565 2242 360 5539 1380 90 908 610 2963 17528 240 158 623 1482 67 715 315 711 68 3586 798 61 6302 670 77 885 3585 113 61 331 1091 74 284 74 743 450 317 197 512 85 136 524 871 243 958 180
internal_value=5.99564e-05 -0.0382898 0.0143577 0.0246952 0.0948847 0.0179672 -0.0734018 -0.0175835 0.0316829 -0.0706698 -0.0454537 -0.11833 0.0218187 -0.0980668 -0.121861 -0.0345363 -0.195163 -0.137431 -0.235741 0.0267657 -0.023803 0.0367738 0.0557627 -0.00532194 -0.0598123 0.0606882 -0.139621 -0.321611 0.19712 -0.0846779 0.0359136 -0.197494 -0.274379 -0.348747 -0.508964 -0.0539186 -0.0259201 0.463126 -0.0343292 -0.0173136 0.181052 -0.145989 0.1559 0.174467 0.537343 -0.276938 -0.338831 -0.0129588 -0.118601 -0.254057 0.051496 0.104626 0.136873 0.021544 -0.0827544 0.0516125 -0.32308 0.191482 0.160765 0.207523 0.31178 0.0363813
internal_weight=112273 30490 81783 67510 5904 61606 16326 17151 44455 6234 5409 2596 2813 12022 9395 14273 4786 2807 825 42746 7062 35684 24591 11093 5554 24275 2591 316 1531 3747 2751 1981 1266 951 226 11567 7981 134 7847 7049 747 2265 4026 3759 174 1979 1422 2627 557 358 22744 5036 4293 1380 930 597 333 2913 2596 2072 1201 17708
internal_count=112273 30490 81783 67510 5904 61606 16326 17151 44455 6234 5409 2596 2813 12022 9395 14273 4786 2807 825 42746 7062 35684 24591 11093 5554 24275 2591 316 1531 3747 2751 1981 1266 951 226 11567 7981 134 7847 7049 747 2265 4026 3759 174 1979 1422 2627 557 358 22744 5036 4293 1380 930 597 333 2913 2596 2072 1201 17708
is_linear=0
shrinkage=0.05


Tree=95
num_leaves=63
num_cat=1
split_feature=131 105 126 125 96 34 118 87 74 136 85 125 40 96 124 125 110 124 111 87 82 74 71 113 91 89 66 84 121 89 90 25 93 71 131 60 25 49 90 71 54 95 84 80 89 101 92 117 91 84 95 71 82 36 93 34 82 91 121 54 9 92
split_gain=23954.1 14792.9 11247.8 9371.55 7843.71 10978.7 7792 7383.32 7769.44 11707.8 24060.5 8647.86 8093.12 9208.59 7351.49 7235.79 10637.7 7215.01 7094.1 6804.48 11201.9 27815.9 8085.47 6550.95 6544.1 7358.05 6502.09 9913.17 7878.4 6498.93 6312.21 6284.94 6564.46 6338.95 6264.54 6070.15 8849.79 9634.9 11444.5 8939.28 8716.42 7954.05 8874.19 12439.2 14560.4 7650.99 8357.8 7457.86 7293.97 7148.12 8436.17 8102.1 8019.21 6690.53 6594.51 7386.04 6316.05 6269.27 8330.55 7526.82 6694.66 8426.22
threshold=0.0059760654543450512 0.0051812230921263512 0.39331292876201462 -0.0018682310338531997 0.63880798641631797 -0.083853534754654832 0.79759478403771011 0.12722911253283811 -0.11032793490870839 0 0.58157565384658738 0.0023996873686175503 0.029846580175972554 0.50155087136034504 0.64848815442991892 -0.0080451558914313975 -0.19063153634441013 -0.15088621241526637 -0.0065813832308779492 0.47529645418178751 1.4535150497563141 -0.043782972700519639 0.56732058711441125 0.0032301129413035003 0.16487634885294769 0.032409658340846102 -0.64197282995233618 0.79311811809320154 -0.0045624297197825988 0.024664583702529403 0.91600804162427185 0.4471261803140883 0.37841889501978948 0.64862650638874075 0.019636246329100052 0.37323803473975098 -0.12048707091568474 0.13566344983891107 -0.081241541972539785 0.48501725550952707 0.86235908444151088 0.17971781188178962 0.066013005043991865 0.34270722567979656 0.06795174199926142 0.5667942782112011 0.59467501246697652 0.015779956515636056 0.21876168145552083 0.70239136047451034 0.50964734235802667 0.59730867788845665 -0.16338892467571678 0.61829168258454981 0.65035514127516303 0.9485897764722836 -0.12976593671139403 0.18859564728664704 -0.0023257364454118495 0.18178624180286232 371.38500000000005 0.21717480395830843
decision_type=2 2 2 2 2 2 2 2 2 1 2 2 2 2 2 2 2 2 2 2 10 2 2 2 2 2 2 2 2 2 2 2 2 2 2 10 2 8 2 2 2 8 2 2 2 2 2 10 2 2 10 2 10 2 2 2 8 2 2 2 2 2
left_child=14 6 7 4 5 18 29 26 11 10 19 -9 17 30 15 16 -1 23 -4 20 24 -22 -23 -11 -10 -26 27 28 -3 -2 -14 33 -33 -7 -35 36 -17 38 39 -38 41 45 -43 44 49 46 -39 -47 -48 50 51 56 -52 -42 55 -46 -44 58 59 -41 61 -59
right_child=1 2 3 -5 -6 31 -8 8 9 12 -12 -13 13 -15 -16 35 -18 -19 -20 -21 21 22 -24 -25 25 -27 -28 -29 -30 -31 -32 32 -34 34 -36 -37 37 40 -40 57 53 42 43 -45 54 47 48 -49 -50 -51 52 -53 -54 -55 -56 -57 -58 60 -60 -61 -62 -63
leaf_value=-0.1184003662018796 0.171236580886694 -0.5354834064526458 -0.2428409548057848 -0.048080515302618317 -0.061965468456151918 -0.22731568628416854 -0.062645152037126381 0.053840940903053414 0.12358169233078418 -0.16799271830568299 0.82080993104646827 -0.10986074406319107 -0.28979385949134312 -0.050422475930610944 -0.059243632212401101 0.022884782151728247 0.020676863339649673 0.015034312688712678 0.029628424359160285 -0.11712436800458326 1.2089471672324168 0.49961930691497403 -0.10257898789182629 0.23304039861644266 0.1160465576024103 -0.025531366664548395 0.12023074316525269 0.097577518624925683 -0.066018259089915363 0.015046712981576749 0.024495137764208523 -0.45282874427735803 -0.124244676658127 -0.24320837188368807 -0.72070435914189312 -0.076188262693570652 0.29651356306978999 -0.001982168934494257 -0.085647424495429003 -0.070357115620428387 -0.44629937079696619 0.074338447077929526 0.35065132373896968 0.0085567480555946169 0.22408821169534399 0.1198466738927307 -0.80662257886595201 -0.085916513360079827 -0.10278492594724023 0.060752357445827881 0.31710633134085037 0.49898618746153461 1.0386864701164105 0.016887614208866249 -0.22100101308721418 -0.092619785556245393 -0.21198604387166198 0.18439862702677889 0.070694039752171922 -0.46795775939487605 0.20618152933365069 -0.11495336601392328
leaf_weight=1890 687 141 384 7936 1828 246 3283 976 1247 1040 93 4637 946 1587 2423 24953 5037 3568 629 858 68 79 183 112 1105 5390 1604 502 242 20846 192 199 639 103 214 1132 385 374 1791 443 120 2609 118 702 1514 2297 71 544 76 130 62 430 106 219 105 209 85 409 765 162 838 550
leaf_count=1890 687 141 384 7936 1828 246 3283 976 1247 1040 93 4637 946 1587 2423 24953 5037 3568 629 858 68 79 183 112 1105 5390 1604 502 242 20846 192 199 639 103 214 1132 385 374 1791 443 120 2609 118 702 1514 2297 71 544 76 130 62 430 106 219 105 209 85 409 765 162 838 550
internal_value=0.000214126 -0.020728 -0.0408687 -0.0801586 -0.140145 -0.199297 0.00909711 -0.0213924 -0.0305952 -0.0132777 0.0250162 -0.0813914 -0.0596389 -0.128312 0.0257196 0.0299984 -0.0172813 -0.0200994 -0.0737947 0.0166656 0.0308993 0.315747 0.0802092 -0.128835 0.0187186 -0.00143043 0.0602292 -0.0485323 -0.239794 0.0200376 -0.236793 -0.289925 -0.20272 -0.419135 -0.566809 0.037948 0.0411745 0.0713671 0.0173766 0.0693331 0.100886 0.109842 0.144011 0.196496 0.244295 0.0481262 -0.127844 0.0804304 -0.445887 0.405188 0.460944 0.376277 0.775841 -0.147903 0.162175 0.18564 0.11518 0.0416308 -0.0389234 -0.177419 0.103031 0.0127751
internal_weight=112113 61564 36748 12178 4242 2414 24816 24570 22081 16468 9023 5613 7445 2725 50549 48126 6927 4720 1013 8930 8072 330 262 1152 7742 6495 2489 885 383 21533 1138 1401 838 563 317 41199 40067 15114 5343 3552 9771 9432 6070 3461 2759 3362 521 2841 147 931 801 633 168 339 1828 1723 203 3167 1370 605 1797 959
internal_count=112113 61564 36748 12178 4242 2414 24816 24570 22081 16468 9023 5613 7445 2725 50549 48126 6927 4720 1013 8930 8072 330 262 1152 7742 6495 2489 885 383 21533 1138 1401 838 563 317 41199 40067 15114 5343 3552 9771 9432 6070 3461 2759 3362 521 2841 147 931 801 633 168 339 1828 1723 203 3167 1370 605 1797 959
cat_boundaries=0 1
cat_threshold=9
is_linear=0
shrinkage=0.05


Tree=96
num_leaves=63
num_cat=0
split_feature=131 111 127 40 90 111 90 96 95 49 74 96 80 106 125 50 36 71 77 110 97 71 83 36 100 133 90 76 62 78 41 127 71 100 96 86 48 76 54 100 40 123 11 62 73 84 58 86 97 127 125 48 109 105 111 129 36 90 101 50 117 84
split_gain=20489.9 12417.9 14006.3 11274.9 16673.2 15725.5 12670.1 10831.8 18849.9 10704.3 10639.7 17195.2 11205.2 10408.8 10795.5 10896 10696.6 10159.7 9804.15 9299.14 8425.99 8390.1 8132.52 8615.83 9659.23 8488.71 8039.97 12472.5 7508.36 8618.82 9292.67 10505.6 7466.81 7434.23 10165.4 9786.75 10967.4 10800.1 16864.4 14015.1 15731.5 8713.54 8539.45 9202.24 8379.58 10247.4 8348.69 8061.53 7859.74 8331.94 9846.42 7425.68 8702.55 7290.22 7283.11 8823.2 8952.2 7153.04 7115.16 8501.38 8185.67 7096.5
threshold=0.022671801707752206 -0.0094672823785329988 0.0040879205848359012 -0.10363437777410558 -1.2243681271590721 0.013832005669403402 -0.86417855119313358 0.075767117469726822 0.56037249116507715 0.12965471578231377 0.047703523882951411 -0.020636170141751498 -0.83725107440051338 0.24580494435615066 -0.0046689318697289489 1.1148461882170388 -0.078624766157080542 0.75832306692623297 0.24458283414772203 -0.023273791101447745 0.54949125264526222 0.48803372970534903 0.32686884949256473 -0.57491298039843419 -0.036714097308421144 0.00027347113657840008 -0.82278874786459377 -0.095122743224999834 -1.0399614691152119 0.075376729433714318 0.13994250130784014 -0.0092571762234746977 0.55659126659371305 -0.70165239224019149 0.50155087136034504 -0.34783755814965961 -0.13797516806819674 -0.31248596988369609 -0.040826956995896342 -0.36781622371294365 0.16796809700010387 0.018925300563843703 8142.0250000000005 -0.066074639577444833 0.47736699791519399 0.48041477708740071 0.53545986772328347 -0.34355290474746697 0.60740786738166286 0.048286244795390211 0.020785232551952654 -0.042237031481559544 0.0027380383359539005 0.010207034019598802 -0.0029889203296581996 -0.0047111380021283488 0.52298132856188884 -0.96765420502389687 0.5644493720802205 0.92526840109877095 -1.0000000180025095e-35 0.075304228969922019
decision_type=2 2 2 2 2 2 2 2 8 8 2 2 2 2 2 2 2 2 2 2 2 2 8 2 2 2 2 2 2 2 2 2 2 2 2 2 8 2 2 2 2 2 2 2 2 2 2 2 2 2 2 10 2 2 2 10 2 2 2 2 10 2
left_child=1 2 -1 5 7 -3 10 -5 32 -8 11 12 20 19 15 16 -15 -12 -13 -2 -6 -4 23 -23 58 -24 27 -16 -7 30 31 -30 -9 34 47 36 -35 38 39 44 -41 -38 43 -39 45 -37 -42 -11 -45 50 61 -26 -53 -40 -20 -56 -57 -22 59 60 -25 -50
right_child=13 3 21 4 6 28 9 8 -10 33 17 18 -14 14 26 -17 -18 -19 54 -21 57 22 25 24 51 -27 -28 -29 29 -31 -32 -33 -34 35 -36 37 41 42 53 40 46 -43 -44 48 -46 -47 -48 -49 49 -51 -52 52 -54 -55 55 56 -58 -59 -60 -61 -62 -63
leaf_value=0.030582153924082631 -0.049087252944142512 0.020572257493041174 0.098709025303654552 0.27337326567403675 -0.10482000495292841 0.042089971739965787 -0.001895824300435067 -1.1287960351979147 -0.065590335769494149 -0.70979533975145648 0.22564561798713836 0.18756547872680468 -0.48688218785183768 -0.084745043365213768 0.010168469391605804 -0.041034350997738278 -0.31218043859717587 -0.12611942630802744 0.0025393354621800514 0.025661083931028256 0.40674876135329657 0.010013884929934089 -0.077847874023354038 -0.64731914133443835 -0.15567596583579352 0.045610001696243095 -0.047767893130436348 0.4654108864006572 -0.24125143789117903 -0.0259225704807515 -0.33277625477783979 0.060100368978156696 -0.47181525300748606 0.069313992070852454 -0.0076877594706291326 -0.13774374717887602 0.43363691052177339 0.050709866470206415 0.25452314295284573 -0.096526582708412967 -0.40712410494318751 -0.1131801219245549 -0.011463900096472364 0.070853167079549639 -0.47057985354128279 0.60352944393812769 -1.1672886598355992 -0.028219672179297557 0.15370713861720622 -0.2923060833092998 -0.011759880809479505 -0.33340857792874617 -0.85713795120968972 -0.088448168890037163 0.0098836499798510766 -0.75694246142471244 -0.084198799195832452 0.086608588135779013 -0.035785391958266063 -0.027168738056207078 0.023934084279162271 0.34629940080952909
leaf_weight=7501 6881 9015 781 98 178 747 14443 60 351 97 2176 142 62 943 709 1772 1146 226 153 10522 435 773 4423 176 447 2031 12934 190 661 1151 775 513 160 823 1612 135 494 13800 308 109 60 85 3653 2737 85 70 96 78 878 84 406 416 98 310 90 176 69 292 1104 191 61 1057
leaf_count=7501 6881 9015 781 98 178 747 14443 60 351 97 2176 142 62 943 709 1772 1146 226 153 10522 435 773 4423 176 447 2031 12934 190 661 1151 775 513 160 823 1612 135 494 13800 308 109 60 85 3653 2737 85 70 96 78 878 84 406 416 98 310 90 176 69 292 1104 191 61 1057
internal_value=0.000307924 0.0147477 -0.0215982 0.0258471 0.0373986 -0.0155447 0.0410503 -0.210213 -0.293543 0.0328428 0.126031 0.0259837 0.15835 -0.0313515 -0.0583548 -0.132269 -0.209603 0.19251 -0.177116 -0.0038949 0.203042 -0.0588707 -0.071541 -0.135822 -0.181027 -0.038996 -0.0377161 0.106792 -0.100164 -0.134445 -0.198488 -0.109631 -0.655289 0.0514406 -0.0470859 0.0584318 0.186765 0.0508606 -0.0970116 -0.29682 -0.558945 0.353305 0.0585344 0.0720194 -0.0561939 0.117075 -0.879373 -0.407894 0.128967 0.194502 0.212087 -0.30523 -0.434734 0.0826176 -0.283399 -0.413611 -0.568588 0.27846 -0.102969 -0.275776 -0.475175 0.259036
internal_weight=112049 76952 18002 58950 46088 12862 45419 669 571 41420 3999 1597 967 35097 17694 3861 2089 2402 630 17403 905 10501 9720 3266 2493 6454 13833 899 3847 3100 1949 1174 220 26977 1787 25190 1402 23788 1173 555 265 579 22615 18962 290 205 156 175 5162 2425 2341 961 514 618 488 335 245 727 1532 428 237 1935
internal_count=112049 76952 18002 58950 46088 12862 45419 669 571 41420 3999 1597 967 35097 17694 3861 2089 2402 630 17403 905 10501 9720 3266 2493 6454 13833 899 3847 3100 1949 1174 220 26977 1787 25190 1402 23788 1173 555 265 579 22615 18962 290 205 156 175 5162 2425 2341 961 514 618 488 335 245 727 1532 428 237 1935
is_linear=0
shrinkage=0.05


Tree=97
num_leaves=63
num_cat=1
split_feature=103 107 121 111 136 84 125 98 113 50 96 124 50 115 135 58 119 113 81 50 79 41 125 83 98 135 132 75 134 127 127 105 38 93 64 79 99 96 43 96 94 74 114 70 110 50 41 78 68 74 80 80 113 70 103 74 38 109 118 66 96 81
split_gain=24569.7 18094.4 17946 13735.9 17093.4 16116.4 15991.7 13503.2 16003.1 12810.4 12244.4 11711.6 11787.1 17376.3 10779.8 9569.89 9506.03 10548.1 14088.7 14435.7 9617.27 9422.49 8890.31 8971.82 11827.9 8079.56 7740.89 7839 7884.56 8776.71 7634.91 7573.06 7433.1 7392.77 9725.32 7205.64 10798.7 13986.2 13477.9 7157.92 9038.55 7115.84 9156.56 7063.61 7078.41 8114.71 8730.94 6890.13 9044.43 7505.41 11415.8 18267.9 9447.38 7535.37 7311.23 6782.08 8067.84 6646.42 6642.92 7268.14 6628.31 6748.86
threshold=-0.014269706165323798 -0.014134766509801498 -0.0082063714887833979 0.017083700236557003 0 -0.24212353467007994 -0.0070569906523495493 0.37982345228484776 0.00037939608519895005 -0.44814029354106688 -0.79215239379638269 -0.039257159907897743 1.0627167949828278 -0.0036718509006490496 -0.0025758157735151998 -0.64810493010704084 -0.011585325305096098 -3.1620922258122958e-05 0.19985765233054248 0.65025809461840944 0.11182608607989716 0.14407468844884147 0.0042172075864918505 0.50211897902686109 -0.15099202755237598 0.037857737877063209 -1.7769680334676943 0.28316911827614211 -0.3350447687811911 0.040953053875790006 -0.022766979515312598 -0.0036253933702764993 -0.28765221911630084 0.36959103147809819 -0.06948217213038109 0.040187145054121257 0.63092539061895303 0.11997378931796311 0.32428163351131034 -0.56536860371681696 0.074537754467914955 -0.012564941016517348 0.022425633675166354 -0.52361905893513228 -0.14255197049650023 0.88480452816463895 0.025739799119620852 0.45388164525666347 0.11878780588959957 0.75324699995860289 -0.11639136419323275 0.60298532841290131 0.0049429814208305509 -0.1347750930817033 0.038008634292450605 -1.0630208673314347 0.62191476168079707 8.0239777553064905e-05 -0.19203966696138505 -0.24904475656918248 0.28367774154448061 0.16046188473057543
decision_type=2 2 2 2 1 2 2 2 2 2 2 2 2 2 2 2 2 2 2 2 2 2 2 10 2 2 2 2 2 2 2 2 2 2 2 2 2 2 2 2 10 2 2 2 2 2 2 2 2 2 2 2 2 2 2 2 2 2 2 2 2 2
left_child=-1 -2 10 6 -5 7 9 21 -9 -4 -3 12 13 22 47 -11 -17 18 57 20 -20 -6 23 24 -12 30 -15 28 -28 -30 -13 32 -26 34 -32 36 37 -7 -39 -16 -41 -10 -43 -19 45 46 -45 49 -49 54 52 -52 -51 -54 -8 -37 -57 -18 -33 -60 61 -35
right_child=1 2 3 4 5 35 14 8 41 15 11 25 -14 26 39 16 17 43 19 -21 -22 -23 -24 -25 31 -27 27 -29 29 -31 33 58 -34 60 -36 55 -38 38 -40 40 -42 42 -44 44 -46 -47 -48 48 -50 50 51 -53 53 -55 -56 56 -58 -59 59 -61 -62 -63
leaf_value=0.046451394107614848 0.048781333280373922 0.049684907583038729 0.029722768767261432 0.089915839011835821 -0.010872351740753013 -0.042757126070834976 0.008826078672259683 0.16636578654081136 -0.36077335943524935 0.31493368323628362 -0.24891039137367954 0.14606329911288315 -0.039634549094573063 -0.48015644522813655 -0.00023040411087097714 0.16198686802299261 0.1726555416512956 -0.58539023287594316 -0.50906247669762894 -0.1349901634877779 -0.055311236053652381 -0.30693295140089283 0.019338721685625358 0.072909144144676155 0.031546079744113963 0.14190157429653813 -0.16335312028165871 -0.50832162606396847 0.049477233696848179 -0.42189713407342683 -0.039500057074438502 -0.27242682155890341 -0.61436561203665208 0.085220588612959752 0.19252893584336153 0.069566215530254091 -0.032118451547179398 1.1616119968219543 0.2199129867278749 0.077231381068534957 -0.050840832936348272 -0.218506794597667 -0.94709680592709222 -0.54216817749030699 0.027075827934195048 0.031760334190807905 -0.13111920844183592 0.53341659381343376 0.064765503317492243 0.16151254543817845 -0.36600192157764522 0.089784895499292014 0.19023616070810118 -0.34026513407497028 -0.075958012123326077 -0.20913931874907288 -0.051764032487073897 -0.23865985209183976 -0.37604820750653745 -0.93887764320425371 -0.043353558718368906 -0.15246640006406209
leaf_weight=22695 10837 2285 2361 1515 811 134 15313 117 489 126 606 464 2501 129 6659 270 280 63 711 764 140 401 173 108 88 560 1163 104 1280 106 1957 77 89 326 586 671 715 70 83 12279 1551 64 136 196 1217 355 378 115 919 506 699 320 94 227 3048 1208 2498 150 79 229 4695 3485
leaf_count=22695 10837 2285 2361 1515 811 134 15313 117 489 126 606 464 2501 129 6659 270 280 63 711 764 140 401 173 108 88 560 1163 104 1280 106 1957 77 89 326 586 671 715 70 83 12279 1551 64 136 196 1217 355 378 115 919 506 699 320 94 227 3048 1208 2498 150 79 229 4695 3485
internal_value=-1.70197e-05 -0.0117901 -0.0201268 -0.00568949 -0.0627609 -0.0940334 0.00474675 -0.21462 -0.373114 -0.06512 -0.0595914 -0.0728715 -0.12571 -0.176568 0.0164862 -0.113272 -0.125265 -0.14353 -0.225337 -0.293019 -0.434567 -0.108999 -0.316922 -0.362492 -0.402779 -0.0434007 -0.103378 -0.084883 -0.067414 0.0131488 -0.0524254 -0.567958 -0.294861 -0.0607734 0.0140226 -0.048937 0.0719622 0.330469 0.655501 0.0423603 0.0628658 -0.464832 -0.716195 -0.0677291 -0.0522665 -0.156123 -0.272176 -0.00847257 0.117353 -0.0149166 -0.110992 -0.222922 0.0270276 -0.184808 -0.00525179 -0.0766239 -0.103104 0.0289526 -0.692422 -0.7962 -0.0831338 -0.132117
internal_weight=112275 89580 78743 57653 8912 7397 48741 2018 806 7011 21090 18805 6732 4231 41730 4650 4524 4254 2045 1615 851 1212 1449 1276 1168 12073 2782 2653 2549 1386 11513 562 177 11049 2543 5379 1002 287 153 20489 13830 689 200 2209 2146 929 574 21241 1034 20207 1846 1019 827 321 18361 4377 3706 430 385 308 8506 3811
internal_count=112275 89580 78743 57653 8912 7397 48741 2018 806 7011 21090 18805 6732 4231 41730 4650 4524 4254 2045 1615 851 1212 1449 1276 1168 12073 2782 2653 2549 1386 11513 562 177 11049 2543 5379 1002 287 153 20489 13830 689 200 2209 2146 929 574 21241 1034 20207 1846 1019 827 321 18361 4377 3706 430 385 308 8506 3811
cat_boundaries=0 1
cat_threshold=3
is_linear=0
shrinkage=0.05


Tree=98
num_leaves=63
num_cat=2
split_feature=103 133 121 111 136 84 120 60 96 96 80 82 136 56 76 101 91 69 99 119 125 78 125 107 125 103 25 125 135 94 123 125 54 123 96 84 76 46 45 127 48 121 119 91 125 63 68 82 81 111 39 102 135 81 59 43 63 38 0 95 123 127
split_gain=21718.7 18963.2 18292.6 13347.1 15910.9 11647.1 12036.2 10920.2 10847.4 17640.7 12520.2 13051.5 11711.4 17309.8 11414.7 10295.5 9745.81 9547.42 16914.6 9300.99 9282.7 9261.53 8888.24 8809.22 8695.72 8428.2 9456.13 8829.42 8544.62 10289.8 11811.7 9541.11 9661.51 9120.63 8678.95 8396.5 8358.56 8644.94 8528.11 8326.55 7858.72 7749.64 7404.9 7401.13 7352.28 7200.15 7499.34 10422.4 7837.69 7049.13 7030.87 6999.22 6876.49 6820.67 6774.27 6703.72 9383.23 6684.99 6684.65 6543.81 6522.27 6789.11
threshold=-0.0097910406197045993 -0.014684206043396849 -0.0016974016491786998 0.018019504979265352 0 -0.3319817613113753 0.030720601443049406 0.17415968974478707 -0.53020914776795258 0.50155087136034504 -0.74506866395968119 -0.29730374983844926 1 -0.6598603785882976 -0.33445214616890484 0.49278296693730966 0.19691609708773228 0.84745748545176924 0.72507822738688688 -0.0059328345306409987 -0.0093819283160152481 -0.027074849189938296 0.0015820665814019503 -0.016311956957427449 -0.0022194580307568494 0.05305609827380036 0.033346634082971512 0.016442732544084956 0.052160749009845908 -0.07878520093167253 0.0037971387014482006 -0.0012749015348922997 -0.080065984090177234 0.0021765101842501503 -0.07759726392572168 0.21989068834264544 -0.30853268840879017 0.45099207181086304 0.042260142051896009 0.0011747837894422002 0.0087896482579099527 -0.0013763560249920499 0.028376282097251956 0.19085376539604379 0.0015820665814019503 0.37945111919521629 0.074831363153094813 -0.058467620349907642 0.26874744492232167 -0.013382452586905248 0.63419207553118773 0.10173799194812887 0.0039812366297156008 0.16588096952932702 0.66413222444570852 0.28058796288071813 0.83903300073333409 0.38653715874541789 536.74500000000012 0.16195097756456886 -0.0012482544842501498 -0.0073264466910588988
decision_type=2 2 2 2 1 2 2 10 2 2 2 8 1 2 2 2 2 2 2 2 2 2 2 2 2 2 2 2 2 10 2 2 2 2 2 2 2 2 2 2 10 2 2 2 2 2 2 8 2 2 2 2 2 2 2 2 2 2 2 10 2 2
left_child=-1 2 8 7 -5 6 -6 20 -2 10 24 19 13 16 21 43 -13 40 -19 -12 39 -15 23 -14 -10 26 42 28 29 33 31 32 34 35 -31 -28 37 -21 -38 54 -7 -35 -22 -8 -17 -25 48 57 55 -34 59 -27 -49 -41 -3 56 -47 -48 -42 -51 -24 -62
right_child=1 3 -4 4 5 17 15 -9 9 -11 11 12 22 14 -16 44 -18 18 -20 36 25 -23 60 45 -26 51 27 -29 -30 30 -32 -33 49 41 -36 -37 38 -39 -40 53 58 -43 -44 -45 -46 46 47 52 -50 50 -52 -53 -54 -55 -56 -57 -58 -59 -60 -61 61 -63
leaf_value=0.03767068241073393 0.0080796640765111085 0.070783434706210305 0.0034045166081386061 0.09360555642764834 -0.012143945462138969 0.14958628307053232 -0.94039245849908015 -0.077018520662686038 -0.12769880786311566 -0.037540996516680275 0.043667479634769565 0.024746896766248298 0.094835616011793411 -0.58966378906080796 0.087446052528132187 0.13474659249817922 -0.75530746157591544 0.76363030965391976 -0.11549215261188767 -0.6339533678896544 0.022966991421416595 0.0077522751895615655 0.039946118237665938 -0.086926062094714887 0.14507545422422496 0.041617765438734147 0.128086731579661 -0.0048924039422935765 0.41630363511666657 0.11615079158339009 0.25142384546146479 0.056988461975222143 -0.33300497133750473 -0.0022570067503731735 -0.37348309781415723 0.32396861478514194 -0.62251587167604649 -0.061903127729892732 0.064621231812152943 0.16958081093724575 -0.49610477491022692 0.18305123707775539 -0.10343076553361724 -0.34922739760089327 -0.29690681425485538 -0.47564526357616366 -0.91789822284991929 -0.17752093834041879 -0.038406358539648015 -0.15514553411165999 0.41354529369410464 -0.1426972935272314 0.30099484187484993 -0.12322149801742804 -0.36709056700867149 -0.62543396914345317 0.13087498876978371 -0.30517849001429376 -0.076458693792285801 0.19188722686221205 0.050788214088420658 -0.20848925536071447
leaf_weight=28058 3199 1466 12069 1476 488 385 98 2991 593 7398 122 60 155 123 1231 117 119 96 125 409 22053 136 488 334 574 873 1272 3027 199 115 567 3134 127 1418 417 962 66 79 138 215 96 936 1222 118 611 259 64 310 108 312 122 1254 98 2529 93 429 84 147 4466 239 302 1528
leaf_count=28058 3199 1466 12069 1476 488 385 98 2991 593 7398 122 60 155 123 1231 117 119 96 125 409 22053 136 488 334 574 873 1272 3027 199 115 567 3134 127 1418 417 962 66 79 138 215 96 936 1222 118 611 259 64 310 108 312 122 1254 98 2529 93 429 84 147 4466 239 302 1528
internal_value=-0.00042917 -0.0131193 -0.0445097 0.00480836 -0.0544278 -0.0875518 -0.213819 0.0153135 -0.0756772 -0.0931272 -0.144804 -0.170805 -0.145171 -0.0318155 0.0239284 -0.317951 -0.495152 -0.0526993 0.268109 -0.358562 0.0218052 -0.277139 -0.188578 -0.266582 0.00647714 0.0296383 0.0353342 0.0697663 0.0927779 0.0860436 0.0366625 0.00934636 -0.102707 0.140194 -0.267622 0.212544 -0.429436 -0.541663 -0.15964 -0.0478132 -0.0670822 0.0714719 0.0163266 -0.620539 -0.227444 -0.297179 -0.343938 -0.210065 -0.43776 0.00715832 0.0717484 -0.0670635 -0.0621284 -0.100226 0.0444441 -0.493506 -0.327161 -0.49448 -0.0853963 -0.00454279 -0.122405 -0.165697
internal_weight=112299 84241 30622 53619 8076 6600 1432 45543 18553 15354 7956 6789 5975 1669 1490 944 179 5168 221 814 42552 259 4306 1988 1167 38249 36122 12847 9820 9621 5033 4466 1332 4588 532 2234 692 488 204 4303 4947 2354 23275 216 728 1833 1499 619 880 800 673 2127 408 2744 1559 772 343 211 4562 551 2318 1830
internal_count=112299 84241 30622 53619 8076 6600 1432 45543 18553 15354 7956 6789 5975 1669 1490 944 179 5168 221 814 42552 259 4306 1988 1167 38249 36122 12847 9820 9621 5033 4466 1332 4588 532 2234 692 488 204 4303 4947 2354 23275 216 728 1833 1499 619 880 800 673 2127 408 2744 1559 772 343 211 4562 551 2318 1830
cat_boundaries=0 1 2
cat_threshold=3 8
is_linear=0
shrinkage=0.05


Tree=99
num_leaves=63
num_cat=0
split_feature=112 99 104 88 115 113 8 5 69 42 89 74 70 54 115 68 81 107 70 58 109 56 78 45 69 132 89 38 88 113 123 46 70 95 46 73 89 71 53 100 70 97 73 89 69 46 71 121 50 53 36 83 94 71 109 107 101 59 76 105 88 123
split_gain=17612.6 18510.3 12718.7 11453.2 9774.37 9693.38 12497.1 8216.19 8190.01 8719.79 13670.8 15787.6 9068.85 8098.37 8271.72 7896.15 10859.9 10637.3 10709.6 11995.5 8344.42 8449.7 9859.88 11127.3 10300.9 9996.83 7830.33 11291.3 9346.76 12986.9 9183.27 8351.62 9774.09 9933.03 8188.07 10683.5 13051.2 10868.1 11350.8 11018.8 13039.6 9982.75 8148.13 17000.3 7692.3 7993.26 10159.2 7584.82 7584.72 7569.73 7998.46 8443.06 7491.81 7430.33 7407.34 7287.13 7260.97 7046.02 7039.07 6998.52 6963.26 6958.01
threshold=0.42262164697730709 0.63689261649973905 0.36412447141069587 -1.0936259434456495 -0.013541211728602348 0.0062122506193838514 47.725000000000001 2388.1250000000005 0.68549831303117614 -0.35540981953335304 0.09699156530090812 0.11655028024546847 0.32388239019823434 -0.19448412274932023 0.023429498445578203 -0.56661637935606957 0.17385201252344312 -0.0035175072289172996 0.18555233485293682 -0.4332327001855974 -0.0035650205661281495 -0.79773240413078217 -0.027074849189938296 0.074506742331285167 0.65786812230414582 -1.2636933519262981 0.028089753909822053 -0.27863255810585469 0.082947274748981017 0.0063652225609045513 -0.0021570573203258496 -0.16695806993396903 -0.25328607579160067 0.16145272616826986 0.46960522194439563 0.39092060489671593 0.39963243434015489 0.66399762483486502 0.072512465346444357 -0.52703466911229135 0.18555233485293682 0.57048211521732994 0.61377703770854386 0.072708134062801702 0.69073112057680053 0.27473243887048321 0.58525548387051607 -0.023955481615686999 -0.36663355865145314 0.25368864577628381 -0.39662343885290868 0.3049856804726046 -0.039626276893624794 0.51533287870608924 0.00096267863148230017 0.014322021129620601 0.55715398989870402 1.0069268120374486 0.23499540562248003 0.072816116754373467 1.0000000180025095e-35 0.0024726897238231504
decision_type=2 2 2 2 2 2 2 2 2 2 2 2 2 2 2 2 2 2 2 2 2 2 2 2 2 2 2 2 2 2 2 2 2 10 2 2 2 2 2 2 2 2 2 2 2 2 2 2 2 2 2 10 8 2 2 2 2 2 2 2 2 2
left_child=1 26 8 -2 49 7 47 -5 9 -3 11 15 -13 -12 -15 -11 58 -18 19 -19 -21 -22 23 24 25 -23 27 -1 31 42 -31 -28 -33 34 35 36 -34 39 -39 -37 41 48 -30 -44 45 46 60 -7 -41 50 -4 -52 -40 -46 -24 -14 -43 -10 -17 -6 -35 -57
right_child=3 2 4 5 59 6 -8 -9 57 10 13 12 55 14 -16 16 17 18 -20 20 21 22 54 -25 -26 -27 28 -29 29 30 -32 32 33 44 -36 37 -38 38 52 40 -42 56 43 -45 53 -47 -48 -49 -50 -51 51 -53 -54 -55 -56 61 -58 -59 -60 -61 -62 -63
leaf_value=0.031664171881620039 0.12725501690531663 -0.033027466683297327 0.018374577398515411 -0.055886266651138605 -0.0266187719714015 -0.37863046652450283 -0.036861816368360223 0.17663585261894887 -0.023335154727086766 0.041002864305063058 -0.020193799730338208 0.089760842887593645 0.1249868789052262 0.20999891356213479 -0.0051071626362859833 0.33015267175683727 0.050195019162426441 -0.044783059866299546 0.027129437977476689 0.13435989916324617 -0.79319164120157559 -0.67619211844898564 -0.22663102329609899 -0.59321867807344952 0.40708251746299751 -0.053140274053659245 0.033284829380681322 0.25409035238649558 0.11342817866211792 0.19379705920172727 -0.021945527852155079 0.023395736697619171 -0.064485618468206315 0.17302621119618417 0.0085928214951013198 -0.57311214352610396 0.68536127894185483 -1.0090831193853826 -0.6500403668844339 0.029410886141528009 0.32687424691218253 0.19148140554793003 1.1040226010023617 0.022071730139500957 -0.57318838705740327 -0.066930610434876553 0.058842816790220909 -0.15183409951929744 -0.40553265762066143 -0.025416203708994358 -0.59202228594399897 -0.20370166232842007 -0.21600694854843239 -0.049302826767357498 -0.55917114704072668 0.81020819029937963 -0.20385600816236515 0.49837621228053025 -0.25415544751144592 -0.18755523417139663 0.68853029687987999 0.14868025642729574
leaf_weight=1434 686 4818 179 1194 22998 422 2765 556 14989 4747 714 2772 169 2293 555 287 1577 1446 1172 135 74 73 348 109 103 497 18626 947 4931 567 3747 5681 621 124 930 133 63 67 131 131 158 253 63 84 81 449 458 2907 424 515 238 342 411 389 326 116 213 64 62 695 140 61
leaf_count=1434 686 4818 179 1194 22998 422 2765 556 14989 4747 714 2772 169 2293 555 287 1577 1446 1172 135 74 73 348 109 103 497 18626 947 4931 567 3747 5681 621 124 930 133 63 67 131 131 158 253 63 84 81 449 458 2907 424 515 238 342 411 389 326 116 213 64 62 695 140 61
internal_value=0.000529015 0.00620852 -0.0109555 -0.0685298 -0.038606 -0.0856663 -0.115448 0.018048 0.00745099 0.0265808 0.0428662 0.0207155 0.119964 0.130356 0.168093 -0.00753819 -0.0446502 -0.0608002 -0.101671 -0.150186 -0.241644 -0.274887 -0.248018 -0.126973 -0.0506906 -0.133979 0.0321996 0.1202 0.0268068 0.0702423 0.00644841 0.0129682 -0.0218862 -0.0715811 -0.118763 -0.164216 0.00547893 -0.22461 -0.399046 -0.143398 -0.0944789 -0.159939 0.124426 0.490092 0.030068 0.0986358 0.201549 -0.180689 -0.303002 -0.173467 -0.273757 -0.363792 -0.321916 -0.140615 -0.388064 0.360981 0.0107304 -0.0210841 0.225921 -0.0313473 0.447966 0.58434
internal_weight=112260 103730 62474 8530 24967 7844 6094 1750 37507 22454 17636 14074 3118 3562 2848 10956 6209 5860 4283 3111 1665 1530 1456 782 673 570 41256 2381 38875 9392 4314 29483 10857 5176 3535 2605 684 1921 609 1312 1179 1021 5078 147 1641 1171 722 3329 555 1274 759 580 542 470 674 346 466 15053 349 23693 264 177
internal_count=112260 103730 62474 8530 24967 7844 6094 1750 37507 22454 17636 14074 3118 3562 2848 10956 6209 5860 4283 3111 1665 1530 1456 782 673 570 41256 2381 38875 9392 4314 29483 10857 5176 3535 2605 684 1921 609 1312 1179 1021 5078 147 1641 1171 722 3329 555 1274 759 580 542 470 674 346 466 15053 349 23693 264 177
is_linear=0
shrinkage=0.05


Tree=100
num_leaves=63
num_cat=1
split_feature=126 121 74 121 111 127 129 121 111 113 68 85 101 90 133 120 96 103 65 74 113 120 135 73 120 100 87 75 46 99 62 84 90 78 88 136 93 97 9 87 123 74 75 119 109 123 123 94 73 95 133 86 79 68 78 69 80 52 69 123 78 127
split_gain=18747.7 16920.1 11569.7 18524.1 13996.1 15146.8 13056.7 12050.7 10024.5 9967.23 9805.16 9674.66 12191.3 8981.09 8944.56 8815.65 10900.8 14056.1 10850 13575 11577.3 10842.2 8626.77 8425.01 37466.9 11306.6 10241 16960.9 11889.6 8319.59 7977.51 10318.1 8666.89 7957.47 9061.32 7917.59 7911.54 7829.1 7562.89 7455.76 7124.35 11485.9 18519.9 18454 10041.5 9014.49 8566.91 8730.23 8319.85 7154.6 9806.09 9431.73 9587.3 9027.74 8364.26 7802.44 7088.58 7063.64 6912.08 6845.63 6783.27 6665.97
threshold=0.50926491594176948 -0.0015900024210928497 -0.11032793490870839 0.0064657250012742007 -0.0026079435863379996 -0.0022137375898614495 0.0054954082900070507 0.0053973681284264011 0.018019504979265352 -6.3548628619731717e-05 -0.53157415361436244 0.26702137783863211 0.70236546919115306 -1.2243681271590721 -0.0022357167951465996 -1.0000000180025095e-35 0.50155087136034504 0.044802964107898503 0.87123035207022204 0.76777326922511568 0.027115574342248702 1.0000000180025095e-35 0.0045321173651637009 0.64948559603697564 1.0630604603896412 0.56806696948848889 0.12460149136268951 0.10172033051921976 0.49045975859439622 0.70193807801370411 0.78961651954575685 -0.71607927789393333 -0.84350258738054429 0.89993020708170202 0.033752841931833859 0 0.28175663903886122 0.80691269207905114 522.81500000000017 0.17347848832674975 0.0013951670259210003 -0.030543419068354494 0.084317902094540015 0.018646656549655204 -0.0021736849630876994 0.0027930993656774504 0.0086352903040777026 0.0031241526893644503 0.62349147239274638 0.16244067336397197 0.023875255585610704 0.7640531317593493 0.034299654473782963 -0.53840898801112058 0.15547892849174058 0.77948751775342939 -0.31262609595299989 0.92685583533952487 0.69627951671704691 0.0071522394485351009 -0.10389719073975888 0.030817409043013905
decision_type=2 2 2 2 2 2 8 2 2 2 2 2 2 2 2 2 2 2 2 2 2 2 2 2 2 2 2 2 2 2 2 2 2 2 2 1 2 2 2 2 2 2 2 2 2 2 2 10 2 8 2 2 2 2 2 2 2 2 2 2 2 2
left_child=2 8 3 38 5 -4 9 10 14 -5 -7 12 -11 39 30 16 17 18 19 20 29 -17 61 25 57 37 28 40 -27 36 31 -2 -33 34 -29 -16 -12 58 -1 -6 -28 42 46 -44 45 -43 47 -42 49 53 51 -51 -53 -46 -55 -54 -20 -25 -15 -21 -19 -3
right_child=1 22 4 6 13 7 -8 -9 -10 11 15 -13 -14 23 35 21 -18 60 56 59 -22 -23 -24 24 -26 26 27 33 -30 -31 -32 32 -34 -35 -36 -37 -38 -39 -40 -41 41 44 43 -45 48 -47 -48 -49 -50 50 -52 52 55 54 -56 -57 -58 -59 -60 -61 -62 -63
leaf_value=0.017523668903437827 -0.0027316208450319217 0.00377540958322088 0.048444903929266384 0.038187656846275786 0.10205985723134084 0.043864420412877532 -0.018266582225420384 0.064276087889537301 0.20859697432692245 -0.083539332116236653 -0.16179525767352063 -0.1483151880215616 -0.97573494253979054 0.081101503508192618 0.05924965196428892 0.16178898563759223 -0.024971692732864436 0.046019230995859417 -0.43582277440267508 -0.18158995000151348 -0.45613556011995809 -0.037219495437478427 0.07336746638216278 0.073225569620752676 1.3515910083428027 0.090567015319166194 0.048070614025021927 0.065427168054125642 0.68994985792947849 -0.12063118533176076 -0.049872648289038451 -0.0041706762920441431 -0.19838846569722712 -0.071694846495391637 -0.48885340490581453 -0.070710321277280219 0.089983393710628218 -0.068635219205356021 0.19120335596043223 -0.32267865421281505 0.037448454162716548 -0.75127438769083144 0.036427281085069818 0.99499631938109612 0.12621886808691282 -0.14879809478008799 0.53977226606082351 -0.35315074572168598 0.43641110829224711 -0.15576697155450872 -0.2523401434855298 0.66968996822834015 0.02391416929467596 -0.42109658600655281 0.19449434019916226 0.61792825361894022 -0.14813334909714615 0.50046130652838161 0.022406774648623253 -0.58294561308076875 -0.46655418866918696 -0.1259728429710609
leaf_weight=8617 1123 5021 10031 719 157 2786 5852 3121 318 73 383 3548 80 17685 1943 792 3871 76 365 293 158 4997 3844 1116 63 827 3663 92 91 1255 4362 668 4101 397 366 2920 1664 1156 675 299 529 109 100 100 132 144 62 195 75 368 375 80 511 416 63 61 520 105 7003 167 421 1232
leaf_count=8617 1123 5021 10031 719 157 2786 5852 3121 318 73 383 3548 80 17685 1943 792 3871 76 365 293 158 4997 3844 1116 63 827 3663 92 91 1255 4362 668 4101 397 366 2920 1664 1156 675 299 529 109 100 100 132 144 62 195 75 368 375 80 511 416 63 61 520 105 7003 167 421 1232
internal_value=0.00176928 -0.0358926 0.0128472 -0.0209933 0.0226935 -0.00204505 -0.0672643 -0.026315 -0.0688119 -0.132118 -0.0422482 -0.165204 -0.553354 0.0437283 -0.0746608 -0.0582847 -0.0887714 -0.135338 -0.109105 -0.0733659 -0.0393948 -0.00996967 0.0144319 0.0465322 0.172252 0.0418619 -0.00724249 -0.0257542 0.150669 -0.0193218 -0.101145 -0.139089 -0.171191 -0.235817 -0.377613 -0.0188072 0.0428188 0.0584983 0.0301595 -0.176539 -4.05257e-06 -0.053044 0.0899793 0.518278 -0.113477 -0.410299 -0.0195225 -0.0680964 -0.0772107 -0.0966218 -0.0340669 0.0463491 0.160491 -0.239154 -0.339895 0.0882297 -0.267143 0.110345 0.0644537 -0.328248 -0.388238 -0.0218044
internal_weight=112336 25532 86804 19564 67240 30900 10272 20869 15435 4420 17748 3701 153 36340 15117 14962 9173 5302 4805 3920 3460 5789 10097 35884 1284 34600 8756 7838 918 3302 10254 5892 4769 855 458 4863 2047 25844 9292 456 6983 3320 986 200 2334 253 786 724 2081 2006 1395 1020 652 611 479 572 885 1221 24688 460 497 6253
internal_count=112336 25532 86804 19564 67240 30900 10272 20869 15435 4420 17748 3701 153 36340 15117 14962 9173 5302 4805 3920 3460 5789 10097 35884 1284 34600 8756 7838 918 3302 10254 5892 4769 855 458 4863 2047 25844 9292 456 6983 3320 986 200 2334 253 786 724 2081 2006 1395 1020 652 611 479 572 885 1221 24688 460 497 6253
cat_boundaries=0 1
cat_threshold=9
is_linear=0
shrinkage=0.05


Tree=101
num_leaves=63
num_cat=1
split_feature=135 132 124 88 113 74 85 64 23 34 136 50 131 92 112 113 119 62 23 135 133 123 74 80 123 130 115 46 113 134 105 74 81 87 60 50 73 123 75 4 94 109 77 125 49 96 81 36 109 74 87 86 87 68 82 36 69 69 42 46 95 67
split_gain=17024.4 13986.7 10889.6 9889.01 10880.5 8778.58 15207.7 21768.8 8947.12 8518.56 7395.01 10046.7 13217.5 12742.8 9864.74 9122.44 9041.41 9767.55 7888.26 7885.25 7373.53 7370.47 7288.94 7168.46 6978.45 6837.05 6821.95 6659.39 6615.38 6580.44 6170.55 6065.39 9097.83 23039.1 6058.02 6077.48 14332 11204.7 9603.91 8523.84 6479.44 6595.5 6143.82 5916.42 8127.04 5838 5669.39 5590.31 5917.02 5507.96 10296.2 5430.25 6122.76 5562.57 5582.92 5514.85 11414.6 5395.27 8002.74 7560.28 5276.12 5219.13
threshold=-0.0082068914084557475 -0.17156987217312653 0.37492164151894697 0.037940714376487862 0.0020162413981678505 -0.11032793490870839 0.58157565384658738 1.4179054944144915 -0.63324732600058597 -0.69179349408160629 0 0.60420167534315294 0.033386403867113758 0.34054858755994893 0.84524329394820819 -0.0017089490473050498 0.030920979615049905 0.15425103768697099 0.15971268109922537 -0.02300905491079815 -0.046492418021051793 -0.0014107312839273499 -1.0630208673314347 -0.79388821327567283 0.026240913489967054 0.68224387125560759 0.010116991696708702 0.049952667879166558 -0.0032209154483908496 -0.0096653296834588991 -0.022991643906097547 -0.03488060784803914 0.31067579778218674 0.45597984939126995 0.37323803473972866 0.54744774660566298 0.43512830816055342 -0.0026010543548441495 0.091784851444869073 138.72500000000002 -0.086542243395780385 0.0042065932545206014 0.28065364943684062 -0.0045279195217662492 0.32904683196448897 -0.17125093807108138 0.18324012510957599 -0.29068617305463057 -1.0000000180025095e-35 0.25414768683445715 0.20862538439272646 -0.014397683797368549 0.11384407251555877 -0.58855070760673656 -0.10553418574668659 0.46201929847566864 0.79003093059018337 0.6813988076927725 -0.060130984754166894 -0.58193168210675095 0.48553336617158172 1.2911930781864835
decision_type=2 2 2 2 2 2 2 2 2 2 1 2 2 2 2 2 2 2 2 2 2 2 2 2 2 2 2 2 2 2 2 2 2 2 10 2 2 2 2 2 8 2 2 2 10 2 2 2 2 2 2 2 2 2 10 2 2 2 2 2 10 2
left_child=1 9 3 34 61 22 8 -8 -7 -1 15 12 13 14 16 -11 17 20 23 -15 -12 -6 -4 -14 46 29 -17 57 -25 -3 -27 32 45 -34 35 -2 38 -38 42 -40 -39 43 -37 44 -42 -10 -22 48 -30 50 -23 -33 -53 54 -54 -55 -57 58 -19 -59 -48 -5
right_child=2 25 5 4 21 6 7 -9 31 10 11 -13 18 19 -16 26 -18 27 -20 -21 24 49 -24 28 -26 30 -28 -29 47 -31 -32 51 33 -35 -36 36 37 40 39 -41 41 -43 -44 -45 -46 -47 60 -49 -50 -51 -52 52 53 55 -56 56 -58 59 -60 -61 -62 -63
leaf_value=0.023973009338096866 0.016665565155394475 -0.011002576339918165 0.057641687125722554 0.12949198236601622 0.19106322839598811 0.1734466573044636 0.073014412311519061 1.2304967530438158 0.14690180168072614 -0.17589713602954912 -0.24899192436585602 -0.03443321081159862 0.0023016203521636493 -0.40408590077649953 -0.43361435339551924 0.054221078895343049 -0.25623660658664527 0.701849348586984 -0.1113224869743889 -0.12080249626052564 0.12178595078530573 0.19576678097780265 -0.10420575667437329 0.054787615675192615 -0.4353376327655637 0.10985381259306817 -0.06391631491528918 -0.032218264682356876 0.10545861647553641 0.045824385410585505 -0.059439799004614748 0.0085400611652565184 1.0534985419776706 -0.10777176292817836 -0.083420536313796756 0.31289742100787793 -0.13839860880856136 0.52271202696465902 -0.030087930159061218 0.61892109064494871 0.088216423884770426 -0.199845901259812 -0.074471142474302462 0.19707781009663256 -0.42083894435097191 -0.19408597155157381 -0.060962185252000901 -0.57961682842573237 -0.47033580865325597 -0.092598217725066462 -0.010828946657428395 0.36928363374869028 -0.23163524759041165 -0.17612105764214192 0.16162877156732874 -0.083378577424060379 0.45517406077764999 -0.32061177747665159 0.053372349657795651 0.32847292113011006 0.36991628021359041 0.53280735021604719
leaf_weight=3337 35988 10106 844 3944 607 676 122 60 345 773 441 5909 113 470 170 3138 469 127 496 516 585 783 3942 64 103 596 2000 295 72 10271 5475 4213 80 90 1402 208 693 86 63 254 338 185 200 834 101 196 2673 422 115 1083 2613 74 118 1580 373 1010 108 70 76 121 72 81
leaf_count=3337 35988 10106 844 3944 607 676 122 60 345 773 441 5909 113 470 170 3138 469 127 496 516 585 783 3942 64 103 596 2000 295 72 10271 5475 4213 80 90 1402 208 693 86 63 254 338 185 200 834 101 196 2673 422 115 1083 2613 74 118 1580 373 1010 108 70 76 121 72 81
internal_value=0.00117763 -0.0209242 0.0183144 0.0292811 0.076328 -0.0209046 0.00807243 0.459241 -0.00124299 -0.0497822 -0.0625418 -0.0830958 -0.121691 -0.0913896 -0.0601252 -0.0158462 -0.0474236 -0.0259097 -0.267765 -0.256109 -0.056767 0.0277107 -0.0756583 -0.36622 -0.0320086 0.00376557 0.00823184 0.14742 -0.428008 0.0176418 -0.0428046 -0.0156865 0.123763 0.441673 0.0186568 0.0223332 0.091165 0.0285057 0.284196 0.490249 0.103459 0.0783882 0.123293 0.118948 -0.0295914 0.0232345 -0.0194063 -0.478751 -0.249258 0.00553523 0.0368485 -0.0289636 -0.0773739 -0.087851 0.0668385 -0.116017 -0.0309935 0.281662 0.460522 0.0901576 -0.0495299 0.137739
internal_weight=112369 49075 63294 49463 9111 13831 9045 182 8863 22627 19290 13379 7470 6188 5202 5911 5032 4563 1282 986 3874 5086 4786 786 3433 26448 5138 689 673 20377 6071 8187 711 170 40352 38950 2962 2237 725 317 1544 1458 408 1273 439 541 3330 609 187 4479 3396 7476 3263 3189 491 2698 1118 394 203 191 2745 4025
internal_count=112369 49075 63294 49463 9111 13831 9045 182 8863 22627 19290 13379 7470 6188 5202 5911 5032 4563 1282 986 3874 5086 4786 786 3433 26448 5138 689 673 20377 6071 8187 711 170 40352 38950 2962 2237 725 317 1544 1458 408 1273 439 541 3330 609 187 4479 3396 7476 3263 3189 491 2698 1118 394 203 191 2745 4025
cat_boundaries=0 1
cat_threshold=8
is_linear=0
shrinkage=0.05


Tree=102
num_leaves=63
num_cat=2
split_feature=121 133 74 125 5 125 126 111 50 50 124 74 90 90 90 136 85 113 82 99 44 73 94 82 69 103 133 77 87 48 136 85 87 90 69 97 89 70 86 91 120 115 72 135 88 77 87 87 69 77 96 70 78 90 97 135 95 91 79 81 46 86
split_gain=16645.4 14127.2 13509.1 21090.4 19842.5 11137.9 13314.2 10839.1 9695.12 14358.4 12731.9 10265.4 9728.68 9428.58 14024.8 10310.2 27105.7 13790.5 11328.3 12831.6 16979.1 19776.3 17032.1 12486 10312.1 12257 9388.29 9299.35 9258.71 9212.46 8987.12 8983.04 10072.9 9628.34 8132.21 8101.57 8091.88 14979.3 13147.5 10792.9 8064.24 7882.2 9346.17 7604.48 7585.26 14083 7590.26 8497.69 14567.4 11517.1 9365.14 11357 8411.21 9371.96 7855.31 7557.6 7463.69 7385.4 7316.55 8477.99 7192.95 12196.9
threshold=-0.0061092648298330986 -0.0031118760797311999 -0.11032793490870839 0.0053941035447187006 2324.1250000000005 -0.0091419981779934986 0.1939112258968809 -0.0020898090123818496 -0.872905210659075 0.77076503076846026 -0.042577130366764894 0.23969834646974292 -0.88692530920642376 -1.2529815640948365 -0.86417855119313358 0 0.59218974804512159 0.011707751645955401 -0.20965222509501721 0.58833706405430408 0.089009420886727322 0.51149369460807415 -0.038584892663834143 0.67713228751655274 0.66027440460483022 0.060369508074919261 -0.016917038977631745 0.30239421492291657 0.15708599910275864 1.9421799353395048 1 0.26702137783863211 0.24427499968548114 -0.50361425229290158 0.48816535270777961 0.7971162542303708 0.035766678850185758 -0.26018797437291469 -0.050904312899409547 0.18949884397347208 0.35251685199510757 -0.0061087172605522487 0.65274573111300216 -0.028723272419269748 0.44495634989384086 0.14464054007080604 0.2284755385450519 0.12233363154964096 0.60910158106284507 0.30631991262793029 0.17374381557432042 -0.56515036348642533 0.31554102383408672 -0.35335260222694603 0.60838596471206263 0.033069212917771755 0.53728556810536132 0.2133507882211341 0.054100398201137656 0.30883853334358341 -0.84904814845686849 -0.098696172748602942
decision_type=2 2 2 2 2 2 2 2 2 2 2 2 2 2 2 1 2 2 8 2 2 2 10 10 2 2 2 2 2 10 1 2 2 2 2 2 2 2 2 2 2 2 2 2 2 2 2 2 2 2 2 2 2 2 2 2 10 2 2 2 2 2
left_child=1 7 3 -2 31 6 -4 8 -1 10 11 12 -10 28 60 16 18 26 -16 20 35 -22 -23 -21 27 29 36 -25 -7 -26 -3 32 33 -5 -29 56 37 -17 -39 -40 -6 42 -8 -38 46 -46 47 52 49 50 51 -49 -28 -54 -50 -12 -20 -48 59 -59 61 -15
right_child=2 30 5 4 40 13 41 -9 9 -11 55 -13 -14 14 15 17 -18 -19 19 23 21 22 -24 24 25 -27 44 34 -30 -31 -32 -33 -34 -35 -36 -37 43 38 39 -41 -42 -43 -44 -45 45 -47 57 48 54 -51 -52 -53 53 -55 -56 -57 -58 58 -60 -61 -62 -63
leaf_value=0.034601732804879715 0.040346134061162109 0.052002045822112632 0.020924259941856652 -0.29743027014688395 0.061480936128920784 0.11130778656636434 -0.39634036896643843 0.00073214509574554573 0.076701111639813191 -0.038386787516171396 -0.11059140015197616 -0.74087800432726292 -0.25259957015330403 -0.031505525019368132 -0.0049476628732042539 0.0020048537531908378 1.0357438987599952 -0.11831605172148092 0.092279416166900066 0.065975261003163185 0.20064371404592835 0.41755520841221749 1.318353816301008 0.4972158970981837 -0.46868532796428308 0.42483538014578148 0.075916505625520173 -0.47366623684417369 -0.35655688743533753 -0.11942593037093217 -0.030437369697691886 -0.1236097142026446 -0.092405799914320769 -1.1925390373434752 0.047006690925235128 -0.41347073794399292 -0.10516030297447082 -0.036796213756002186 -0.89723394318505767 -0.31337264170870188 -0.059665805817450013 -0.062960820511490226 -0.059281254876043826 0.026292154361549042 0.55084908755763651 -0.16433515398327364 0.12061295714823853 0.048172203269399083 -0.079831818648594399 0.053202482647809794 0.13517038502828463 -0.36062682844045257 -0.60104606958350759 0.10920086780732328 0.072547021484162227 0.13621877560993501 0.64122856003897533 0.12483082263232854 -0.080861960357860113 -0.30624987881779675 0.20664983110685858 0.19133199667880368
leaf_weight=1775 7654 7066 3872 60 2627 163 480 6790 253 6775 4057 96 1948 1336 6503 776 69 2034 3730 8540 839 161 78 99 318 70 3912 85 298 465 6195 5031 109 61 585 77 1440 222 126 215 2877 1598 360 4651 187 108 3792 209 1282 484 151 902 98 87 2481 335 62 1307 1179 124 1613 1135
leaf_count=1775 7654 7066 3872 60 2627 163 480 6790 253 6775 4057 96 1948 1336 6503 776 69 2034 3730 8540 839 161 78 99 318 70 3912 85 298 465 6195 5031 109 61 585 77 1440 222 126 215 2877 1598 360 4651 187 108 3792 209 1282 484 151 902 98 87 2481 335 62 1307 1179 124 1613 1135
internal_value=0.0011525 -0.0272667 0.0142247 -0.0231024 -0.0682143 0.0260173 -0.0367097 -0.0518109 -0.0752209 -0.0897006 -0.141661 -0.237032 -0.21473 0.0336305 0.0356459 0.0279917 0.0533895 0.00659685 0.0502301 0.0739777 0.140011 0.315417 0.715808 0.041821 -0.0853158 -0.204918 0.0173096 0.0474444 -0.191247 -0.261688 0.0135066 -0.137638 -0.44262 -0.75476 -0.0196563 0.0910701 -0.0292706 -0.140511 -0.336601 -0.531103 -0.0018431 -0.128214 -0.252129 -0.00479726 0.0385388 0.289348 0.033899 0.00578996 -0.0347628 -0.154082 -0.233558 -0.28375 0.0603142 -0.268247 0.0206263 -0.0917392 0.101422 0.0760683 0.0113291 0.0872887 0.124544 0.070886
internal_weight=112012 35290 76722 18419 10765 58303 6310 22029 15239 13464 6689 2297 2201 51993 51532 47448 21681 25767 21612 15109 4947 1078 239 10162 1622 853 23733 769 461 783 13261 5261 230 121 670 3869 7430 1339 563 341 5504 2438 840 6091 16303 295 16008 9606 5509 1746 1262 1111 4097 185 3763 4392 3792 6402 2610 1431 4084 2471
internal_count=112012 35290 76722 18419 10765 58303 6310 22029 15239 13464 6689 2297 2201 51993 51532 47448 21681 25767 21612 15109 4947 1078 239 10162 1622 853 23733 769 461 783 13261 5261 230 121 670 3869 7430 1339 563 341 5504 2438 840 6091 16303 295 16008 9606 5509 1746 1262 1111 4097 185 3763 4392 3792 6402 2610 1431 4084 2471
cat_boundaries=0 1 2
cat_threshold=9 9
is_linear=0
shrinkage=0.05


Tree=103
num_leaves=63
num_cat=0
split_feature=135 110 105 115 78 113 80 111 62 50 125 105 23 106 96 126 92 79 2 25 125 111 117 113 80 121 109 55 74 121 106 115 125 54 113 95 78 59 43 41 110 64 94 41 122 94 74 87 97 80 56 122 79 99 109 36 126 126 50 37 85 92
split_gain=20125.7 12230.6 11102.4 10327.5 12493.1 12591.8 11488.6 9918.29 9029.46 8818.14 10809.7 10770.7 9455.82 8338.13 8195.76 7628.59 7574.08 8613.43 7305.65 6944.13 10280.9 8397.34 9243.54 9214.56 9014.89 8839.6 9266.34 7477.39 8840.18 8125.33 6855.79 6699.82 12447.3 7503.77 7697.41 8017.57 7594.81 7123.56 6650.71 6534.39 6471.91 6281.27 6239.47 7357.27 6145.06 7789.79 7393.32 6091.68 6084.63 6044.44 8944.75 10965.6 6648.18 5854.47 5785.92 6397.34 7849.31 5842.63 5760.76 6970.24 5684.05 10240.5
threshold=-0.021552013030491746 -0.10893230648251732 0.04588125321531366 0.022502021915822106 0.29342900068427052 0.0060408120570113509 -0.84661894733194687 -0.021754113955712296 -0.71628587540471844 0.99269718029298193 -0.0045279195217662492 -0.023572720275216997 -0.70127053718421872 1.0068441064149447 0.40569925605786883 1.1411800210632015 -0.7485820739795026 0.47586451612148128 1126.5550000000001 -0.38562209375766371 -0.015671378370368649 0.0077448055603742509 -0.00072082406185914986 0.00055434896010000013 -0.96204877318841853 0.0080364884288942513 0.0013641681023043503 0.040968686856292562 -0.046506172537666444 -0.0030875454155939496 0.23915327177089968 -0.00077053267745899991 0.0049178293897695511 0.19198499562345178 0.00082064865430075018 0.54931624888571207 0.17954537233370413 0.52499599959712262 0.45189293084959786 0.12418437633592776 -0.36590483361764797 -0.30499925920393128 0.028663172195555555 0.12119530726725507 -0.046850011725143643 -0.10442379743484824 0.25019325609459081 0.35390983708686685 0.57441383155453418 0.13720142280171843 -0.43471854633905888 0.0046107506543234507 0.024231347262889454 0.82644315403582314 0.0012885442329556502 0.11687360197650556 0.054534985920774756 -0.14377405379114672 0.089076521640792911 0.70430934348147278 0.57254404935887693 -1.9911952685141008
decision_type=2 2 2 2 2 2 2 2 2 2 2 2 2 2 2 2 2 2 2 2 2 2 10 2 2 2 2 2 2 2 2 2 2 2 2 8 2 2 2 2 2 2 8 2 2 10 2 2 2 2 2 2 2 2 2 2 2 2 2 2 2 2
left_child=1 8 3 4 7 6 14 16 -1 10 44 -12 -13 19 38 30 -2 54 -14 21 -21 58 -23 -24 -25 -26 39 28 -22 31 -3 32 33 34 35 37 -35 41 -6 -27 48 -29 43 -36 45 -10 -46 -19 -31 50 -5 -52 -51 -43 -18 56 57 -56 -9 -60 -54 -62
right_child=2 15 -4 49 5 -7 -8 13 9 -11 11 12 18 -15 -16 -17 17 47 -20 20 27 22 23 24 25 26 -28 29 -30 40 -32 -33 -34 36 42 -37 -38 -39 -40 -41 -42 53 -44 -45 46 -47 -48 -49 -50 52 51 -53 60 -55 55 -57 -58 -59 59 -61 61 -63
leaf_value=0.04076515225141502 0.064302211073860902 0.026558461507145605 -0.045086713574279576 0.051047699423476957 0.26353824706132717 0.037729963157269265 0.29420763548121032 0.031626897487803812 -0.062254368781133468 -0.030361204071260913 0.1211602394223823 0.069489248664386508 -0.01832971939981316 -0.03586215133735756 -0.42492792483257213 -0.13890379941965278 -0.026211495726604195 0.0096877373083204526 -0.1700004067791456 -0.12274514476762113 -0.038324530935264986 0.032701044801391396 0.0049030317186956555 0.096316247938837696 -0.074170871049052151 -0.28162317202686399 -0.13399610395126635 -0.58004445528413384 0.12000199791532735 -0.17014810520552454 -0.04030180825064715 0.032153170571826671 0.11455036779965699 -0.90803635610175926 0.19436107550999282 0.016164296199336438 -0.11682993788872996 0.011970905786458876 -0.20334036777848785 -0.63049910723930225 0.079409319855175187 -0.071976201182202368 -0.15155541707053977 -0.37730796935466621 -0.14318088472247933 -0.52217480785699577 -0.64575058840788335 -0.58459115011337537 0.042770697489488495 0.45799119861423976 -0.032197723606576537 -0.30804216975963783 -0.023692755513572659 -0.5611653534240193 -0.48579288210677007 -0.028481546968386392 -0.62899563088499277 0.029700108733649058 -0.5076243659120192 0.14394945742479012 0.66896992347735384 -0.014178911631680885
leaf_weight=1567 800 9792 7837 622 226 2503 1217 19064 130 4343 561 645 1031 5371 91 1046 1424 60 3456 851 1030 3061 1813 339 1024 343 569 234 6103 524 6300 4460 683 60 421 281 61 141 114 223 9252 192 382 64 1215 317 77 152 929 74 693 750 6825 89 86 293 144 149 106 66 83 158
leaf_count=1567 800 9792 7837 622 226 2503 1217 19064 130 4343 561 645 1031 5371 91 1046 1424 60 3456 851 1030 3061 1813 339 1024 343 569 234 6103 524 6300 4460 683 60 421 281 61 141 114 223 9252 192 382 64 1215 317 77 152 929 74 693 750 6825 89 86 293 144 149 106 66 83 158
internal_value=-0.00138209 -0.0360738 0.0115075 0.0174855 0.0245056 0.108422 0.215701 0.0187788 -0.0719687 -0.0869733 -0.120047 -0.0866922 -0.109433 0.023463 -0.00614428 -0.0081269 -0.0682161 -0.114158 -0.135162 0.0295484 0.0480542 0.0116335 -0.0337367 -0.0809071 -0.143163 -0.180793 -0.276838 0.0538948 0.0971376 0.0365353 0.000381863 -0.00507071 -0.068716 -0.133766 -0.108033 -0.207301 -0.513391 -0.302902 0.106859 -0.419947 0.0640037 -0.388967 -0.000634066 0.118303 -0.229128 -0.388855 -0.173609 -0.417143 -0.0340791 -0.0320791 -0.107397 -0.175682 -0.010284 -0.228356 -0.0833277 -0.204141 -0.339509 -0.160207 0.029022 -0.258215 -0.0152523 0.222889
internal_weight=112517 30480 82037 74200 64995 4151 1648 60844 13342 11775 7432 5693 5132 57736 431 17138 3108 2308 4487 52365 25757 26608 7372 4311 2498 2159 1135 24906 7133 17773 16092 7068 2608 1925 1804 937 121 656 340 566 10705 515 867 485 1739 447 1292 212 1453 9205 2065 1443 7140 281 2096 672 379 235 19236 172 7066 241
internal_count=112517 30480 82037 74200 64995 4151 1648 60844 13342 11775 7432 5693 5132 57736 431 17138 3108 2308 4487 52365 25757 26608 7372 4311 2498 2159 1135 24906 7133 17773 16092 7068 2608 1925 1804 937 121 656 340 566 10705 515 867 485 1739 447 1292 212 1453 9205 2065 1443 7140 281 2096 672 379 235 19236 172 7066 241
is_linear=0
shrinkage=0.05


Tree=104
num_leaves=63
num_cat=0
split_feature=103 126 119 90 115 123 69 56 83 38 54 99 76 88 42 50 70 54 46 46 71 71 88 11 83 81 100 64 121 83 85 133 73 69 66 82 125 127 50 126 69 80 73 87 100 71 40 80 97 115 105 62 40 73 83 114 70 71 61 97 76 115
split_gain=15135.3 13300.8 9297.42 8728.04 9388.66 8870.96 8878.92 9585.66 8727.42 10189.4 10847.5 8580.29 8884 8370.77 10002 8985.65 10734.2 10904.2 8378.14 8488.85 10106.9 8000.95 7591.16 7463.26 7269.15 7184.72 7020.63 9413.51 6918.43 6630.03 6577.71 6474.95 7290.16 9344.03 7832.81 6669.02 6418.77 6676.41 9097.42 6890.47 6383.93 7080.22 6347.97 7524.39 7941.63 6251.23 6549.07 6202.3 6066.5 6772.11 6040.13 6696.74 8107.67 8440.92 8282.58 7708.94 10406.9 9808.07 7648.83 7233.61 7990.66 6846.34
threshold=-0.0014806691876431998 0.73591479471115195 -0.0046449271290146489 -0.86417855119313358 0.0012081266892847503 0.014360403945469601 0.68021930348044124 -0.66764649125660946 0.38105880968361211 -0.59972428439330983 -0.073634926361121747 0.61077150539216263 1.5983990210260761 0.422734567762236 -0.29901231430491554 0.52013242761345213 -0.093452998744512586 -0.036403445870059746 0.03554527011465361 0.46960522194439563 0.61423278062391951 0.75832306692623297 -0.034583346422012495 8118.4050000000007 0.43657428757894889 0.27181415277650101 -0.61228559398791449 -0.88096411273417807 -0.0015900024210928497 0.45610817663789688 0.39051258014370643 0.019422513603636653 0.64948559603697564 0.7821629504255051 0.59044828764543611 0.62351610783303313 -1.0000000180025095e-35 -0.005331800600271849 1.167355706763304 0.0059287774284338011 0.52389268641014397 -0.13359153391894352 0.39806477441017757 0.23275359255315303 -0.42624396093732464 0.53362359853470209 0.18843017405093057 0.23591569733040768 0.69917590049759226 0.00072865278515175014 0.031812298789697657 1.0000000180025095e-35 0.11464380369299276 0.39092060489671593 0.16760944507178951 0.55356015137395265 0.30419915182089324 0.56193909234765826 0.19584294508675587 0.6456765716298315 -0.2962466875700665 -0.01098739022545525
decision_type=2 2 2 2 2 2 2 2 8 2 2 2 2 2 2 2 2 2 2 2 2 2 2 2 8 2 2 2 2 8 2 2 2 2 2 8 2 2 2 2 2 2 2 2 2 2 2 2 2 2 2 2 2 2 8 2 2 2 10 2 2 2
left_child=-1 2 -2 4 23 6 13 8 9 -8 21 12 26 14 15 16 40 22 -19 20 -20 30 42 24 36 -15 27 -9 -3 -6 -11 35 34 -34 48 -13 37 -4 39 -39 41 -5 -18 44 -44 -28 -47 -29 -33 -50 51 -16 54 58 -53 56 59 -58 -54 60 -55 -56
right_child=1 28 3 5 29 -7 7 11 -10 10 -12 31 -14 25 50 -17 17 18 19 -21 -22 -23 -24 -25 -26 -27 45 47 -30 -31 -32 32 33 -35 -36 -37 -38 38 -40 -41 -42 -43 43 -45 -46 46 -48 -49 49 -51 -52 52 53 55 61 -57 57 -59 -60 -61 -62 -63
leaf_value=0.02546805418250106 0.036082973369885217 -0.088624911840717149 0.1299157970584929 -0.096469713118528949 0.20546562301883983 -0.081582766554269548 0.061455316814466671 0.023037128919960126 -0.044292694155494972 -0.49030200285095032 -0.096772229540403251 -0.060680400691375459 0.47739756534758371 0.24250301340358452 0.013441812262459638 0.0074486621767992818 -0.17673492143959083 0.011682021305933897 -0.12097120354071669 0.017061228755022018 -0.78514252896837111 -0.1282553305876428 0.11504456405068789 0.093020833695372673 0.034592393401001426 -0.088559257166978739 -0.097095500082065619 -0.6974809280172507 -0.0065309357441035339 0.026790844438711037 -1.0340258752168328 0.12794107608804367 0.040415099349738373 0.82909382752707739 -0.11585558065057402 -0.21390075319765198 0.014132569607505353 -0.23332323900246055 -0.063753198126020524 -0.66781256323059401 0.030485267963558594 -0.59994531526793671 -0.27999599296804312 -0.1079087938329107 -0.85205670792657218 0.060878245558629786 0.3103117495076731 -0.075788802675464575 -0.46302424819076982 0.028352425333993566 -0.039289427426380766 0.35152072330126022 0.13879726997985425 -0.39050654169510712 -0.42379140822693362 -0.050905313636403438 1.0502683509097381 0.3246746452577482 -0.37622503877800201 0.48258024872546756 0.20459671235428406 0.030515799872536283
leaf_weight=39587 11884 7867 103 511 1209 5248 138 281 596 122 161 6540 113 645 9401 3480 162 619 108 141 122 68 70 1197 985 219 484 100 3809 910 107 1060 98 60 967 796 376 177 239 191 1392 80 90 75 194 1486 319 67 98 240 3289 196 220 65 85 163 84 106 106 195 389 2321
leaf_count=39587 11884 7867 103 511 1209 5248 138 281 596 122 161 6540 113 645 9401 3480 162 619 108 141 122 68 70 1197 985 219 484 100 3809 910 107 1060 98 60 967 796 376 177 239 191 1392 80 90 75 194 1486 319 67 98 240 3289 196 220 65 85 163 84 106 106 195 389 2321
internal_value=0.000596404 -0.0129612 -0.00359517 -0.0132063 0.0468363 -0.0206127 -0.0122845 -0.0442078 -0.179723 -0.314852 -0.428123 -0.0314845 0.0449158 0.00580876 0.000224342 -0.049703 -0.105494 -0.202632 -0.101002 -0.288537 -0.475145 -0.606817 -0.372418 -0.00632182 -0.0637572 0.158583 0.0268925 -0.153904 -0.0618467 0.128783 -0.747748 -0.0535723 0.0155177 0.343244 -0.00651276 -0.0773326 -0.15291 -0.241267 -0.304362 -0.460031 -0.0279849 -0.16552 -0.438007 -0.555088 -0.672388 0.0623294 0.105108 -0.449995 0.0691487 -0.115063 0.0213866 0.0363583 0.0911597 0.191639 0.0398237 0.263479 0.324545 0.649283 -0.0293024 0.228623 0.118724 0.0142965
internal_weight=112211 72624 60948 49064 5387 43677 38429 13901 1192 596 458 12709 2850 24528 23664 7044 3564 1581 990 371 230 297 591 3268 2071 864 2737 448 11676 2119 229 9859 2523 158 2365 7336 1086 710 607 368 1983 591 521 359 284 2289 1805 167 1398 338 16620 13331 3930 1328 2602 1002 839 190 326 649 454 2406
internal_count=112211 72624 60948 49064 5387 43677 38429 13901 1192 596 458 12709 2850 24528 23664 7044 3564 1581 990 371 230 297 591 3268 2071 864 2737 448 11676 2119 229 9859 2523 158 2365 7336 1086 710 607 368 1983 591 521 359 284 2289 1805 167 1398 338 16620 13331 3930 1328 2602 1002 839 190 326 649 454 2406
is_linear=0
shrinkage=0.05


Tree=105
num_leaves=63
num_cat=0
split_feature=102 125 20 123 56 134 127 72 127 66 123 119 125 87 133 85 124 112 75 125 2 46 62 120 127 106 57 25 29 4 86 36 60 89 34 83 124 85 38 69 111 118 127 81 87 111 121 74 131 111 93 120 85 92 111 74 25 34 134 109 81 85
split_gain=16377 12077.8 10997.5 9455.92 14164.2 7389.52 8134.4 7338.72 10904.4 8030.17 7895.08 7754.81 7206.66 6952.21 6897.94 7683.74 6681.77 6640.71 6453.41 8786.84 7506.1 7262.67 7447.82 6968.62 8675.63 6995.1 6636.67 6510.84 7410.08 7607.52 6163.5 6088.44 6019.56 6010.93 5824.77 5802.59 5644.2 5389.38 5386.35 6965.82 5731.42 5281.3 5958.4 5416.53 5175.49 5148.42 5054.8 7319.29 6196.73 4921.9 4913.54 4899.05 5474.05 5859.96 6501.94 4892.75 5831.83 8897.07 5629.39 6080.97 4868.64 4822.64
threshold=0.38239869995267589 -0.0045279195217662492 -0.13239910017372142 0.0029659975632454001 -0.81849744330279817 -0.89298044677317701 -0.0016130353954503997 0.70345190625136977 -0.0040553689135302993 0.48595571552331168 0.015472729866596152 -0.0067844087157114992 -0.0049466322293808497 0.24498086958172444 -0.034078893941032994 0.40081466167202662 -0.090709617905063836 -0.013869427510562199 0.12525703963594373 0.0053941035447187006 1250.7350000000004 -0.6867284089043495 -0.32821487806451327 -0.10896450475780629 -0.0075578115439883997 -0.3131018280332416 0.25483081673073249 -0.42531575212072176 -1.3530463823516146 138.83500000000004 -0.11168424345977794 -0.7032130954807293 0.17415968974478707 0.040426372494877703 -0.20559044657885922 0.41492370751541841 -0.1302859734842978 0.31234386393462393 0.95777075278835444 0.65660715325419361 -0.0070215688515735493 1.1607187482239636 -0.045334273242406194 0.22062616617902203 0.22649667353841957 0.0012614448199643501 -0.0066219409120011992 -0.016498669693105695 0.024851120124503506 0.0046953653454943007 0.44851713102754653 0.19334689333622887 0.36583759690418849 -0.72604848459952098 0.0096862673710275023 -0.32950317495326648 0.54794348978686158 0.96954482273182563 -0.53562699653468315 -4.6746232615796079e-18 0.21312633616300611 0.41489549473591508
decision_type=2 2 2 2 2 2 2 2 2 2 2 2 2 2 2 2 2 2 2 2 2 2 2 2 2 2 2 2 2 2 2 2 10 2 2 8 2 2 2 2 2 2 2 2 2 2 2 2 2 2 2 2 2 2 2 2 2 2 2 2 2 2
left_child=5 2 -2 32 30 6 -1 8 10 11 14 -10 31 34 15 -4 17 35 23 -20 21 -21 26 24 -7 -26 -23 -25 41 36 37 -8 -3 -6 -11 -13 44 -5 39 40 60 43 -43 -29 -30 -27 47 -41 -48 -19 -37 -22 53 -53 -55 -31 -57 58 59 -58 -33 -18
right_child=1 3 7 4 33 18 12 -9 9 13 -12 16 -14 -15 -16 -17 61 49 19 20 51 22 -24 27 25 45 -28 28 29 55 -32 38 -34 -35 -36 50 -38 -39 -40 46 -42 42 -44 -45 -46 -47 48 -49 -50 -51 -52 52 -54 54 -56 56 57 -59 -60 -61 -62 -63
leaf_value=0.038707794798029549 0.086147094970533758 0.019694122009561749 0.053842291751123497 0.38349198194082118 -0.24406491502731609 0.07696148180316173 0.088687122309877603 -0.023864554745290877 -0.014195218150131406 0.0078197535460016558 -0.49205038772943699 -0.53513060688216352 -0.023717901377617808 -0.15708382899499962 0.071826517739701098 -0.59934821950978245 -0.064834749453480223 -0.26052587902834473 0.032925411872876502 -0.002339118689636543 0.035113859910250594 -0.30056928644003184 -0.1215784751260155 0.01661445430869353 0.055969402767654823 -0.062307142763406202 -0.80297178513873591 0.17414839432777152 -0.30736260575694407 0.27467169485760545 0.38040488856229748 -0.057240355940590994 -0.08729274338722956 -0.050120160625383284 0.45022782182151622 0.12811884668091653 0.027278708321784997 0.022628184951280567 -0.039540540548589298 -0.9852649557590486 -0.0017497898316655019 0.59325567781925204 0.022513138049322628 -0.13171925503835968 0.010258284208080001 0.017865892329224014 -0.098466613218904694 -0.34460484694198584 -0.62203391679586506 0.041099468044703824 -0.36812439441680911 -0.060264119531560703 -0.0017937587463786925 -0.10531749475831534 -0.52732150528911526 0.059206100643304227 0.30871845565495959 0.016886340987890266 0.20077053775845749 -0.10180562049701945 -0.52270890372307155 -0.26119506572005013
leaf_weight=3735 950 18389 93 120 412 3044 256 2592 499 230 77 403 5714 396 1123 86 796 895 4896 451 1760 280 485 13978 2541 6481 86 167 273 325 205 100 1415 12308 109 70 1961 715 509 69 372 60 183 1049 241 2897 207 128 77 159 169 485 995 176 190 10886 123 1289 2664 330 128 515
leaf_count=3735 950 18389 93 120 412 3044 256 2592 499 230 77 403 5714 396 1123 86 796 895 4896 451 1760 280 485 13978 2541 6481 86 167 273 325 205 100 1415 12308 109 70 1961 715 509 69 372 60 183 1049 241 2897 207 128 77 159 169 485 995 176 190 10886 123 1289 2664 330 128 515
internal_value=0.000400446 -0.0239658 -0.0748439 -0.0100757 -0.0419127 0.0153604 -0.0216532 -0.0934763 -0.125572 -0.165278 -0.00342684 -0.196772 -0.0514755 -0.0149876 0.0258257 -0.261567 -0.227055 -0.292594 0.0225322 -0.0144647 -0.061736 -0.164592 -0.250476 0.0300123 0.00163876 -0.0176028 -0.420486 0.0426741 0.0613036 0.0700451 0.135416 -0.137336 0.0120459 -0.0564207 0.150975 -0.419405 -0.011395 0.0748855 -0.173759 -0.236863 -0.122901 -0.0470666 0.165291 -0.0896042 -0.158708 -0.0375413 -0.378469 -0.572841 -0.242104 -0.215029 -0.222853 -0.0245631 -0.0814481 -0.174469 -0.325231 0.0829517 0.0788594 0.127393 0.173071 0.0100957 -0.319697 -0.142111
internal_weight=112317 42726 9162 33564 13760 69591 11295 8212 5620 4241 1379 3506 7560 735 1302 179 3007 1696 58296 9804 4908 1302 851 48492 14963 11919 366 33529 19551 18092 1040 1846 19804 12720 339 642 2475 835 1590 1081 600 1459 243 1216 514 9378 481 197 284 1054 239 3606 1846 851 366 15617 15292 4406 3117 453 228 1311
internal_count=112317 42726 9162 33564 13760 69591 11295 8212 5620 4241 1379 3506 7560 735 1302 179 3007 1696 58296 9804 4908 1302 851 48492 14963 11919 366 33529 19551 18092 1040 1846 19804 12720 339 642 2475 835 1590 1081 600 1459 243 1216 514 9378 481 197 284 1054 239 3606 1846 851 366 15617 15292 4406 3117 453 228 1311
is_linear=0
shrinkage=0.05


Tree=106
num_leaves=63
num_cat=0
split_feature=130 126 122 106 89 81 125 124 68 124 50 134 127 28 126 50 107 135 84 111 44 37 123 95 76 107 68 94 119 125 114 80 2 0 133 119 68 12 74 42 18 41 123 134 127 104 108 104 78 101 52 42 124 107 62 57 83 74 135 73 52 74
split_gain=15368.4 10514.7 10067.4 8002.44 7332.53 7997.31 8942.38 14448.4 11511.7 9844.04 9547.23 8077.1 7716.22 7538.8 7280.46 7174.31 12136.6 9294.83 8661.11 7158.54 6754.39 8342.65 6411.83 10131.3 8126.3 6470.4 6354.59 10132.9 7917.14 7180.76 6312.58 6164.81 6024.24 6567.04 6124.06 6004.29 5960.6 5912.82 5680.63 5506.22 5501.16 8522.6 5356.15 5539.42 5314.6 5311.79 5076.68 5075.65 5058.31 4883.86 6348.42 5689.28 4867.58 5049.56 6744.84 5177.38 4860.43 4685.77 4679.54 4699.32 6651.33 8269.96
threshold=0.64637276741278538 0.56022303718624122 0.31621419283699781 -0.21561417282068399 0.026174493252348403 0.15892583560087561 -0.0045279195217662492 -0.1963925658369168 -0.38782577420423253 0.37492164151894697 0.71693406298280771 1.4367344520075767 -0.0010200988249237997 -0.47256051591461162 0.042660935366843358 0.54744774660566298 -0.015843615167069846 -0.0067876603874854986 0.70239136047451034 -0.0048065493878488496 -0.020466456104090196 0.56610155203401102 -3.4541866046689875e-05 0.71603945751753562 -0.31688828615865738 0.0048234380564038002 -0.58855070760673656 -0.063604952259600681 0.0064681845618807512 0.0027441871160592004 0.30743828224057068 -0.13359153391894352 1409.5050000000003 642.30500000000006 0.0035235617781828503 0.023546980864444105 0.25110615391078078 10.841750000000001 -0.043782972700519639 -0.46483807590288367 -0.63698612793094878 0.060872336445753059 0.005491259660876901 0.093706796622186367 0.013872514819274852 1.0087486472564973 0.078984183500469859 1.4981244373024525 -0.041817014355004296 0.662095078820223 -0.066714836619030396 0.093530708649362207 -0.049800337405040647 -0.0057146648896861489 0.72287450756812555 0.19084733937015089 0.40869719022380036 0.17428686256569328 0.038806151369332458 0.36314238113611363 -0.50590283586382656 0.20747161122534988
decision_type=2 2 2 2 2 2 2 2 2 2 2 2 2 2 2 2 2 2 2 2 2 2 2 8 2 2 2 8 2 2 2 2 2 2 2 2 2 2 2 2 2 2 2 2 2 2 2 2 2 2 2 2 2 2 2 2 10 2 2 2 2 2
left_child=2 3 4 -2 31 -6 7 8 -7 15 11 12 20 39 36 -8 35 52 58 32 21 -10 23 -14 25 -24 -3 28 40 49 -26 -1 33 -4 42 48 -9 -15 -33 -11 -28 -42 43 -35 46 -5 -16 -38 -17 -30 -51 -52 53 -18 55 56 -55 -21 59 -19 -61 -62
right_child=1 26 19 45 5 6 9 14 10 13 -12 -13 22 37 44 16 17 18 -20 57 -22 -23 24 -25 30 -27 27 -29 29 -31 -32 38 -34 34 -36 -37 47 -39 -40 -41 41 -43 -44 -45 -46 -47 -48 -49 -50 50 51 -53 -54 54 -56 -57 -58 -59 -60 60 61 -63
leaf_value=0.031799471076533366 0.038894104204054536 0.029769609900209389 -0.067758195421005821 -0.016676885503170334 0.081801749194100035 0.0088179494998675469 0.021124148603987685 0.021233739466741175 0.077592230966457953 -0.01066692727116178 -0.048937990972250378 0.17398385012332918 -0.52195510341218498 -0.04591119983279305 0.036878064556671628 -0.063880387379462458 0.33509070397312968 0.55846585943418392 0.053617697956813051 0.03160467030350303 0.14205318655549867 -0.4428917046719672 -0.087305223893734726 0.044045783686352535 -0.17445543017695159 -0.73306320759433286 -0.3638219959641758 -0.072524858563247113 -0.84926386403445253 -0.18499803670837836 0.34380440700799231 -0.19876191153833012 -0.035969372667410855 -0.33687075013770679 -0.051806823972261468 0.73515624876102714 0.18793398474165779 0.08001940326876289 0.18596624469208511 0.24366402442651719 -0.26089555461178809 0.25932029468072132 -0.46528259501315533 0.19809043755133948 -0.11021601592519824 -0.085395247251331685 -0.14950855594329737 -0.26680776573943371 0.43400847462575831 -0.067565929232952529 -0.77835138841317253 -0.18533888328820469 0.050829372334761848 -0.61485396385410418 0.0054928892357718377 -0.090330814163005632 -0.10105858953066277 -0.075547865517232082 0.52301930578155376 -0.13017729773343384 0.14017537886852569 0.54913134341128167
leaf_weight=2362 5263 1062 908 12544 3893 1658 34035 5057 129 412 1275 117 521 9726 2061 82 66 84 1395 3436 193 189 61 93 366 107 113 5247 77 386 69 102 2205 136 243 88 897 1030 1438 439 135 186 370 74 1723 3624 443 65 133 96 116 63 1932 136 524 214 70 1450 130 153 549 159
leaf_count=2362 5263 1062 908 12544 3893 1658 34035 5057 129 412 1275 117 521 9726 2061 82 66 84 1395 3436 193 189 61 93 366 107 113 5247 77 386 69 102 2205 136 243 88 897 1030 1438 439 135 186 370 74 1723 3624 443 65 133 96 116 63 1932 136 524 214 70 1450 130 153 549 159
internal_value=-0.00107596 -0.0324691 0.00985998 -0.0146524 0.0158655 0.0121606 0.00807519 -0.0258535 -0.0976465 0.018001 -0.154208 -0.226889 -0.254116 -0.0225079 0.00763189 0.0298299 0.0816631 0.0643825 0.135874 -0.0406314 -0.0908284 -0.232171 -0.322547 -0.436293 -0.206196 -0.500496 -0.0835003 -0.102242 -0.23511 -0.334668 -0.0916487 0.0825711 -0.0908041 -0.160593 -0.26281 0.389092 0.0429494 -0.0338457 0.160372 0.120665 -0.0654359 0.0404071 -0.350971 -0.148315 -0.0426565 -0.0320842 0.00385659 0.156963 0.244699 -0.497805 -0.396676 -0.571827 0.00433461 -0.0845662 -0.11423 -0.263257 -0.441595 -0.00020354 0.242468 0.203361 0.168109 0.232662
internal_weight=111910 28912 82998 21431 74176 70274 66381 15024 4778 51357 3120 1845 1728 11607 10246 39750 5715 5412 2470 8822 511 318 1217 614 603 168 7481 6419 1172 738 435 3902 3936 1731 823 303 6019 10756 1540 851 434 321 580 210 4227 16168 2504 962 215 352 275 179 2942 1010 944 420 206 4886 1075 945 861 708
internal_count=111910 28912 82998 21431 74176 70274 66381 15024 4778 51357 3120 1845 1728 11607 10246 39750 5715 5412 2470 8822 511 318 1217 614 603 168 7481 6419 1172 738 435 3902 3936 1731 823 303 6019 10756 1540 851 434 321 580 210 4227 16168 2504 962 215 352 275 179 2942 1010 944 420 206 4886 1075 945 861 708
is_linear=0
shrinkage=0.05


Tree=107
num_leaves=63
num_cat=0
split_feature=107 102 125 38 80 96 42 121 116 90 62 115 132 97 113 125 60 81 96 94 77 121 90 125 121 84 74 93 74 129 93 18 49 96 93 45 93 115 73 125 124 78 62 98 86 125 78 80 73 115 70 70 95 95 77 73 81 115 94 87 131 122
split_gain=12806.9 10079.7 12126.1 10599 9579.15 9393.53 8146.44 7461.56 9623.83 8820.53 7306.03 6774.13 6475.9 6399.34 7673.24 8537.13 8279.32 8514.45 10873.5 7403.32 6239.04 6138.18 6118.97 14155.7 8767.17 9495.04 7613.5 7363.38 6377.07 6235.93 6061.69 6607.73 6013.97 5962.83 6416.43 6328.66 8086.45 5813.14 5646.65 7917.32 5618.1 5591.33 5537.71 5492.9 9865.58 9552.48 10007.4 16470.2 6979.73 6942.21 6426.14 5993.52 5469.59 10328.4 7903.89 6845.4 7838.8 8685.08 5469.09 6012.21 5463.59 5997.51
threshold=-0.0014632159678222999 1.0000000180025095e-35 -0.014522223983232949 0.95777075278835444 -0.79388821327567283 -0.76340639070156058 0.061669601940058057 -0.017258641605390347 -2.8695532131304371 -0.15177493009121798 0.6075802242009477 -0.0068563107344228489 -1.4661507664395008 0.74037473268259812 0.00073406003603355009 0.0013528544474708003 -0.26275088287666876 0.23326461087093797 -0.26486306975943419 -0.019813138446822549 0.4878574660128529 -0.039584237602565644 0.3962840518318998 0.0068820956486797509 0.0085936171985251022 -0.28527968026621681 0.038375428433047705 0.29985545708112155 -0.099576420990319145 -0.0033865770592877999 0.44631842218925039 -0.30871709387410734 0.13566344983891107 -0.17948864336608286 0.40746106718631175 0.040038839012154756 0.30578824353576411 0.059667051086166954 0.40988941965115211 -0.0076286597217435489 0.54750903840625997 0.2510153871134273 -0.094549662550914529 0.31321526015966455 -0.042377874503200096 0.0078099267522541505 -0.011074993169579649 -0.29141865225271152 0.49238408965116803 0.019377394462646354 -0.072540606587656237 -0.16343170649081226 0.53754716134164016 0.49957570926690653 0.26049948295422864 0.43512830816055342 0.24303221941867761 0.011600684063604752 -0.086542243395765536 0.20294481683547291 0.036402591462845454 0.3075841828609257
decision_type=2 2 2 2 2 2 2 2 10 2 2 2 2 2 2 2 10 2 2 10 2 2 2 2 2 2 2 2 2 8 2 2 10 2 2 2 2 2 2 2 2 2 2 2 2 2 2 2 2 2 2 2 10 10 2 2 2 2 8 2 2 2
left_child=52 12 3 5 6 -3 20 10 9 38 11 -6 -2 14 15 16 42 18 30 32 -4 -13 23 60 27 26 28 -25 29 -26 -18 -32 -20 34 -7 -35 -37 -24 -9 -40 -14 -11 -10 44 -15 46 47 -46 -48 50 -45 -49 53 -1 -55 56 -54 -58 59 -29 61 -16
right_child=1 2 4 -5 7 33 -8 8 13 41 -12 21 40 43 22 -17 17 -19 19 -21 -22 -23 37 24 25 -27 -28 58 -30 -31 31 -33 -34 35 -36 36 -38 -39 39 -41 -42 -43 -44 49 45 -47 48 51 -50 -51 -52 -53 55 54 -56 -57 57 -59 -60 -61 -62 -63
leaf_value=0.02705516678377173 -0.069702329137323646 0.11271529565441935 0.043560960595271148 -0.043008066611817636 -0.41363061142765833 -0.17510080585319007 0.27554536801223167 0.013894539423460184 0.028707772427559581 -0.05749801893740987 -0.030616830912893789 -0.42123524076449947 0.023035199545384986 -0.065096693415010287 0.021030761333793543 0.055449819819777972 0.10159060456482005 0.0079395172408392931 -0.63792959796805537 -0.10240451205869079 -0.27355198447167139 -0.095710828068799214 0.013972184504958837 -0.22694804528579007 -0.69714291258623795 -0.028430476196176047 -0.72187133245511892 -0.61704914707403924 0.051131558471898313 -0.27365623380699494 0.014531673437782697 -0.41406052693144074 -0.26924878523701379 0.10741020700836604 -0.70741035324047141 -0.71891999312474875 -0.21483893651291647 -0.11449277730375816 -0.14514219362695677 0.29387920604598727 -0.041219397787200379 0.17482074398731948 0.36352079802470683 0.030536432794938225 -0.26430994843857153 -0.065747176890189829 -0.43950388254244122 -0.62714163761872521 0.20986793698935677 -0.17140351668490161 0.48307073931584416 -1.3085748693714405 -0.17891474086569537 0.46382382595989891 0.073185238148666024 -0.15656735504573979 0.5446368341043567 -0.029808927807166721 -0.0029996922587076191 -0.091288160727164905 -0.15668237723694314 -0.17033828402811713
leaf_weight=31502 2394 150 3649 1376 238 88 370 429 350 1306 2222 160 28890 1804 4345 5643 513 2101 154 467 161 1455 5870 686 101 367 108 77 126 617 216 153 398 112 162 96 453 1035 118 764 3855 322 190 800 179 324 78 64 86 421 86 72 167 237 285 852 131 131 1666 181 602 451
leaf_count=31502 2394 150 3649 1376 238 88 370 429 350 1306 2222 160 28890 1804 4345 5643 513 2101 154 467 161 1455 5870 686 101 367 108 77 126 617 216 153 398 112 162 96 453 1035 118 764 3855 322 190 800 179 324 78 64 86 421 86 72 167 237 285 852 131 131 1666 181 602 451
internal_value=0.000652406 -0.0102988 -0.0262558 -0.13463 -0.0198925 -0.253302 0.0518798 -0.0279271 -0.0201037 0.0662713 -0.0917794 -0.165066 0.00966508 -0.0284752 -0.0196331 0.0143852 -0.0366347 -0.061439 -0.13808 -0.24925 0.0300924 -0.128202 -0.040978 -0.0673897 -0.139577 -0.244607 -0.327826 -0.0864259 -0.276609 -0.334114 -0.00950666 -0.163816 -0.373073 -0.313626 -0.521482 -0.234343 -0.304131 -0.0052974 0.162744 0.235046 0.0154696 -0.0114689 0.146967 -0.0881331 -0.13006 -0.275741 -0.417351 -0.581854 -0.0997715 -0.004469 0.074957 -0.994819 0.0266615 0.0307148 0.251092 -0.0746118 0.0881386 0.258393 -0.036231 -0.249978 -0.014831 0.00300329
internal_weight=112406 79101 43962 2437 41525 1061 4180 37345 33270 2939 4075 1853 35139 30331 26417 10185 4542 4002 1901 1019 3810 1615 16232 9327 3929 1319 952 2610 844 718 882 369 552 911 250 661 549 6905 1311 882 32745 1628 540 3914 2607 803 479 315 164 1307 886 136 33305 32024 522 1281 429 262 1924 258 5398 4796
internal_count=112406 79101 43962 2437 41525 1061 4180 37345 33270 2939 4075 1853 35139 30331 26417 10185 4542 4002 1901 1019 3810 1615 16232 9327 3929 1319 952 2610 844 718 882 369 552 911 250 661 549 6905 1311 882 32745 1628 540 3914 2607 803 479 315 164 1307 886 136 33305 32024 522 1281 429 262 1924 258 5398 4796
is_linear=0
shrinkage=0.05


Tree=108
num_leaves=63
num_cat=1
split_feature=111 135 114 136 92 50 120 103 111 92 79 75 58 73 113 120 59 41 111 38 46 92 120 124 127 99 36 129 98 84 50 90 46 71 100 73 76 86 52 84 82 93 78 135 96 88 88 68 46 68 86 129 97 81 92 76 48 48 98 85 75 52
split_gain=12978 16715.7 10301.4 9388.05 9396.02 13730.4 14497 10179.2 10335.3 9918.82 10694.5 9573.22 8909.2 8326.01 7602.2 7468.68 7458.99 7163.13 10704.2 11790.1 12933 10250.2 7808.15 7335.78 9986.63 6938.92 7311.12 6925.74 6834.44 6692.55 7177.07 12460.5 12302.4 8965.64 9120.83 8362.63 8277.98 9481.6 8477.66 9277.09 8823.6 8573.76 9023.13 10829 15466.3 9247.88 10239.5 8377.81 9496.38 11499.6 11555.4 9394.75 8019.87 11638.8 8562.94 10596.7 9345.4 7924.78 9064.76 7619.17 7496.42 7685.95
threshold=-0.0086307763907164988 0.010596003617536551 0.77212557586394015 0 -0.88884909809057111 0.60420167534315294 -0.0040293784178203488 0.03425664732182486 -0.042354344880236393 0.24208730496537953 0.044776062507883956 0.079806667341528706 0.23602427849529023 0.3714360854091065 0.034205108474217309 0.014455970504480503 0.49256797024512472 0.13099561510426128 0.0096862673710275023 0.13803878159121527 -0.63777603492383528 -0.57148780227920748 0.14746642357303866 -0.38024634247167161 -0.0022137375898614495 0.96069785478045877 0.66350907563964123 -0.0075730204337868994 -0.44191382955588326 1.770539930095018 0.60420167534315294 -1.2013798886602383 -0.56203947744562532 0.49551639889797 -0.37610823480240241 0.44409103257726534 -0.32562844018643006 0.024790463145277303 0.13179849834547377 0.27050793395636624 1.4535150497563141 0.46474477940745679 0.033838197536588857 0.00056263035118275003 -0.5016039069576318 -0.13864867938028455 -0.12129092394140353 -0.57336839119516059 -0.2166611736745104 -0.096256057095533878 0.040694158587543654 0.0070669488528470508 0.73178682261580363 0.19345214848431769 0.34054858755994893 -0.055600092372205992 -0.10306145933590743 0.13305369026006209 0.22481380958399674 0.42845649775057965 0.098734913017928069 -0.3283427255881608
decision_type=2 2 2 1 2 2 2 2 2 2 2 2 2 2 2 2 2 2 2 2 2 2 2 2 2 2 2 10 2 2 2 2 2 2 2 2 2 2 2 2 10 2 2 2 2 2 2 2 2 2 2 8 2 2 2 2 10 10 2 2 2 2
left_child=1 3 17 12 -5 6 7 8 -6 10 27 14 -1 -14 -12 -8 -11 23 -19 20 -20 -22 -23 24 -2 28 -27 -10 -15 30 36 -32 33 -33 -35 -36 60 52 41 40 -40 -39 43 44 -43 -46 -47 -48 49 50 -49 59 -38 -54 -55 56 -56 58 -50 -52 -25 -62
right_child=2 -3 -4 4 5 -7 15 -9 9 16 11 -13 13 25 -16 -17 -18 18 19 -21 21 22 -24 29 -26 26 -28 -29 -30 -31 31 32 -34 34 35 -37 37 38 39 -41 -42 42 -44 -45 45 46 47 48 57 -51 51 -53 53 54 55 -57 -58 -59 -60 -61 61 -63
leaf_value=0.093849294096588709 0.074565746609022793 0.040950980087071195 -0.050970609168209724 0.035491521092899526 -0.5080893492626567 -0.026325095106941105 0.066807293290160746 -0.33237359075738637 -0.58857992196180786 -0.44671020365288205 0.04033058792360196 -0.25247630837513135 0.14917848719035934 -0.023183991721049901 -0.4439818403300117 -0.090056805965215189 -0.092691908010587035 0.017280837360162768 0.034200650518020528 0.046647284469560422 -0.11140833924441516 -0.18828741605828492 -0.48805709810831166 -0.063127784131377304 -0.08997049921340021 0.69356291870601838 -0.018510543618853507 -0.18091864950674241 -0.16719160966448376 -0.14301065094753715 -0.19610777371253316 0.63041839993093163 0.055681926221457449 0.11239511864783654 0.94563084575865008 0.28155776381623654 0.068917476614052162 0.033519497195610197 0.029576122321115051 -0.22230299132741604 0.62239017308586186 0.019744320830544657 0.080495333933240529 -0.013960080780594297 0.06081449216231704 -0.94200840666890151 0.19608665611353016 -0.94622639803325426 -0.64064714283383684 0.16111587395270666 0.13964792603990003 -0.66095896352392935 0.21134826557160952 -0.026425792235807568 -0.13424395222590427 0.30984568477142604 -0.65345622253236035 -1.0608391238529176 -0.11184931344079568 -0.39337473116044341 0.0040276356226653679 0.23133589619465225
leaf_weight=1966 1319 6957 6237 2035 185 6975 1017 884 121 378 1733 399 536 2272 84 2981 246 6394 753 1160 1172 438 434 5011 3060 60 88 729 1292 575 420 119 7122 1048 62 198 16332 2364 17371 366 62 555 661 1335 159 67 76 67 211 149 158 95 414 1557 176 63 171 60 132 115 2635 432
leaf_count=1966 1319 6957 6237 2035 185 6975 1017 884 121 378 1733 399 536 2272 84 2981 246 6394 753 1160 1172 438 434 5011 3060 60 88 729 1292 575 420 119 7122 1048 62 198 16332 2364 17371 366 62 555 661 1335 159 67 76 67 211 149 158 95 414 1557 176 63 171 60 132 115 2635 432
internal_value=0.000281202 -0.0272801 0.010769 -0.0470751 -0.0655557 -0.0786697 -0.120355 -0.179312 -0.144318 -0.125947 -0.0889055 -0.031031 0.00586255 -0.034857 0.0177089 -0.0501474 -0.307517 0.0158992 -0.0227192 -0.0873421 -0.142908 -0.208139 -0.337873 0.0220762 -0.0404048 -0.0614641 0.272885 -0.239574 -0.075421 0.0266113 0.0282456 0.0694781 0.0825473 0.216497 0.178386 0.44293 0.0209637 0.0297414 0.00894114 0.0264844 0.03172 -0.0413858 -0.0874961 -0.12244 -0.200927 -0.295882 -0.346081 -0.30767 -0.346619 -0.217189 -0.346842 -0.235446 0.0564199 -0.0292978 -0.0800289 -0.28303 -0.391252 -0.533179 -0.438061 -0.0855016 -0.0254501 0.0361099
internal_weight=112243 30938 81305 23981 17767 15732 8757 4759 3875 3690 3066 2216 6214 4248 1817 3998 624 75068 10351 3957 2797 2044 872 64717 4379 3712 148 850 3564 60338 59763 8969 8549 1427 1308 260 50794 42716 24003 17799 17433 6204 3840 3179 1844 1289 1130 1063 987 584 435 368 18713 2381 1967 410 347 403 343 273 8078 3067
internal_count=112243 30938 81305 23981 17767 15732 8757 4759 3875 3690 3066 2216 6214 4248 1817 3998 624 75068 10351 3957 2797 2044 872 64717 4379 3712 148 850 3564 60338 59763 8969 8549 1427 1308 260 50794 42716 24003 17799 17433 6204 3840 3179 1844 1289 1130 1063 987 584 435 368 18713 2381 1967 410 347 403 343 273 8078 3067
cat_boundaries=0 1
cat_threshold=8
is_linear=0
shrinkage=0.05


Tree=109
num_leaves=63
num_cat=0
split_feature=111 127 110 115 113 46 56 91 50 80 50 68 49 113 83 98 132 115 54 75 87 68 123 79 61 124 87 123 75 38 83 103 127 48 133 99 76 73 119 117 36 36 104 94 71 111 35 83 93 76 117 50 123 90 92 101 84 41 105 89 35 75
split_gain=11923.1 17311.6 15997.5 12349.3 10127.4 9997.28 16251.9 11606.8 11397.7 11260.9 9923.5 18691.6 16176.3 11535.8 10824 10749.1 10213.6 9774.43 9594.53 13858.2 17823.3 10136.7 8497.85 12717.5 8368.6 8252.5 8243.54 8162.87 7867.17 7865.18 7847.57 7495.04 7434.05 9575.11 6920.47 6888.76 6996.56 6796.57 6745.99 8124.23 7310.73 9902.64 6725.72 6709.42 7298.58 6536.29 6368.68 9556.19 7148.85 6629.25 7459.49 6215.05 7247.16 7428.59 6401.9 9455.09 6675.97 10415.3 9491.87 7480.34 6401.81 6239.87
threshold=-0.0048065493878488496 -0.005331800600271849 -0.011636895550740449 0.0099715334049657513 0.00017955155443660003 0.43287901001596674 -0.26412075731763657 0.25109271718164439 0.61830302402507342 -0.38201746255589714 1.0627167949828278 -0.43781151948722491 0.36520007091927559 0.018324196723578202 2.154174016147953 0.93202541418932017 0.68831910543739083 -0.0072563694332503986 -0.033541953345933392 0.12343055704972027 0.14126998475361857 -0.040862739687939541 0.00093843519496825004 0.032324121077944003 0.2007704187520826 -0.15988529377404151 0.21947095747110154 0.0034822752186888504 0.066313656148768413 0.50756476879549017 0.46536882284618658 0.00088130119456295009 -0.0090063799381564485 -0.25695800281198589 -0.0011178583975731498 0.69266191051371906 -0.010427545505074397 0.44142218940100431 0.00084391786708685015 0.013972116012182701 -0.43468498025711561 0.57532806575378703 1.0000000180025095e-35 -0.041709045353213438 0.54478486046341124 -0.042354344880236393 0.51050896581255167 0.48198170268905433 0.53170980000560319 -0.32562844018643006 -0.0066893781080406989 -0.72875782801538069 0.0015829855917081502 -0.087160842945675179 0.23393110206336593 0.65443900287333845 0.075304228969922019 0.087434323210668463 0.0197101004793068 0.069919331202140264 0.68642522942368001 0.096004982558344762
decision_type=2 2 2 2 2 2 2 2 2 2 2 2 8 2 8 2 2 2 2 2 2 2 2 2 10 2 2 2 2 2 10 2 2 10 2 2 2 2 2 10 2 2 2 10 2 2 2 10 2 2 10 2 2 2 2 2 2 2 2 2 2 2
left_child=1 -1 10 18 -5 6 8 22 35 -9 11 14 16 24 -3 28 17 43 25 -20 -21 30 -8 -24 45 32 -7 -25 -16 -15 37 -19 -2 -34 -30 -6 -37 -22 -35 40 -40 46 -4 -13 -45 -14 -42 48 49 -48 -51 -27 54 -54 56 -56 -53 58 59 -58 -61 -57
right_child=3 2 42 4 5 26 7 9 -10 -11 -12 12 13 29 15 -17 -18 31 19 20 21 -23 23 27 -26 51 -28 -29 34 -31 -32 -33 33 38 -36 36 -38 -39 39 -41 41 -43 -44 44 -46 -47 47 -49 -50 50 -52 52 53 -55 55 61 57 -59 -60 60 -62 -63
leaf_value=0.038432512355329344 0.061528201920158024 0.046690611079958352 0.043713511980641793 0.039608444607623146 0.038351425135232681 0.084280507250006534 0.008360218729752766 -0.95026140450950602 0.29253107310029181 -0.24776440873449188 -0.011018747645453277 -0.48824597733610881 -0.22810553923166921 -0.33007473438099993 -0.1068466249084345 0.091508135730514265 -0.036082205531472254 -0.082393040212518406 0.070361264109525909 0.10169945864768724 -0.52716793444925469 0.10443546506614726 -0.30115363192641337 0.039886515997778774 -0.10376332423967441 -0.0045457688734917611 -0.02316536401305647 -0.15395696651180568 -0.63805193386367853 -0.045894153068190092 -0.70820449707905464 -0.22046931952485435 0.0038163089562499746 -0.017996667011643167 -0.12364000579685841 -0.20135353220199612 0.044475652577359567 -0.055723465475216075 -0.044615350007855645 0.023098020691570291 -0.18157670014842428 -0.086569457176712258 -0.030755562812871631 0.29313356339811319 -0.29757413417980033 0.08650410966393729 -0.89944963461453364 0.07590868144987091 -0.92033499020559728 -0.79315195411875639 -0.18464445449918976 0.042258765993435622 0.14878767386674233 -0.04471345474142184 0.076557393213052577 -0.15409070349822082 0.48388903998156901 -0.24899575379159719 0.70835160495042804 0.22354952737849249 -0.42037143147352973 0.036077063514351741
leaf_weight=9471 1429 3224 6223 6391 2056 2280 1362 61 324 743 6096 456 180 525 372 327 1117 1513 15639 508 137 120 890 890 1280 9352 8211 1391 184 454 149 2813 2427 845 102 784 458 172 347 357 210 340 5911 61 338 1882 69 61 120 68 190 4229 2682 608 1311 1404 116 89 124 92 65 622
leaf_count=9471 1429 3224 6223 6391 2056 2280 1362 61 324 743 6096 456 180 525 372 327 1117 1513 15639 508 137 120 890 890 1280 9352 8211 1391 184 454 149 2813 2427 845 102 784 458 172 347 357 210 340 5911 61 338 1882 69 61 120 68 190 4229 2682 608 1311 1404 116 89 124 92 65 622
internal_value=-0.000298891 -0.0211633 -0.038238 0.0124279 -0.0149932 -0.0329357 -0.0717234 -0.127193 0.010023 -0.302178 -0.0647243 -0.0868011 -0.122141 -0.0476219 0.00236664 -0.14261 -0.173252 -0.202813 0.0285755 0.0583661 -0.114276 -0.303944 -0.0960966 -0.140951 -0.00338638 0.0102271 0.000191562 -0.0783388 -0.25892 -0.198471 -0.410937 -0.172208 -0.0390894 -0.0676583 -0.45566 -0.0178113 -0.110739 -0.265772 -0.134174 -0.189847 -0.243933 -0.3092 0.00743684 -0.35728 -0.206758 0.0589434 -0.414357 -0.51004 -0.589992 -0.466329 -0.347469 0.0256304 0.0505103 0.113025 0.0249561 -0.0280342 0.0624575 0.237772 0.347248 0.181243 -0.0440152 -0.0957185
internal_weight=112252 42529 33058 69723 25841 19450 8959 5337 3622 804 20924 14828 10619 4321 4209 985 6298 5181 43882 16725 1086 578 4533 3171 3342 27157 10491 2281 658 979 458 4326 6463 5034 286 3298 1242 309 2607 1762 1405 1058 12134 855 399 2062 718 508 447 327 258 20694 11342 3290 8052 3337 4715 486 397 273 157 2026
internal_count=112252 42529 33058 69723 25841 19450 8959 5337 3622 804 20924 14828 10619 4321 4209 985 6298 5181 43882 16725 1086 578 4533 3171 3342 27157 10491 2281 658 979 458 4326 6463 5034 286 3298 1242 309 2607 1762 1405 1058 12134 855 399 2062 718 508 447 327 258 20694 11342 3290 8052 3337 4715 486 397 273 157 2026
is_linear=0
shrinkage=0.05


Tree=110
num_leaves=63
num_cat=0
split_feature=133 126 40 101 77 82 51 134 89 72 83 96 75 90 123 85 113 121 82 86 82 40 96 125 83 46 115 69 90 71 61 90 125 90 82 70 59 99 101 75 69 100 70 72 89 89 73 71 95 88 101 89 83 77 96 81 130 121 78 86 68 53
split_gain=13352.9 11383.7 10541.5 11634.4 11363.6 14144.8 9504.29 9293.89 7757.01 10731.4 8671.05 8519.2 8963.07 7710.1 7487.86 8825.33 7440.49 7477.08 17008.4 13535.8 11055.2 7205.16 10823.1 8076.32 7779.2 7363.94 7147.59 7141.17 12165.5 12534.5 10357.2 8528.16 9160.34 8223.41 10080.6 9680.58 9706.12 7466.38 9191.08 7449.2 11081.5 7132.63 8475.41 7110.29 7764.94 7078.15 6919.6 6729.65 7731.72 6520.62 6432.35 6419.12 6370.81 8540.71 6244.6 6542.7 7047.79 6161.22 8675.73 8373.19 8095.21 7060.69
threshold=-0.010068178422308649 0.28302609279103375 0.086417623496227461 0.5523002554398746 0.13563037643667869 1.0818014162136096 0.70275328737900777 0.6864046943697949 0.025700066226678055 -0.15703782474792469 0.21598141841063848 -0.086419439689984681 0.068161273134357672 -1.2243681271590721 -0.00018565601789819998 0.37033125206116929 -0.0014668917510487498 0.012090692545193351 2.085658173345581 0.09089981330174042 -0.14469588169553707 -0.055568789443956788 0.62036698359528053 -0.0015208756472129996 0.48706307682735234 -0.36389026963483856 0.0012081266892847503 0.69746917694916533 -0.11278496057306493 0.49551639889797 0.0093144237140555027 -1.0748222586414651 -0.00034389205145174997 0.22190051213452658 -0.3128927684566849 -0.38340163898615104 0.39880212487053829 0.56278721036879442 0.82234486686062069 0.094314880267479154 0.77198318307693659 -0.41799540202211138 -0.12789483402637838 -0.55492829405734934 0.027730338400158452 0.028816094445746652 0.47736699791519399 0.58284959239111511 0.098619062823160061 -0.062432968660488142 0.42308456051894033 0.52783330586868327 0.35605497362139221 0.23938731686903245 0.011463391572699903 0.27756666359709625 0.64637276741278538 -0.0052587199425197491 -0.066681090613905689 -0.33490145496683643 -0.58095586978977376 0.076284837003390366
decision_type=2 2 2 2 2 10 2 2 2 2 10 2 2 2 2 2 2 2 8 2 10 2 2 2 8 2 2 2 2 2 10 2 2 2 8 2 2 2 2 2 2 2 2 2 2 2 2 2 8 2 2 2 8 2 2 2 2 2 2 2 2 2
left_child=1 -1 8 4 5 57 13 21 9 11 43 -2 -13 52 -11 -16 -6 50 19 -19 -21 -3 23 24 26 54 -23 33 30 -30 -29 -32 -33 34 -15 -36 -37 38 -31 -39 -41 46 -43 -10 -45 -35 -34 48 -47 -44 -18 -52 53 -5 -25 56 -56 -4 59 61 -60 -59
right_child=2 7 3 6 16 -7 -8 -9 10 14 -12 12 -14 27 15 -17 17 18 -20 20 -22 22 -24 25 -26 -27 -28 28 29 37 31 32 41 45 35 36 -38 39 -40 40 -42 42 49 44 -46 47 -48 -49 -50 -51 51 -53 -54 -55 55 -57 -58 58 60 -61 -62 -63
leaf_value=-0.0012483324116369071 0.07791535312719404 0.040546676131464281 -0.073343427287497806 -0.84728187408411149 0.046516073104433772 0.76145461508086032 0.56865444817441579 0.029022366661332028 -0.0011817887065900057 0.79496157344182339 -0.021519281222967031 0.067727391974579901 -0.78838477994574874 -0.050194159561709896 0.5534944843982571 -0.028797310215714796 0.07779761938498346 0.0039249556661724192 -0.026372546441698043 -0.96730057308373374 -0.36566011154084149 -0.31639336308497812 -0.023297091678313817 0.10115258547368162 -0.07012302646532996 -0.11307171024277458 -0.12374260376735507 0.085124488218679475 -0.28808351698855722 0.23097811657021824 0.22438982253729858 -0.33853349247737141 0.39863691027951609 0.5323188998159909 0.034208849544328152 0.12674863718270604 0.27724424911985907 0.044159834775216233 0.886209315794801 -0.0038956258112370079 0.92695389361150804 0.032732819880682988 -0.11301561415779825 -0.34889166574887559 0.10006622976786282 0.64456474524996588 -0.17707181313428388 -0.066217806793266928 0.067246614153365331 -0.66722134193487925 -0.057274640241104548 -0.43633263463732502 0.0095728731403748202 -0.042230254870408511 -0.050649124049115923 0.3691159616296108 -0.44995307118382333 -0.51698077574202961 -0.32210129585794434 0.045578337963636618 0.16835269620723908 -0.031838400155305861
leaf_weight=28065 1253 1399 828 65 1887 70 93 2970 5639 74 27959 61 60 830 115 148 939 138 720 120 213 1170 5430 894 1076 3934 821 697 182 366 135 575 130 62 1836 4026 1461 1115 62 66 61 226 101 98 3595 62 86 1528 735 112 3029 115 185 66 399 64 152 131 87 1511 1962 174
leaf_count=28065 1253 1399 828 65 1887 70 93 2970 5639 74 27959 61 60 830 115 148 939 138 720 120 213 1170 5430 894 1076 3934 821 697 182 366 135 575 130 62 1836 4026 1461 1115 62 66 61 226 101 98 3595 62 86 1528 735 112 3029 115 185 66 399 64 152 131 87 1511 1962 174
internal_value=-0.000709725 -0.0212576 0.0137744 0.0379242 0.00113425 0.060977 0.0674373 -0.0519272 -0.00281251 0.101256 -0.00759001 0.0391371 -0.359774 0.064243 0.353659 0.226949 -0.0386719 -0.0691546 -0.179332 -0.412604 -0.584714 -0.0676018 -0.0784576 -0.113647 -0.178532 -0.0770602 -0.237055 0.0695886 0.0119119 0.104897 -0.0716134 -0.151651 -0.193073 0.0910035 0.114898 0.133614 0.166864 0.147871 0.327739 0.0856738 0.446954 -0.0650565 -0.180666 0.0341404 0.0880611 0.00937611 0.16966 -0.00479189 0.112909 -0.406185 -0.0369802 -0.071274 -0.179714 -0.445076 0.0168355 -0.105698 -0.161418 0.0503688 0.0768838 -0.00269606 0.147381 -0.24122
internal_weight=112163 46374 65789 26787 11924 4763 14863 18309 39002 1711 37291 1374 121 14770 337 263 7161 5274 1191 471 333 15339 13940 8510 3067 5443 1991 14454 3914 1852 2062 1365 1230 10540 8153 7323 5487 1670 428 1242 127 655 439 9332 3693 2387 216 2325 797 213 4083 3144 316 131 1509 615 551 4693 3865 1816 2049 305
internal_count=112163 46374 65789 26787 11924 4763 14863 18309 39002 1711 37291 1374 121 14770 337 263 7161 5274 1191 471 333 15339 13940 8510 3067 5443 1991 14454 3914 1852 2062 1365 1230 10540 8153 7323 5487 1670 428 1242 127 655 439 9332 3693 2387 216 2325 797 213 4083 3144 316 131 1509 615 551 4693 3865 1816 2049 305
is_linear=0
shrinkage=0.05


Tree=111
num_leaves=63
num_cat=0
split_feature=103 69 123 78 127 86 79 80 81 79 97 68 84 115 81 95 82 91 68 72 94 74 96 74 42 80 74 89 89 74 78 68 89 74 68 96 79 69 123 82 107 62 74 41 96 94 39 72 81 89 85 38 81 113 107 86 115 82 119 115 73 82
split_gain=12811.4 11770.6 11189 9973.18 8840.94 8058.24 7922.84 9767.39 8920.72 7308.71 14150.8 10956.9 16767.6 9596.13 8018.17 7991.91 9618.11 7048.17 6538.75 13584.5 6507.26 7168.83 9049.49 6868.25 6459.3 10131.5 12133.1 12271.9 15791.9 11954 14539.3 28472 15386.4 12756.2 12568.3 11697 11701.8 11765.4 11222.8 9243.35 9242.29 9086.09 8834.26 10945.2 8722.65 8899.71 8338.94 9205.67 13828.9 18382.3 13771.5 12947.4 12012.2 9271.6 8125.48 8337.59 8117.7 8578.85 9931.32 8003.51 7894.5 7846.38
threshold=-0.014269706165323798 0.6949034894996543 0.014905951499548951 0.37871823283412592 0.0037040053094064503 0.31458024445890009 0.18372288919610258 -0.84661894733194687 0.19875433605469628 0.028673088235422851 0.6456765716298315 -0.4672100711978649 -0.095095910766743744 0.0012081266892847503 0.21562549201345846 0.19127701099356728 -0.17988011049296307 0.22180528119997464 0.9846661884854514 0.70345190625136977 -0.018771754217033747 0.029828650188737704 0.011463391572699903 -0.033761018612746295 -0.29901231430491554 -0.82847373158516435 0.11070847900409617 0.10779354440987401 0.17825885499743019 0.011654938034208752 -0.076655830007008333 -0.10430959147198039 0.071274085519700256 -0.11032793490870839 -0.5107295649765603 0.25139639853356371 0.024231347262889454 0.58957445796656349 0.00047595112818740005 -0.20513322999381572 -0.014558747868308748 -0.11507216278457442 -0.29840707440972042 0.10253383730108172 -0.15995939431179226 -0.078264508816778142 0.21996747528066457 -0.165322407446544 0.25130546359166878 0.027368424780675454 0.54716670592524908 -0.046147201104820595 0.17845092049455843 0.00014811048108290001 0.012539252654101702 0.17184415511256626 -0.011311850697123448 -0.056326815913486337 0.010908914313263102 0.0062007024677247511 0.47831444732382505 -0.026885500322238198
decision_type=2 2 2 2 2 2 2 2 2 2 2 2 2 2 2 8 10 2 2 2 10 2 2 2 2 2 2 2 2 2 2 2 2 2 2 2 2 2 2 10 2 2 2 2 2 10 2 2 2 2 2 2 2 2 2 2 2 10 2 2 2 10
left_child=-1 2 3 24 17 9 7 -5 -8 10 -6 -12 14 15 -13 16 -11 20 19 -9 21 22 -3 -24 -2 56 27 29 -29 30 31 32 41 38 -31 36 -36 40 -32 -28 -38 -27 43 -40 45 -34 54 51 50 -50 52 -48 -49 -51 -35 -56 -26 -58 -59 -44 -55 -33
right_child=1 4 -4 6 5 -7 8 18 -10 13 11 12 -14 -15 -16 -17 -18 -19 -20 -21 -22 -23 23 -25 25 26 39 28 -30 34 33 61 44 46 35 -37 37 -39 42 -41 -42 -43 59 -45 -46 -47 47 48 49 53 -52 -53 -54 60 55 -57 57 58 -60 -61 -62 -63
leaf_value=0.03209070980127459 -0.02036911178885021 0.059089797386916734 -0.054453830657558391 -0.24492519628820997 -0.026230015379341727 0.067405973246626102 0.19198767033973851 0.17568553026004505 -0.016584906799225248 -0.023872491209183472 -0.017141561668888645 -1.1889132475507433 -0.16607673702860104 -0.025702580361048319 -0.56085717718646 -0.067324948228226419 -0.28041330783222262 -0.05122095083854164 0.163205912903371 1.0239660760273739 -0.086207427956996374 -0.02859949716552377 -0.084688048497323073 0.39983544883098021 -0.11934956501405886 -0.20412790466816333 0.01979877731547252 0.1737887741510061 -0.012567419971050701 0.042727287070813469 0.11346972892496994 0.64708390404780713 -1.1228376884680047 -0.0022591062731280014 -0.007055320024980021 -0.04702482219579196 0.030359402287970572 -0.19862851540312956 0.11738681336098281 0.11642523845478879 -0.60176520287972757 0.37306148105779213 0.007060591203735516 -0.14294152816348688 -0.1535002829363713 -0.39948524501128696 0.039920871198898332 0.51067793000932349 1.020843207983323 0.53391861906680071 -0.54942935569392093 -0.30904047637908899 0.014444917843015079 -0.094068852350303614 -0.70894851055569374 -0.080866428753446559 0.059006971522604659 0.14848377112506991 0.50865013641949108 -0.30400592551865613 0.2873684141938162 0.014604870744404339
leaf_weight=22667 16844 3491 7725 65 771 1086 866 92 1254 525 204 68 273 7437 212 2984 1202 5050 141 97 1092 2082 92 350 282 879 6852 1894 2841 1065 661 119 94 376 387 1322 67 759 649 3874 417 73 276 1065 77 80 6581 142 80 183 92 276 829 237 103 108 846 501 310 823 315 83
leaf_count=22667 16844 3491 7725 65 771 1086 866 92 1254 525 204 68 273 7437 212 2984 1202 5050 141 97 1092 2082 92 350 282 879 6852 1894 2841 1065 661 119 94 376 387 1322 67 759 649 3874 417 73 276 1065 77 80 6581 142 80 183 92 276 829 237 103 108 846 501 310 823 315 83
internal_value=-0.00149065 -0.00998433 0.00188862 0.00980633 -0.0376388 -0.0636409 0.10705 0.312368 0.0686654 -0.0740514 -0.177087 -0.330497 -0.445853 -0.0610779 -0.717073 -0.116906 -0.202485 -0.0060624 0.422546 0.614144 0.0260285 0.0464154 0.086123 0.299021 0.00514259 0.0172075 0.010807 -0.00970844 0.061996 -0.0283474 -0.00680366 -0.159424 -0.251683 0.00996518 -0.104489 -0.157596 -0.247191 -0.32189 -0.0717992 0.0547058 -0.514378 -0.159524 -0.115359 -0.0443582 -0.59921 -0.794445 0.0404405 0.0527042 0.150755 0.305575 0.031879 0.0258319 0.0874653 0.226442 -0.141831 -0.389364 0.128315 0.170511 0.286612 -0.22595 0.123725 0.388556
internal_weight=112288 89621 62702 54977 26919 14762 2515 395 2120 13676 1528 757 553 12148 280 4711 1727 12157 330 189 7107 6015 3933 442 52462 35618 33679 22953 4735 18218 14201 1405 1203 12796 4017 2952 1630 1243 3474 10726 484 952 2813 1714 251 174 9322 8735 1878 815 1063 6857 971 735 587 211 1939 1657 811 1099 552 202
internal_count=112288 89621 62702 54977 26919 14762 2515 395 2120 13676 1528 757 553 12148 280 4711 1727 12157 330 189 7107 6015 3933 442 52462 35618 33679 22953 4735 18218 14201 1405 1203 12796 4017 2952 1630 1243 3474 10726 484 952 2813 1714 251 174 9322 8735 1878 815 1063 6857 971 735 587 211 1939 1657 811 1099 552 202
is_linear=0
shrinkage=0.05


Tree=112
num_leaves=63
num_cat=1
split_feature=130 135 115 90 5 76 85 90 55 5 72 75 125 135 115 85 132 125 14 101 22 125 122 137 50 45 85 28 112 68 46 85 84 50 96 117 84 38 84 85 34 50 132 77 125 109 9 82 131 86 74 88 87 36 86 90 126 74 112 74 88 81
split_gain=11388.4 10525.6 8793 9719.64 6742.19 6162.7 7008.73 6062.71 7494.67 10160.7 9294.08 7304.38 10414.7 9952.38 9252.62 8361.95 7656.99 8274.36 6822.8 6533.51 6446.25 5542.19 5431.26 7620.5 6203.28 7445.72 5899.76 5441.23 8207.17 5379.73 6226.84 5294.43 5254.41 5142.06 5091.3 5082.93 5054.64 5034.69 6895.78 5718.79 5033.8 5697.81 6032.35 5899.87 5694.45 5369.78 5535.29 4942.52 4938.63 4890.03 6443.58 4853.46 4811.04 5204.01 4809.3 11994.8 4797.19 4685.09 5253.23 4669.05 4648.44 4533.35
threshold=0.42418646576644131 -0.036373586079760746 -0.013541211728602348 -0.86417855119313358 1915.1250000000002 -0.055600092372205992 0.35258341961336187 -0.86417855119313358 0.16550551282312262 2323.9850000000001 -0.017675660888664447 0.12525703963594373 0.0042172075864918505 0.014691354741982802 -0.0010319650143953499 0.32083965089573058 -0.40850178868727333 -0.012402557936078298 364.50000000000006 0.65065532604154364 -0.24651372668039911 0.00044682019460170005 0.031201769073472402 0 0.60420167534315294 0.065529125360519511 0.35633640140971873 -0.46570545874706221 0.09657060777337366 0.8740244262169643 -0.96847233704704638 0.35258341961336187 -0.76784079809488659 0.65025809461840944 0.95841072381044567 -0.023421312287177799 0.87041151219056745 1.0530695308045315 0.30256948601976291 0.33784965643504877 -0.79520102249118674 1.0154352149331298 0.72897531017050576 0.12958831280710556 0.0012366925144811503 0.0046835159152649507 130.74500000000003 0.253339879992516 0.041789440427650357 -0.3766412775965024 0.19504809267705256 -0.028370156402481295 0.20651302777546007 0.26045600050875423 -0.12026963163320874 -0.33699444655252958 -0.82915848823238758 0.081129666766626765 0.18286206572872901 0.15908022077162667 -0.016636766263954949 0.24906033001305253
decision_type=2 2 2 2 2 2 2 2 2 2 2 2 2 2 2 2 2 2 2 2 2 2 2 1 2 2 2 2 2 2 2 2 2 2 2 10 2 2 2 2 2 2 2 2 2 2 2 8 2 2 2 2 2 2 2 2 2 2 2 2 2 2
left_child=4 40 21 5 -1 6 29 8 10 37 59 13 -13 16 -14 19 17 -9 -17 -16 -12 54 47 24 25 26 -24 28 -27 30 -4 -7 -15 -32 -31 -22 49 38 -10 -40 -2 42 43 -42 45 46 -45 -5 -19 50 -34 -18 53 -52 -3 -56 -48 -53 -59 -6 -49 -21
right_child=1 2 3 22 7 31 -8 11 9 -11 20 12 14 32 15 18 51 48 -20 61 35 -23 23 -25 -26 27 -28 -29 -30 34 33 -33 36 -35 -36 -37 -38 -39 39 -41 41 -43 -44 44 -46 -47 56 60 -50 -51 52 57 -54 -55 55 -57 -58 58 -60 -61 -62 -63
leaf_value=-0.26823722277046513 0.081507235307055614 -0.11684050833419922 0.060965524447956956 -0.0067201899229646887 0.038603193201317998 -0.078989659122058326 -0.0037844457849994457 -0.19364862167778121 -0.047273637163443898 0.052914269221301075 -0.1064279062783017 0.024537262401323073 0.058283888725595007 0.0011733536976544388 -0.17924631725467158 -0.20293667049354416 -0.0028549472616625159 -0.01024530344909317 -0.028951238001382634 -0.21265066886649411 -0.054976638266107603 0.027741845526311978 0.033343661592451036 -0.017500969018456658 -0.022071464372658365 -0.97762514546110824 -0.18888197754799832 -0.18743568753425996 -0.25332820458814154 -0.43150359474456135 0.24375759972743266 0.32163850824557705 0.5519850828109415 0.64678094006246989 0.12251461866277552 0.21164952189266018 -0.04476157825194569 -0.013731317185570023 -0.022080679761396872 -0.53225579023561675 -0.64897672812784879 -0.033616548433148603 0.001718893290327393 -0.50443747840164332 -0.093309255338902553 -0.59490137398242948 0.24274443905280135 -0.0075551875864056199 -0.12855720722363459 0.073896275313339949 -0.055362191683288375 0.0098312723735758563 -0.18060244596765743 0.43211253709159791 -0.66227279943503015 -0.063884750548853078 -0.19447735075624462 0.097081286737117217 -0.017008223861234125 -0.39335168357938533 0.11334259622594292 -0.69265403159386751
leaf_weight=212 448 787 342 11830 2787 104 2080 723 244 2109 203 3984 897 3684 713 781 13203 11128 2018 84 196 422 443 14076 1259 73 914 177 85 66 306 391 122 107 108 1988 856 422 73 222 61 2425 662 135 1565 97 67 1367 957 8466 88 5972 91 143 156 180 833 4678 1286 63 1899 122
leaf_count=212 448 787 342 11830 2787 104 2080 723 244 2109 203 3984 897 3684 713 781 13203 11128 2018 84 196 422 443 14076 1259 73 914 177 85 66 306 391 122 107 108 1988 856 422 73 222 61 2425 662 135 1565 97 67 1367 957 8466 88 5972 91 143 156 180 833 4678 1286 63 1899 122
internal_value=-6.63516e-05 -0.0200857 -0.00996088 -0.00489504 0.0126337 0.0741664 0.0472309 0.0135094 0.0535402 -0.00848854 0.089897 0.00796599 -0.034684 0.0151021 -0.0858024 -0.120571 0.00200274 -0.029462 -0.0775532 -0.251363 0.162659 -0.126698 -0.0135212 -0.0328789 -0.105782 -0.168645 -0.116364 -0.379447 -0.592016 0.161334 0.219044 0.237477 0.052057 0.349483 -0.0888951 0.187707 0.0712496 -0.143157 -0.244276 -0.40651 -0.0798804 -0.0922621 -0.133824 -0.166347 -0.155194 -0.240593 -0.206845 0.0083135 -0.0196242 0.0823988 0.24399 0.0180342 0.125949 0.24697 -0.184707 -0.342849 -0.161695 0.041139 0.0724818 0.0289201 0.0627534 -0.498897
internal_weight=111980 43465 37172 35627 68515 3504 3009 68303 8307 3070 5237 59996 8599 51397 4615 3718 37947 12808 2799 919 2387 1545 32123 17027 2951 1692 1357 335 158 929 755 495 13450 413 174 2184 9766 961 539 295 6293 5845 3420 2758 2697 1132 1035 15096 12085 8910 444 25139 322 231 1123 336 900 11936 5964 2850 3266 206
internal_count=111980 43465 37172 35627 68515 3504 3009 68303 8307 3070 5237 59996 8599 51397 4615 3718 37947 12808 2799 919 2387 1545 32123 17027 2951 1692 1357 335 158 929 755 495 13450 413 174 2184 9766 961 539 295 6293 5845 3420 2758 2697 1132 1035 15096 12085 8910 444 25139 322 231 1123 336 900 11936 5964 2850 3266 206
cat_boundaries=0 1
cat_threshold=6
is_linear=0
shrinkage=0.05


Tree=113
num_leaves=63
num_cat=0
split_feature=118 104 121 82 56 102 50 113 50 123 73 107 119 115 36 96 91 133 92 82 50 104 50 125 125 133 59 75 59 34 81 94 60 110 8 120 125 60 74 123 100 86 41 123 58 111 125 124 66 71 107 50 92 124 119 62 81 113 124 111 58 110
split_gain=13074.7 9217.67 10317.3 8819.14 8790.11 8111.5 5723.5 6496.65 5633.92 9124.54 6384.15 5856.66 5528.11 5314.26 6950.92 8981.72 7245.63 5198.64 5194.29 6634.31 4968.87 14730.9 12350.1 6143.14 7415.83 10065.9 5712.02 9536.05 14225.8 7486.93 7156.87 7330.99 5501.73 5453.35 5705.71 5055.51 4941.11 4939.32 5192.66 4923.65 4825.63 5648.66 4800.76 4784.06 4744.14 4601.24 4579.5 4548.78 5216.26 4538.46 4425.48 6989.59 5778.19 7130.1 4651.95 4329.25 4252.11 4234.62 4425.6 4214.15 4698.05 4283.61
threshold=0.92129917928984295 1.0000000180025095e-35 -0.015128407315642649 -1.1822868772791872 -0.16754262068166592 -0.2824860338830103 0.54744774660566298 0.034205108474217309 0.65025809461840944 0.027704550098994401 0.56918018704935081 0.016668055196572905 -0.0046449271290146489 -0.0098498252493359976 -0.071244621529030036 0.046318964647363209 0.19734146352330648 -0.0036675361094743995 -0.44083743876640041 -0.089359131046735582 0.29743871261044036 -1.0000000180025095e-35 0.53344348147577791 -0.016290964311285749 0.015843183135256306 0.00058238029449865015 0.3914313745553451 0.072152878351176314 0.54149706016061872 0.35819938112237215 0.21817546440784266 -0.083418090706391834 -0.083418090706378831 -0.12535490639643085 47.735000000000007 -0.17057033406158562 -0.013146045974934299 -0.087583627625548735 0.19802108716551939 -0.00045177748774149991 -0.48900764694722298 -0.51696167696163453 0.048778310989474556 0.0033456881512102508 0.66771244817591657 0.023753232742879053 -0.0052469663356599491 0.21085647030073568 -0.18024500899477411 0.51328414651829546 -0.014134766509801498 0.8054993990406264 0.51338345212127867 0.23042906600404803 0.056379868874755608 1.0000000180025095e-35 0.25302331881469814 0.027115574342248702 -0.35176498279444196 -0.0065813832308779492 -0.93655636174304568 0.50284735840340045
decision_type=2 2 2 10 2 2 2 2 2 2 2 2 2 2 2 2 2 2 2 10 2 2 2 2 2 2 2 2 2 2 2 8 10 2 2 2 2 8 2 2 2 2 2 2 2 2 2 2 2 2 2 2 2 2 2 2 2 2 2 2 2 2
left_child=1 20 8 4 36 45 7 39 9 10 11 57 -7 14 -14 16 -16 56 -12 -20 -1 23 -23 -22 25 26 30 -28 37 -30 33 44 47 34 -25 42 -4 -29 -39 -6 41 -37 -35 49 -32 -5 -18 48 -27 -34 -2 52 54 -54 59 -26 -13 58 -3 60 -52 -62
right_child=50 2 3 5 6 12 -8 -9 -10 -11 18 17 13 -15 15 -17 46 -19 19 -21 21 22 -24 24 55 32 27 28 29 -31 31 -33 43 35 -36 40 -38 38 -40 -41 -42 -43 -44 -45 -46 -47 -48 -49 -50 -51 51 -53 53 -55 -56 -57 -58 -59 -60 -61 61 -63
leaf_value=0.011794040763603731 0.065113062762699223 -0.31246246812492612 -0.25770082433672648 0.031181635844742647 0.085688963819629232 0.020824582762825252 0.21148535828531193 -0.55182076625285614 -0.016162681046548291 -0.38886667292394583 -0.013234178586439653 -0.34688271210157784 0.00064898836308153963 -0.028018942722165707 -0.7375842447407911 -0.12017718830234068 -0.49593347582172176 -0.0056837205945257339 -0.1822370186572711 -0.69825241317791231 -0.14475113842470042 0.14727772965238375 0.65116723933807252 -0.34588036111708587 -0.39424548572615575 0.23716966482092403 0.024974400706613047 -0.23007047585234411 1.0434251821746952 0.32015563026595284 0.11622740342336542 0.011265178870702332 0.36560423010273985 -0.025182819357891191 0.084467878425964205 0.21492925606435165 0.14487902793010704 0.0164532954024302 0.46296057622147418 -0.10006481496827738 0.36213973165938151 -0.23389855112760297 -0.60541301645704959 0.29875760629692255 0.6710318688717154 -0.096474645768757916 0.1152123283474676 0.082419284891405306 0.55506524926559497 0.0019149216872739927 0.13183524788419407 -0.019417825223396322 -0.3570885396179031 -0.020487038480986163 -0.46555985961305474 -0.011817293903785836 -0.015560676379836809 -0.34297125855253802 0.031123707809018276 -0.040156604450982042 -0.18105259794411097 0.18438265602980908
leaf_weight=37707 805 99 78 12008 574 5467 240 61 2346 283 120 398 747 21016 121 844 60 300 141 112 447 424 170 353 75 611 1250 81 75 70 84 1369 94 86 98 127 2253 147 116 939 107 154 60 212 71 749 61 327 164 884 149 6384 424 250 75 2821 128 89 1492 3524 1480 84
leaf_count=37707 805 99 78 12008 574 5467 240 61 2346 283 120 398 747 21016 121 844 60 300 141 112 447 424 170 353 75 611 1250 81 75 70 84 1369 94 86 98 127 2253 147 116 939 107 154 60 212 71 749 61 327 164 884 149 6384 424 250 75 2821 128 89 1492 3524 1480 84
internal_value=-0.00163539 0.00459734 -0.0102789 -0.00240817 0.0670922 -0.00942346 -0.0154461 -0.0501604 -0.0748818 -0.118429 -0.0917194 -0.0629319 -0.0243375 -0.0351437 -0.116771 -0.197464 -0.465408 -0.171855 -0.284443 -0.41252 0.0202583 0.0507174 0.292341 0.036167 0.0447518 0.0742446 0.0286666 0.0982816 0.285239 0.698845 -0.0196039 0.0482799 0.15867 -0.124577 -0.252388 -0.0163614 0.131303 0.109379 0.2144 -0.0295837 0.0780662 -0.0310047 -0.26613 0.0840155 0.373036 0.0236796 -0.189416 0.239136 0.305069 0.0372085 -0.0484238 -0.0558171 -0.0946268 -0.232452 -0.0770988 -0.021854 -0.266439 -0.00930753 0.00956121 -0.0714477 -0.135759 -0.16132
internal_weight=112085 98910 50726 45218 4145 41073 1814 1574 5508 3162 2879 2506 28316 22849 1833 1086 242 826 373 253 48184 10477 594 9883 9436 6540 4248 1739 489 145 2509 1524 2292 985 451 534 2331 344 263 1513 388 281 146 1190 155 12757 121 1102 775 978 13175 12370 5986 674 5312 2896 526 1680 1591 5237 1713 1564
internal_count=112085 98910 50726 45218 4145 41073 1814 1574 5508 3162 2879 2506 28316 22849 1833 1086 242 826 373 253 48184 10477 594 9883 9436 6540 4248 1739 489 145 2509 1524 2292 985 451 534 2331 344 263 1513 388 281 146 1190 155 12757 121 1102 775 978 13175 12370 5986 674 5312 2896 526 1680 1591 5237 1713 1564
is_linear=0
shrinkage=0.05


Tree=114
num_leaves=63
num_cat=0
split_feature=133 110 40 121 40 72 50 121 121 42 131 58 75 72 86 75 73 86 69 49 83 96 106 61 95 127 101 114 1 123 25 16 61 69 46 113 70 113 46 129 131 123 28 96 48 82 78 77 70 2 87 69 90 118 73 91 70 50 66 81 99 87
split_gain=11562.2 12152.6 10321.2 12443.9 13238.6 9980.25 13588.8 15098.3 9737.39 9160.03 8541.05 8922.26 8387.71 15318.9 12650 7674.7 7633.08 18668.2 31991.3 7556.54 7313.69 7199.83 7050.72 6947.97 6922.36 8019.5 7902.11 7831.03 7313 6556.57 6500.61 8674.78 7359.71 7594.62 7364.72 6351.85 6154.9 6880.25 8751.65 16298.6 10093.5 9123.89 6366.08 6041.09 5952.66 5876.04 7329.76 5824.1 5821.34 5802.06 5787.81 5978.5 5756.25 5865.81 7008.56 5784.11 5904.63 7894.55 7393.2 5720.2 5660.59 5642.2
threshold=-0.010068178422308649 -0.0048790290324044992 -0.11174937778460063 0.0064657250012742007 -1.0905000065167196 -0.49474416477644728 0.59026593669144445 -0.0045624297197825988 0.016969169355891902 0.33823665762918692 0.035924861880155957 0.83760528782574706 0.24523164999428898 -0.71501903438926817 -0.28594274635901101 0.16990147096568298 0.62688193197667197 0.94771848315570517 0.76263183663303635 0.26537068098483579 1.7386939926883438 -0.79215239379638269 1.1582687180427909 0.61281210034637668 0.13800565384620048 -0.005331800600271849 1.0109456586563548 -0.5102487422264369 1495.825 0.029168186707948053 0.17424055788439322 6.3316500000000007 0.23985764259320838 0.65907673962345847 0.020602949527568606 -0.0030864440365893993 -1.1050177664062959 2.6395493519726073e-05 0.38273239442777202 0.0022265327397850004 0.0023010128731103508 0.0037162274045497504 -0.048524350042913243 -0.65254535963610849 -0.35918298282214101 -0.20999363475163044 -0.58789306486234338 0.11530974862185871 -0.67741638570482954 1411.9350000000002 0.19149004251782245 0.79003093059018337 -1.2243681271590721 0.58629043707304984 0.53890495836078178 0.19468975634406963 0.72190594306848799 0.45402306196369169 -0.4400288329676415 0.23326461087093797 0.33808122416916481 0.14872673223740807
decision_type=2 2 2 2 2 2 2 2 2 2 2 2 2 2 2 2 2 2 2 8 8 2 2 10 8 2 2 2 2 2 2 2 10 2 2 2 2 2 2 8 2 2 2 2 10 8 2 2 2 2 2 2 2 2 2 2 2 2 2 2 2 2
left_child=1 5 3 -2 15 20 7 9 10 24 11 22 36 14 -14 -5 23 19 -19 -18 -1 -22 -9 29 -7 28 27 -27 -26 30 -4 -32 33 34 52 -23 -6 43 39 40 42 -42 -39 -38 50 46 -17 -41 -37 -3 -35 -52 -33 55 -55 -54 57 -57 -59 -50 -49 -15
right_child=2 49 16 4 12 6 -8 8 -10 -11 -12 -13 13 61 -16 45 17 18 -20 -21 21 35 -24 -25 25 26 -28 -29 -30 -31 31 32 -34 44 -36 48 37 38 -40 47 41 -43 -44 -45 -46 -47 -48 60 59 -51 51 -53 53 54 -56 56 -58 58 -60 -61 -62 -63
leaf_value=0.037006079562451367 0.030402187042051727 0.0016069984829670655 0.014582511983616778 0.2192776490646553 0.054150020753665221 -0.048290613723481091 -0.01908764923058813 -0.0029810017630258969 0.28098600991027356 0.20071575927318303 -0.24444175445163141 -0.40127792270935103 -0.23336455965381384 0.35815646609321972 -1.0219158871929244 0.061283738156597989 0.16480702937519204 0.17148595863953234 1.5197093263024191 -0.0034021898802859816 0.041494133080022116 0.042037512079563022 -0.26511107552189217 -0.051577829298944881 0.12742902186033983 -0.74035147254386646 0.21211408838191456 -0.26170504921570059 -0.2207497964023587 -0.086592056427858222 -0.07240994210923829 -0.15420397021004867 0.20612715408500978 -0.22108451860760334 0.02767768171993755 -0.64755429229953076 -0.071471943775724092 0.034877965016062988 -0.053688560412204982 0.40800268417987673 -0.36908518272459889 -0.85448860546680006 -0.3833342276495551 0.24853488080696584 -0.015100924184911164 0.087433202632628063 -0.30944109831337951 -0.5543053470906758 -0.09682315453352415 0.10343552201494283 0.1049915509893492 0.45276236116924945 0.10878467531317887 0.10148394291506946 -0.20964169403581426 0.16815955830690951 -0.041223665500450653 0.28833082990406844 0.65205711164828128 -0.63074931411789015 -0.067049251288253398 -0.16991340246009218
leaf_weight=5065 6411 20564 28788 530 784 682 9285 3637 216 153 561 160 104 60 100 254 1151 159 60 1588 426 152 275 3150 279 88 84 2380 326 1273 1222 173 883 108 3006 109 349 220 2621 60 475 122 154 254 4244 696 279 62 222 1500 708 149 1559 1145 214 752 161 432 208 64 1118 296
leaf_count=5065 6411 20564 28788 530 784 682 9285 3637 216 153 561 160 104 60 100 254 1151 159 60 1588 426 152 275 3150 279 88 84 2380 326 1273 1222 173 883 108 3006 109 349 220 2621 60 475 122 154 254 4244 696 279 62 222 1500 708 149 1559 1145 214 752 161 432 208 64 1118 296
internal_value=0.000886483 -0.0182942 0.0143045 -0.0222403 -0.0617673 -0.0427904 -0.0613356 -0.105698 -0.0463966 -0.177701 -0.0617172 -0.0364894 -0.0934797 -0.278669 -0.623009 0.0604325 0.0249888 0.102937 0.546091 0.0673181 0.0128831 -0.112599 -0.0214709 0.0202007 -0.19283 -0.22403 -0.262821 -0.279065 -0.0602394 0.0252234 0.0284787 0.0552095 0.0665625 0.0569636 0.0886682 -0.232463 -0.0767619 -0.0956525 -0.115524 -0.188769 -0.342073 -0.469543 -0.13789 0.0635119 0.0103938 -0.00819123 -0.132989 -0.0685425 -0.337932 0.00853409 0.122417 0.165913 0.128132 0.139089 0.0523733 0.176928 0.245221 0.278357 0.407375 -0.218085 -0.0930985 -0.0801589
internal_weight=112310 46228 66082 14949 8538 24164 18126 8841 4849 3992 4633 4072 6779 560 204 1759 51133 2958 219 2739 6038 973 3912 48175 3839 3157 2552 2468 605 45025 43752 14964 13742 12859 7650 547 6219 5435 4832 2211 971 597 374 603 5209 1229 533 1240 395 22064 965 857 4644 4471 1359 3112 1553 1392 640 286 1180 356
internal_count=112310 46228 66082 14949 8538 24164 18126 8841 4849 3992 4633 4072 6779 560 204 1759 51133 2958 219 2739 6038 973 3912 48175 3839 3157 2552 2468 605 45025 43752 14964 13742 12859 7650 547 6219 5435 4832 2211 971 597 374 603 5209 1229 533 1240 395 22064 965 857 4644 4471 1359 3112 1553 1392 640 286 1180 356
is_linear=0
shrinkage=0.05


Tree=115
num_leaves=63
num_cat=0
split_feature=112 99 82 69 101 113 103 98 70 77 96 96 111 121 79 125 40 123 83 78 124 80 92 83 109 127 51 121 82 72 131 123 125 111 71 122 56 79 111 127 34 98 86 86 102 123 70 40 70 72 121 119 10 72 80 92 82 113 121 119 6 95
split_gain=11125 11982.2 10128.6 12631.1 10512.7 9864.6 8921.34 8013.23 13740.6 12640.2 7460.07 8641.64 8791.74 11135.7 7490.59 7107.75 10825.8 10513.5 7990.52 9060.87 8594.5 8352.09 7745.94 7502.67 6961.23 6928.92 12316.9 10792.1 10564 7814.76 7416.74 7371.62 13434.2 10527.9 12131 9931.84 8151.05 7694.96 6568.17 6532.6 6478.47 13737 6399.26 6321.95 6239.4 6183.62 10693.1 7766.58 6935.33 11738.3 6627.25 6292.26 6106.54 7946.42 6054.55 6186.63 7599.92 6049.75 5998.79 8780.02 6293.33 5948.52
threshold=0.34620938151625053 0.61707091389124913 0.57788520165074375 0.7821629504255051 0.70426693581274169 -0.005714018078500499 0.042898137391689357 0.82562815265161316 0.17763855108958079 0.33333935037341861 -0.92916108059987967 -0.34022539831521831 -0.011569420150340048 0.0069592184770623008 0.24620347298721382 -0.008914729865038799 -0.12511528505012273 0.0037162274045497504 0.31539815525628767 -0.016400828549546147 -0.094648247391812726 -0.080989286145363132 1.625129586027666 0.5431554214796398 0.00088527634959080016 -0.016045902818585547 0.70275328737900777 0.010257752178973002 0.18373365655051924 -0.3350136106546231 0.043043980548247256 -0.0016475059093800498 0.0012366925144811503 0.010567693229335902 0.85018822058310006 -0.054658347012578844 -0.81849744330279817 0.13374203663353762 -0.0067348753359300498 -0.029147449429324897 -0.68281203774413812 0.11859329513450735 0.14676056311791372 0.024790463145277303 0.45995099676513251 0.026240913489967054 0.47705362594456724 0.33997463932631472 -0.17784433491197268 0.65274573111300216 -0.0049136329538475489 0.019342872673838152 2387.7950000000005 0.70345190625136977 -0.38676760943304694 0.20845629776173966 -0.070366201932232086 -0.0005133366025828999 0.0085936171985251022 0.058463465291802262 8340.9350000000031 0.11674935476649446
decision_type=2 2 10 2 2 2 2 2 2 2 2 2 2 2 2 2 2 2 8 2 2 2 2 8 2 2 2 2 8 2 2 2 2 2 2 2 2 2 2 2 2 2 2 2 2 2 2 2 2 2 2 2 2 2 2 2 8 2 2 2 2 8
left_child=1 2 -1 7 -5 -2 15 -4 9 -9 -7 12 -12 -14 -15 18 17 24 19 20 38 -21 25 -19 39 26 28 30 -18 -28 31 32 33 34 35 52 37 57 40 -17 -3 -42 -40 -29 -8 47 51 -13 -49 50 -50 -47 53 -27 55 -34 -57 -33 -30 60 -60 -62
right_child=5 6 3 4 -6 10 44 8 -10 -11 11 45 13 14 -16 16 22 23 -20 21 -22 -23 -24 -25 -26 27 29 43 58 -31 -32 36 54 -35 -36 -37 -38 -39 42 -41 41 -43 -44 -45 -46 46 -48 48 49 -51 -52 -53 -54 -55 -56 56 -58 -59 59 -61 61 -63
leaf_value=0.025167574759785594 0.11999576240361297 0.083347574164790494 -0.18277694629273605 0.0613947694541001 0.90448557811491581 0.093535861462726688 -0.0083433910753826328 0.23689591975966362 0.064468970084231816 0.98370254430032922 -0.3716643127678978 0.022226454584443285 -0.00052575236576759882 -0.46699362127806365 -0.041482273388202449 -0.29946604220211998 0.11190433481418936 -0.33095825575302801 0.0024446204610700482 0.39146473591881142 -0.06512196870520344 -0.033289724602527819 -0.1679606053777371 -0.094680328473859612 0.0741709092389745 -0.65943066735375444 0.17717161505962864 0.16141114071492621 0.067466820276875381 0.96847671768704391 -0.070089440530284111 -0.074739844087849963 0.20648802334660443 0.10474121992994755 -0.67219277582431247 -0.056521875672291833 0.013870884329254205 -0.11013887187881344 -0.071190206902786698 -0.030973150740796387 -0.26912775315976184 -0.88875838025388409 -0.48344582756017823 0.037291845879191293 -0.095781449377531344 -0.47741837422531774 -0.049059318575181227 0.28505634527231 -0.6591873805631292 -0.016595799038494313 -0.23418696136476519 -0.16704128735336687 -0.18296029863749086 -0.031593821389334545 -0.041096204650871097 0.082102779663712835 -0.33606181543428398 0.20873020042650753 -0.43419710162672259 0.42017531211317433 0.28599223648508393 -0.14604893039623784
leaf_weight=34053 826 61 200 60 96 735 3895 177 871 83 421 3597 834 280 164 241 3516 421 3925 139 1267 667 552 1656 1678 187 65 1721 780 60 3148 219 715 387 117 1119 22517 295 502 3555 282 131 115 2540 4284 248 1967 96 120 665 389 480 436 69 1468 510 137 1319 167 70 89 697
leaf_count=34053 826 61 200 60 96 735 3895 177 871 83 421 3597 834 280 164 241 3516 421 3925 139 1267 667 552 1656 1678 187 65 1721 780 60 3148 219 715 387 117 1119 22517 295 502 3555 282 131 115 2540 4284 248 1967 96 120 665 389 480 436 69 1468 510 137 1319 167 70 89 697
internal_value=0.00220964 0.00735958 0.030748 0.158439 0.582676 -0.0459735 -0.00528884 0.108316 0.159908 0.478155 -0.0596987 -0.0718689 -0.173736 -0.108295 -0.310269 0.00165702 0.0082446 -0.0469582 -0.04522 -0.104331 -0.153783 0.0403563 0.0179619 -0.142709 -0.0106079 0.0203893 0.0730421 0.0126203 0.0614556 0.56167 0.00285027 0.0106372 -0.0437366 -0.133041 -0.180799 -0.148699 0.0221274 0.12349 -0.256593 -0.0480936 -0.396446 -0.467341 -0.148687 0.0874492 -0.0541478 -0.0489619 -0.109708 -0.0153094 -0.121555 -0.155019 -0.33548 -0.273284 -0.297458 -0.49099 0.029337 0.105226 -0.00682409 0.168344 -0.0369312 -0.116519 -0.15634 -0.096827
internal_weight=112081 101259 35540 1487 156 10822 65719 1331 1131 260 9996 9261 1699 1278 444 57540 50451 7551 7089 3164 2358 806 42900 2077 5474 42348 5444 36904 5319 125 32643 29495 5145 2315 1928 1811 24350 1833 1091 3796 474 413 617 4261 8179 7562 2695 4867 1270 1174 509 728 692 256 2830 1362 647 1538 1803 1023 953 786
internal_count=112081 101259 35540 1487 156 10822 65719 1331 1131 260 9996 9261 1699 1278 444 57540 50451 7551 7089 3164 2358 806 42900 2077 5474 42348 5444 36904 5319 125 32643 29495 5145 2315 1928 1811 24350 1833 1091 3796 474 413 617 4261 8179 7562 2695 4867 1270 1174 509 728 692 256 2830 1362 647 1538 1803 1023 953 786
is_linear=0
shrinkage=0.05


Tree=116
num_leaves=63
num_cat=0
split_feature=102 103 90 113 85 45 70 89 74 98 111 74 12 111 90 46 41 115 99 84 97 75 77 88 98 86 100 85 88 77 100 86 113 71 92 85 77 88 88 84 96 97 86 99 54 25 134 111 127 121 123 44 19 10 70 87 96 115 127 78 122 66
split_gain=10905 9982.75 7658.32 9523.45 8846.75 9110.1 8329.73 8050.66 8207.73 6913.68 6592.63 6957.4 7765.94 9386.99 7650.27 8257 6522.33 6188.71 6271.04 6153.29 5978.18 5682.33 6354.86 5741.63 6276.47 7847.92 11106.4 7896.76 7743.4 5639.5 6504.02 5998.65 5628.15 6100.6 5756.17 5805.67 5527.98 5487.87 6185.2 7387.81 10746.1 6659.33 5477.84 5451.79 5433.59 5410.69 6493.75 7772.49 6184.14 5610.54 5688.37 7966.45 5361.77 6129.08 5336.29 9475.45 9706.4 9344.38 7768.51 6973.75 6963.29 9275.67
threshold=1.0000000180025095e-35 0.040018581162176659 -0.86417855119313358 -0.005714018078500499 0.32289520179782216 0.13414275888168845 -0.16343170649081226 0.028449811376234653 0.17428686256569328 -0.33239393945643708 -0.018151323989562398 0.76777326922511568 8.4546500000000027 0.0016580388773415001 0.35641633983254933 -0.23308151687007123 0.086702681137725071 -0.010694001819131599 0.95488321748105676 0.89185844383513635 0.39184168144497705 0.062098398667134257 0.16560357369154888 0.06087092926749791 0.21194064157280892 -0.037609641667997039 0.21123070788947518 0.36732366339167499 -0.13636303502121983 0.26937464919719739 0.48475016599411674 -0.33912376654511955 0.0011311845795894003 0.84493250305954748 -0.31336467065562951 0.34855782458801937 0.12245309447817972 -0.014574727824492598 -0.077060707630496036 -0.62876401316099384 0.52993854166028631 0.6449141251373024 0.58400739233076771 0.62697606265190042 -0.14632190765076372 -0.19818486374529262 -0.037518710839854794 0.0038272218700745506 -0.0042631473386694997 0.0036489239857317502 0.00066798380315780006 0.048148292583239653 0.12737793076400636 2388.2250000000004 0.38389146672179109 0.12020737145386402 -0.67054774712202003 -0.0012808787807890498 0.0027203472125784003 -0.043559618727597095 0.048892128171323608 0.66249972887940056
decision_type=2 2 2 2 2 2 2 2 2 2 2 2 2 2 2 2 2 2 2 2 2 2 2 2 2 2 2 2 2 2 2 2 2 2 2 2 2 2 2 2 2 2 2 2 2 2 2 2 2 2 2 2 2 2 2 2 2 2 2 2 2 2
left_child=45 2 4 -4 44 -6 -7 8 32 -10 37 16 13 14 15 -13 17 18 -12 -8 -3 22 -19 24 25 -24 27 -27 -29 -23 31 -31 33 34 -5 -36 -18 38 41 -40 -41 -9 -26 -34 -2 -1 47 48 -47 50 51 -50 -48 -54 55 -22 -57 58 -58 -60 61 -59
right_child=1 20 3 7 5 6 19 10 9 -11 11 12 -14 -15 -16 -17 36 21 -20 -21 54 29 23 -25 42 26 -28 28 -30 30 -32 -33 43 -35 35 -37 -38 -39 39 40 -42 -43 -44 -45 -46 46 52 -49 49 -51 -52 -53 53 -55 -56 56 57 60 59 -61 -62 -63
leaf_value=-5.9495911683394968e-05 0.031688061909411445 0.26121198867290268 0.085629780001593658 0.12071479497887505 0.089152743493787795 0.11877598216849278 -0.21013429395832872 -0.17836762604829332 -0.011253590528698017 0.46366616195024452 -0.06610568172484009 -0.11980221028036418 0.0044481364588593577 0.075434446335017974 0.11463012328833087 -0.44580284523886138 0.11874675293568254 0.15343128927701311 -0.42703523047045988 -0.018319633244208596 0.17245381622997977 -0.0052389407535913092 -0.067821751799148788 0.014229514405683104 0.036885588662203837 -0.03075045619094581 0.033458774735471368 -0.048183170274684307 -0.6139922987787596 -0.015123775212584019 0.0041274567515769481 0.13366274185203392 0.17461283494923133 0.40145440936003896 0.16928737651805409 -0.15555297300589604 -0.054216171794362333 -0.032756389408257279 0.032904738983127971 -0.52667094852141705 -0.0804797955056549 0.081236207296234986 -0.16732667572796345 -0.17865380069308956 0.28781288904761565 0.067743029864355875 0.017880814452549881 0.069023085202851955 -0.18920859042075097 0.062988022705238775 -0.024167946478712052 0.032876255536041753 0.1081230681540663 0.0021600539628217927 -0.031027000917971049 0.023332649027122433 -0.10365732762943076 -0.084519974119619382 -0.5423304732427302 -0.21679918141918458 -0.19880198255726872 0.28194784916192295
leaf_weight=28536 329 141 2270 1080 2357 540 775 612 119 214 1188 320 891 259 116 497 484 458 133 907 292 6615 1388 2933 1410 113 210 75 315 866 3046 3107 140 131 190 491 9753 2072 162 340 224 413 427 485 559 1561 5339 3324 1493 1050 3484 553 5816 1783 5357 930 381 1263 346 317 1153 199
leaf_count=28536 329 141 2270 1080 2357 540 775 612 119 214 1188 320 891 259 116 497 484 458 133 907 292 6615 1388 2933 1410 113 210 75 315 866 3046 3107 140 131 190 491 9753 2072 162 340 224 413 427 485 559 1561 5339 3324 1493 1050 3484 553 5816 1783 5357 930 381 1263 346 317 1153 199
internal_value=-0.00177823 -0.016486 -0.00705262 -0.0140557 0.0487224 0.0206947 -0.0519301 -0.0195398 0.0615289 0.294425 -0.0255538 -0.0186687 -0.107233 -0.190647 -0.264512 -0.318418 -0.012993 0.00218421 -0.10274 -0.106773 -0.0610297 0.00880068 -0.0267025 -0.0387303 -0.078168 -0.137171 -0.27189 -0.399185 -0.505584 0.0278861 0.0591008 0.101236 0.0306121 0.0735798 0.0489753 -0.0648067 -0.0460278 -0.0878533 -0.152995 -0.264566 -0.349916 -0.073789 -0.0106476 -0.0993695 0.193062 0.0147227 0.0320077 0.0046073 -0.0216991 -0.0429249 -0.0630428 -0.129196 0.0562863 0.0832639 -0.0654927 -0.103305 -0.120886 -0.157538 -0.28395 -0.387245 -0.106981 -0.0344796
internal_weight=112332 59393 49014 43547 5467 4579 2222 41277 2850 333 38427 34604 2083 1192 933 817 32521 22284 1321 1682 10379 20963 7329 6871 3938 2101 713 503 390 13634 7019 3973 2517 1892 1761 681 10237 3823 1751 726 564 1025 1837 625 888 52939 24403 11465 8141 6580 5530 2046 12938 7599 10238 4881 4589 3659 1044 663 2615 1462
internal_count=112332 59393 49014 43547 5467 4579 2222 41277 2850 333 38427 34604 2083 1192 933 817 32521 22284 1321 1682 10379 20963 7329 6871 3938 2101 713 503 390 13634 7019 3973 2517 1892 1761 681 10237 3823 1751 726 564 1025 1837 625 888 52939 24403 11465 8141 6580 5530 2046 12938 7599 10238 4881 4589 3659 1044 663 2615 1462
is_linear=0
shrinkage=0.05


Tree=117
num_leaves=63
num_cat=0
split_feature=99 125 122 115 8 74 42 85 113 84 113 79 42 89 46 78 80 100 77 80 74 91 99 101 89 101 84 73 89 119 100 62 124 115 50 123 120 99 123 76 74 77 72 76 113 74 6 68 74 85 68 127 58 86 46 85 125 67 48 46 97 26
split_gain=9995.38 11924.6 15949.5 15450.2 11041.3 10782.6 10624 10378.3 10274.7 9324.5 9169.61 9495.94 9219.62 13764.7 9552.65 8044.89 9296.24 12381.9 11741.8 8271.17 9170.83 15750.4 14339.9 9198.11 8171.67 13148.3 10075.7 8241.67 7438.87 7169.08 8797.65 7056.35 7697.38 9380.46 10507.4 7575.53 10477.9 6819.75 6721.56 7777.34 11203.6 6730.88 9850.23 16620.9 9474.04 8481.29 7922.53 6848.69 6681.44 11281.8 10092.4 7769.77 14119.2 6592.12 6535.6 6523.53 6435.2 6414.22 7072.59 6636.67 9645.07 8340.91
threshold=0.63689261649973905 -0.0039456056537971991 -0.023425005862749346 0.0095102288668715024 42.345000000000006 0.19504809267705256 -0.45261933557460698 0.35710615568013043 0.010165355433040901 0.15260655756712879 0.00043714219386070007 0.030407569358221306 0.409000800480258 0.034068026633307262 0.29891262305466176 0.075376729433714318 -0.86510360445847223 -0.036714097308421144 0.41391537124889782 -0.58375175879661956 0.42358613625150726 0.16545817713175498 0.57006969737615332 0.38806009749174125 0.028089753909822053 0.60149972166672261 -0.28527968026621681 0.53638683447866486 0.036121442482169759 0.017314015632543051 -0.87173751310869119 -0.5707892764594743 -0.17823278650220442 0.0068167340220700512 0.60420167534315294 -0.00057332300187834995 0.0080615843035091016 0.7876625220061314 -0.0048090917153157994 -0.7134966038941758 0.76777326922511568 0.13153170022929581 -0.49474416477644728 0.98163889593677511 0.027115574342248702 0.51283724359781668 9051.7950000000019 -0.77766503905756401 -0.099576420990319145 0.26702137783863211 -0.58855070760673656 -0.049154852485603244 -2.533658124930231 -0.3306420942944101 -0.45006650344084265 0.34129578553973655 0.0046758795581735004 0.41832202043211564 -0.17405009252945522 0.57677159587334192 0.59732842509871531 0.81066771968277684
decision_type=2 2 2 2 2 2 2 2 2 2 2 2 2 2 2 2 2 2 2 2 2 2 2 2 2 2 2 2 2 2 2 2 2 2 2 2 2 2 2 2 2 2 2 2 2 2 2 2 2 2 2 2 2 2 2 2 2 2 10 2 2 2
left_child=8 2 4 5 31 -3 -7 9 15 -8 12 57 -5 14 -14 24 17 18 -17 29 22 23 54 -22 25 -1 -27 -28 -24 30 -18 -2 33 34 35 -33 -37 -9 -10 -40 41 -41 43 46 45 -44 -43 -48 49 -13 -50 52 -52 -42 -21 -25 -53 -12 -59 -60 -61 -62
right_child=1 3 -4 10 -6 6 7 37 38 -11 11 48 13 -15 -16 16 19 -19 -20 20 21 -23 28 55 -26 26 27 -29 -30 -31 -32 32 -34 -35 -36 36 -38 -39 39 40 53 42 44 -45 -46 -47 47 -49 50 -51 51 56 -54 -55 -56 -57 -58 58 59 60 61 -63
leaf_value=-0.029010623391035814 -0.027434051365590736 0.013445035441123833 -0.017028110847745172 -0.00170452286326278 -0.045060623362426819 0.0057069682607789945 0.0012346159695213988 -0.026577046721871569 0.07627709526813567 0.47947594544226785 0.053182302263655494 -0.6798695418798556 0.23934480615149614 0.02765726055476795 0.93178810355338182 -0.10407542803075254 0.54698869342268519 0.22813973513377062 -0.69595973648958742 -0.17748911839508275 0.029621366516880271 0.044430391821294456 0.52335843846085484 -0.83439331528847116 0.0091681887785303989 0.093096930331711125 0.28985550058621889 0.81349783670771247 -0.027829566608271846 0.45120951124830139 0.079316698074014522 -0.66927127289593935 -0.14539127245942463 0.033293863889071851 -0.16514451397582888 -0.64763436016635367 0.039496718539760028 0.35709809872729242 0.037961781253387561 0.11907898012102268 -0.26628656152080399 -0.032411614076242594 0.065075900158481748 0.10790347244257431 -0.098575133225558623 -0.34750597624833346 -0.52217012089544113 -0.23113761066353689 0.16651619338144169 -0.088634236063725405 -0.22786143943667414 0.068016505206223363 0.74830100228462149 0.12928279391101871 0.22065848890635253 -0.26090738240118122 -0.054380124449698246 0.017139580466050502 -0.29972697549856198 -0.31489899745145883 -0.14721019013999745 0.62797568890452382
leaf_weight=979 545 24534 10591 5286 2451 942 130 419 1444 471 309 82 117 373 87 376 117 203 107 108 105 1490 63 99 27130 724 448 90 1405 258 684 341 1289 153 329 106 115 159 2525 604 881 340 2538 453 2024 130 279 741 674 2934 65 1229 84 119 1983 101 8467 320 1088 142 64 74
leaf_count=979 545 24534 10591 5286 2451 942 130 419 1444 471 309 82 117 373 87 376 117 203 107 108 105 1490 63 99 27130 724 448 90 1405 258 684 341 1289 153 329 106 115 159 2525 604 881 340 2538 453 2024 130 279 741 674 2934 65 1229 84 119 1983 101 8467 320 1088 142 64 74
internal_value=-0.00204692 -0.0150293 -0.0525319 -0.00260299 -0.123077 0.022798 0.130928 0.230888 0.0150594 0.376203 -0.0342484 -0.0543586 0.0190266 0.208623 0.537756 0.0282965 0.0760593 -0.0987767 -0.236364 0.094774 0.069494 -0.0226427 0.115957 -0.349386 0.01675 0.108492 0.215098 0.3788 -0.00383487 0.222396 0.148225 -0.189479 -0.227306 -0.328207 -0.390251 -0.521503 -0.29151 0.0794013 -0.0249095 -0.0386556 -0.0625147 -0.0404562 -0.0552853 -0.154231 -0.0170275 0.0448499 -0.241561 -0.311177 -0.0393348 -0.104929 -0.0205195 -0.0333398 0.323778 -0.219132 0.200019 -0.547522 -0.0388605 -0.156114 -0.194436 -0.243903 -0.0266941 0.269997
internal_weight=112518 63970 15920 48050 5329 26655 2121 1179 48548 601 21395 15532 5863 577 204 36470 7099 686 483 6413 5354 1795 3559 305 29371 2241 1262 538 1468 1059 801 2878 2333 1044 891 562 221 578 12078 10634 8109 7109 6505 1813 4692 2668 1360 1020 13535 3016 10519 9845 149 1000 2091 200 9696 1997 1688 1368 280 138
internal_count=112518 63970 15920 48050 5329 26655 2121 1179 48548 601 21395 15532 5863 577 204 36470 7099 686 483 6413 5354 1795 3559 305 29371 2241 1262 538 1468 1059 801 2878 2333 1044 891 562 221 578 12078 10634 8109 7109 6505 1813 4692 2668 1360 1020 13535 3016 10519 9845 149 1000 2091 200 9696 1997 1688 1368 280 138
is_linear=0
shrinkage=0.05


Tree=118
num_leaves=63
num_cat=0
split_feature=130 134 126 115 125 125 72 46 114 113 87 62 127 40 92 114 115 87 59 102 92 121 127 68 94 125 71 119 130 4 113 111 21 109 120 110 31 10 76 57 111 67 119 108 113 36 72 96 55 89 80 113 69 6 126 69 92 100 40 98 133 38
split_gain=14291.6 8590.07 6323.59 5886.93 9588.37 9337.16 7793.81 7293.71 9847.84 8883.15 9727.07 9179.88 9482.3 9722.07 8267.68 7287.65 6350.25 6316.89 6271.09 5828.89 5766.56 5645.33 5920.17 5615.9 9138.01 7326.37 5614.56 6218.46 5327.51 6109.91 6032.23 4912.64 4898.13 5939.63 4797.39 4724.37 4682.47 6090.05 4584.18 6141.12 5876.09 5749.13 5383.21 4554.78 6069.27 5332.4 4530.56 6183.36 5387.83 7259.34 6386.92 8021.76 5600.2 5472.15 5411.62 4489.62 4488.62 6276.87 4468.26 6006.02 4449.95 5149.29
threshold=0.64637276741278538 -0.89298044677317701 0.56022303718624122 0.0070787583397711002 0.0034169078333178005 -0.008914729865038799 -0.58034155283400968 0.51125932020902176 0.07140002370930261 0.0012556716540364501 0.37158767048125541 -0.9872709176212684 0.0015600740511120003 -1.2933203499537449 -0.52019414629226812 -0.083482894584805942 0.018711378596752003 0.44069354407140054 0.49823061110116407 -0.36846923967894674 -0.5813516706000994 -0.0013763560249920499 -0.0055561847756507984 -0.59557140201541381 -0.042750429583013345 -0.0011636166188102499 0.68599149694080397 0.0026559850319097006 -0.56872034445503861 138.72500000000002 0.010909781864185902 -0.017079709271365096 -0.25406148047706195 -0.0078854706391726977 0.51993402062700067 -1.0000000180025095e-35 0.4557625804111895 2387.9550000000004 -0.49242715562779643 0.28373375002715973 -0.0096478119229755476 0.59249579242860206 0.0014322161057453502 0.14736104684938359 0.00032066179336075006 -0.20047115210169783 -0.94885642642732859 0.54239024563847715 0.065677923562717067 0.082375235784824266 -0.20392221410203756 -0.0005133366025828999 0.66634439882900109 8722.5650000000005 1.1679984912263179 0.72897983220447393 -0.73714944358185375 -0.39268694717048686 0.20046525723166317 -0.41532452965550121 -0.0022357167951465996 0.85261798590209137
decision_type=2 2 2 2 2 2 2 2 2 2 2 2 2 2 2 2 2 2 2 2 2 2 2 2 8 2 2 2 2 2 2 2 2 2 2 2 2 2 2 2 2 2 2 2 2 2 2 2 2 2 2 2 2 2 2 2 2 2 2 2 2 2
left_child=1 21 31 5 -5 15 -7 8 34 10 32 -11 13 14 -13 38 -12 -9 -15 -8 -14 22 -1 55 25 26 27 -25 29 -21 36 56 -10 -34 -6 -17 -30 -38 -3 40 41 -40 -42 44 45 -35 -24 48 53 50 51 -50 -53 54 -48 -4 -2 -58 -51 -60 61 -26
right_child=2 3 23 4 7 6 19 17 9 11 16 12 20 18 -16 35 -18 -19 -20 28 -22 -23 46 24 60 -27 -28 -29 30 -31 -32 -33 33 43 -36 -37 37 -39 39 -41 42 -43 -44 -45 -46 -47 47 -49 49 58 -52 52 -54 -55 -56 -57 57 -59 59 -61 -62 -63
leaf_value=0.039132717977453296 0.10315435220048114 0.01321496352545857 0.094687888679233778 0.041098945911948334 0.016955779682241844 0.011242950764006353 0.10637373727821707 0.034170655985780334 -0.083499853419031309 0.11287563530810225 -0.17030559898189762 0.36696871653361351 0.15211337418860471 -0.33232442530764134 -0.28714365389417201 -0.063248672129430028 -0.73304583919582089 -0.08404784658955082 -0.052946079104639998 -0.10176257009778922 -0.11803527998494755 0.0081888665969073998 0.071068525086029011 0.15073091153947948 -0.17353980474184269 -0.112436443451687 -0.49700951458333614 -0.33015047499654504 0.018892808344246531 0.11723836735689717 -0.071945944583302571 -0.010282599960073689 -0.35313515228529774 0.083431394577603735 -0.23262437911917322 0.04740536161044645 -0.033316737212016619 0.14206282615887195 -0.51459221319070358 0.16337324720618593 0.048496835812838583 -0.16206031908943819 -0.19280400309037066 -0.16553534507228618 -0.032360894435239644 0.3287949852090567 0.043497616022829179 -0.021072051594294691 -1.0227797964903025 -0.10300094380124319 -0.13811897120263894 -0.028913572430610657 -0.63421179015211848 -0.17954794344672015 -0.38978893166551226 -0.15701822902779522 -0.033294009047648669 -0.21578892927577631 -0.53666906146218585 -0.032526530910283326 0.022297438940791618 -0.041146282500288275
leaf_weight=1348 264 650 782 8952 4575 14920 4909 6779 993 317 203 111 238 1301 84 1429 66 1355 238 352 1140 6223 481 95 1090 1112 272 225 7049 3276 1372 19293 83 541 200 2963 664 1940 210 147 360 259 643 170 500 375 946 2147 64 1427 159 71 82 600 77 228 1033 866 146 99 1381 2250
leaf_count=1348 264 650 782 8952 4575 14920 4909 6779 993 317 203 111 238 1301 84 1429 66 1355 238 352 1140 6223 481 95 1090 1112 272 225 7049 3276 1372 19293 83 541 200 2963 664 1940 210 147 360 259 643 170 500 375 946 2147 64 1427 159 71 82 600 77 228 1033 866 146 99 1381 2250
internal_value=-0.00176916 0.00874783 -0.0320675 0.0159306 -0.00165715 0.0279942 0.038463 -0.0215219 -0.0478121 -0.0885501 -0.0246218 -0.143171 -0.169281 -0.247059 0.0851698 -0.0261974 -0.310579 0.0144694 -0.289182 0.0592222 -0.0713003 -0.0271717 -0.0559449 -0.0718024 -0.0890299 -0.188252 -0.330232 -0.187364 0.0434195 0.095968 0.0261202 -0.0182957 0.00438046 0.056685 0.00645564 0.0113963 0.0400645 0.0973468 -0.0989387 -0.143947 -0.174727 -0.320669 -0.106233 0.0783411 0.107716 0.184129 -0.0762947 -0.088488 -0.1279 -0.18181 -0.380109 -0.555973 -0.355333 -0.0598027 0.0105358 0.037768 -0.0897316 -0.116587 -0.137016 -0.333915 -0.0531845 -0.0843916
internal_weight=112125 83234 28891 69364 28221 41143 34482 19269 11135 6360 2931 3429 3112 1734 195 6661 269 8134 1539 19562 1378 13870 7647 7435 6425 1704 592 320 14653 3628 11025 21456 2662 1669 4775 4392 9653 2604 2269 1619 1472 469 1003 1586 1416 916 6299 5818 3671 2048 376 217 153 1623 1023 1010 2163 1899 1672 245 4721 3340
internal_count=112125 83234 28891 69364 28221 41143 34482 19269 11135 6360 2931 3429 3112 1734 195 6661 269 8134 1539 19562 1378 13870 7647 7435 6425 1704 592 320 14653 3628 11025 21456 2662 1669 4775 4392 9653 2604 2269 1619 1472 469 1003 1586 1416 916 6299 5818 3671 2048 376 217 153 1623 1023 1010 2163 1899 1672 245 4721 3340
is_linear=0
shrinkage=0.05


Tree=119
num_leaves=63
num_cat=0
split_feature=103 135 102 112 111 89 96 50 28 69 105 111 80 94 81 49 38 78 120 0 96 61 34 113 99 72 57 72 76 48 51 25 103 59 81 37 55 78 53 127 83 68 112 61 107 132 83 113 119 112 94 96 48 91 8 93 35 80 114 100 53 2
split_gain=9908.6 7845.91 6958.59 6625.79 6814.96 6682.83 6625.04 8956.4 6740.42 6784.53 6430.36 6210.41 7200.62 6605.87 6319.04 6151.97 5899.23 5780.21 5735.09 6905.74 7269.27 5932.61 7937.57 6803.02 5428.04 8754.62 6506.49 5481.08 5445.27 5103.02 5126.31 5099.67 5672.7 5772.34 6657.45 6272.25 5067.6 5746.77 5899.57 5053.63 5036.9 9295.06 5921.05 6513.77 5748.54 5402.86 4936.68 4871.46 4827.93 4862.66 5084.14 4712.73 4704.95 4936.04 5344.43 4690.8 4669.27 4668.92 7166.85 4714.02 4638.35 4600.12
threshold=0.040018581162176659 -0.028309776533548197 1.0000000180025095e-35 -0.12635441799936001 -0.020690392207189049 0.026174493252348403 -0.68693306541540755 0.99269718029298193 0.19173217185252628 0.78467517102336803 -0.015248768750908448 -0.0076434201834961494 -0.65464626001552728 -0.065687720719174544 0.23883015466321819 0.31870493433903552 0.057353252329756362 0.19550672499856983 -0.020247439443667244 549.48500000000013 0.52993854166028631 3.8796651632137871e-14 -0.41554505544886505 0.0016973201432285002 0.91619960069470241 -0.19062092013612211 0.21435645023813424 -0.29332045193339357 -0.029173858056479846 -0.078799005992715734 0.40619524318059824 0.084972180749117457 -0.021065553412859598 0.39704342090616757 0.19875433605469628 0.33556806824078605 0.19177442723682653 -0.07564955677566064 0.26018686492271742 0.013627314643313551 0.29733375807108714 -0.65248709108944969 -0.027577165889702698 0.19837666121635478 -0.0048859629823852996 -0.37135497853312271 0.3049856804726046 0.016841313751626102 -0.011990146407670399 -0.09333696415810179 -0.039626276893621089 0.20130140528114063 -0.0054334369244457498 0.16903024717077511 42.225000000000001 0.62881370538769277 0.41868804236041585 -0.85574983282693473 0.49283106890628997 -0.036714097308421144 0.18447676156594858 1134.825
decision_type=2 2 2 2 2 2 2 2 2 2 2 2 2 8 2 10 2 2 2 2 2 10 2 2 2 2 2 2 2 10 2 2 2 2 2 2 2 2 2 2 8 2 2 10 2 2 8 2 2 2 10 2 8 2 2 2 2 2 2 2 2 2
left_child=1 10 -2 17 18 24 -4 8 9 11 -1 12 39 29 -14 -15 -16 -3 19 -5 21 47 -23 -24 25 -6 -27 -26 -28 -13 -31 -7 56 48 35 -35 37 38 -36 -8 41 -12 43 -43 -45 55 -42 -21 -34 50 51 -50 53 -11 -55 -44 -33 59 -59 -19 -58 -46
right_child=2 3 6 4 5 31 7 -9 -10 52 40 13 14 15 16 -17 -18 57 -20 20 -22 22 23 -25 27 26 28 -29 -30 30 -32 32 33 34 36 -37 -38 -39 -40 -41 46 42 45 44 61 -47 -48 -49 49 -51 -52 -53 -54 54 -56 -57 60 58 -60 -61 -62 -63
leaf_value=0.038249271372833106 0.009441974028172026 0.03386837068891603 0.058611835375078296 0.14080803065198361 0.044676520914072176 -0.0034207545998714197 0.26271090007053233 -0.019574584372189018 -0.0501851660904504 -0.80378144763518078 0.056006368230509911 0.35348776373225199 -0.43487237710981586 -0.062843784510313055 0.22874354647383807 -0.33804418631466748 -0.30437045656144623 -0.19009325747587244 0.0045348959989413035 -0.068834966907161288 0.002187883609099548 0.01172286918776673 -0.72680667980682634 -0.11973025681394521 0.075551752072874623 0.14689118269982651 0.28374175473311264 -0.36444976383989514 0.78454690075214994 0.20402358956635 -0.27557163293208553 0.22959259856192671 0.15280239303522281 0.47572213286248433 0.25601154021561551 0.11751200161125504 -0.06416243269393844 0.029694643365413938 -0.068341173283957155 -0.24526692623129259 0.21693093555208245 -0.12612678781165695 -0.13801342256587876 0.0099985317759950405 -0.68303863443187529 -0.02417983293328678 -0.022095272874125518 -0.30438839865320211 -0.13916412758738247 -0.0042057172143472078 -0.024360062447404435 -0.73928654327932186 -0.1437234886798002 -0.13548329087966932 -0.54219067416259281 -0.57916327475104479 0.15003941724946035 0.23858333972075896 -0.019699416830207008 0.21657188702374697 0.0026711549154676689 -0.2676739206657775
leaf_weight=3450 5453 8214 1053 238 2147 37745 105 4218 2150 68 1023 141 410 906 83 261 135 195 2091 639 580 85 162 65 152 662 171 131 80 113 108 515 477 136 583 1147 1146 4292 184 90 220 668 1071 70 150 1833 9585 334 66 11998 166 65 262 166 158 63 898 1055 360 111 1315 123
leaf_count=3450 5453 8214 1053 238 2147 37745 105 4218 2150 68 1023 141 410 906 83 261 135 195 2091 639 580 85 162 65 152 662 171 131 80 113 108 515 477 136 583 1147 1146 4292 184 90 220 668 1071 70 150 1833 9585 334 66 11998 166 65 262 166 158 63 898 1055 360 111 1315 123
internal_value=0.000271006 0.0062961 -0.0363257 0.0131858 0.00763358 0.0116755 -0.0602594 -0.0736173 -0.117816 -0.166155 -0.0232172 -0.126449 -0.237117 -0.0667649 -0.319416 -0.124629 -0.101278 0.0513344 -0.0541065 -0.112388 -0.144757 -0.211033 -0.400522 -0.554262 0.0804898 0.0998713 0.229476 -0.12869 0.445841 0.119605 -0.0305343 0.00788637 0.0264514 0.0173348 0.0521872 0.155824 0.0307368 0.0522424 0.178213 0.0282044 -0.0375414 -0.0783709 -0.112933 -0.217391 -0.394246 -0.0772785 -0.0167105 -0.149922 -0.00310106 -0.00916147 -0.208675 -0.44028 -0.308541 -0.418053 -0.334874 -0.16301 0.0941262 0.134629 0.172904 -0.0423525 0.0625116 -0.497556
internal_weight=112341 96461 15880 78205 68270 64076 10427 9374 5156 3006 18256 2352 823 1529 628 1167 218 9935 4194 2103 1865 1285 312 227 3343 3060 913 283 251 362 221 60733 22988 20260 7488 1283 6205 5059 767 195 14806 5001 3978 1011 343 2967 9805 973 12772 12295 297 131 654 392 324 1134 2728 1721 1415 306 2213 273
internal_count=112341 96461 15880 78205 68270 64076 10427 9374 5156 3006 18256 2352 823 1529 628 1167 218 9935 4194 2103 1865 1285 312 227 3343 3060 913 283 251 362 221 60733 22988 20260 7488 1283 6205 5059 767 195 14806 5001 3978 1011 343 2967 9805 973 12772 12295 297 131 654 392 324 1134 2728 1721 1415 306 2213 273
is_linear=0
shrinkage=0.05


Tree=120
num_leaves=63
num_cat=1
split_feature=105 69 119 71 99 100 72 96 71 68 125 95 96 120 74 25 97 75 111 91 58 74 135 106 89 96 56 136 40 89 100 74 93 115 121 89 95 84 77 72 46 119 95 92 80 100 52 89 89 45 111 52 75 91 78 86 123 72 76 80 97 78
split_gain=11020.7 7299.51 7719.03 9620.97 9977.74 10083.1 8700.17 11532.6 12344.1 7939.66 9468.82 10380 11711.6 7683.13 8010.81 8156.84 7902.52 7083.3 6951.29 6732.58 6431.75 6283.05 7303.56 6268.72 5869.52 5798.34 8172.14 6961.23 10063.8 13317.2 12505.1 9336.73 7767.5 13255.2 12797.6 9110.03 9019.85 9721.69 8527.83 8222.45 10129.3 8472.27 8574.42 8121.36 7749.9 7717.51 15950.1 13181.6 13408.2 10763.2 11411.7 11157.6 8550.72 7850.14 10236.1 8278.84 7676.96 7334.07 7158.26 9108.26 10362.5 7078.24
threshold=0.024187563561646853 0.72570581780327104 -0.0085217516896594989 0.91370054150238278 0.56278721036879442 -0.623660734191546 -0.07694189392177779 0.21416212483297728 0.69795504867040392 -0.43022091963344333 0.0013528544474708003 0.48553336617158172 -0.42656872606687318 -0.013558340461412648 -0.015410755911696347 -0.30368685607331569 0.78915203619836849 0.085024152950588308 -0.023595576975243945 0.17395726765116012 -0.22302801014945081 0.15594209788191102 -0.0013934475448433997 0.014577038861325753 0.062865421767158161 -0.51990744526469224 -1.3367115710653612 0 0.020341494740578902 0.1064625343476553 -0.26850218124092617 0.014160713375123401 0.32475623002993137 0.015478879048303652 -0.034077215520384486 0.028816094445746652 0.098948710241441265 0.25005652246832349 0.29227562438399962 -0.35184854298151841 0.46960522194439563 -0.005161414743290349 0.18147386385865857 -0.68371484234310753 -0.51375204367389926 -0.089779278348621191 0.020011945914618204 0.094411270131383354 0.16979135423594657 0.051381398278646004 0.0033983667275992503 -0.019470165464583945 0.070086054173005521 0.16843265243191211 -0.028732424897361948 0.14676056311791372 -0.00021884125442614996 -0.27678416936952382 -0.038004915194539794 -0.17237782280178898 0.65055805285978796 -0.048756787128504495
decision_type=2 2 2 2 2 2 2 2 2 2 2 10 2 2 2 2 2 2 2 2 2 2 2 2 2 2 2 1 2 2 2 2 2 2 2 2 8 2 2 2 2 2 10 2 2 2 2 2 2 2 2 2 2 2 2 2 2 2 2 2 2 2
left_child=1 18 -3 4 5 -4 -7 8 24 -6 11 12 -11 14 20 -16 21 -17 -1 -5 -14 22 -15 -2 -8 -20 -27 32 45 30 31 -30 35 34 -34 -28 37 -36 39 40 -37 -41 61 -38 -40 46 -29 49 -49 52 51 -51 -47 57 -55 -56 58 -54 -32 60 -60 -43
right_child=23 2 3 19 9 6 7 -9 -10 10 -12 -13 13 16 15 17 -18 -19 25 -21 -22 -23 -24 -25 -26 26 27 28 29 -31 56 -33 33 -35 36 38 43 -39 44 41 -42 42 -44 -45 -46 47 -48 48 -50 50 -52 -53 53 54 55 -57 -58 -59 59 -61 -62 -63
leaf_value=-0.046630165930485357 0.0038136596934579478 0.056767499538247439 -0.19144223414348929 -0.20618293033011501 0.0012652756233160539 0.034875083642407816 -0.088068035764224617 0.031736224394967656 1.087654442351256 0.096932571301741211 -0.038387714296467645 0.012193829653127371 -0.13991123249784845 -0.16476689852216897 -0.67050559246153751 -0.14133979533817745 -0.53471950356933207 -0.48595941130888654 0.0020506415982592513 0.38456619825399568 -0.74569169084861642 -0.308188921245373 0.16118809013980975 -0.040292155511829408 0.47624931286853284 -0.17073206691454879 0.14495177033928966 0.071002019764153601 0.44741124417294159 0.016233669561623632 -0.60881357671260239 -0.037818809416825958 -0.19685762753735669 -0.0030126577563542919 0.16901497553840195 0.054330127302263775 -0.047711485682619507 0.7538821199634036 0.29256551468683883 0.080126561591253753 0.6887794996075558 -0.051024356772450846 0.010213417476553419 0.14705400841600702 0.048188354803182232 -0.065009210756278205 0.435086957314675 0.2341472819895036 0.0017600904374971791 -0.6176016979802823 0.058253080386822746 -0.16039775989446314 -0.45186191014945509 0.32529719151373399 -0.18550286249030296 0.26610862140009217 -0.13513096393934759 0.22267839233532097 -0.42628918730399823 -0.55188927046686143 0.40666400357041249 -0.22179917554806622
leaf_weight=3778 13222 2875 333 61 3906 1245 65 258 66 299 4482 767 60 360 107 744 109 186 20566 220 167 236 327 20618 155 475 1405 1432 109 7056 197 1003 291 2729 172 1351 590 121 396 959 65 1128 1459 5721 1778 1313 380 1231 1251 193 337 431 103 528 253 168 1014 65 65 110 85 1314
leaf_count=3778 13222 2875 333 61 3906 1245 65 258 66 299 4482 767 60 360 107 744 109 186 20566 220 167 236 327 20618 155 475 1405 1432 109 7056 197 1003 291 2729 172 1351 590 121 396 959 65 1128 1459 5721 1778 1313 380 1231 1251 193 337 431 103 528 253 168 1014 65 65 110 85 1314
internal_value=0.000799111 0.0110647 -0.0179116 -0.0330846 -0.0389595 0.0608043 0.107838 0.274449 0.492527 -0.0569801 -0.0859804 -0.149398 -0.197145 -0.235468 -0.318101 -0.258754 -0.134048 -0.210712 0.0190719 0.256049 -0.586889 -0.0862034 -0.00960924 -0.0230595 0.309875 0.0233638 0.0351218 0.0377832 0.0146911 -0.0193277 -0.116439 0.0101035 0.0582814 0.0902599 0.127172 0.0271055 0.141477 0.41229 0.00749616 -0.0220688 0.0839194 -0.0529602 -0.0856896 0.128841 0.0928164 0.0573755 0.147553 0.0295325 0.117065 -0.0345516 -0.176109 -0.30257 0.02148 0.123113 0.178881 -0.00508382 -0.212041 -0.191106 -0.382024 -0.208512 0.0452849 -0.142969
internal_weight=112490 78650 17028 14153 13872 2122 1789 544 286 11750 7844 3362 2595 2296 1264 1037 1032 930 61622 281 227 923 687 33840 220 57844 37278 36803 17324 9639 2583 1112 19479 9624 6895 9855 6604 293 8450 6276 1416 4860 3901 6311 2174 7685 1812 5873 2482 3391 961 624 2430 1117 949 421 1471 168 457 260 150 2442
internal_count=112490 78650 17028 14153 13872 2122 1789 544 286 11750 7844 3362 2595 2296 1264 1037 1032 930 61622 281 227 923 687 33840 220 57844 37278 36803 17324 9639 2583 1112 19479 9624 6895 9855 6604 293 8450 6276 1416 4860 3901 6311 2174 7685 1812 5873 2482 3391 961 624 2430 1117 949 421 1471 168 457 260 150 2442
cat_boundaries=0 1
cat_threshold=9
is_linear=0
shrinkage=0.05


Tree=121
num_leaves=63
num_cat=0
split_feature=84 90 122 74 88 90 93 95 83 97 81 97 73 84 96 84 74 74 83 83 64 87 94 74 91 101 84 97 97 87 90 89 91 115 95 68 100 71 76 83 91 90 90 81 131 58 89 84 101 82 81 96 89 76 88 129 52 58 83 96 90 82
split_gain=9967.23 9141.78 10072.8 8677.96 17401.9 13379.6 16222.6 15417.2 14698 14550 11968.3 13361.1 11748.2 14827.8 18824.1 11882.6 25355.3 10514.4 10128.7 15347 12992.8 12450.3 9502.42 9230.6 13310.7 11442.2 13019.1 14119.8 14942.7 14208.3 13392 12929.4 12673.7 11737.9 10966.8 9436.95 14900.3 19247.8 20472.1 18595.9 16280.2 16978.9 15814.4 11198.8 10338.8 9199.22 17178.4 18813.3 18018.3 17637.3 13769.7 11984.2 11340.7 10880.6 13370.6 10864 10348.8 8997.32 8995.23 9480.01 16045.5 10425
threshold=1.878062294331329 -0.86417855119313358 0.31621419283699781 0.089324032954472013 -0.024041352231288445 -0.63094639824795695 0.37537038315582955 0.13522425803428287 0.51204779501042508 0.64956189681504739 0.295326230865955 0.75006160521398291 0.43952130022918134 0.21989068834264544 -0.12793535718435897 -0.029189415100281446 0.17022701384618819 0.24653294053467928 0.94226465834051976 0.70757895932105697 1.6910247917611732 0.39944587143512827 -0.061522183800015749 0.019588048057329555 0.22231118176267697 0.78870558313531214 -0.1497476179492829 0.79331940897643261 0.60132524513596775 0.19470877508861176 -0.24520698798992271 0.087261385550513965 0.18311868668456724 -0.00038614885362269993 0.51010688447593355 -0.46026039183200379 -0.054456311872726842 0.76634078506819225 -0.10337034090824489 1.2330688072740923 0.18455207617663602 -0.70584907876367498 -0.57666492437181449 0.23731838305510383 -0.011956311492081349 0.39870832214959123 0.053114066248798962 0.019482469576221153 0.75286063810601866 -0.13610508840165636 0.27427788664836161 0.41545651201642164 0.08142010488240202 -0.32562844018643006 -0.048385673816721743 -0.00067458700937084984 -0.39076860664674568 0.21841498369564807 0.17064653297846441 0.48535442642874793 -0.72200126412873489 0.011387975777759752
decision_type=2 2 2 2 2 2 2 10 10 2 2 2 2 2 2 2 2 2 10 10 2 2 10 2 2 2 2 2 2 2 2 2 2 2 10 2 2 2 2 10 2 2 2 2 2 2 2 2 2 10 2 2 2 2 2 10 2 2 10 2 2 10
left_child=1 -1 3 23 5 6 7 -5 10 45 11 12 13 14 -9 -14 -17 18 19 -6 21 -20 -16 24 25 26 -3 28 -28 -30 34 35 33 57 -31 -27 37 38 -37 40 41 -38 -43 44 -44 -7 47 50 53 51 -47 55 -53 -49 -55 -48 -57 -33 -25 60 -60 -62
right_child=-2 2 -4 4 17 9 -8 8 -10 -11 -12 -13 15 -15 22 16 -18 -19 20 -21 -22 -23 -24 58 -26 31 27 -29 29 30 -32 32 -34 -35 -36 36 39 -39 -40 -41 -42 42 43 -45 -46 46 49 48 -50 -51 -52 52 -54 54 -56 56 -58 -59 59 -61 61 -63
leaf_value=0.039798837719112246 -0.13762477759093597 0.023856672624070152 -0.051296747295710959 0.040645147892773355 0.079412343813690001 0.0080812879545174715 0.1762426218161397 0.074984366591967708 0.49785999789360968 0.10149369969479394 0.17657966025045699 -0.8784664930499132 -0.053269521011149179 0.13064869808596233 -1.0097744876030581 -1.2241617082156868 -0.36367322214619691 -0.011324057899702903 0.28646102760876108 -0.27425421348639895 0.7712572034613222 -0.47094313701758017 -0.2787333774069945 0.11648802469973518 -0.040211599570961418 4.2921553242204867e-05 0.027083068319613157 -0.24722028082313902 -0.013549223783325523 0.56618638398491272 0.14938061189936189 0.19133744934613667 -0.014550002180148812 0.44051467557912427 0.0020937523279007122 -0.20151480912899658 -1.0850883371771916 -0.25524958097409972 0.3656969600533595 0.69878742098808289 -0.078864234505142849 0.18433797423750528 -0.082253183462357118 -0.16084242417645084 -0.61381025385681331 0.20043100814244982 -0.073021827097965702 -1.1306731718915459 -0.06190281463473031 0.35690010264515881 -0.56311457319519465 0.34333512853048875 -0.060043225096932301 0.13764497923754879 -0.71282697505053672 -0.77250241739118208 -0.21103200042753351 -0.48123756746451063 -0.61892668419571606 -0.01536614808280592 -0.16124133749057512 -0.012633020840000012
leaf_weight=12897 1326 15717 10482 623 11759 7313 395 142 62 2981 130 100 169 300 102 106 437 4282 329 314 112 64 80 717 14915 5126 1052 216 342 622 491 177 854 411 100 226 67 341 532 61 1757 163 117 448 424 242 1130 97 177 267 77 280 458 61 186 116 279 68 152 4621 2807 2036
leaf_count=12897 1326 15717 10482 623 11759 7313 395 142 62 2981 130 100 169 300 102 106 437 4282 329 314 112 64 80 717 14915 5126 1052 216 342 622 491 177 854 411 100 226 67 341 532 61 1757 163 117 448 424 242 1130 97 177 267 77 280 458 61 186 116 279 68 152 4621 2807 2036
internal_value=-0.00140391 0.000223004 -0.00497437 0.000560764 0.0207287 -0.0160922 -0.11898 -0.17084 -0.251746 0.00383903 -0.281723 -0.323306 -0.281127 -0.122458 -0.356497 -0.419818 -0.533592 0.0563473 0.0793841 0.0701921 0.298563 0.162236 -0.691717 -0.0117006 -0.00175944 0.0178071 0.0416183 0.140462 0.172666 0.271075 0.351269 -0.023175 0.112445 0.277541 0.488168 -0.0452952 -0.101472 0.0562521 0.196538 -0.158547 -0.176349 -0.316679 -0.271086 -0.346256 -0.499216 -0.0234176 -0.0917533 -0.287524 -0.472393 -0.0266665 0.0149431 -0.0720592 0.0932576 -0.682813 -0.503083 -0.15207 -0.377454 0.00346615 -0.0542461 -0.0669873 -0.114731 -0.0987818
internal_weight=112435 111109 98212 87730 33170 16310 2646 2251 1628 13664 1566 1436 1336 624 324 712 543 16860 12578 12073 505 393 182 54560 44227 29312 18540 2823 2607 1555 1213 10772 1510 656 722 9262 4136 1099 758 3037 2976 1219 1152 989 541 10683 3370 840 521 2530 319 2263 738 344 247 1525 395 245 10333 9616 4995 4843
internal_count=112435 111109 98212 87730 33170 16310 2646 2251 1628 13664 1566 1436 1336 624 324 712 543 16860 12578 12073 505 393 182 54560 44227 29312 18540 2823 2607 1555 1213 10772 1510 656 722 9262 4136 1099 758 3037 2976 1219 1152 989 541 10683 3370 840 521 2530 319 2263 738 344 247 1525 395 245 10333 9616 4995 4843
is_linear=0
shrinkage=0.05


Tree=122
num_leaves=63
num_cat=1
split_feature=135 111 136 68 70 127 121 124 80 80 85 47 77 9 41 110 70 69 80 82 51 58 79 97 87 23 115 44 74 80 98 125 71 92 87 127 10 122 111 25 74 67 54 79 115 92 70 80 93 73 12 107 23 135 69 98 93 129 70 129 69 123
split_gain=9863.49 8300.16 6758.89 9263.73 19095.5 10561.5 8834.9 8446.79 8842.09 9663.88 8620.36 7641.19 6636.1 9323.68 8877.16 6109.03 6103.9 5846.82 7019.65 5794.64 8421.35 8053.3 6316.55 7368.39 6976.25 8214.82 6729.21 5609.59 5525.34 5356.99 5326.43 9595.84 5525.85 5313.68 6127.15 5498.06 5717.32 6651.47 5292.35 5558.65 5973.69 5720.57 6517.88 5587.73 5498.41 5345.47 5194.04 7211.57 5585.43 5351.62 5125.62 6285.96 5101.05 5021.3 9330.51 13848.5 6274.47 5778.06 5777.47 5303.5 5060.86 4971.48
threshold=-0.015098038293185999 0.0015221182368401001 0 -0.46026039183200379 0.42853464626172899 -0.011332332772699948 0.006300860174354001 -0.079156325770058225 -0.36665787843421083 -0.25539275094818986 0.38514796415965935 0.30046372491161027 0.12769080511148809 525.97500000000014 0.10393509502156746 -0.37284248861381708 1.3902109660753281 0.57192372515698653 0.85082106655453427 2.085658173345581 0.60089864460499209 -0.46261476842223614 0.027475744826061407 0.60398701108676212 0.14126998475361857 0.56134705769185678 0.0029081497844278504 0.20981592780426792 -0.012564941016517348 0.57644911304700497 0.21194064157280892 -0.008914729865038799 0.73424496758710889 -0.054062595992402047 0.40734560992758023 1.0000000180025095e-35 2387.8750000000005 -0.023401326805126448 -0.018541136971244498 -0.1158408501027156 0.25019325609459081 0.32064486697894473 -0.045319004546473043 0.017907747091657853 0.063562057094811761 1.0971560371863354 0.38389146672179109 -0.11057293955546534 0.27120715185280003 0.4304996193671306 10.902550000000002 0.011635815212554251 0.98371676018432919 0.028562393787131903 0.79003093059018337 1.4242607639856402 0.53374862242164733 0.0066318113193446007 0.058764271384573706 -6.263965291982096e-05 0.63108768997669029 0.022586728059888751
decision_type=2 2 1 2 2 2 2 2 2 2 2 2 2 2 2 2 2 2 2 8 2 2 2 2 2 2 2 2 2 2 2 2 2 2 2 2 2 2 2 2 2 2 2 2 2 2 2 2 2 2 2 2 2 2 2 2 2 10 2 10 2 2
left_child=1 2 15 29 5 -5 7 27 -9 10 -10 -8 13 -2 16 -1 38 18 -11 21 -21 22 23 -16 -24 26 -26 30 -28 -4 -7 -32 -33 34 -3 -35 37 -37 -14 50 41 42 -41 -43 53 46 47 48 -42 -49 -40 -52 -48 -45 56 57 59 58 -56 -55 -61 -36
right_child=12 33 3 4 -6 6 11 8 9 17 -12 -13 14 -15 19 -17 -18 -19 -20 20 -22 -23 24 -25 25 -27 28 -29 -30 -31 31 32 -34 35 61 36 -38 -39 39 40 45 43 -44 44 -46 -47 52 49 -50 -51 51 -53 -54 54 55 -57 -58 -59 -60 60 -62 -63
leaf_value=-0.061782838308067189 0.049292801927223469 -0.0043800055690745325 0.017307419280411237 0.011936073023738641 -0.012157907211424216 -0.22131315589224815 -0.078424111695059306 -0.023282154059206521 -0.051650735176461821 -0.46322612412487524 -0.70573749735113789 0.40702929440513258 -0.032551657353249941 0.50362175813187726 -0.067215710820565974 0.012227674192542948 -0.099895322047302712 -0.11931850597723531 0.098738064175205587 0.028456647293363103 0.58823812177138668 -0.018355019106935652 0.035925450994357191 0.59191957827268249 -0.021506245465114201 -0.060194652581875778 -0.25898912592169582 -0.69558281844785053 -0.66131441496633081 -0.42776729266928593 -0.8978620143084044 -0.10647733345088597 -0.62787642190111925 0.11208087020930489 -0.11759878426459594 -0.21417644714315145 0.046371750367611403 0.038567866152606281 0.0079733405924242093 -0.044663313656009479 -0.23534856955074288 0.38716123772687033 0.19140375107562399 0.026535422720071408 -0.13907931377839075 0.087519540135828758 -0.3821140441234584 0.012583658730927573 0.26599319595604753 -0.44459558922856579 -0.011873226517927833 -0.367828173944589 -0.052508241212634366 0.10064021021536539 0.066382701989462875 0.98525977843711454 0.18946402062522821 -0.14045863161221719 0.45600639680263666 0.068826851627100047 -0.11627714837555375 -0.55961553321847324
leaf_weight=4145 6304 6051 3350 853 4645 1013 427 892 72 278 168 99 5180 114 115 8513 1171 1237 69 1676 69 7480 539 66 289 1140 1117 85 92 68 88 151 76 2024 556 528 2964 512 25140 382 72 113 1241 14678 437 441 273 130 233 125 319 202 206 1261 174 61 732 103 210 638 874 71
leaf_count=4145 6304 6051 3350 853 4645 1013 427 892 72 278 168 99 5180 114 115 8513 1171 1237 69 1676 69 7480 539 66 289 1140 1117 85 92 68 88 151 76 2024 556 528 2964 512 25140 382 72 113 1241 14678 437 441 273 130 233 125 319 202 206 1261 174 61 732 103 210 638 874 71
internal_value=-0.00191565 -0.0222577 -0.0383251 -0.06282 -0.0868331 -0.149794 -0.179427 -0.204007 -0.152328 -0.215389 -0.51054 0.0135435 0.00887541 0.05744 0.0042211 -0.0120014 0.012976 -0.170375 -0.351518 -0.0336241 0.0509155 -0.047239 -0.111554 0.175064 -0.127933 -0.161414 -0.238351 -0.303163 -0.290126 0.00833028 -0.277541 -0.457091 -0.283031 0.0109105 -0.0198087 0.0449398 0.0109808 -0.089831 0.0154611 0.0206382 0.0388471 0.0457205 0.135848 0.0381272 0.0360495 -0.0581995 -0.120074 -0.0165929 0.147261 -0.212385 0.00475369 -0.150323 -0.240768 0.0401425 0.089402 0.28108 0.0593619 0.191038 0.280089 0.0249624 -0.0381772 -0.168463
internal_weight=112332 38935 26229 13571 10153 5508 4655 4129 2716 1824 240 526 73397 6418 66979 12658 54396 1584 347 12583 1745 10838 3358 181 3177 2638 1498 1413 1209 3418 1328 315 227 12706 6678 6028 4004 1040 53225 48045 22384 20904 1623 19281 19168 1480 1039 560 305 255 25661 521 479 18731 4053 548 3505 487 384 2773 1512 627
internal_count=112332 38935 26229 13571 10153 5508 4655 4129 2716 1824 240 526 73397 6418 66979 12658 54396 1584 347 12583 1745 10838 3358 181 3177 2638 1498 1413 1209 3418 1328 315 227 12706 6678 6028 4004 1040 53225 48045 22384 20904 1623 19281 19168 1480 1039 560 305 255 25661 521 479 18731 4053 548 3505 487 384 2773 1512 627
cat_boundaries=0 1
cat_threshold=9
is_linear=0
shrinkage=0.05


Tree=123
num_leaves=63
num_cat=1
split_feature=103 133 72 72 109 80 88 121 127 83 80 119 42 77 45 90 83 93 72 75 111 38 83 66 123 40 71 84 89 74 111 36 73 40 75 136 120 74 76 98 77 121 68 79 72 84 74 100 119 83 75 74 79 76 90 76 111 84 123 73 90 54
split_gain=9314.48 8924.59 7901.9 9633.16 11640.1 16231 13564.9 11190 9707.03 10310.7 10997.6 9762.19 8145.87 7828.38 9267.47 16548.9 9790.63 8858.19 8049.1 7839.8 7459.05 8252.67 7452.39 7696.29 7505.94 7319.29 7236.55 7205.15 7296.58 8409.65 7185.32 15180.1 13809.1 34114.1 36647.9 11037 7479.2 8787.78 9068.76 10844.2 7099.81 7082.49 6915.94 6870.37 7072.3 6929.88 7339.63 12274 10937.2 7458.27 6865.72 9526.11 7450.4 7445.24 7938.86 6929.84 6422.19 7182.32 6385.95 6378.7 6512.93 7701.71
threshold=-0.022192599775997145 -0.016917038977631745 -0.49474416477644728 0.70345190625136977 -0.0015634627258988498 -0.79388821327567283 -0.10186054395046783 0.012992178220134402 -0.0071006324035129487 0.4638739133802261 0.4285813535261056 -0.0073415435315994492 -0.5036965390640824 0.2985953464054571 0.055107187669009808 -0.22820667977472478 0.3005231608025889 0.42361654544776889 0.052223254600903254 0.057962574992193205 -0.0037745043153620994 0.43222365225414844 1.7386939926883438 0.66249972887940056 0.024881822353065856 -0.077007201595193739 0.7062853135833328 -0.039394963268974244 0.041637327960796007 0.021488609063550355 0.013832005669403402 0.22273077554385168 0.62008156878874732 -0.059682772373099643 0.078018422160986214 0 0.061438006098920257 0.007225371403999801 0.13327529927526319 0.70890918527372182 0.20779354322946667 -0.025976373472376395 0.79926172193239486 0.038402634342621957 0.23559107204662608 0.34695692221851965 0.081129666766626765 -0.59067005914394854 0.022743828510905353 0.3757635890346176 0.10172033051921976 0.16360258417576293 0.056648699662537508 -0.051320662376736742 -0.39092848947761766 -0.13286510158130108 0.015469232237158402 -0.12232547792937389 0.0012189009376706002 0.55962504440793082 0.026900509932779954 0.050819383005496453
decision_type=2 2 2 2 2 2 2 2 2 8 2 2 2 2 2 2 10 2 2 2 2 2 8 2 2 2 2 2 2 2 2 2 2 2 2 1 2 2 2 2 2 2 2 2 2 2 2 2 2 8 2 2 2 2 2 2 2 2 2 2 2 2
left_child=27 2 22 4 6 -6 -4 8 12 10 11 -10 -7 14 15 50 20 -17 -19 -15 21 -16 -2 24 -24 -9 30 -1 29 -29 -3 35 -33 -34 -35 -32 -37 -38 -39 -40 -18 -11 -5 -30 -45 -46 -47 -48 49 -49 51 52 53 55 -55 -13 -43 -58 -53 60 -31 -62
right_child=1 26 3 42 5 7 -8 25 9 41 -12 13 -14 19 16 17 40 18 -20 -21 -22 -23 23 -25 -26 -27 -28 28 43 59 31 32 33 34 -36 36 37 38 39 -41 -42 56 -44 44 45 46 47 48 -50 -51 -52 58 -54 54 -56 -57 57 -59 -60 -61 61 -63
leaf_value=0.015019294487538075 0.031553232284814436 0.025191598603717315 -0.17772489011735823 0.089338800522356931 0.072822388235346161 -0.41517390568377616 0.088947175892066299 -0.21963801226019861 -0.034953293328114955 -0.23391596557727704 -0.001522703132440531 0.15425965013259119 0.015693378972273138 -0.48789320461452007 -0.63147783156285309 -0.2060448867727801 -0.12282093022878354 -0.69626610037235048 -0.22549644569898475 -0.026529701862227979 -0.17327922259578338 -0.18109283392157782 -0.15589455346878922 -0.0010203038051574775 -0.65412805136241436 0.17724527062220111 -0.021584024676442742 0.55741829621069361 -0.19998341570587985 0.028201779438970016 0.038167727961801436 0.021072006899760243 -0.11557618571911009 0.20203485123506965 1.8708871257354003 -0.026431784252685438 -0.13325172425009621 -0.037042921226681534 -0.96840165884871243 -0.33456239278246636 -0.70311194141514788 -0.060876850704275232 -0.023125945428420672 0.16975357510803601 -0.15565817511120045 -0.078695219771815497 -0.0012624140457671248 0.39346342141472218 0.80454671464632366 -0.049606752784355834 0.44883958125753065 -0.58903075513445724 -0.36806443988696325 0.31155979198888994 -0.41491829967591914 0.82577347281196767 -0.089623562521659414 0.63952379871002396 -0.034597448133764433 -0.27595332234420561 0.72527896808642967 0.025149156709129997
leaf_weight=10735 7811 38024 621 1714 1367 117 2043 149 588 593 644 100 1558 109 261 484 64 251 144 566 515 168 480 920 89 515 17982 164 228 193 1338 3763 159 72 60 1156 1896 141 94 240 311 2500 6735 1400 424 553 636 232 97 160 69 117 76 70 79 62 64 70 93 76 101 64
leaf_count=10735 7811 38024 621 1714 1367 117 2043 149 588 593 644 100 1558 109 261 484 64 251 144 566 515 168 480 920 89 515 17982 164 228 193 1338 3763 159 72 60 1156 1896 141 94 240 311 2500 6735 1400 424 553 636 232 97 160 69 117 76 70 79 62 64 70 93 76 101 64
internal_value=0.000399822 -0.00527852 -0.0268368 -0.0426699 -0.0675817 -0.0890512 0.0267404 -0.110463 -0.124093 -0.147013 -0.1937 -0.22368 -0.0146328 -0.255018 -0.291119 -0.207786 -0.388499 -0.3501 -0.525647 -0.101643 -0.302078 -0.455935 0.0120092 -0.0904675 -0.234836 0.0879893 0.00538615 0.0369799 0.0914341 0.253439 0.0157176 -0.0246709 0.0467806 0.378015 0.968967 -0.0842087 -0.13037 -0.181563 -0.373714 -0.515307 -0.604666 -0.0779487 -0.000302997 0.0654003 0.0827304 0.024717 0.0703601 0.143634 0.331706 0.212952 -0.0197133 -0.0745276 0.0726553 0.18119 -0.0738181 0.414748 -0.0427599 0.29319 -0.344824 0.137554 0.225862 0.455501
internal_weight=112105 97042 32117 22817 14368 11704 2664 10337 9673 7998 4771 4127 1675 3539 2864 1545 1319 879 395 675 944 429 9300 1489 569 664 64925 15063 4328 598 46943 8919 4054 291 132 4865 3527 2371 475 334 375 3227 8449 3730 3502 2102 1678 1125 489 392 666 597 387 311 149 162 2634 134 210 434 358 165
internal_count=112105 97042 32117 22817 14368 11704 2664 10337 9673 7998 4771 4127 1675 3539 2864 1545 1319 879 395 675 944 429 9300 1489 569 664 64925 15063 4328 598 46943 8919 4054 291 132 4865 3527 2371 475 334 375 3227 8449 3730 3502 2102 1678 1125 489 392 666 597 387 311 149 162 2634 134 210 434 358 165
cat_boundaries=0 1
cat_threshold=3
is_linear=0
shrinkage=0.05


Tree=124
num_leaves=63
num_cat=0
split_feature=103 12 112 52 125 113 112 12 113 38 111 80 34 124 77 129 96 7 122 96 105 62 111 76 76 68 102 66 96 25 111 105 96 129 93 91 121 123 62 121 24 121 74 92 74 95 92 71 38 47 39 44 130 128 97 40 77 129 44 131 38 116
split_gain=8823.45 7880.78 10178.8 12409.4 9769.02 10528.1 9036.35 7984.45 9231.49 11550.2 14745.5 9044.1 8437.04 8831.77 8572.89 8025.67 7704.03 7621.41 6806.22 7790.78 10721.2 6800.33 9988.78 7573.54 6550.33 6509.52 6481.88 6321.12 7742.13 11764.3 6319.65 7461.77 6260.11 6078.91 6070.83 6033.07 5919.47 5750.32 6016.64 5635.35 6226.03 6980.56 17110.6 8427.48 7779.69 5557.25 5472.28 5440.07 5316.55 5283.73 5273.03 5016.3 6196.44 5803.36 5550.25 4952.98 4908.28 4790.66 4767.32 4767.09 4746.84 4739.69
threshold=-0.022770679545852445 9.3589500000000019 -0.0030789136609459 0.54804979751202776 0.0012366925144811503 0.0016620100148682503 0.018387485412835251 9.2787500000000023 -0.0068639818718189997 0.52131109966543454 -0.023595576975243945 -0.81983884703477494 0.22625847982164599 0.044731872443721003 0.14464054007080604 -0.0015696058222154999 0.27446271973421132 1.3050000000000004 0.014866758607420953 0.68592916583509056 -0.0067898592025163991 -0.11507216278457442 0.0012614448199643501 0.18166167074403342 0.94606296037741811 -0.040862739687939541 0.73616457015012926 0.41714828224493294 -0.56536860371681696 -0.073739114758678087 -0.0040434423660948996 0.035607906303668703 0.62036698359528053 0.023822003243878953 0.38484804270065465 0.21729384216636252 0.0084004637407687505 -0.017250002891780997 -0.0068789545074834499 -0.030198551020894044 -0.35386995969122442 0.013656780752309352 0.042063266033959552 -0.68371484234310753 -0.068732253219143044 0.52419807763104165 -0.80609931985802386 0.70770746585283428 -0.29694871429454056 0.40873614742597475 0.62392032448169898 0.0056651701502277007 0.62775861352477713 -0.43791813812770713 0.43055699306184025 0.0092518258974191008 0.50479435045154053 0.0064442959407452005 0.14644628105929688 0.014464781321460252 -0.26164107193408243 -1.0000000180025095e-35
decision_type=2 2 2 2 2 2 2 2 2 2 2 2 2 2 2 8 2 10 2 2 2 2 2 2 2 2 2 2 2 2 2 2 2 10 2 2 2 2 2 2 10 2 2 2 2 10 2 2 2 2 2 2 2 8 2 2 2 10 2 2 2 10
left_child=48 6 4 -4 5 18 21 8 -8 10 24 16 14 15 17 55 56 25 19 20 50 -2 23 26 -10 -13 -23 28 -22 34 -17 -32 -28 -5 -30 -9 45 -16 39 -39 47 57 43 -43 -45 -31 -44 58 -1 -50 61 52 53 -15 -53 -14 -12 -42 -41 -36 -29 -3
right_child=1 2 3 33 -6 -7 7 35 9 -11 11 12 13 51 37 30 -18 -19 -20 -21 27 22 -24 -25 -26 -27 32 60 29 36 31 -33 -34 -35 59 -37 -38 38 -40 40 41 42 46 44 -46 -47 -48 -49 49 -51 -52 54 -54 -55 -56 -57 -58 -59 -60 -61 -62 -63
leaf_value=0.0086638509493163485 0.0018253411072545686 0.018654713275969226 0.0083924541271107444 -0.24273871846044093 -0.012071857481325868 0.043954439686980706 0.10004232880070181 0.077810189367495272 -0.27960795314104564 0.0084535838017516796 0.092947740736998019 0.058296988942490635 0.33949614034311193 0.53457549651966818 0.22413469804398256 -0.44405523880539033 -0.32833431804132079 0.58245230475440624 0.038836057039733106 -0.058758323848519513 0.064110360729197666 0.031915349517025654 0.1055612286227252 0.18852667597330985 0.11612013817086059 -0.20191717576925405 -0.1249669337631792 -0.16766715919502595 -0.28462415130461677 -0.35754751725952644 -0.11210499757034101 -0.68987374550815739 0.036337402833123075 0.26710811329830902 -0.5103383329330069 -0.017197556431844525 0.052850833714456494 -0.41087433007178886 -0.0038681152587703212 0.0016461388609712913 -0.061639633080634665 -0.0054527203159845279 -0.32017587623917143 -0.43861436279415078 0.10800509362071309 -0.096142064265467717 -0.91396671702907906 -0.1486453602846908 0.062346302750591581 0.35799788092293089 0.18513608967105666 0.30545012671762795 -0.16612428905686638 0.067229700490009411 -0.15015013302596439 -0.12205712758279595 -0.34582911806576178 -0.23044481774934469 0.38597350340513958 -0.95619837282335052 0.3580592885002738 -0.25321154719635541
leaf_weight=8291 23191 300 11669 696 3692 839 1384 3592 946 11294 1884 2188 73 78 176 440 123 63 433 1129 131 6142 4678 594 117 269 1565 144 117 921 446 63 976 63 131 3123 132 131 3050 2047 3207 496 64 295 83 262 104 647 6125 154 171 70 243 420 1164 270 65 483 83 118 60 343
leaf_count=8291 23191 300 11669 696 3692 839 1384 3592 946 11294 1884 2188 73 78 176 440 123 63 433 1129 131 6142 4678 594 117 269 1565 144 117 921 446 63 976 63 131 3123 132 131 3050 2047 3207 496 64 295 83 262 104 647 6125 154 171 70 243 420 1164 270 65 483 83 118 60 343
internal_value=-0.00134494 -0.0067592 -0.033611 -0.00435707 -0.074351 -0.118296 0.000752423 -0.0159986 -0.0262637 -0.0318908 -0.0549166 -0.0446256 -0.0568828 -0.128912 -0.0392951 -0.230507 0.053868 0.0437808 -0.149294 -0.169875 -0.214167 0.0184211 0.0459984 0.0159552 -0.235984 0.0297374 0.00412937 -0.275984 -0.305676 -0.334514 -0.305359 -0.184829 -0.0630199 -0.200124 -0.585117 0.0336282 -0.264373 -0.058564 -0.0632389 -0.0869369 -0.0812317 -0.116104 -0.230341 -0.141106 -0.318621 -0.299784 -0.690994 -0.0217887 0.0349505 0.0696534 -0.0609157 -0.062367 0.0404324 0.141353 -0.124079 -0.0231243 0.0781445 -0.0837917 0.0167964 -0.724609 -0.0120494 -0.126537
internal_weight=112248 97678 21351 12428 8923 5231 76327 39181 32466 31082 19788 18725 16653 3267 13386 1292 2072 2520 4392 3959 2830 37146 13955 9277 1063 2457 8683 2016 1812 1681 949 509 2541 759 366 6715 1315 10866 10690 7640 7509 4732 1042 874 378 1183 168 2777 14570 6279 814 1975 741 498 1234 343 1949 3690 2130 249 204 643
internal_count=112248 97678 21351 12428 8923 5231 76327 39181 32466 31082 19788 18725 16653 3267 13386 1292 2072 2520 4392 3959 2830 37146 13955 9277 1063 2457 8683 2016 1812 1681 949 509 2541 759 366 6715 1315 10866 10690 7640 7509 4732 1042 874 378 1183 168 2777 14570 6279 814 1975 741 498 1234 343 1949 3690 2130 249 204 643
is_linear=0
shrinkage=0.05


Tree=125
num_leaves=63
num_cat=1
split_feature=92 90 80 98 90 136 119 89 71 92 76 70 113 68 79 38 105 94 93 77 68 113 50 58 119 123 100 74 87 123 73 93 101 61 77 92 87 93 71 77 73 68 65 95 97 80 76 98 69 133 70 90 80 78 99 42 95 95 115 87 80 89
split_gain=8715.38 7556.88 9277.76 13677.3 16106.4 10771.4 12611.5 10997.3 10498.3 10586.9 9613.54 9295.12 8572.54 9897.83 8369.16 11427.2 8177.94 7992.09 9613.76 8221.41 7826.03 7758.64 8615.1 16124.2 15995.3 12491 11427.2 19883.1 12827.4 17898.9 12577.8 8634.23 9418.12 8621.88 8323.58 7979.1 8375.57 7942.54 7869.67 11283.4 9511.1 8376.02 10782.6 11386.9 9928 9765.57 8378.62 7972.01 7877.19 8284.68 7767.75 7675.91 9688.97 7636.97 8225.17 7787.41 7525 10825.5 10601.6 7489.98 7466.37 16486.5
threshold=1.6735774859547405 -0.86417855119313358 -0.86510360445847223 -0.094632780666160196 -1.0435636029129207 0 0.017536180426361705 0.13990722566732572 0.53520723428457684 0.41002101028803351 0.020889364561946105 0.363540454612029 0.0024723518778431504 0.44619358863133257 0.10340934428867217 0.50756476879549017 -0.028724461825613796 -0.026261733643890797 0.56740512807697951 0.43724439866151293 0.8740244262169643 -0.005714018078500499 0.56083897391042004 0.56690299803645983 -0.013232909701007598 0.014905951499548951 -0.623660734191546 0.18594296094736232 0.20580115125365164 -0.0011500359866080999 0.57469021089038763 0.42164702338578702 0.68136043326245355 1.0188254502866307 0.25733614903583196 0.69782882682636671 0.1890067592683343 0.31147161343415486 0.73089379620378103 0.21871372691182034 0.59742532969744155 -0.77023714351468808 0.68383115836719577 0.23195744708203189 0.80691269207905114 -0.18287971689937474 -0.23222100828058767 0.10024812922738216 0.96325320525975766 -0.0039681440938688995 -0.55123054245365577 -0.55659767567911456 -0.63546459730670379 0.020108568566438653 0.73289433514124069 -0.18001977309130621 0.5894025423933128 0.49957570926690653 0.024496463734987952 0.24971263287757509 -0.5198968351809744 0.11734285833763357
decision_type=2 2 2 2 2 1 2 2 2 2 2 2 2 2 2 2 2 10 2 2 2 2 2 2 2 2 2 2 2 2 2 2 2 10 2 2 2 2 2 2 2 2 2 8 2 2 2 2 2 2 2 2 2 2 2 2 10 10 2 2 2 2
left_child=1 2 3 5 -5 11 7 -7 9 -4 -6 -1 13 -13 -8 -16 -3 19 -19 -9 -11 -18 23 25 -25 33 -26 28 29 -28 31 32 -29 38 -30 36 -34 -38 48 40 59 -41 43 44 46 -45 -43 51 56 50 -50 52 -44 54 -31 -56 57 -23 -59 -40 61 -24
right_child=-2 16 8 4 10 6 14 17 -10 20 -12 12 -14 -15 15 -17 21 18 -20 -21 -22 22 60 24 26 -27 27 30 34 53 -32 -33 35 -35 -36 -37 37 -39 39 41 -42 42 47 45 -46 -47 -48 -49 49 -51 -52 -53 -54 -55 55 -57 -58 58 -60 -61 -62 -63
leaf_value=0.048012586110191699 -0.12809152132288834 0.041656564693951979 -0.075887959817707351 0.26489271323403552 -0.12265146327955234 -0.026177882399086073 0.45920698519118813 -0.019587750184655306 0.063928841619990948 0.49065840185287118 0.13950181647943444 -0.83369100185809664 0.052914147434129179 -0.17321680466480116 -0.35813446572162855 0.039452744272883644 0.051121206735520855 -0.81840171644430681 -0.087778708906400771 -0.51247328091902955 0.018071760947350413 0.0036648339745956209 0.37047183968910202 0.17486577954841778 -0.34456429939812577 -0.10263826338099297 -0.89286543949938457 -0.02148826323903099 0.058593298800231279 -0.1648519974209981 -0.49735591857216693 -0.45658339947288812 0.41736522392495301 -0.42921730063178326 -0.22873481166535164 0.52449114630930127 -0.32422905050925094 0.22471639957410969 0.066370624316354793 0.020339854514611209 -0.34462289124907508 -0.47816247010425705 0.054612838222753639 0.16515825471181439 -0.49438432735275939 -0.16583616431054565 -0.14104086700429211 -0.081303854628552788 -0.12853105961055053 0.050823826151131429 -0.90377422970208066 0.12672401431126878 -0.54292653613495379 0.19157258035280766 -0.94777391306285197 -0.20672415732856719 -0.38243542675822972 0.38764810163876978 -0.31826887532370168 0.38229606988574938 0.0088008390498054267 -0.00478011374674273
leaf_weight=4287 1314 9146 157 1034 719 321 87 191 2583 416 679 63 406 509 231 817 5223 166 62 151 111 41958 465 447 584 3691 148 1223 382 230 118 85 140 120 738 159 136 126 1351 2357 123 198 188 475 250 418 2540 2598 60 102 70 1109 105 77 86 61 124 319 63 217 19197 787
leaf_count=4287 1314 9146 157 1034 719 321 87 191 2583 416 679 63 406 509 231 817 5223 166 62 151 111 41958 465 447 584 3691 148 1223 382 230 118 85 140 120 738 159 136 126 1351 2357 123 198 188 475 250 418 2540 2598 60 102 70 1109 105 77 86 61 124 319 63 217 19197 787
internal_value=-0.000126109 0.00139008 0.0372235 0.0127252 0.115379 -0.0215272 -0.119143 -0.260414 0.110107 0.284143 0.00468348 0.0162466 -0.122738 -0.247289 -0.00915901 -0.0484412 -0.00336029 -0.392049 -0.620974 -0.238066 0.391342 -0.00799473 -0.0116875 -0.0208179 -0.1095 -0.0136228 -0.139143 -0.106714 -0.231017 -0.416996 0.0010732 0.0327908 0.0563502 -0.00761944 -0.130771 0.225777 0.106621 -0.0603817 -0.00668543 -0.0425877 0.0770333 -0.062351 -0.0870811 -0.146445 -0.193252 0.0102125 -0.165586 -0.029461 0.00334621 -0.286582 -0.549682 0.0665968 -0.160641 -0.260245 -0.352788 -0.643738 0.00493693 0.00608042 0.2707 0.110308 0.0165199 0.134775
internal_weight=112298 110984 12990 9723 2432 7291 2026 891 3267 684 1398 5265 978 572 1135 1048 97994 570 228 342 527 88848 83625 63176 4740 58436 4293 3709 1722 602 1987 1869 1784 54745 1120 561 402 262 54625 11929 1691 10238 7881 3881 2988 893 2738 4000 42696 232 130 1402 293 454 377 147 42464 42340 382 1568 20449 1252
internal_count=112298 110984 12990 9723 2432 7291 2026 891 3267 684 1398 5265 978 572 1135 1048 97994 570 228 342 527 88848 83625 63176 4740 58436 4293 3709 1722 602 1987 1869 1784 54745 1120 561 402 262 54625 11929 1691 10238 7881 3881 2988 893 2738 4000 42696 232 130 1402 293 454 377 147 42464 42340 382 1568 20449 1252
cat_boundaries=0 1
cat_threshold=12
is_linear=0
shrinkage=0.05


Tree=126
num_leaves=63
num_cat=0
split_feature=84 8 121 127 110 75 20 41 77 124 69 72 115 87 89 109 115 46 100 123 26 119 95 93 46 36 110 58 83 127 42 100 60 87 94 87 20 82 20 83 35 68 75 82 42 127 65 89 85 69 82 84 123 101 84 93 68 88 83 73 109 115
split_gain=8045.11 8450.1 8288.94 14477.8 8471.56 7682.95 7431.82 7145.79 8884.27 6457.64 6428.61 7252.16 6641.71 6428.56 6232.24 6105.45 5993.37 5938.67 5844.29 8777.9 5825.52 6809 5701.51 5831.75 5202.41 6965.2 5733.22 6176.95 6745.61 5387.07 5153.81 6182.69 10036.7 8396.91 7274.4 6585.99 16067.4 10414.5 7554.15 12608.8 9244.28 8372.32 8282.35 8054.94 7766.69 9495.26 9631.55 9419.47 8567.04 10024.2 9542.9 7371.33 10613 7397.88 7369.6 7298.66 7088.89 7049.61 7014.7 6971.03 6539.93 7755.02
threshold=1.9452356209253612 47.725000000000001 -0.0049136329538475489 -0.0032316460437671994 -0.020341001781180295 0.053211291232981954 0.47000948515167512 0.10393509502156746 0.12421415951108421 -0.18714442582729432 0.50039233042710818 -1.0185436394157337 -0.0031985024542784996 0.47529645418178751 0.36482445342252351 -0.0019513244598919996 0.0015783301207578503 0.10502365102157271 -0.79013421918617432 0.0066342926933310514 -0.20302692216888771 -0.016812096809500045 0.16195097756457028 0.22556824891120489 -0.68001045686773887 0.48605659514846716 0.19177385219922058 -1.0150079669832905 0.82574986360105829 -0.025236922461445797 -0.25453121721212651 -0.04258099442636009 0.37740357165892091 0.20862538439272646 -0.097875541401116997 0.13275696364358544 0.22745214298016783 0.9549470299490489 0.13225285235813219 0.99920407980296622 0.2595874432373112 -0.48880542122015941 0.078628393359726753 -0.20105035078893102 0.040778629121374407 -0.0077931875140034492 1.4016754288438478 0.11234491649018737 0.34938007488876394 0.63108768997669029 -0.12976593671139403 -0.56055047996318919 0.00066798380315780006 0.65065532604154364 -0.62011466367392731 0.34861020831376205 -0.4672100711978649 -0.046247970738807043 0.20290098363433043 0.52357208736359528 -0.0015195748979026497 0.00097236212683200014
decision_type=2 2 2 2 2 2 2 2 2 2 2 2 2 2 2 2 2 2 2 2 2 2 8 2 2 2 2 2 10 2 2 2 10 2 8 2 2 10 2 10 2 2 2 10 2 2 2 2 2 2 10 2 2 2 2 2 2 2 10 2 2 2
left_child=1 2 3 5 6 -1 10 30 -9 16 -5 -12 20 -3 15 24 -6 -7 -8 -20 21 -13 23 -17 -10 26 -26 -28 29 -29 -4 32 33 -32 -35 37 38 -33 40 54 -37 -42 -41 57 45 -45 47 48 -47 50 -50 53 -53 -46 -40 -38 -54 -43 -52 -59 -36 -62
right_child=-2 13 7 4 9 17 18 8 14 -11 11 12 -14 -15 -16 22 -18 -19 19 -21 -22 -23 -24 -25 25 -27 27 28 -30 -31 31 35 -34 34 60 36 55 -39 39 42 41 43 -44 44 51 46 -48 -49 49 -51 58 52 56 -55 -56 -57 -58 59 -60 -61 61 -63
leaf_value=-0.050656014018474985 -0.15396203545944304 0.070641836667851315 -0.0090875363396838559 0.058014762247313362 -0.16612117107412822 0.034302206532414829 -0.026018363532896799 0.095683465028528425 -0.0044800320710758033 0.0043826906239457881 0.062990784500434535 0.40827823410544434 -0.060895308505845937 -0.047597712042891552 0.087858980260116154 -0.49842008270678068 0.0094451314327701694 0.15297727365104496 -0.15382495614592098 -0.63013467386275712 -0.23613611238620555 -0.11052878243109548 0.0076940867002956263 -0.072980689301454862 -0.093248568215531707 0.021005970150672685 -0.057784009105974969 -0.63171247056031488 -0.82144397715808926 -0.22834596832630646 0.022358295543761557 0.075496417684024542 -0.14123394611473802 0.29833973626067983 0.22941995903070111 0.15081044631685803 -0.14531158575263647 0.69842768708864855 -0.01446917617284107 0.18434852714705119 0.024952628514143111 0.3118540442362428 0.93886548354075505 0.048369565829998247 -0.36849996557546211 0.025962659545557598 -0.78154128237116727 0.087829946821809501 0.058910040388053114 -0.14862409075273389 -0.043745227438816127 0.1049308359765095 -0.42473868532427428 -0.071068802690232705 0.094739063383989616 -0.60334969617426404 -0.028901779836903181 0.11378916471895156 -0.59549192961052488 -0.41058581858700099 -0.060748355727833027 0.12324014107133346
leaf_weight=2219 840 6720 15483 1017 1182 5772 207 1380 1159 9867 899 65 7623 1386 912 83 825 1289 232 166 1169 1530 5250 1987 1318 625 325 93 60 726 3414 2460 551 548 778 958 232 68 2641 84 10232 299 64 665 256 354 61 351 87 933 68 1773 115 1125 3720 139 4548 240 382 85 841 1791
leaf_count=2219 840 6720 15483 1017 1182 5772 207 1380 1159 9867 899 65 7623 1386 912 83 825 1289 232 166 1169 1530 5250 1987 1318 625 325 93 60 726 3414 2460 551 548 778 958 232 68 2641 84 10232 299 64 665 256 354 61 351 87 933 68 1773 115 1125 3720 139 4548 240 382 85 841 1791
internal_value=0.00010346 0.00126621 -0.00259049 -0.0227846 -0.0427319 0.0304828 -0.0707687 0.00734058 -0.0246838 -0.0122502 -0.0623429 -0.0731928 -0.0849844 0.0504213 -0.0379386 -0.0478135 -0.0939839 0.0559852 -0.241725 -0.353568 -0.151375 -0.0891436 -0.0200179 -0.0902718 -0.095049 -0.128392 -0.16541 -0.244261 -0.313064 -0.274864 0.0153941 0.0249029 0.0644366 0.0798259 0.129377 0.0150945 0.00843663 0.092522 0.0126187 0.0600603 -0.00108815 -0.00783993 0.514737 -0.0374228 -0.0475936 -0.117447 -0.166761 -0.149168 -0.194798 -0.247942 -0.419903 -0.0216583 0.000839431 -0.126431 0.0494022 -0.318082 -0.038753 0.13707 -0.512399 -0.0241938 0.102144 0.0644498
internal_weight=112272 111432 103326 34062 24782 9280 12908 69264 13918 11874 12303 11286 10387 8106 12538 11626 2007 7061 605 398 2764 1595 7320 2070 4306 3147 2522 1204 879 819 55346 39863 7923 7372 3958 31940 29412 2528 29041 6509 22532 21574 148 11342 10718 2901 2236 2175 1824 1470 537 7817 6436 1381 6361 371 4663 624 450 325 3410 2632
internal_count=112272 111432 103326 34062 24782 9280 12908 69264 13918 11874 12303 11286 10387 8106 12538 11626 2007 7061 605 398 2764 1595 7320 2070 4306 3147 2522 1204 879 819 55346 39863 7923 7372 3958 31940 29412 2528 29041 6509 22532 21574 148 11342 10718 2901 2236 2175 1824 1470 537 7817 6436 1381 6361 371 4663 624 450 325 3410 2632
is_linear=0
shrinkage=0.05


Tree=127
num_leaves=63
num_cat=1
split_feature=104 127 34 50 42 91 121 135 64 35 90 82 27 71 96 65 123 73 135 56 69 74 116 87 127 105 37 73 65 124 55 97 136 36 71 83 65 96 103 82 90 115 39 124 96 50 44 103 12 69 94 74 54 98 124 126 115 95 76 90 96 106
split_gain=7734.42 6970.13 9506.03 6808.86 8873.92 6553.4 7614.27 8226.49 6363.22 6923.14 6429.27 6194.17 5789.37 5734.56 5603.62 5472.03 5428.3 6941.9 11286.9 8082.69 6124.57 5407.1 5288.73 5260.48 5219.2 5070.6 5054.14 4838.1 5213.55 4787.84 4763.99 4722.86 5276.39 4783.06 5810.56 6094.86 5510.86 4647.6 4618.35 4802.67 4395.94 7559.26 4353.07 8130.08 4806.66 5679.45 9363.79 7098.73 6346.06 6287.31 7042.41 6150.55 5996.59 8540.6 5209.98 5018.58 5889.61 6242.48 4559.83 7095.58 8723.59 7479.22
threshold=0.4316915608346325 0.0023281298325516001 -0.76865761541646227 0.66738155224473916 0.066737418670432216 0.21578459878111111 -0.0096310939981723489 0.0025666280309389502 -0.77417038323098841 0.73486059413343552 -0.093165362029774892 -0.14919993252080027 0.00086576345334500007 0.72591596110562706 -0.42656872606687318 0.90171177859849172 0.0010747036593704003 0.64948559603697564 0.043041392301843458 -0.72555754986431042 0.61264249313234609 -1.4137451450191902 -0.0042804263440772991 0.40354355078675136 0.010349231777224502 0.06339872786380206 0.6281002944112436 0.42574629577775897 0.54387543697700824 -0.23620022246008526 0.023952109988123953 0.61425755692667727 0 -0.47915907044689482 0.83985890667524543 0.50082195962376697 0.91826112550129169 0.48535442642874793 0.042318143591726205 -0.12976593671139403 -0.39092848947761766 -0.0068563107344228489 0.97306130121607126 -0.060590939741582445 1.4723886564980917 0.46693770979650978 -0.18671778771336964 -0.06994896076603753 10.935750000000002 0.69340839507968888 -0.082376706476588235 0.18749211410569142 0.69310844699416874 -0.11928072587674084 0.3637719401418969 0.011568027316532453 0.020435735277668201 0.09894871024144207 -0.30428528979312947 -1.0435636029129207 0.23246495417325894 0.058243927970229308
decision_type=2 2 2 2 2 2 2 2 2 2 2 10 2 2 2 2 2 2 2 2 2 2 8 2 2 2 2 2 2 2 2 2 1 2 2 10 2 2 2 10 2 2 2 2 2 2 2 2 2 2 8 2 2 2 2 2 2 8 2 2 2 2
left_child=42 16 -3 4 5 6 11 8 -8 -10 15 -4 30 -9 23 -11 31 19 20 -18 -19 -21 -15 -6 -24 38 -13 -25 -29 -14 -7 32 33 -2 35 36 -35 -34 40 -40 41 -16 44 -44 45 48 -47 -48 52 50 51 -49 58 -54 -53 56 57 -52 -1 60 61 -60
right_child=1 2 3 -5 14 12 7 13 9 10 -12 26 29 22 25 -17 17 18 -20 21 -22 -23 24 27 -26 -27 -28 28 -30 -31 -32 -33 37 34 -36 -37 -38 -39 39 -41 -42 -43 43 -45 -46 46 47 49 -50 -51 55 54 53 -55 -56 -57 -58 -59 59 -61 -62 -63
leaf_value=-0.023523039777756823 0.069635033001048632 0.059379934864126085 -0.16002160104671959 -0.013126853106773227 -0.040101869406096252 0.27471411386142747 -0.44822451356569487 0.045647047195046316 -0.081958011186334112 -0.28293598977790685 -0.010700171648162851 -0.56983424404032157 -0.36658525611598825 -0.47195405531674628 -0.23085989934294973 -0.70421784097708551 0.097958129966675411 0.41757332039175232 0.74258617562055595 0.13605218124755877 -0.082211654528298164 -0.048854436680854596 0.31882133969286486 -0.0055867522954940801 -0.21660225789626719 -0.35176767236308049 -0.22434131961138479 -0.20988543571495433 -0.8255541553262804 -0.084561848721348143 -0.0092180133022792994 0.082335244006117747 0.014340097147757505 -0.2193878882486994 0.20605126107916419 0.053866822409629825 -0.62866832530202954 0.23578715379117057 -0.49671537267490173 0.032423677794430235 0.049732275113780734 0.36072590251851422 0.6224665468446462 0.024679433196209945 -0.09483622928215836 -0.22263251535237552 0.57484265414495317 0.03372193972674916 -0.23375487698375116 -0.0058234854131839695 0.48227673662242609 0.46681321452693503 -0.55393231269614451 -0.0088747209055643327 -0.024528723889414003 0.025026224755641559 0.015485981322987247 0.1298823635244741 0.077147174213946068 0.010100178572755678 -0.4295265552137168 0.37242106911406592
leaf_weight=10493 259 2364 704 8772 1673 163 178 1098 1537 319 156 218 171 111 66 102 1188 84 74 413 219 8807 66 89 141 75 209 81 60 1214 1489 3361 3184 263 80 124 120 255 70 108 1396 282 82 181 1090 333 62 225 279 4491 133 274 115 189 67 5404 1250 2070 598 43345 61 334
leaf_count=10493 259 2364 704 8772 1673 163 178 1098 1537 319 156 218 171 111 66 102 1188 84 74 413 219 8807 66 89 141 75 209 81 60 1214 1489 3361 3184 263 80 124 120 255 70 108 1396 282 82 181 1090 333 62 225 279 4491 133 274 115 189 67 5404 1250 2070 598 43345 61 334
internal_value=5.52556e-05 -0.0171404 -0.0355531 -0.0464773 -0.071317 -0.101857 -0.137985 -0.103297 -0.161813 -0.137497 -0.285041 -0.25152 -0.044265 -0.00853157 -0.00963237 -0.386431 0.00574958 -0.0170972 0.193389 -0.0247394 0.0572604 -0.0405579 -0.195158 -0.0710098 -0.0451754 0.0488623 -0.401648 -0.294685 -0.475841 -0.119621 0.0189463 0.037974 0.00316754 -0.107886 -0.188034 -0.2505 -0.348925 0.0307347 0.0646704 -0.177277 0.089452 0.248189 0.0100576 0.212714 0.00930194 0.0109313 0.0390129 0.0452625 0.0036795 0.0428616 0.066063 0.236908 0.00488521 -0.216204 0.370484 0.0551198 0.102196 0.151366 0.00611492 0.0131294 0.145213 0.18325
internal_weight=112419 41343 22912 20548 11776 7876 4839 3708 2292 2114 577 1131 3037 1416 3900 421 18431 10785 377 10408 303 9220 318 1903 207 1997 427 230 141 1385 1652 7646 4285 846 587 507 383 3439 1922 178 1744 348 71076 263 70813 69723 14309 13976 55414 13914 9423 566 55135 304 341 8857 3453 2203 54831 44338 993 932
internal_count=112419 41343 22912 20548 11776 7876 4839 3708 2292 2114 577 1131 3037 1416 3900 421 18431 10785 377 10408 303 9220 318 1903 207 1997 427 230 141 1385 1652 7646 4285 846 587 507 383 3439 1922 178 1744 348 71076 263 70813 69723 14309 13976 55414 13914 9423 566 55135 304 341 8857 3453 2203 54831 44338 993 932
cat_boundaries=0 1
cat_threshold=2
is_linear=0
shrinkage=0.05


Tree=128
num_leaves=63
num_cat=0
split_feature=105 99 134 119 71 88 115 73 64 74 69 39 70 68 86 77 91 65 84 71 80 90 99 83 71 69 72 85 88 70 90 91 84 71 83 94 70 71 88 96 88 79 86 79 73 74 89 79 82 119 77 96 82 94 111 111 117 78 48 86 97 109
split_gain=8444.48 8285.68 8110.88 8087.07 6195.82 6125.64 6396.14 6887.04 9135.81 26054.7 6151.87 5990.29 5844.57 5833.49 14551.1 9749.45 15689.3 12670.2 11282.2 9852.9 9238.11 19568.2 10846.4 9716.32 9057.11 8802.66 14176.6 8614.85 19104.2 9651.67 9681.82 8163.76 8028.1 7714.82 7926.22 8422.6 7539.8 11732.3 7499.35 7370.9 8076.67 7270.42 6972.65 6773.09 6698.63 6617.2 6552.5 8004.19 8062.09 6448.8 6323.48 6005.88 5676.04 5665.67 5573.79 5554.5 9123.68 7507.25 5591.55 5284.11 5221.65 5174.78
threshold=-0.0088540586886484991 0.82364189068129257 -0.66137752309570363 -0.015660289103240948 0.75832306692623297 -0.051412834198038791 0.0086002356873823519 0.62349147239274638 1.2837561325453242 0.044707044375852011 0.66161323796866511 0.97306130121607126 -0.30088830749197276 -0.59557140201541381 -0.033177287367908641 0.3092747780521366 0.19345285644126639 0.66825156673624708 -0.0094751912725628499 0.74285943675263022 -0.36665787843421083 -0.69787396960488057 0.89667612110193839 0.31539815525628767 0.72270518446836773 0.72897983220447393 -0.165322407446544 0.41071691103810909 -0.040947691794833541 -0.26686961585355756 0.13403274894204756 0.21427200453519582 -0.63719819895009133 0.61645911974284961 0.26643393740860527 -0.041709045353209746 -0.029831364724044546 0.82658060179204018 -0.026202797435068797 -0.39859779537205781 0.0057849628710124508 0.03498431383477766 0.081101159371519752 0.028384530032859404 0.52805692027772066 -0.023297593003723197 0.083322494602268413 0.043235528612081159 -0.019112216769820844 0.010908914313263102 0.28144896903254474 -0.12293523041900113 0.018237496249645452 -0.054739767265993444 -0.0024804961568669496 0.00025205585333685007 0.025063141961711253 0.091493450711881655 -0.31175252136816861 0.12102789666474216 0.63798458412588033 -0.0020447490508964995
decision_type=2 2 2 2 2 2 2 2 2 2 2 2 2 2 2 2 2 2 2 2 2 2 2 8 2 2 2 2 2 2 2 2 2 2 10 10 2 2 2 2 2 2 2 2 2 2 2 2 10 2 2 2 10 10 2 2 10 2 8 2 2 2
left_child=11 2 4 -3 -2 -4 55 -8 -9 10 -10 -1 -13 -5 45 20 17 19 24 -17 21 22 -16 25 32 26 -24 29 -29 31 41 -22 -18 49 42 52 39 -38 -33 40 -30 44 -35 -19 -31 -15 47 48 -41 -23 54 -45 -36 -40 -32 58 57 -57 -7 -50 -34 -47
right_child=1 3 5 13 -6 6 7 8 9 -11 -12 12 -14 14 15 16 18 43 -20 -21 27 33 23 -25 -26 -27 -28 28 36 30 50 38 60 34 35 -37 37 -39 53 46 -42 -43 -44 51 -46 61 -48 -49 59 -51 -52 -53 -54 -55 -56 56 -58 -59 -60 -61 -62 -63
leaf_value=0.021801122409844248 -0.016867165376033135 0.083300674142321868 -0.0092556598206087019 0.0089517522254305704 -0.10025905948545966 -0.039421291190985926 -0.0065660261749632288 0.034407593301726311 0.42368765798863023 1.2649055567570031 -0.15728250413711342 0.023563896208146556 0.71899203747266638 0.23845165180085026 -0.027762299146831343 -0.28881336075719449 -0.06884791300716725 -0.50246462127233438 -0.079667180543469954 -1.1864426599662812 0.22789994688727055 0.070552898785647231 0.06890055580485252 -0.084115362475008781 -0.084313676247580183 -1.2177946029139348 -0.99129801935874495 -0.89888146897231724 0.085917641828774205 -0.36537973229418097 -0.15942984699138574 0.28108217767516125 0.23528218389188171 0.62611252552186947 -0.3837164913197007 0.52857874436456653 -0.20605047373989549 0.54871936785357611 -0.63588615778959201 -0.078800971987770835 -0.47781958632372529 -0.028662846903087666 0.10377041850617881 0.14623348189528149 -0.97031732651272007 0.073874919971167907 -0.14342722543040101 -1.1318787580630818 -0.94563481171270114 -0.59492069017142057 -0.42926358171235557 -0.40789141174572618 0.11886859750375152 -0.031727732473186082 0.38360987846241446 0.078432877359360956 -0.10888325592001472 0.22881002870069145 0.051822765306463327 -0.33344402596234318 0.61685703758043908 -0.044556888200680843
leaf_weight=28941 13216 1267 22407 3555 2678 2402 13093 593 79 63 105 60 60 242 192 63 109 93 984 60 248 84 61 88 215 60 64 132 148 96 104 60 188 141 112 60 303 61 88 81 110 60 117 180 90 1084 97 60 88 63 86 66 111 69 85 3771 519 1064 5573 61 174 6154
leaf_count=28941 13216 1267 22407 3555 2678 2402 13093 593 79 63 105 60 60 242 192 63 109 93 984 60 248 84 61 88 215 60 64 132 148 96 104 60 188 141 112 60 303 61 88 81 110 60 117 180 90 1084 97 60 88 63 86 66 111 69 85 3771 519 1064 5573 61 174 6154
internal_value=6.41599e-05 -0.00803401 0.000164028 -0.0383749 -0.0309234 0.0101124 0.026031 0.00234244 0.141041 0.395875 0.0930977 0.0232697 0.374346 -0.0477527 -0.0633885 -0.12583 -0.0425636 -0.300106 0.0288217 -0.732718 -0.179924 -0.0658759 -0.316078 -0.518008 0.184328 -0.722839 -0.47748 -0.241687 -0.335204 -0.133239 -0.280814 0.0323568 0.306875 0.103442 0.190682 0.00773459 -0.260646 -0.0784075 -0.191141 -0.36321 -0.155352 -0.508053 0.390552 -0.141447 -0.661715 -0.0181994 -0.501024 -0.61973 -0.481804 -0.216743 -0.0764334 -0.00348366 -0.134137 -0.372246 0.085528 0.0507909 0.0901797 0.111566 0.0243394 -0.6989 0.419885 -0.0268122
internal_weight=112338 83277 65563 17714 15894 49669 27262 13933 840 247 184 29061 120 16447 12892 5412 2132 462 1670 123 3280 1153 465 273 686 185 125 2127 1141 986 521 465 471 688 541 283 1009 364 217 645 258 246 258 339 186 7480 387 290 230 147 275 246 223 157 189 13329 5354 4835 7975 149 362 7238
internal_count=112338 83277 65563 17714 15894 49669 27262 13933 840 247 184 29061 120 16447 12892 5412 2132 462 1670 123 3280 1153 465 273 686 185 125 2127 1141 986 521 465 471 688 541 283 1009 364 217 645 258 246 258 339 186 7480 387 290 230 147 275 246 223 157 189 13329 5354 4835 7975 149 362 7238
is_linear=0
shrinkage=0.05


Tree=129
num_leaves=63
num_cat=0
split_feature=130 92 8 132 81 6 92 123 110 32 88 68 87 101 79 20 76 81 118 20 123 109 121 111 56 75 79 83 126 92 100 83 3 80 83 118 77 87 76 77 100 100 96 68 57 80 110 44 132 80 104 10 91 80 85 89 117 87 39 23 36 76
split_gain=7487.56 6080.63 5213.17 6150.03 5414.73 5107.48 10291.9 8117.33 7623.15 6884.87 6507.1 6694.79 7244.63 6960.46 5986.24 7868.58 5790.43 5199.37 5105.66 5158.5 9497.58 9797.93 9400.16 8449.62 8145.26 6822.86 7394.79 8022.54 7529.85 7430.23 6868.79 7811.48 6562.52 6521.5 6477.4 7276.52 6416.44 6156.39 6878.38 7126.44 7052.79 6699.38 6153.94 8703.52 10960.3 6135.68 6133.31 5826.96 5631.23 5623.74 5570.35 5408.92 10023.3 6415.87 5673.23 5129.36 6153.13 4777.84 4703.28 4649.95 7416.74 4611.36
threshold=0.99686991392990298 1.6735774859547405 47.595000000000006 -0.56255468548149457 0.28530514548123381 9058.3150000000005 0.69782882682636671 0.011305526527007802 -0.3040074719009967 -0.091289169304826293 -1.0032463828404565 -0.37341583389695199 0.13275696364358544 0.51077864653186 0.4558538790010096 0.19567429459834432 0.55686224302466247 0.20482861973146932 1.1794565091159699 -0.14947386973177867 -0.00066160549397014984 0.0015599740920772501 0.0080364884288942513 0.006865520832085751 -0.70054076143519806 0.064081305160930066 0.030407569358221306 0.26088600712832316 -0.408203650904851 -0.75990094611215853 1.058517659890875 0.52739627741126205 5.705000000000001 -0.29141865225271152 0.39797834680476368 -0.26711595449676967 0.28555565832291646 0.22236067933551693 0.13327529927526319 0.30529017261876762 -0.030849976400752897 0.55022688182186841 0.17374381557432042 -0.20239332233992871 0.16138038517548345 -0.97367306140630216 -0.18077211569155352 0.037875405516592055 -0.19749909155982617 -0.38201746255589714 0.019088402349831005 2388.1550000000002 0.23310650372988415 0.056229610741490056 0.31234386393462393 0.073465628246388512 -0.0049411341439625492 0.25044623910953906 0.73549547564741757 0.46996931497199945 -0.10926668366551574 0.83206874715214385
decision_type=2 2 2 2 2 2 2 2 2 2 2 2 2 2 2 2 2 2 2 2 2 2 2 2 2 2 2 10 2 2 2 10 2 2 8 2 2 2 2 2 2 2 2 2 2 2 2 2 2 2 2 2 2 2 2 2 10 2 2 2 2 2
left_child=1 2 5 -4 -5 18 7 8 9 -7 -9 12 -12 -14 15 -13 -15 -17 19 23 21 47 24 -1 34 -22 27 29 32 -27 31 33 -28 -29 35 -23 -35 41 40 -40 -39 -31 43 58 -45 -25 49 -21 50 -26 -37 52 53 -47 57 56 -51 -54 -33 60 -19 -18
right_child=-2 -3 3 4 -6 6 -8 10 -10 -11 11 14 13 16 -16 17 61 59 -20 20 25 22 -24 45 46 26 28 30 -30 37 -32 42 -34 36 -36 48 -38 38 39 -41 -42 -43 -44 44 -46 51 -48 -49 -50 55 -52 -53 54 -55 -56 -57 -58 -59 -60 -61 -62 -63
leaf_value=0.018914540184474964 -0.027104164789050374 -0.12580392301061125 -0.011800965663830459 0.095518722089105071 -0.017411207800258142 -0.25422230602016044 -0.28967578647270376 0.068385348954804068 0.023976212950076362 -0.027345878714653812 -0.0220671122384608 0.075228770314572965 -0.46765385821881433 0.14905376779423518 -0.34580164488074905 0.025625527700828633 -0.46860073062945418 -0.10145318226321885 -0.054409009739083442 -0.0012271044485038136 0.0014150479691735303 -0.76691311010149088 0.065104791511583104 0.047107083090805482 0.014532940416416574 0.082116898115450143 -0.1627074504873165 -0.017483158909020028 0.048461073432041896 0.004600275893780318 0.49348688446739808 -0.022834177567246788 0.14684257044529073 0.060502459956326485 -0.061528022182158353 -0.1713450901683361 0.24876466166024988 -0.16867215749695896 0.14893293557355977 -0.50952785860319605 -0.66757406055084656 -0.51164764190713574 0.32549794087043177 -0.84412703338157713 -0.086545253322835566 -0.039908802632466239 -0.022265250217504706 0.10916383312103878 -0.14805112855631064 -0.65904503307785056 -0.80619941252865834 0.0011587755741426465 -0.73918451258156559 -0.40430789949704515 -0.20086600785720835 -0.080201179844356776 -0.227304629481241 -0.21061345319892585 -0.43707346221151416 -0.099748444441758413 -0.79668912572807149 -0.0078688819610168419
leaf_weight=6891 19682 855 3384 5015 1346 477 355 537 8287 1114 310 814 354 109 157 190 141 68 2995 10812 11772 88 946 975 247 393 180 1450 15671 494 78 1120 3229 1420 296 62 664 124 125 60 167 71 90 82 113 1905 1944 1343 304 131 79 1131 100 128 828 220 225 76 72 141 88 88
leaf_count=6891 19682 855 3384 5015 1346 477 355 537 8287 1114 310 814 354 109 157 190 141 68 2995 10812 11772 88 946 975 247 393 180 1450 15671 494 78 1120 3229 1420 296 62 664 124 125 60 167 71 90 82 113 1905 1944 1343 304 131 79 1131 100 128 828 220 225 76 72 141 88 88
internal_value=0.000910095 0.00684351 0.0080766 0.0426557 0.0716235 0.00398322 -0.0244769 -0.0171427 0.0047278 -0.095483 -0.0892045 -0.123619 -0.223057 -0.312933 -0.0551752 -0.0198648 -0.149987 -0.178638 0.00943243 0.0123256 0.0189147 -0.0124365 -0.0750852 -0.0172802 -0.111973 0.0329206 0.0474059 0.00144827 0.0631169 -0.102968 0.0308857 0.0235879 0.130455 0.0639418 -0.249368 -0.353374 0.120577 -0.172854 -0.305141 -0.0662132 -0.456289 -0.0610627 -0.0729444 -0.0990145 -0.4078 -0.0657711 -0.0707337 0.0109779 -0.270059 -0.185055 -0.530216 -0.0921811 -0.12693 -0.0630393 -0.256112 -0.270519 -0.387576 -0.513417 -0.0482007 -0.308959 -0.496214 -0.292355
internal_weight=112613 92931 92076 9745 6361 82331 13230 12875 9878 1591 2997 2460 1002 692 1458 1301 338 487 69101 66106 54072 16697 4542 12034 3596 37375 25603 6523 19080 1434 5089 5011 3409 3534 829 533 2084 1041 476 185 291 565 1477 1387 195 5143 2767 12155 445 823 141 4168 3037 2033 1004 576 356 176 1192 297 156 229
internal_count=112613 92931 92076 9745 6361 82331 13230 12875 9878 1591 2997 2460 1002 692 1458 1301 338 487 69101 66106 54072 16697 4542 12034 3596 37375 25603 6523 19080 1434 5089 5011 3409 3534 829 533 2084 1041 476 185 291 565 1477 1387 195 5143 2767 12155 445 823 141 4168 3037 2033 1004 576 356 176 1192 297 156 229
is_linear=0
shrinkage=0.05


Tree=130
num_leaves=63
num_cat=0
split_feature=134 118 123 52 50 115 101 69 51 92 84 112 74 75 130 50 84 107 22 89 115 74 84 113 46 90 69 92 81 107 50 93 56 55 71 113 3 50 83 96 28 119 72 101 81 78 107 77 84 94 104 96 53 95 50 41 94 92 89 75 95 97
split_gain=8181.67 6053.91 6104.39 6656.23 5879.17 5850.33 5940.52 5505.71 7646.65 5100.93 4981.45 5990.58 7054.45 4884.33 4860.62 5521 7320.35 6191.44 5379.23 4733.87 5155.06 4675.53 6782.06 6661.46 7779.65 6073.66 5220.51 6964.83 5143.87 4968.47 6110.83 8888.66 9461.7 6387.35 4661.08 4564.19 4475.7 4464.42 4376.11 5349.14 6908.73 8556.73 9007.91 6296.58 5528.84 5003.08 5203.13 4998.51 4807.98 4665.15 4343.48 4811.9 4273.09 4159.29 6371.01 4133.33 5655.67 5650.4 5401.21 4234.68 4167.1 4805.3
threshold=-0.29556974682317905 0.92129917928984295 0.027704550098994401 -0.66368389328752964 1.0154352149331298 0.0029081497844278504 0.54966909010201415 0.72728127240886875 0.75334163509030505 0.6624078348887058 -0.82968019220800893 0.42262164697730709 -1.0630208673314347 0.17480639779926624 0.021279278386149052 0.22190018966745031 0.68472321930467805 0.071064433415892123 -0.24651372668039911 0.025700066226678055 -0.013140315946814198 0.76777326922511568 0.81214479973859577 0.0051921886915364006 -0.28240182104396833 0.19827635318801437 0.53571534216075001 0.64024888736048202 0.19089541184020747 0.029182450534325857 0.44086863114830832 0.47508503148982689 -0.060070842652808841 0.027704567016423754 0.48501725550952707 0.0013182646284516503 9.0250000000000004 0.17154671624704593 0.4638739133802261 -0.43516768706021591 0.16476392329193942 0.0016373990218102503 0.81403436951076125 0.79317347765557578 0.24468059380573778 -0.013826399638224797 -0.0051707772261234989 0.25402180885003484 -0.41602850090966131 0.0067672652891683513 -0.43440171814659634 0.25139639853356371 0.094638248985930512 0.10014253293381246 1.0154352149331298 0.084681886864725817 -0.085500859165980478 0.56430867063187795 0.039635988098611359 0.081915632994284962 0.16070483341601938 0.72751899101865225
decision_type=2 2 2 2 2 2 2 2 2 2 2 2 2 2 2 2 2 2 2 2 2 2 2 2 2 2 2 2 2 2 2 2 2 2 2 2 2 2 8 2 2 2 2 2 2 2 2 2 2 10 2 2 2 10 2 2 10 2 2 2 8 2
left_child=1 2 7 -4 9 6 -5 21 38 -3 -2 12 13 -12 15 -14 17 18 -17 -16 -21 28 23 24 -23 52 37 -28 -1 -30 31 35 33 -33 -20 -31 -36 -26 39 48 41 43 44 -41 50 46 -46 -45 -9 -48 -43 -52 -25 -18 -55 58 57 -57 59 -22 61 -60
right_child=10 4 3 5 -6 -7 -8 8 -10 -11 11 -13 14 -15 19 16 53 -19 34 20 55 22 -24 25 26 -27 27 -29 29 30 -32 32 -34 -35 36 -37 -38 -39 -40 40 -42 42 -44 47 45 -47 49 -49 -50 -51 51 -53 -54 54 -56 56 -58 -59 60 -61 -62 -63
leaf_value=0.059583646402138785 -0.013539120652078863 -0.089194746301512778 -0.0076496407992761722 -0.66892909774705778 -0.012528780961985553 -0.11092597362510991 -0.16789457581937314 -0.018045559471624489 0.48903430552402538 -0.2944068978481022 0.34047937316338084 -0.038756156743261029 0.019626180211569623 0.066081587779051584 0.1140277501946623 -0.18565692319449015 0.10311503522381792 0.49064002138021512 0.25535080037226804 -0.11164507616505917 -0.068655161844192167 0.14474336572853891 0.060331477916652144 -0.54414526211533376 -0.70430987705923109 0.0028874307677701667 0.12201278612420366 -0.39765377141384767 0.011601913459294984 0.065037612559153565 0.0069808105773229469 -0.0006249707478743334 -0.077446015033268006 -0.55561028909988897 0.016937958710109519 -0.1476058718527434 0.12445898505554198 -0.1428817199936635 -0.0022940520292284348 0.094759998026131192 0.015954935847097489 -0.1703461094518301 0.0080201117307989907 -0.46478486890728415 0.08101147020980716 0.14340206727523494 -0.23697641291278965 -0.043027340070648512 0.43557436881495309 -0.70492526744283845 -0.35330744015715082 -0.69163409719199298 -0.19161639732199831 -0.17626273867577022 0.020980639703147813 0.019933564251656318 -0.058446687151456511 0.33898414817510869 0.12602886172047309 0.1060658216310872 0.018268910069741767 -0.047941984556675317
leaf_weight=4405 16777 2793 649 124 2881 359 114 1377 66 339 285 4325 17724 376 931 162 795 101 474 1004 2415 310 639 200 72 134 184 98 16750 572 1994 64 345 272 1414 450 3069 70 3170 468 760 196 335 110 99 107 271 192 60 66 390 146 153 555 1552 1494 4582 152 1977 404 9492 496
leaf_count=4405 16777 2793 649 124 2881 359 114 1377 66 339 285 4325 17724 376 931 162 795 101 474 1004 2415 310 639 200 72 134 184 98 16750 572 1994 64 345 272 1414 450 3069 70 3170 468 760 196 335 110 99 107 271 192 60 66 390 146 153 555 1552 1494 4582 152 1977 404 9492 496
internal_value=-0.000137108 -0.0176711 -0.00986717 -0.118548 -0.0640865 -0.238892 -0.430644 -0.00594158 -0.0428581 -0.111493 0.0102468 0.0176672 0.0226024 0.184728 0.0204023 0.0352716 0.0694068 0.104794 0.0970871 0.0036537 -0.0010187 0.00485734 -0.0715849 -0.140615 -0.0453597 -0.283796 -0.184364 -0.0593476 0.0105812 2.19151e-05 -0.0524325 -0.121961 -0.261757 -0.450214 0.106363 -0.0286449 0.0905567 -0.430484 -0.047452 -0.0787208 -0.115278 -0.157173 -0.222704 -0.0200427 -0.283284 -0.161947 -0.23704 -0.197675 0.00118446 -0.330437 -0.372949 -0.44658 -0.392322 0.00573904 -0.0310338 0.00427233 -0.0298918 0.0495842 0.0186656 -0.0435866 0.0333348 0.0911309
internal_weight=112340 41784 35771 1246 6013 597 238 34525 7813 3132 70556 53779 49454 661 48793 25846 8122 5220 5119 22947 22016 26712 1860 1221 734 487 424 282 24852 20447 3697 1703 681 336 4957 1022 4483 142 7747 4577 3140 2380 1610 770 1275 543 436 302 1437 337 732 536 353 2902 2107 21012 6228 1646 14784 2819 11965 2473
internal_count=112340 41784 35771 1246 6013 597 238 34525 7813 3132 70556 53779 49454 661 48793 25846 8122 5220 5119 22947 22016 26712 1860 1221 734 487 424 282 24852 20447 3697 1703 681 336 4957 1022 4483 142 7747 4577 3140 2380 1610 770 1275 543 436 302 1437 337 732 536 353 2902 2107 21012 6228 1646 14784 2819 11965 2473
is_linear=0
shrinkage=0.05


Tree=131
num_leaves=63
num_cat=0
split_feature=135 133 69 81 96 96 97 59 132 58 94 71 74 52 59 27 100 100 113 88 94 83 125 68 125 68 68 106 63 81 125 116 72 91 91 100 60 85 94 42 79 92 69 74 74 92 79 100 86 85 91 67 72 35 72 39 68 81 64 52 50 81
split_gain=7099.32 7758.65 5969.62 6245.17 7454.41 7988.08 5866.09 5441.29 5431.27 5081.83 7549.32 8885.17 5316.72 7520.49 6350.49 6239.97 5879.63 5617.99 5041.04 11306.9 5331.84 4956.49 4994.66 4899.95 8818.88 4942.41 7176.49 8301.33 9185.22 5824.71 5504.93 6497.83 5486.07 5281.89 4696.04 6448.55 6557.86 6291.89 8593.6 6015.76 5916.18 5482.2 5362.92 5809.63 7562.34 5207.1 4903.28 8058.78 14335.2 8239.49 5813.76 5667.9 5652.2 11768.3 7597.39 7419.91 6906.09 10010.4 6591.47 6582.12 6484.23 6359.1
threshold=-0.0099552013793605971 0.014124381150269651 0.72404282618042604 0.23525691959941328 -0.5016039069576318 0.7019844312507596 0.71986933178813117 0.35975222158995407 0.57940006620488427 -0.29712015053240554 -0.13043190200106217 0.8182156445557659 0.0008005070325557001 0.049548553588981907 0.42215528678927478 -0.049647632313518791 -0.054456311872726842 -0.048487573176471448 0.00073406003603355009 -0.022992490167236899 -0.06255973401825439 0.77765297328577787 0.010328099445604502 -0.3662019948809947 -0.00057329530276849987 0.58007110594493239 0.18733485268947855 0.39440299495707792 0.65304710945422351 0.30215643229084277 -0.0037998947903183995 -1.0000000180025095e-35 0.72124843860558363 0.20700983496809819 0.22285116561453119 -0.26129594362881242 0.008331073838317651 0.60720030606892605 0.20851492427624788 -0.17592384329570246 0.48343178906436474 0.066188825377675856 0.66161323796866511 0.089324032954472013 0.11655028024546847 0.066188825377675856 0.030407569358221306 0.22455529558678086 -0.042377874503200096 0.45254739551082546 0.17179903160550683 0.75787450050679206 0.034853226338814554 0.59995205844961352 0.26772298069091988 0.6959837910191139 -0.57336839119516059 0.19650522473450824 -0.26629283881253873 -0.34186335957975644 -0.10664175348213599 0.19875433605469628
decision_type=2 2 2 2 2 2 2 2 2 2 8 2 2 2 2 2 2 2 2 2 10 8 2 2 2 2 2 2 2 2 2 10 2 2 2 2 10 2 10 2 2 2 2 2 2 2 2 2 2 2 2 2 2 2 2 2 2 2 2 2 2 2
left_child=1 2 8 4 -4 9 -5 18 -1 21 -11 12 13 15 -14 17 -16 -12 19 23 -21 22 -6 -2 25 26 29 28 30 -25 31 -28 33 -27 35 39 40 42 -39 45 46 -38 -36 -44 -45 -9 47 48 -37 50 -50 -52 56 54 58 -55 -48 60 -54 -59 -58 -56
right_child=7 -3 3 6 5 -7 -8 34 -10 10 11 -13 14 -15 16 -17 -18 -19 -20 20 -22 -23 -24 24 -26 32 27 -29 -30 -31 -32 -33 -34 -35 37 36 41 38 -40 -41 -42 -43 43 44 -46 -47 52 -49 49 -51 51 -53 53 55 61 -57 57 59 -60 -61 -62 -63
leaf_value=-0.024345048397880556 0.018475241132926836 0.023612275436141944 -0.0044806056051369791 0.0096833809746716404 0.18130169291919024 0.0023538599246907864 -0.11596479272003479 -0.27442935971991606 0.036161067133223666 -0.64718647839606935 -0.469983103312552 0.17631700314471829 -0.28457459850895506 -0.088546912161967695 -0.17173044700509332 -0.28954938587804258 0.2244384548924071 -1.14529544202181 -0.020987910044170555 0.12764087379763348 0.022148914014454499 -0.33063928285347566 -0.25892247435119414 -0.12381639106276757 0.012205488118560535 -0.035683942953465692 -0.89579771202988923 -0.58872143906811558 0.20274055132994781 0.36192068938504568 0.036609538973889487 -0.26260987444740275 -0.093758535089869047 0.57378516180647743 0.026059658221712557 0.13892892404465668 -0.005652998601197055 0.051432529936472959 0.77211134909255219 0.22606105435731855 -0.097658523351846035 -0.34960832748268 -0.072535445679096783 0.54651082032972853 0.024670951767703116 0.07865167873634854 0.022848169753116855 0.039458837799839636 -0.46491918757333067 -0.56409913191126415 0.16488336358459729 -0.26138256223290973 -0.48384520978016676 0.055361130641958904 0.48938237002585083 0.57901426146964774 0.13705468040610153 -0.42075678585228371 -0.13903371501116105 0.065063102596729927 0.34354009345056125 -0.069216238746047029
leaf_weight=23054 5990 10032 1206 3519 226 635 1261 107 4419 105 63 135 709 116 278 103 140 64 18730 2697 2155 111 89 959 2545 70 63 185 110 65 68 114 360 71 5560 297 260 129 60 726 851 208 3880 75 804 3183 5477 1683 115 183 154 156 211 792 63 73 1306 70 404 3907 537 249
leaf_count=23054 5990 10032 1206 3519 226 635 1261 107 4419 105 63 135 709 116 278 103 140 64 18730 2697 2155 111 89 959 2545 70 63 185 110 65 68 114 360 71 5560 297 260 129 60 726 851 208 3880 75 804 3183 5477 1683 115 183 154 156 211 792 63 73 1306 70 404 3907 537 249
internal_value=-0.000295635 -0.0152991 -0.026073 -0.0620119 -0.10827 -0.153375 -0.0234809 0.0102693 -0.0146117 -0.199586 -0.238001 -0.210896 -0.24648 -0.417857 -0.193542 -0.582841 -0.0388233 -0.816587 -0.00354808 0.0175914 0.0808012 -0.044916 0.0564951 -0.0113468 -0.0500917 -0.126838 -0.170594 -0.317936 -0.175564 -0.0926605 -0.345549 -0.491748 0.00982498 0.273091 0.0252533 0.0389008 0.0254331 -0.00203752 0.283079 0.0958763 0.0306631 -0.158942 -0.00728657 -0.0462427 0.069767 0.0670886 0.0376346 -0.0252435 -0.145479 -0.284409 -0.162936 -0.0497754 0.0500681 -0.0324144 -0.156107 0.100171 0.0631537 0.101073 -0.257928 0.0564085 0.197373 0.0447809
internal_weight=111967 46265 36233 8760 3980 2774 4780 65702 27473 2139 1713 1608 1473 346 1127 230 418 127 34182 15452 4852 426 315 10600 4610 2065 1564 540 355 1024 245 177 501 141 31520 21012 16996 10508 189 4016 16528 468 10319 4759 879 3290 15677 2588 905 608 425 310 13089 1792 927 865 11297 5820 615 3977 1843 312
internal_count=111967 46265 36233 8760 3980 2774 4780 65702 27473 2139 1713 1608 1473 346 1127 230 418 127 34182 15452 4852 426 315 10600 4610 2065 1564 540 355 1024 245 177 501 141 31520 21012 16996 10508 189 4016 16528 468 10319 4759 879 3290 15677 2588 905 608 425 310 13089 1792 927 865 11297 5820 615 3977 1843 312
is_linear=0
shrinkage=0.05


Tree=132
num_leaves=63
num_cat=0
split_feature=84 81 35 125 90 89 82 74 90 94 81 84 94 46 72 100 123 78 86 96 97 46 85 93 107 135 127 79 77 71 89 78 124 101 118 124 83 86 127 69 74 98 97 86 86 90 83 94 72 42 77 90 84 83 98 71 78 85 25 111 97 90
split_gain=7592.29 6616.61 10392.7 6198.3 7635.99 8528.86 12985.5 10717.2 8863.88 8591.99 9721.66 14965.3 9382.9 8594.47 6934.04 19747.4 8836.91 11501.4 7990.09 11232.7 11013.6 9186.97 9382.07 9845.29 7940.38 7780.35 7559.41 7410.11 9541.77 7326.74 7029.82 11634.5 9223.67 7978.01 6952.19 6883.97 7380.35 7816.45 9292.78 6840.36 8272.69 7851.6 6819.96 6786.48 12286.7 6631.84 21170.4 21209.1 18441.5 16434.2 16242.9 11885.6 12872.3 16053.8 10443 9754.39 9519.33 8340.73 7880.6 8928.93 8715.77 15227.4
threshold=1.878062294331329 0.45871068524422071 1.1071942411096565 -0.012760087452796399 -0.86417855119313358 0.15247312219474882 -0.14699945851168003 -0.046506172537666444 -1.092741233584158 0.19114409829814172 0.21157803667381417 0.48041477708740071 -0.016688985757445096 -0.83083501170439666 0.6369270561653102 -0.59067005914394854 0.014905951499548951 0.24101655448153333 -0.50313812558937931 0.29653506300111265 0.43587282519391651 -0.60275309196061244 0.28079703951461815 0.33237621442836601 0.036315145593705862 0.023286709694684802 0.044151138351606105 0.39818928449709595 0.13153170022929581 0.81114800387675612 0.46027822653787559 -0.94599123347823422 -0.042577130366764894 0.55954590177682129 0.10634193164153492 -0.064388364446808385 0.43657428757894889 -0.44623842166474043 -0.0030212191996681495 0.6949034894996543 0.16769130680139707 -0.45855108211194257 0.59975607893381822 -0.30202376646124879 -0.098696172748602942 -0.6823344505174328 0.45083957969594873 -0.039572879727874689 -0.54700063347736816 -0.32624927255314851 0.29059649376316227 -0.74825003993234784 0.29183012625933846 0.30348680084703433 0.069045485896941913 0.52834212351520471 -0.084586009942066678 0.42015037747830275 -0.37587905872405897 0.006865520832085751 0.61194053779414659 -0.43211632855040333
decision_type=2 2 2 2 2 2 10 2 2 8 2 2 10 2 2 2 2 2 2 2 2 2 2 2 2 2 2 2 2 2 2 2 2 2 2 2 10 2 2 2 2 2 2 2 2 2 8 8 2 2 2 2 2 10 2 2 2 2 2 2 2 2
left_child=1 3 -3 35 5 7 -7 -5 -9 10 11 42 -13 -12 15 18 17 24 19 -6 -21 -20 -23 -24 26 -26 45 28 -19 30 33 -32 -33 -18 -28 36 37 -1 -39 40 -8 -41 43 -10 -45 46 47 48 -17 -48 51 56 53 54 -53 -52 57 -50 59 -47 -60 -62
right_child=-2 2 -4 4 14 6 39 8 9 -11 13 12 -14 -15 -16 16 29 27 21 20 -22 22 23 -25 25 -27 34 -29 -30 -31 31 32 -34 -35 -36 -37 -38 38 -40 41 -42 -43 -44 44 -46 58 49 -49 50 -51 55 52 -54 -55 -56 -57 -58 -59 60 -61 61 -63
leaf_value=-0.015379920336029805 -0.11897605587776428 -0.10449055802842649 0.52357082017423484 -0.00035050036563754401 -0.83754174709320073 0.024626911272242296 0.039194108120191744 0.26900979628760657 0.27688196673989296 0.46364135795990258 0.048538101198949135 -0.98532084759437688 -0.1428649245049147 0.26048307941302717 0.035164320251911053 0.032329084533564929 -0.08916247918937982 0.38128296848541748 0.31837598399853145 0.36177161501513588 -0.29908904301343264 0.21226044430191937 -0.32383728327164124 -0.038983375287970252 -0.090189541200186477 0.05609471519057338 -0.010579065900253605 0.27904138226542324 -0.0045684008834108916 0.16460691487889198 0.049360283060788948 -0.51768983616152908 -0.16356601434502197 0.068286429461812612 -0.2249349200853665 0.0068577026624998668 0.011650173779393251 0.017621193385512608 -0.25686617708077208 -0.18658579245520135 -0.59775892251054763 -0.80006663785811449 0.16290052073675809 -0.6445722675046478 0.15208037362759375 0.014439091776759248 -0.03580583083142326 -0.0023574749070316668 -0.64473554026956359 0.25134340903079883 -0.58383703600792658 -0.038240531402138567 -0.013806594631844952 -1.1860379719294158 -0.82796053445857509 0.12006975049442714 0.010430789405457032 -0.10127874078645148 0.0080075740362477773 -0.046123615433216136 0.18395431688410391 0.038943753544003812
leaf_weight=923 1330 2117 67 2335 83 4015 250 938 63 147 1251 65 67 774 13070 405 2812 191 126 71 513 178 582 633 4064 1170 881 573 968 336 367 286 516 1126 662 4000 1304 398 1366 119 63 93 361 116 82 20930 1218 1723 209 842 62 77 61 148 91 224 161 107 14110 8580 2227 9663
leaf_count=923 1330 2117 67 2335 83 4015 250 938 63 147 1251 65 67 774 13070 405 2812 191 126 71 513 178 582 633 4064 1170 881 573 968 336 367 286 516 1126 662 4000 1304 398 1366 119 63 93 361 116 82 20930 1218 1723 209 842 62 77 61 148 91 224 161 107 14110 8580 2227 9663
internal_value=-0.000268588 0.00115534 -0.0849923 0.00288577 0.00624671 0.0460971 -0.00597087 0.0842253 0.135321 0.0923865 0.0725886 -0.0805932 -0.562 0.129637 0.00149364 -0.0042238 0.000106787 0.00492221 -0.152319 -0.296464 -0.218264 -0.0888712 -0.12591 -0.175586 0.00166227 -0.0574849 0.00662578 0.132112 0.0592927 -0.0612342 -0.076122 -0.18374 -0.290337 -0.0441369 -0.102631 -0.0394989 -0.0859501 -0.133302 -0.19496 -0.239573 -0.0905059 -0.4582 0.0223084 -0.17203 -0.315539 0.00939845 -0.0438812 -0.122997 -0.257448 0.0816279 -0.360333 -0.469443 -0.679182 -0.807176 -0.468374 -0.034028 -0.3026 -0.461617 0.0145131 -0.00317041 0.0345832 0.0661175
internal_weight=112290 110960 2184 108776 100785 10739 4540 6199 3864 2926 2779 754 132 2025 90046 76976 74790 69347 2186 667 584 1519 1393 1215 67615 5234 62381 1732 1159 5443 5107 1169 802 3938 1543 7991 3991 2687 1764 525 313 212 622 261 198 60838 5328 3268 1545 2060 1140 854 377 316 168 286 477 316 55510 29510 26000 11890
internal_count=112290 110960 2184 108776 100785 10739 4540 6199 3864 2926 2779 754 132 2025 90046 76976 74790 69347 2186 667 584 1519 1393 1215 67615 5234 62381 1732 1159 5443 5107 1169 802 3938 1543 7991 3991 2687 1764 525 313 212 622 261 198 60838 5328 3268 1545 2060 1140 854 377 316 168 286 477 316 55510 29510 26000 11890
is_linear=0
shrinkage=0.05


Tree=133
num_leaves=63
num_cat=0
split_feature=105 12 112 125 123 52 50 34 115 81 27 10 50 28 52 58 129 80 50 68 55 71 119 41 100 64 80 96 105 92 50 134 88 92 89 100 123 57 95 95 46 122 25 46 56 14 103 95 112 81 123 98 73 56 93 119 74 89 88 90 90 58
split_gain=6885.37 8102.32 6376.46 9826.26 11769.1 9009.1 7257.05 10051.4 6672.82 6671.87 6521.56 6338.88 6102.98 7328.68 10907.4 6942.43 6587.17 5920.06 5811.72 10247.6 10196.6 10394.3 8995.71 6642.22 7932.75 7399.87 6793.84 7117.53 7252.09 7995.71 7094.33 6348.19 6233.54 6888.19 6427.42 8548.07 8850.87 6116.91 6032.92 12487.2 5759.73 7250.78 6838.66 5668.19 7692.82 5633.17 5707.12 7108.18 5506.47 5397.45 6805.9 6260.65 6703.51 7477.83 6569.33 5446.9 5429.44 7499.77 8229.99 9212.87 7987.54 6987.66
threshold=-0.0054824868748815994 9.3607500000000012 -0.0022777561195920495 0.0012366925144811503 0.0024726897238231504 0.45179345026917545 0.99269718029298193 -0.083853534754654832 -0.0042739967238004991 0.29665798592258685 -0.10465409387082714 2028.1550000000004 0.32087375661010192 0.23834438073582823 0.034784868016567459 0.72984648306161126 -0.0071987082031666995 -0.79388821327567283 0.60420167534315294 0.26029423565432636 0.055100722995355809 0.48501725550952707 0.028021915404740153 0.10329016928901295 -0.38425029135486582 -0.65835533123666312 0.24621208666188588 0.091158479814675855 0.038466228698181108 0.57474573551176278 0.41423472831671998 -0.10955313259884779 0.047005846737357956 0.67469235386402759 0.036860083054684654 0.91054625383193721 0.00066798380315780006 0.17506812979431777 0.16145272616826836 0.11674935476649446 2.6696392077545696 0.0093166407996706016 0.25829884751140203 -0.27708980223028695 -0.28162493927072274 307.50000000000006 -0.0020718514242403997 0.19127701099356739 -0.024637949421296493 0.26173744692020201 0.014905951499548951 0.8817973172713286 0.41088976157202961 -0.24035221011205982 0.56525142590978972 0.016480509081937704 0.17283389382082834 0.05361093406668211 -0.067649961487638147 0.21406206909256439 -0.17683973347691337 -0.58374195362523096
decision_type=2 2 2 2 2 2 2 2 2 2 2 2 2 2 2 2 8 2 2 2 2 2 2 2 2 2 2 2 2 2 2 2 2 2 2 2 2 2 8 10 2 2 2 2 2 2 2 10 2 2 2 2 2 2 2 2 2 2 2 2 2 2
left_child=12 18 3 4 6 -4 7 8 10 11 -3 -9 -1 14 15 16 17 -14 19 22 31 -22 32 24 25 -23 27 -26 29 30 -29 38 33 49 35 36 -34 -36 39 -21 41 42 -20 -27 -45 -13 -47 -48 -33 50 -2 52 -52 55 -55 -54 61 60 59 -59 -58 -51
right_child=1 2 5 -5 -6 -7 -8 9 -10 -11 -12 45 13 -15 -16 -17 -18 -19 40 20 21 23 -24 -25 26 43 -28 28 -30 -31 -32 48 34 -35 37 -37 -38 -39 -40 -41 -42 -43 -44 44 -46 46 47 -49 -50 56 51 -53 53 54 -56 -57 57 58 -60 -61 -62 -63
leaf_value=0.0088476079692666691 0.018484870871437787 -0.53541218877364771 0.001830288809829182 -0.0047035124484243445 0.085900017206441678 -0.17913397866756245 -0.059019279931873753 -0.57108774354251535 0.015648676009875281 0.08285567580738612 -0.058550889100879439 0.062794344243795971 -0.066046010788346904 -0.017941430102877944 0.66074577924751099 0.031310896525654747 0.11801100038354036 0.49062613442540171 0.51258911344062807 0.23522091934652029 0.14751605500961887 -0.23082634039505973 -0.065714064070379649 0.040874510803787983 -0.1498224740854481 0.12921857378009149 -0.099134513137584881 -0.83467009935370629 -0.083612377913493033 -0.10824519760126985 -0.38138473270127909 0.49198754557939339 0.4657997080340337 -0.43993324302346193 0.09388688461202381 0.50491951225841114 -0.073072380170507253 -0.014993311033086402 0.061074568315826618 -0.62759356029265756 -0.063467395884193992 0.017790522600340593 0.090452453795961993 -0.61177866256662783 -0.030812372423575391 -0.092185183559074887 -0.50345893461746738 -0.20699876452154473 0.093434099688870453 -0.10579858091809978 0.013139219273891887 0.12402880037558293 0.043534768743792161 -0.41140029756797819 -0.016859430622841631 -0.46971556979124662 -0.70930066413500104 -0.4877210381651117 0.27170968468246215 0.26376772163832779 -0.14785326642817573 0.011632262413208552
leaf_weight=26704 23100 130 9250 3075 588 742 1291 207 630 113 159 114 60 2010 83 2594 1774 229 98 66 319 605 4651 387 284 413 382 212 105 85 150 106 106 88 2550 176 264 2609 289 112 1546 10310 3168 69 307 241 448 372 460 1860 578 310 338 438 139 60 109 123 135 60 151 3967
leaf_count=26704 23100 130 9250 3075 588 742 1291 207 630 113 159 114 60 2010 83 2594 1774 229 98 66 319 605 4651 387 284 413 382 212 105 85 150 106 106 88 2550 176 264 2609 289 112 1546 10310 3168 69 307 241 448 372 460 1860 578 310 338 438 139 60 109 123 135 60 151 3967
internal_value=0.000586285 -0.00749576 -0.0376485 -0.072934 -0.121794 -0.0116246 -0.15477 -0.205932 -0.0756879 -0.28589 -0.274163 -0.316079 0.0195855 0.0620588 0.0959796 0.0857743 0.154208 0.375225 0.00104597 -0.00776668 -0.0807857 -0.123485 -0.0001665 -0.152351 -0.180985 -0.0994258 -0.27417 -0.353937 -0.458492 -0.546167 -0.648413 0.0563531 0.00803886 -0.000682839 0.0561199 0.219099 0.0821466 0.038832 -0.0800142 -0.308147 0.0279471 0.0383611 0.103272 0.00149591 -0.138766 -0.270707 -0.306565 -0.369383 0.168811 0.000563422 0.0110695 -0.0808363 -0.121784 -0.2017 -0.316549 -0.034823 -0.0403787 -0.186411 -0.0233074 -0.241237 -0.385045 -0.0258638
internal_weight=112099 78645 17360 7368 4293 9992 3705 2414 919 1495 289 1382 33454 6750 4740 4657 2063 289 61285 46163 4351 3318 41812 2999 2612 1394 1218 836 552 447 362 1033 37161 31456 5705 546 370 5159 467 178 15122 13576 3266 789 376 1175 1061 820 566 31368 24963 1863 1553 975 577 398 6405 578 318 183 260 5827
internal_count=112099 78645 17360 7368 4293 9992 3705 2414 919 1495 289 1382 33454 6750 4740 4657 2063 289 61285 46163 4351 3318 41812 2999 2612 1394 1218 836 552 447 362 1033 37161 31456 5705 546 370 5159 467 178 15122 13576 3266 789 376 1175 1061 820 566 31368 24963 1863 1553 975 577 398 6405 578 318 183 260 5827
is_linear=0
shrinkage=0.05


Tree=134
num_leaves=63
num_cat=1
split_feature=70 50 58 43 80 56 107 121 79 98 46 100 54 81 60 46 41 39 123 72 113 109 100 87 80 136 103 69 117 113 94 61 93 90 75 115 56 93 113 90 76 76 75 20 111 52 20 103 87 86 58 121 111 56 73 41 83 95 92 73 81 52
split_gain=6394.04 6889.7 13133 8874.37 10618.9 8647.83 8555.27 7800.54 9934.71 9555.86 7243.86 9274.64 6934.24 6873.81 6770.39 6954.5 7452.02 6897.54 6463.98 8034.17 6248.75 6148.51 8430.04 9010.23 7297.62 7856.47 8608.18 6464.31 7344.98 6229.84 5827.64 6933.4 5543.85 5513.04 8036.08 5601.35 5321.29 5310.81 5297.07 6367.27 10072.8 7303.27 7472.31 14917.7 11615.3 11135.1 8848.58 7420.86 7133.06 7023.37 12558.4 13872.7 9583.11 13530.6 9134.24 8572.26 8341.04 7739.11 11155.6 13308.3 10687.3 8635.44
threshold=1.3902109660753281 0.66738155224473916 0.79462051510409704 0.23552736331757726 -0.50158581475539632 -0.55308136394108853 -0.016828927866480745 -0.015437225763074948 0.42606765804200897 0.82562815265161316 -0.29351976344755565 -0.52703466911229135 -0.18747203578324623 0.18248776435447989 0.17415968974478707 -0.71681436095976248 0.065212148670058853 0.25311146052625383 -0.0023200878397588499 -0.22656712932303807 0.015463652121781952 3.94973611463715e-05 -0.52703466911229135 0.45597984939126995 -0.50158581475539632 0 -0.019015692932828846 0.6813988076927725 -0.014731964782014649 -0.0035027992410118498 0.050559079101939054 0.19584294508674738 0.58345911275802409 0.061702214029661161 0.10684687938821781 -0.0088140491263042475 -0.69246511188230209 0.3498105134630009 -0.0060374520997624496 -1.0125938323615427 -0.055600092372205992 -0.30428528979312947 0.1294927921586356 -0.73571226214783259 0.0086704576399836506 0.3493562250020899 0.22745214298016783 -0.0042151075709418997 0.12722911253283811 -0.033177287367908641 -0.10101117016156159 0.003909667547996501 0.0036811781472974006 -0.90654723934742221 0.53890495836078178 0.084465042538060864 0.4638739133802261 0.19127701099356728 0.50333228437286082 0.56598579204402966 0.25017869550905408 -0.35640566750452685
decision_type=2 2 2 2 2 2 2 2 2 2 2 2 2 2 10 2 2 2 2 2 2 2 2 2 2 1 2 2 8 2 10 10 2 2 2 2 2 2 2 2 2 2 2 2 2 2 2 2 2 2 2 2 2 2 2 2 10 10 2 2 2 2
left_child=1 2 7 4 30 -6 -3 8 -1 18 -7 13 -8 -12 38 16 -16 -17 -10 20 32 22 -14 24 29 26 -26 28 -28 -24 31 -4 -20 34 35 -5 -31 -13 -9 40 -40 47 43 -43 -44 -46 -47 -41 -48 57 -51 52 53 -52 55 -55 -54 58 -45 60 -60 -62
right_child=-2 6 3 33 5 10 12 14 9 -11 11 37 21 -15 15 17 -18 -19 19 -21 -22 -23 23 -25 25 -27 27 -29 -30 36 -32 -33 -34 -35 -36 -37 -38 -39 39 41 -42 42 44 49 45 46 48 -49 -50 50 51 -53 56 54 -56 -57 -58 -59 59 -61 61 -63
leaf_value=-0.018304962117346283 -0.070352430149279319 0.23138193092604598 0.099667589688052741 -0.025608087615254002 -0.60401291625367282 0.23634777199476958 -0.11688236039729415 0.05507347991286389 -0.028288658093227899 0.067648696519388138 -0.71293074030287662 0.25299218736943746 0.025514518168594982 -0.20485818203572836 -0.29741888630886876 0.19649267581052487 0.29602956034243111 -0.21901503414905632 -0.42716446473546654 -0.15490814189227853 -0.66510553375541515 -0.0020035064180680914 -0.073610076914903608 -0.027131539953385526 0.79534055907557266 0.047432633857856663 0.78761778246139136 0.015536640445914185 0.23216286092493049 0.33702590381372144 -0.27778654309767709 0.57019738846899648 0.084290566936135292 -0.053321972225337202 0.075894621620743966 -0.44227405191455882 0.80812903632978339 -0.12793736845180764 0.027304066666970234 0.01364234743347336 0.24059603348669764 0.24220869890865246 0.016401688167252335 0.032314081394917725 -0.25697054104148936 0.0012059726054405875 0.072094116065158573 -0.070849491812502552 -0.38221469062922248 0.0095464035157733738 -0.70832113908571115 0.064420855918956424 -0.074439237714293144 -0.038836937103054081 -0.27943284819437147 -0.37563526990913576 0.27618117507843848 0.09851656023031892 0.075670768218084342 -0.53839445142350961 -0.71110491718097435 -0.14130624216493398
leaf_weight=6440 3117 503 449 96 89 143 850 5204 343 381 78 167 7723 435 74 112 179 872 183 566 181 8901 71 775 66 1233 70 284 380 288 78 94 74 320 117 508 76 200 2959 4247 680 701 3745 12089 950 1671 120 6694 305 26669 113 1268 679 1463 905 216 225 3824 607 168 81 356
leaf_count=6440 3117 503 449 96 89 143 850 5204 343 381 78 167 7723 435 74 112 179 872 183 566 181 8901 71 775 66 1233 70 284 380 288 78 94 74 320 117 508 76 200 2959 4247 680 701 3745 12089 950 1671 120 6694 305 26669 113 1268 679 1463 905 216 225 3824 607 168 81 356
internal_value=0.000249055 0.00226238 -0.0038969 -0.110943 -0.0415833 -0.134034 0.0278384 -0.000416234 -0.0468785 -0.153296 -0.092596 -0.146257 0.0228855 -0.283346 0.00450169 -0.111484 0.121964 -0.17157 -0.215794 -0.27976 -0.440377 0.028871 0.0539294 0.121569 0.168256 0.128366 0.249187 0.202453 0.320122 0.35396 0.123913 0.182021 -0.280141 -0.226259 -0.302834 -0.376201 0.437333 0.0456176 0.00639247 0.00281027 0.0672159 -0.000683771 0.00659779 0.0133629 -0.0425731 -0.115063 -0.0506523 -0.0380538 -0.254071 0.0100615 -0.00393589 -0.0777693 -0.127842 -0.17505 -0.151465 -0.0823632 0.0130368 0.0358382 0.0178123 -0.126742 -0.060047 -0.248303
internal_weight=112455 109338 88118 2774 1733 1112 21220 85344 8168 1728 1023 880 20717 513 77176 1237 253 984 1347 1004 438 19867 10966 3243 2468 2033 800 734 450 435 621 543 257 1041 721 604 364 367 75939 70735 3639 67096 56155 49364 6791 3046 2096 10941 425 48663 31538 4869 3601 2697 2584 1679 904 17125 13301 1212 1044 437
internal_count=112455 109338 88118 2774 1733 1112 21220 85344 8168 1728 1023 880 20717 513 77176 1237 253 984 1347 1004 438 19867 10966 3243 2468 2033 800 734 450 435 621 543 257 1041 721 604 364 367 75939 70735 3639 67096 56155 49364 6791 3046 2096 10941 425 48663 31538 4869 3601 2697 2584 1679 904 17125 13301 1212 1044 437
cat_boundaries=0 1
cat_threshold=9
is_linear=0
shrinkage=0.05


Tree=135
num_leaves=63
num_cat=0
split_feature=120 127 8 111 40 50 92 131 124 106 113 110 74 9 87 74 76 74 113 38 66 94 5 97 74 113 77 82 111 109 90 113 86 74 25 40 74 85 93 95 82 76 55 76 74 113 76 87 95 93 55 88 124 73 100 101 58 100 42 113 68 111
split_gain=6684.46 10080.7 6977.69 6431.43 6538.48 6535.86 7889.71 9327.74 6770.7 6349.61 6221.28 6108.84 5994.31 5322.25 6992.32 7883.65 5374.98 5289.6 5129.37 5060.4 4811 6418.95 5669.79 5260.95 4782.7 13293 14388.2 9149.52 12429 7958.51 8915.84 7864.56 7067.09 6754.08 5699.08 9438.76 6177.21 9867.09 14567.6 21923.3 6768.15 8637.86 5741.84 5796.4 8415.68 7470.34 7414.89 8461.89 6628.01 5617.45 5509.15 7843.56 5855.84 5676.28 5310.61 5257.1 6376.28 6186.48 5204.04 4988.57 4983.64 4917.15
threshold=-0.16607017642036367 -0.012483158997476148 47.425000000000004 0.0062274890287484508 -0.064388566304430281 1.0627167949828278 -0.80609931985802386 0.030306812110857603 0.3637719401418969 -0.28492432040504279 0.0058902059518325511 0.13118225747070453 -0.037408305896835047 525.59500000000014 0.12460149136268951 0.0081464353396835023 -0.30428528979312947 0.22957675613778214 0.030399100922693805 -0.48810448488716668 -0.28787238564406553 -0.13043190200106217 2212.1150000000002 0.42646450792484297 -0.099576420990319145 0.00034844135344200001 0.1591057680848367 0.45431066337190468 0.006700503857225551 0.0015997050350821502 -0.29546030285333735 0.0041114083961684509 0.58400739233076771 -0.92962129456728781 -0.12048707091568474 0.020341494740578902 0.063392519060103167 0.48227729483622123 0.44421579596971056 0.20664337921371698 2.2884599361664058 1.8674849944960452 0.13884702593769957 0.030856122713444303 -0.043782972700519639 0.0085842209343439512 -0.14961512899628227 0.24355614529658229 0.54956588059117673 0.6115624134918195 0.068772297349243866 -0.034583346422012495 0.10589351984193336 0.57292585136988416 1.0000000180025095e-35 0.74665675369951978 -1.4291737293814362 0.84774513467574097 0.62650677538306554 0.0018526542835303503 0.10065360733210367 0.005587800419360401
decision_type=2 2 2 2 2 2 2 2 2 2 2 2 2 2 2 2 2 2 2 2 2 8 2 2 2 2 2 8 2 2 2 2 2 2 2 2 2 2 2 10 10 2 2 2 2 2 2 2 8 2 2 2 2 2 2 2 2 2 2 2 2 2
left_child=1 -1 13 4 -3 6 -6 9 -9 -8 -4 12 19 16 -15 -16 -2 18 -12 -11 -14 -22 -23 -24 25 -18 -27 28 -28 30 59 -31 -29 -33 -26 42 -37 40 39 -39 41 55 43 44 -36 48 49 50 -45 -46 51 -48 61 -53 -49 56 -38 -58 -34 -30 -54 -52
right_child=2 3 10 -5 5 -7 7 8 -10 11 17 -13 20 14 15 -17 24 -19 -20 -21 21 22 23 -25 34 26 27 32 29 31 -32 33 58 -35 35 36 37 38 -40 -41 -42 -43 -44 45 46 -47 47 54 -50 -51 52 53 60 -55 -56 -57 57 -59 -60 -61 -62 -63
leaf_value=0.056810032585090736 -0.019791154351592968 0.043889433168093309 0.074663756075120533 0.024448368650471251 0.040145735853192671 -0.0017138259109722974 0.014621108169171721 -0.19877115293133524 -0.030447130662419733 -0.10638842515453149 0.079429295482459208 0.0031222998899778959 -0.13454114226404873 0.19586474159660267 -0.060654054285624807 -0.44795678674676864 0.084760147239435965 -0.054526262088000224 -0.040411061066795227 -0.49945496562979896 -0.30315288233852011 0.096326135434926713 0.31064481308114611 -0.079187240403759074 0.0063806372314408949 0.11772529330267319 0.0072663468588051354 0.3532486580625302 -0.33622536050691271 0.038290927881358322 -0.23077529931172253 0.12034032183724482 -0.48596201334148648 -0.43327933738177471 -0.33002814104758116 -0.032648349331287504 -0.4674022399464674 0.23199333549089673 -0.10058206764387156 1.3750944077724316 -0.36820028315759401 0.56333601187245974 -0.062914655519528628 0.067360612942219011 -0.078290545252146918 0.55973793505173597 0.41265942813248818 0.52426890791626646 -0.24135358148505764 0.39239841094240546 -0.12671318880978275 0.20487144553163864 0.44570882594126549 -0.23036257447484806 0.16853625659110413 0.11921480057565242 -0.0061750641709047384 0.35168137808759065 -0.029662802038508098 -0.78509398322523571 -0.01489269670828716 0.22661378261115817
leaf_weight=4087 16513 2216 7188 5004 1651 5962 2580 2204 820 162 2764 1928 2863 128 334 216 2259 2265 1318 166 225 714 89 2273 25212 1012 851 118 124 447 924 73 63 219 82 3953 71 136 126 60 102 77 508 2173 381 71 403 319 188 75 363 318 150 97 158 1245 2910 125 2654 128 96 134
leaf_count=4087 16513 2216 7188 5004 1651 5962 2580 2204 820 162 2764 1928 2863 128 334 216 2259 2265 1318 166 225 714 89 2273 25212 1012 851 118 124 447 924 73 63 219 82 3953 71 136 126 60 102 77 508 2173 381 71 403 319 188 75 363 318 150 97 158 1245 2910 125 2654 128 96 134
internal_value=0.00224986 -0.0166747 0.0101287 -0.0270839 -0.0378952 -0.046273 -0.06322 -0.0753909 -0.153153 -0.0540014 0.0428133 -0.0750275 -0.0982334 0.00338405 -0.135875 -0.213295 0.00484054 0.0067365 0.0407347 -0.306232 -0.0871174 -0.0459579 -0.0270525 -0.0643731 0.0132437 -0.0199312 -0.0557012 -0.0870516 -0.151732 -0.222356 -0.30312 -0.0935972 -0.0239139 -0.294936 0.0206891 0.0458769 0.013745 0.0515414 0.318545 0.587126 0.0324962 0.0418074 0.097156 0.113402 0.16566 0.0580055 0.182083 0.222846 0.0426868 -0.000185359 0.166338 0.255791 0.0676434 0.102833 0.407036 0.0324506 -0.00235491 0.00867465 -0.0404181 -0.566424 0.266629 -0.0311862
internal_weight=112075 32944 79131 28857 23853 21637 15675 14024 3024 11000 13535 8420 6492 65596 678 550 64918 6347 4082 328 6164 3301 3076 2362 48405 8872 6613 5601 2766 1915 1176 739 2835 292 39533 14321 8805 4852 322 196 4530 4428 5516 5008 2576 2432 2494 2038 2361 456 1561 818 743 415 477 4351 3106 3035 2717 252 246 497
internal_count=112075 32944 79131 28857 23853 21637 15675 14024 3024 11000 13535 8420 6492 65596 678 550 64918 6347 4082 328 6164 3301 3076 2362 48405 8872 6613 5601 2766 1915 1176 739 2835 292 39533 14321 8805 4852 322 196 4530 4428 5516 5008 2576 2432 2494 2038 2361 456 1561 818 743 415 477 4351 3106 3035 2717 252 246 497
is_linear=0
shrinkage=0.05


Tree=136
num_leaves=63
num_cat=0
split_feature=120 99 97 69 98 115 83 124 82 96 78 77 98 90 103 115 83 114 127 68 52 11 90 46 68 82 81 82 68 84 68 92 129 95 83 79 72 126 82 97 75 98 111 71 82 92 133 68 83 79 78 79 79 66 41 91 75 74 84 68 78 121
split_gain=6727.75 5878.22 5521.5 10281.6 8383.77 6789.89 10682.3 8554.72 7431.28 12487.9 10045.9 9732.16 11518.6 7001.99 6433.62 6191.61 6171.57 6047.1 6014.08 9526.54 6249.57 8958.5 6278.09 8459.3 7656.85 10139.6 6260.5 7349.03 7420.42 5934.45 6434.61 6081.49 5888.93 5758.47 6937.76 9378.56 7632.28 8037.3 7576.73 7765.98 7377.83 7679.37 7025.78 6948.96 6703.83 6808.94 8304.26 6006.34 8069.4 11927.5 6385.32 5908.03 6463 6431.68 5815.45 5732.42 5666.67 5520.28 12078.3 10414.2 8012.91 9589.26
threshold=-0.93081904677264815 0.61906873281999675 0.61796744959302796 0.68549831303117614 1.9828077512308915 0.0057043414508312507 0.31343116515816788 -0.101811190659113 -0.098818263724336594 0.03625178318692391 0.037724314832121859 0.26622221804068436 -0.37213613655389099 -0.96765420502389687 -0.023339082340698047 -0.0062761364464876497 0.12066197745664177 -0.16483357597768164 -0.054788480761146792 0.27916517114578093 0.67950229392206163 8070.505000000001 -0.16453659590090997 -0.24937602517031707 -0.56661637935606957 -0.042219634558111896 0.24411094807890901 0.22728523875767051 -0.048720710719733842 -0.029189415100281446 0.38158094986951691 0.55436732622903773 0.0015362858171809502 0.21047289249396597 0.37846542936007438 0.030115275370160805 -0.31818806071912681 -0.20247055223711344 0.28005929960284837 0.70289889485177703 0.071839647074528362 1.1216229373308293 -0.012213993851664247 0.69526945520791139 -0.07462300330020484 -0.73714944358185375 -0.0016810357397573996 -0.77766503905756401 0.57358723020312408 0.06626482179534797 -0.0044043704972381494 0.1306116800447478 0.092351078933248412 -0.60888564778192067 0.051749330734329753 0.15539785122247607 0.067269905962557816 0.011654938034208752 0.084159920276677971 0.54137263295036375 -0.033031892860579594 0.053005610957976755
decision_type=2 2 2 2 2 2 10 2 10 2 2 2 2 2 2 2 8 2 2 2 2 2 2 2 2 10 2 10 2 2 2 2 10 8 10 2 2 2 10 2 2 2 2 2 10 2 2 2 10 2 2 2 2 2 2 2 2 2 2 2 2 2
left_child=-1 -2 4 33 5 6 7 17 10 -10 -8 12 -11 -7 15 -5 -15 -3 19 -18 22 -22 23 -20 -24 -26 27 28 56 -17 -31 -32 -13 34 35 44 -37 -38 39 -36 41 -40 43 -39 -4 -46 54 -41 55 50 -50 52 -44 -54 -47 -49 -27 58 -35 60 -60 -62
right_child=1 2 3 14 -6 13 8 -9 9 11 -12 32 -14 16 -16 29 18 -19 20 -21 21 -23 24 -25 25 26 -28 -29 -30 30 31 -33 -34 57 38 36 37 42 40 47 -42 -43 51 -45 45 46 -48 48 49 -51 -52 -53 53 -55 -56 -57 -58 -59 59 -61 61 -63
leaf_value=-0.083324944088973618 0.014134373873664681 -0.22906316492809606 0.11234786462489642 -0.1259217125804919 0.47156182341715874 0.097943315818065813 -0.015493972212589547 -0.011995983585942867 0.045914534574689879 0.024173866669336956 0.31136991019607807 0.34521474314993517 0.77458375505205379 0.18238306755171807 -0.040925614894375073 0.031339472384200311 -0.025051750860554913 -0.063929133412291436 -0.052422477309074379 0.71367454921710305 -0.40408872397558099 -0.10385440797836837 0.097102085016302353 -0.19408787832404129 0.00059093133780323791 -0.766367219864176 -0.073506347022016985 -0.039642028034741962 -0.016163093015551567 0.3608028893495886 -0.40842572703597047 0.19190857944389184 -0.055773825868964205 -0.0090263345938398666 0.032469293645294189 0.058378526151166711 0.34051082625742857 -0.21277442608353875 0.1864462550098214 0.056767782603001485 0.00676649564743847 0.7652560712826072 0.15016986935152163 0.23966679226141424 0.073431860659828138 -0.055204029277999805 -0.0019788469042080971 0.37013043615846869 -0.42426185234755026 0.019637952572493643 -1.0548243632983594 -0.24883544915914535 -0.0024918273091316225 0.5656535066866083 -0.5128315457179492 -0.12855795542242973 -0.3311540630180389 -0.038282290112525291 0.45944927428731996 -0.09930631432839683 -0.054322806257654781 0.60233361421505349
leaf_weight=2491 43138 906 582 388 84 764 5798 4953 2864 74 244 172 165 263 12492 1155 137 1429 3633 63 286 1862 1152 1484 4010 129 1188 228 99 346 61 131 194 2654 2291 2404 614 251 446 394 640 65 1012 127 347 100 276 61 118 107 62 74 66 202 228 823 183 4810 365 212 223 73
leaf_count=2491 43138 906 582 388 84 764 5798 4953 2864 74 244 172 165 263 12492 1155 137 1429 3633 63 286 1862 1152 1484 4010 129 1188 228 99 346 61 131 194 2654 2291 2404 614 251 446 394 640 65 1012 127 347 100 276 61 118 107 62 74 66 202 228 823 183 4810 365 212 223 73
internal_value=-0.00208806 -0.000242669 -0.00956004 0.00444862 -0.0243631 -0.0256682 -0.00365391 -0.0491984 0.031247 0.0895635 -0.00224457 0.295776 0.543308 -0.0495549 -0.0273659 0.054012 -0.0572181 -0.128073 -0.0615901 0.21004 -0.0654158 -0.143999 -0.0514618 -0.0935373 -0.0206473 -0.0438992 -0.141495 -0.267585 -0.393632 0.095299 0.232297 4.94166e-05 0.133096 0.028071 0.0513425 0.0863278 0.121026 0.185169 0.00743305 -0.026176 0.119953 0.261423 0.129936 -0.0605325 -0.0211924 -0.102949 -0.204235 -0.111993 -0.168775 -0.398681 -0.646083 0.183114 0.208261 0.426248 -0.373903 -0.0937669 -0.512972 -0.00344572 0.0440606 0.205275 0.302965 0.109106
internal_weight=112193 109702 66564 34200 32364 32280 16799 7288 9511 3469 6042 605 239 15481 14573 2081 14717 2335 14454 200 14254 2148 12106 5117 6989 5837 1827 639 411 1693 538 192 366 19627 11290 6283 4750 2346 5007 3856 1151 511 1732 378 1533 951 604 1565 1171 287 180 1354 1280 268 328 884 312 8337 3527 873 661 296
internal_count=112193 109702 66564 34200 32364 32280 16799 7288 9511 3469 6042 605 239 15481 14573 2081 14717 2335 14454 200 14254 2148 12106 5117 6989 5837 1827 639 411 1693 538 192 366 19627 11290 6283 4750 2346 5007 3856 1151 511 1732 378 1533 951 604 1565 1171 287 180 1354 1280 268 328 884 312 8337 3527 873 661 296
is_linear=0
shrinkage=0.05


Tree=137
num_leaves=63
num_cat=0
split_feature=135 41 133 25 95 98 121 111 92 87 135 73 64 109 69 79 40 77 82 103 38 94 27 96 70 90 92 95 77 59 84 121 50 109 95 52 96 53 84 92 74 71 76 135 105 50 84 121 51 90 87 91 86 110 54 91 2 87 94 46 135 119
split_gain=6444.42 6654.96 5891.42 5311.38 8050.84 6576.38 6208.15 9589.49 9401.72 7816.91 7144.65 7287.63 5971.91 6542.22 6521.63 11256.4 6712.44 8695.83 15539.1 6482 6571.98 5700.03 5684.52 5474.97 6602.33 5904.79 5170.35 6703.01 5518.16 5104.41 5725.19 5096.51 6040.44 5385.88 5890.65 5131.27 5063.33 5039.98 5016.03 7803.23 9051.88 6099.21 5073.32 5066.28 4991.96 6724.75 8976.72 7928.12 7702.5 7470.9 7115.6 6867.07 11499.8 6667.71 6657.63 7185.52 7106.19 6569.99 8227.87 6938.42 6696.01 6554.14
threshold=-0.011412773274299499 0.088009286581421167 0.014501946779329903 -0.15939571757516763 0.53754716134164016 1.9828077512308915 0.0023255663200127002 0.0027160356236236006 -0.26899184409643828 0.44069354407140054 0.052160749009845908 0.57851450076915867 0.69561175190466751 -0.0019996716940232496 0.65535967375476767 0.20627650256858823 -0.36294475236470608 0.31861361660143606 0.9549470299490489 0.044136290111984604 0.53502318299674889 -0.038584892663830445 -0.084490231447980443 0.25139639853356371 0.19426336901624511 -0.37493920143873588 0.87200325975112392 0.49957570926690653 0.25647822150688288 0.29643199991248925 0.83243109224876732 0.010498867683111651 0.46693770979650978 0.0016670046931142504 0.16094583971657958 0.88716539617796963 0.10178129886350203 0.20474420949697905 0.075304228969922019 0.21717480395830843 0.019588048057329555 0.73424496758710889 -0.077941433376103028 0.014691354741982802 -0.024152037420680197 0.99269718029298193 -0.41602850090966131 0.010021471610949103 0.33623683414288624 0.5687307994306765 0.40734560992758023 0.15370973274508667 -0.45986799508496806 -0.0048790290324044992 -0.13784181956094024 0.20221262126501957 1402.0850000000003 0.21675451626604603 -0.13043190200106217 -0.60993412478711584 -0.021185652249108549 0.015235220499399751
decision_type=2 2 2 2 10 2 2 2 2 2 2 2 2 2 2 2 2 2 10 2 2 10 2 2 2 2 2 10 2 2 2 2 2 2 10 2 2 2 2 2 2 2 2 2 2 2 2 2 2 2 2 2 2 2 2 2 2 2 8 2 2 2
left_child=2 3 44 -2 6 23 7 8 9 -5 11 29 19 21 15 16 -15 18 -18 26 -21 -14 36 25 -25 -6 27 31 -29 30 -10 33 35 -8 -35 -33 -9 -16 -31 40 41 -40 -41 -42 -1 46 50 48 51 53 -46 52 -48 57 55 56 -53 58 -50 -59 -61 -52
right_child=1 -3 -4 4 5 -7 12 22 10 -11 -12 -13 13 14 37 -17 17 -19 -20 20 -22 -23 -24 24 -26 -27 -28 28 -30 38 -32 32 -34 34 -36 -37 -38 -39 39 42 43 -43 -44 -45 45 -47 47 -49 49 -51 61 54 -54 -55 -56 -57 -58 59 -60 60 -62 -63
leaf_value=0.029650045344803783 0.00260333657158712 -0.015156222444198633 0.01969339906076192 0.18489775839476325 -0.08891890080091458 0.41116871924662013 0.13758079108473215 0.076501196004316083 -0.10145918111305662 -0.36323695231761255 0.24109949432595662 -0.15285887435206946 -0.22595091625848354 0.6259318178166049 0.13112682569887596 -0.046218096684039894 0.15457292175302226 0.051561535351117953 1.0202813770368018 -0.18411813227702745 0.24815378970089408 0.16709615608056388 0.13798216685823048 0.44208070695057283 -0.035419842747375106 -0.60029236977470335 -0.049256551192899262 0.8101213161928067 0.16237660307150623 -0.056370353567455248 0.09970996437680929 0.14044624845945028 0.46183594649946191 0.13033027793798183 -0.17750801636488892 0.53011385994436944 -0.18100220090437591 -0.12615101183303742 0.22517732102686253 0.037833516267120837 -0.078186811227351438 0.72063091035965277 -0.25412110666607973 0.39375170028131262 0.0043463032812861404 0.008806041367182469 -0.37300835235293994 0.052045591426380947 -0.76336512338370088 0.0021417332892779187 -0.046734889234453764 -0.62462518581579773 0.22404343785815098 -0.079220302623517661 -0.037085431657860275 -0.049210158736681497 -0.12725713825510707 0.040886051671836399 -0.24027378215054274 -0.25221818360772968 -0.0081559302580783959 -0.3601065739917364
leaf_weight=3758 23963 19755 9484 932 162 81 2013 554 1995 69 263 957 400 107 281 500 160 386 76 321 120 119 2498 73 3336 86 352 68 64 1433 429 1063 212 296 325 91 290 585 141 2850 225 112 156 75 8903 7797 96 1192 79 1072 470 154 479 2437 4439 318 135 463 1323 986 393 258
leaf_count=3758 23963 19755 9484 932 162 81 2013 554 1995 69 263 957 400 107 281 500 160 386 76 321 120 119 2498 73 3336 86 352 68 64 1433 429 1063 212 296 325 91 290 585 141 2850 225 112 156 75 8903 7797 96 1192 79 1072 470 154 479 2437 4439 318 135 463 1323 986 393 258
internal_value=-0.000380761 0.00928554 -0.0152341 0.0192993 0.0357928 -0.0316891 0.0480876 0.0271228 0.00181053 0.146789 -0.015009 -0.0230814 0.0841719 0.0230769 0.0624527 0.136461 0.261648 0.198077 0.436489 0.116588 -0.0661978 -0.135682 0.100091 -0.0416078 -0.025068 -0.267949 0.134575 0.150244 0.499645 -0.00631584 -0.0658298 0.138591 0.216954 0.0978855 -0.0308031 0.171606 -0.012087 -0.0426144 0.0225902 0.0543898 0.226826 0.446482 0.0226027 0.040714 -0.0247663 -0.031365 -0.0448671 -0.0710729 -0.0829363 -0.118924 -0.00795061 -0.0396873 0.123887 -0.141766 -0.0583478 -0.213523 -0.393531 -0.188713 -0.270272 -0.126523 -0.182719 -0.158134
internal_weight=112210 67974 44236 48219 24256 3738 20518 12979 9637 1001 8636 8373 7539 2614 2095 1229 729 622 236 4925 441 519 3342 3657 3409 248 4484 4132 132 7416 2424 4000 1366 2634 621 1154 844 866 4992 3559 553 253 3006 300 34752 30994 23197 13566 12374 6753 9631 5621 575 5681 5046 607 289 3244 1402 1842 1379 728
internal_count=112210 67974 44236 48219 24256 3738 20518 12979 9637 1001 8636 8373 7539 2614 2095 1229 729 622 236 4925 441 519 3342 3657 3409 248 4484 4132 132 7416 2424 4000 1366 2634 621 1154 844 866 4992 3559 553 253 3006 300 34752 30994 23197 13566 12374 6753 9631 5621 575 5681 5046 607 289 3244 1402 1842 1379 728
is_linear=0
shrinkage=0.05


Tree=138
num_leaves=63
num_cat=0
split_feature=84 105 50 70 73 88 72 79 101 82 91 68 55 70 80 55 97 84 94 84 80 90 82 53 82 101 81 64 91 101 88 69 80 76 111 73 74 46 90 133 85 85 79 40 111 62 70 101 85 97 100 72 76 86 97 68 119 72 85 119 46 90
split_gain=5538.56 5034.59 4775.11 8783 7572.57 8160.29 7930.8 7420.08 6585.96 6552.77 6848.49 6507.27 18475.7 18592.9 9245.4 12075.5 10386.8 12007.6 10562.1 8707.66 8556.61 13304.4 12352.5 8273.46 7837.9 11179.6 7456.84 7337.57 6964.88 6825.71 6687.01 7346.28 6671.17 10177.7 8242.18 6847.41 16821.8 6654.76 6509.92 6473.76 6328.68 6306.21 11653.8 8935.46 8459.25 8059.06 7661.18 7643.3 6203.71 6096.06 7413.33 8036.37 11343.7 6902.24 5970.56 6018.22 5902.57 6857.51 7961.4 9366.12 6344.78 5756.9
threshold=1.9452356209253612 0.022868070887692205 0.63392051538988059 0.3947758103932642 0.44588444764642893 -0.16019862368391738 0.70345190625136977 0.13700383321735668 0.64878152433897052 -0.20105035078893102 0.17889693036352797 0.29853287681087443 0.11313222890168281 0.18555233485293682 -0.6755693464565975 0.036256599865967361 0.66564407763141376 0.13228574300199297 -0.084459474936191728 0.68472321930467805 -0.70356830865610576 -0.46432229027553273 -0.14699945851168003 0.18447676156594858 -0.14469588169553707 0.78229151755610926 0.27756666359709625 -0.083872949599156935 0.18359064968644087 0.42308456051894033 0.049696651539452158 0.93699461183972999 -0.73786882430114564 0.18166167074403342 0.012889259677814702 0.57659683222602143 -0.0019650207972969499 -0.019868495116050395 -0.64537094255911709 -0.009211884578113198 0.40828342058458028 0.37327281658984329 0.037376074872157251 -0.7640218249289884 0.0059125053897806012 -0.037370084890508193 0.2211419625106408 0.6563083866509819 0.45905336714461559 0.52678907726149793 0.13530069192191702 0.20390197288424258 -0.23643839791890292 -0.014397683797368549 0.41350924437392056 -0.81516754687364812 -0.0082041266614521994 0.43233715706570403 0.35633640140971873 0.0046056528655700505 -0.12601510801112586 -0.88692530920642376
decision_type=2 2 2 2 2 2 2 2 2 8 2 2 2 2 2 2 2 2 10 2 2 2 8 2 8 2 2 2 2 2 2 2 2 2 2 2 2 2 2 2 2 2 2 2 2 2 2 2 2 2 2 2 2 2 2 2 2 2 2 2 2 2
left_child=1 2 11 4 7 -6 9 8 -4 10 -7 30 13 14 -13 23 17 -17 -19 24 22 29 40 28 25 56 -27 -18 -16 -22 -1 32 49 34 48 41 -37 -26 -20 -12 -14 42 45 -44 -45 -35 47 -47 -34 -32 51 52 -51 61 -43 -56 -15 -58 59 -59 -60 -54
right_child=-2 -3 3 -5 5 6 -8 -9 -10 -11 39 12 20 19 15 16 27 18 38 -21 21 -23 -24 -25 37 26 -28 -29 -30 -31 31 -33 33 35 -36 36 -38 -39 -40 -41 -42 54 43 44 -46 46 -48 -49 -50 50 -52 -53 53 -55 55 -57 57 58 60 -61 -62 -63
leaf_value=0.0018633429996694419 -0.12520219743715852 -0.013999253467004827 0.66111552720325761 0.019429816891491248 -0.50451688800678884 -0.56679867591040256 0.42244896406864191 0.064929626325271314 0.25062927503828158 0.11924400449160091 -0.28294909352347969 0.17493688128692542 0.13398273226632854 0.36078427889887332 0.17880235231114608 0.042745275335743071 0.23851173369205625 -0.065406799554824827 -0.27846496904328949 -0.36510898454681689 -0.11632329294893971 -0.13954023849523392 -0.31689829777027001 0.34786383974602197 0.11965249723872579 0.59950488442555072 0.041552975221916484 -0.43599460898410708 -0.52196189629567136 -0.61151740037566293 0.16076542165180949 -0.39963326177905117 0.14684400637833669 -0.039314929267138615 0.39500311541026234 -0.0028242501897944344 0.78257497920065511 -0.1921837241045391 -0.8702859847408505 0.2882907641754347 -0.29058505580263233 0.39294108292231195 0.28369348457750471 0.091611193712701891 -0.22270392395659067 0.85393081842026186 -0.016878150337999994 0.31015135026882185 -0.054928872576455227 -0.79324084186227994 0.11780592512711884 0.14859043853623527 -0.19463058034671801 -0.45595531588928262 0.23605867508240044 -0.12617795884786887 0.19558685056693037 0.038630370337755314 0.42108282573228961 -0.6180168464096315 -0.15531259500318106 0.41089336074167682
leaf_weight=50925 866 35121 151 10132 60 77 153 280 280 675 104 189 594 211 65 93 111 74 61 91 93 986 289 133 434 239 80 62 76 282 220 88 2379 161 288 224 97 281 212 93 102 64 186 357 532 103 90 176 453 103 199 104 106 131 124 1396 475 108 101 108 89 61
leaf_count=50925 866 35121 151 10132 60 77 153 280 280 675 104 189 594 211 65 93 111 74 61 91 93 986 289 133 434 239 80 62 76 282 220 88 2379 161 288 224 97 281 212 93 102 64 186 357 532 103 90 176 453 103 199 104 106 131 124 1396 475 108 101 108 89 61
internal_value=0.000682917 0.00166323 0.00888121 0.0378239 0.137263 0.0585296 0.0896151 0.265676 0.39564 0.0355667 -0.170257 0.00346911 -0.0478249 0.0285667 -0.14189 -0.20952 -0.3327 -0.461504 -0.596383 0.111323 -0.15502 -0.236211 -0.042709 0.0662678 0.131878 0.200178 0.460147 -0.00433532 -0.19993 -0.489345 0.00840857 0.0520189 0.0573326 0.0748739 0.140566 0.0164573 0.236202 -0.00299857 -0.739547 -0.0131834 0.071434 -0.00572888 0.0641015 -0.0305332 -0.0965218 0.255745 0.384242 0.513234 0.114561 -0.0684766 -0.140241 -0.241959 -0.343366 -0.18574 -0.0764808 -0.0964913 0.123884 0.0668011 -0.0839823 -0.291028 0.151688 0.0276781
internal_weight=112198 111332 76211 12005 1873 1162 1102 711 431 949 274 64206 5639 3293 1076 887 613 440 347 2217 2346 1361 985 274 2126 1411 319 173 141 375 58567 7642 7554 6630 3120 3510 321 715 273 197 696 3189 1605 1075 889 530 369 279 2832 924 704 505 401 298 1584 1520 1092 881 406 216 190 167
internal_count=112198 111332 76211 12005 1873 1162 1102 711 431 949 274 64206 5639 3293 1076 887 613 440 347 2217 2346 1361 985 274 2126 1411 319 173 141 375 58567 7642 7554 6630 3120 3510 321 715 273 197 696 3189 1605 1075 889 530 369 279 2832 924 704 505 401 298 1584 1520 1092 881 406 216 190 167
is_linear=0
shrinkage=0.05


Tree=139
num_leaves=63
num_cat=1
split_feature=131 105 8 111 74 136 100 72 93 92 76 81 82 125 56 109 70 98 62 46 127 64 85 72 86 77 89 83 72 75 81 81 48 50 87 123 41 127 71 58 98 77 105 100 81 92 93 74 119 100 50 42 86 82 95 94 86 94 74 70 89 75
split_gain=6018.95 5519.26 5902.58 7101.74 9847.65 9010.06 9417.31 8585.13 9806.35 5776.56 7345.39 5387.59 6544.05 7377.65 7491.8 5877.61 5365.6 6467.33 6685.65 5289.12 5032.12 9368.83 5868.66 5776.52 10399.7 6806.08 6279.18 6753.89 5490.94 6931.48 5430.2 4953.54 5682.33 6935.61 6325.2 4900 4799.19 4796 6387.44 4919.49 6039.55 4793.28 4632.27 4611.21 4605.24 4593.8 4517.69 9497.06 8526.4 7864.34 7025.53 6599.74 7704.68 6599.31 5464.6 5870.49 4475.71 5659.08 4432.21 4386.31 13405.3 11975.8
threshold=-0.0013462484760658998 -0.028724461825613796 47.685000000000009 -0.0042969196332087985 0.76777326922511568 0 0.092451133099678867 -1.0473491310102407 0.44631842218925039 0.49353821608663379 -0.4404735740214234 0.17927745901289424 -0.032739024864840947 -0.0028616599614549993 -0.71765199688031378 0.0049228349615137012 -0.70115900776450812 0.044067081251663108 -0.12625621361120201 -0.23308151687007123 0.039949533056228205 1.0000000180025095e-35 0.41406116785102021 -0.28504334476944276 -0.028507861435299545 0.29956825217555022 0.063414982282300761 0.25734827345617139 -0.73780014708422137 0.076561975448140016 0.23378283026496918 0.21412964134197618 0.15706481516574028 -0.78547601078374008 0.39091582979012479 0.048300008097042553 0.059739397886185056 0.018704586753870354 0.60942485432106841 -0.26944598494396549 0.19306155117457563 0.40095099859277827 0.021604231114780752 -0.40974283546157292 0.21206133380380962 -1.4910765704369005 0.27260852654782891 0.19504809267705256 -0.0036552871057359995 -0.45194013282624551 1.1148461882170388 -0.53180565426966908 -0.17836298617206989 -0.15759645684770526 0.13565034134014708 -0.082376706476606734 -0.16641590822311256 -0.069515075588668582 -0.020328123943953547 0.19426336901624511 0.065946336118806764 0.070228153318059164
decision_type=2 2 2 2 2 1 2 2 2 2 2 2 8 2 2 2 2 2 2 2 2 2 2 2 2 2 2 10 2 2 2 2 8 2 2 2 2 2 2 2 2 2 2 2 2 2 2 2 2 2 2 2 2 10 8 10 2 8 2 2 2 2
left_child=45 -2 3 4 5 6 46 -7 37 19 44 16 36 15 56 20 -10 -18 -19 -6 22 -22 23 26 -25 -26 27 -14 -24 30 -30 32 33 -16 -34 -4 43 38 -9 58 -41 -20 -28 -13 -11 -1 47 48 -3 50 53 -50 54 -48 -53 -56 -15 -58 -40 -47 61 -61
right_child=1 2 35 -5 9 7 -8 8 11 10 -12 12 13 14 31 -17 17 18 41 -21 21 -23 28 24 25 -27 42 -29 29 -31 -32 -33 34 -35 -36 -37 -38 -39 39 40 -42 -43 -44 -45 -46 59 49 -49 51 -51 -52 52 -54 -55 55 -57 57 -59 -60 60 -62 -63
leaf_value=-0.13487205288936188 0.03690024585462106 0.067834941551686734 0.040099295492847679 -0.0050275278893203625 -0.069715790621703494 0.069714245917996728 0.11636834238109968 -0.0502232736375402 -0.2208425922694871 -0.34806016735055234 0.21547274809854572 -0.0013826413510054196 -0.68164561413999269 -0.22976155819287941 0.068322707235183508 -0.557634636937963 -0.056364831698654153 0.077795285261740357 0.68078470032466099 -0.5662899279823671 -0.13504697186153328 -0.81915661750768776 0.099646810286355261 -0.17377974733465562 0.01639429162586889 0.69775998226326452 0.2797709149030066 -0.052411379249876038 -0.38101786698218643 -0.75059248303112236 -0.0060590618767026004 -0.051145780044559608 0.080559388155649822 -0.4991868022124728 -0.25550046360334128 -0.090201347995608749 0.047786924376675609 -0.045488291599309949 -0.0011969869116984725 -0.29842789290020089 -0.70755924857515207 0.19341598797488857 -0.2764206001718269 -0.14331790895079083 -0.050054044645611452 0.0094453137432748639 -0.092997954682500661 0.053431799232837612 0.1350561361735711 0.071790591786263999 0.023179256645753765 -0.75680368577538082 -0.051263070925503876 -0.41172044469894153 -0.7846284232178673 -0.22713388969889983 -0.051771660283452176 0.3786563213950801 -0.30350181743773952 0.02445307778131205 0.0072485580929603673 0.26324906279863164
leaf_weight=500 6045 211 7274 37453 79 1200 1624 424 167 274 127 1322 86 66 70 103 492 470 94 168 135 79 97 136 61 91 96 84 236 75 163 2420 265 229 295 800 1692 573 232 505 110 110 60 1008 246 30830 954 609 76 2262 1270 120 147 195 60 216 121 205 253 940 4819 1189
leaf_count=500 6045 211 7274 37453 79 1200 1624 424 167 274 127 1322 86 66 70 103 492 470 94 168 135 79 97 136 61 91 96 84 236 75 163 2420 265 229 295 800 1692 573 232 505 110 110 60 1008 246 30830 954 609 76 2262 1270 120 147 195 60 216 121 205 253 940 4819 1189
internal_value=-0.000557378 -0.00888019 -0.012951 -0.0183591 -0.0405859 -0.0338407 0.0093584 -0.0580021 -0.070192 -0.203106 -0.124227 -0.0505154 -0.0641336 -0.101322 -0.063097 -0.194642 0.0434002 0.0814031 0.181904 -0.408388 -0.167538 -0.390228 -0.127027 -0.0196414 0.143261 0.426212 -0.163554 -0.372855 -0.242263 -0.312295 -0.228237 -0.0878004 -0.190885 -0.36654 -0.096612 0.0271791 -0.0162898 -0.168907 -0.21525 -0.278757 -0.372636 0.420213 0.065453 -0.0628215 -0.207447 0.0155399 -0.0190368 -0.0964839 -0.206414 0.00478699 -0.0578717 -0.299857 -0.360865 -0.1474 -0.475374 -0.350723 0.143239 0.219226 -0.159194 0.0175342 0.0534199 0.157876
internal_weight=112313 74035 67990 59916 22463 21569 7744 13825 12625 894 647 10528 9195 5173 3671 1502 1333 1166 674 247 1399 214 1185 614 288 152 326 170 571 474 399 3279 859 299 560 8074 4022 2097 1524 1100 615 204 156 2330 520 38278 6120 1439 830 4681 2419 619 543 1149 396 276 392 326 485 37778 6948 2129
internal_count=112313 74035 67990 59916 22463 21569 7744 13825 12625 894 647 10528 9195 5173 3671 1502 1333 1166 674 247 1399 214 1185 614 288 152 326 170 571 474 399 3279 859 299 560 8074 4022 2097 1524 1100 615 204 156 2330 520 38278 6120 1439 830 4681 2419 619 543 1149 396 276 392 326 485 37778 6948 2129
cat_boundaries=0 1
cat_threshold=12
is_linear=0
shrinkage=0.05


Tree=140
num_leaves=63
num_cat=0
split_feature=118 124 25 34 110 127 75 25 125 87 80 90 90 55 90 81 85 69 95 81 76 103 75 59 127 49 120 69 37 38 132 113 102 81 86 44 76 68 102 44 73 46 55 75 87 81 134 102 111 71 113 39 93 118 128 84 107 86 76 125 86 38
split_gain=5625.8 4682.68 5089.19 6257.15 5738.87 6546.24 8947.45 6980.22 8398.9 6545.01 9008.79 8902.1 8404.38 11048.8 9249.68 8823.2 7853.09 7354.5 7012.65 11785.5 10898 6802.61 6526.52 5723.82 9436.09 5518.47 6254.36 5488.69 5455.66 5612.22 5363.51 5326.98 5326.35 5278.11 6005.08 5179.23 6598.75 6517.39 5056.86 5053.3 6672.67 5883.04 6418.09 8952.07 7169.29 7544.65 6173.14 5021.28 5171.14 4971.05 4969.59 5027.08 4911.17 4811.7 4800.6 4610.1 4560.7 4532.45 6580.38 5924.55 5020.57 4743.55
threshold=0.92129917928984295 0.97130755246610978 -0.19076219711072792 -0.058227588416828895 -0.0048790290324044992 -0.0087655118686145988 0.052254285104872955 1.0357062665960055 -0.014025482923744547 0.25718177632445577 -0.69687529673098114 -1.289387900647774 0.50754438876871399 0.061043370425068806 -0.44488267866249004 0.30068618214482651 0.32289520179782216 0.70340641253657166 0.16195097756456886 0.25541710026863979 -0.26030668561088394 0.0042715259397087006 0.055095085839687606 0.34802993924758946 0.011260341412757552 0.33653366082821029 0.12056798412571286 0.80590045563568691 0.49587241587923775 0.91202364520901036 0.11065225595482327 0.00162190475560095 0.41388311186023496 0.26370492452956679 -0.15042625470074769 -0.0021943500719694494 -0.34864638352334798 0.59235647352607124 -0.43973691775430829 -0.10113838418036174 0.46662752815344577 0.10502365102157271 0.077456342188608154 0.10589236333319377 0.25718177632445577 0.20897561562486813 1.5529835563525654 0.99739591442690056 -0.011784929255138799 0.67971319599416091 0.014223167084097902 0.18622338008966038 0.25902309167518028 0.086951849837057768 0.01041384229796188 0.32423079790736997 0.014784814030958651 -0.38168906888752313 -0.43429528928429811 0.0034169078333178005 -0.36196367890104447 -0.037571079375403348
decision_type=2 2 2 2 2 2 2 2 2 2 2 2 2 2 2 2 2 2 10 2 2 2 2 2 2 10 2 2 2 2 2 2 2 2 2 2 2 2 2 2 2 2 2 2 2 2 2 2 2 2 2 2 2 2 8 2 2 2 2 2 2 2
left_child=1 2 -1 38 5 6 -5 8 35 10 11 -10 13 14 49 47 56 23 19 21 31 32 -20 24 52 26 -19 -24 29 -8 -11 -21 -16 34 -25 36 37 -7 -4 40 -6 42 43 44 46 -46 -41 48 -15 -12 51 -50 -18 -51 -23 -45 -13 58 59 -53 -59 -62
right_child=-2 -3 3 4 39 7 28 -9 9 30 12 16 -14 15 18 -17 17 25 22 20 -22 54 27 33 -26 -27 -28 -29 -30 -31 -32 -33 -34 -35 -36 -37 -38 -39 -40 41 -42 -43 -44 55 45 -47 -48 -49 50 53 -52 57 -54 -55 -56 -57 -58 60 -60 -61 61 -63
leaf_value=-0.0039110836573597726 -0.029692356935328047 -0.056680988900404489 0.10291054359583923 -0.070708405506107727 0.056567010245331312 -0.96224121828289599 0.35897326822941888 0.026551194868600931 -0.39731795515975743 -0.018026395637045105 0.34392951539279348 0.18028891542291439 0.057336095980393381 -0.35525263063494622 0.018385060894517944 0.23397478240905173 0.53502088609675413 -0.49372033159199519 -0.29016183607800067 -0.91933784201031643 -0.15291484662145377 -0.27389181313799721 0.0024762809748684056 0.14846649130627718 -0.36884835297597274 0.17805063803990684 0.10072051828342772 0.36013815027661622 0.074564582054447576 -0.092838731436945862 0.12962374241947885 -0.32417614055617205 0.59262766197564143 -0.11121557770591034 0.63366702441288081 -0.035078887794545648 -0.18792301822108803 -0.25387336328912241 0.029254258145381642 0.042434516637695437 -0.13165570816988761 0.0045852991261528392 0.031782548511434215 0.1602541258016342 -0.057532032221106116 0.4181162612184734 0.3891611778601895 -0.36135303617931264 -0.53534242286166156 -0.36084746008199303 -0.4876948701336663 0.085318391489577886 0.018900460435683469 0.24570536643047547 0.15554131271994928 0.52654731286583478 0.59502075853136682 -0.60739697482850818 0.25846868705683651 -0.25722709894817702 -0.44418179699272486 -0.07748121377572699
leaf_weight=51550 13351 2995 3377 769 861 67 389 4930 100 1847 220 219 862 323 116 117 63 151 171 104 199 251 1011 145 130 74 62 119 1040 83 921 61 61 75 114 235 269 64 7517 2298 1037 6279 4600 157 115 300 135 441 66 62 93 242 165 67 87 192 95 62 180 262 105 529
leaf_count=51550 13351 2995 3377 769 861 67 389 4930 100 1847 220 219 862 323 116 117 63 151 171 104 199 251 1011 145 130 74 62 119 1040 83 921 61 61 75 114 235 269 64 7517 2298 1037 6279 4600 157 115 300 135 441 66 62 93 242 165 67 87 192 95 62 180 262 105 529
internal_value=0.000777932 0.0048778 0.00679417 0.0191436 0.00851968 -0.0109899 0.0680882 -0.0226031 -0.0454498 -0.0342103 -0.0593171 0.0548531 -0.0866904 -0.111783 -0.0386774 -0.188134 0.0901038 0.0202131 -0.076954 -0.185968 -0.403322 -0.0318588 -0.00321449 0.108449 -0.0304744 -0.192175 -0.321028 0.0404267 0.13868 0.279495 0.0311305 -0.702587 0.218505 0.257001 0.363645 -0.221623 -0.330856 -0.620713 0.0520941 0.0302808 -0.0462864 0.0406076 0.0696124 0.124017 0.0946515 0.286489 0.0618253 -0.209671 -0.173571 0.199951 -0.135234 -0.112244 0.163226 -0.0463494 -0.163224 0.362697 0.307256 -0.0916364 -0.000197847 -0.0929076 -0.181369 -0.138816
internal_weight=112582 99231 96236 44686 33792 17818 2281 15537 10607 9972 7204 1393 5811 4949 2529 2420 1293 979 2180 879 364 515 1301 692 358 287 213 1130 1512 472 2768 165 177 334 259 635 400 131 10894 15974 1898 14076 7797 3197 2848 415 2433 2303 1862 349 1539 1446 228 129 338 349 314 1380 684 504 696 634
internal_count=112582 99231 96236 44686 33792 17818 2281 15537 10607 9972 7204 1393 5811 4949 2529 2420 1293 979 2180 879 364 515 1301 692 358 287 213 1130 1512 472 2768 165 177 334 259 635 400 131 10894 15974 1898 14076 7797 3197 2848 415 2433 2303 1862 349 1539 1446 228 129 338 349 314 1380 684 504 696 634
is_linear=0
shrinkage=0.05


Tree=141
num_leaves=63
num_cat=0
split_feature=135 106 84 38 58 73 46 87 90 94 58 85 68 46 52 82 79 46 115 129 101 111 111 112 46 125 115 125 97 67 35 122 122 74 88 121 72 79 119 83 46 88 94 90 125 44 79 68 87 94 73 93 74 35 97 129 72 115 82 94 38 69
split_gain=6107.87 5752.2 5003.1 6022.03 9779.86 9699.51 8534.48 8534.99 8158.59 7708.65 6424.69 6286.52 6629.07 6363.67 6186.78 8532.05 10413.2 6152.28 6520.33 5866.38 10697.8 5913.48 5748.75 7988.45 5798.41 11160.5 10120 7233.65 7219.5 6698.43 6808.99 6497.87 5910.82 6044.19 5564.12 5548.13 5528.57 5410.59 5575.91 5260.97 7528.9 7842.06 13484.9 9166.75 7715.04 8008.09 7499.89 12508 11561.9 10816.7 9943.03 14495.6 8034.7 9262.93 7338.96 9064.84 8687.73 8409.28 7138.66 9345.73 9514.04 8016.07
threshold=-0.040217509395397345 0.16998857713509655 1.878062294331329 0.54890223747536993 0.7686528964847158 0.44767407795873609 -0.33055962785362353 0.24129434510863942 -1.027908526873704 -0.086542243395772947 -1.5790798500714984 0.3387650368397393 0.38158094986951691 0.11255096761187795 -0.11208800519578303 -0.096459612712423246 0.12236403013705187 2.6696392077545696 -0.0098498252493359976 -0.012378049833640548 0.6851224797766079 -0.0015970468867484496 -0.028725606635850647 0.18286206572872901 0.46960522194439563 -0.00046287770206574993 0.022502021915822106 0.024671680771849305 0.41350924437392056 0.50303735459639121 0.66859965961069634 0.031201769073472402 0.014866758607420953 0.0089680296273445016 0.27597201342834704 0.0074826965401409012 0.29927040491679735 0.022373672836856404 -0.0076277605235343495 0.26804242846983845 0.19235974644032158 -0.03767371703297144 -0.0086719762812273483 -0.96765420502389687 0.0083486300770848516 -0.013824951533806648 0.030718009667212953 -0.43022091963344333 0.22013780555235199 -0.10434820540892938 0.49538123191988409 0.56525142590978972 -0.021311074491938146 0.58863868059378988 0.7971162542303708 -0.0063023477712734486 0.088712368228951802 0.0099715334049657513 -0.28331893273871295 -0.043791813812787343 0.067142932326911972 0.59692366446839595
decision_type=2 2 2 2 2 2 2 2 2 8 2 2 2 2 2 10 2 2 2 10 2 2 2 2 2 2 2 2 2 2 2 2 2 2 2 2 2 2 2 8 2 2 10 2 2 2 2 2 2 8 2 2 2 2 2 10 2 2 8 8 2 2
left_child=1 -1 3 4 8 6 7 -6 14 -7 -10 13 -13 -8 15 -2 -17 18 34 21 -21 -11 23 -12 26 29 27 39 -27 -26 -31 -29 -28 -34 36 -35 -5 -30 -39 46 41 42 -41 -43 -45 -46 47 -24 49 -49 52 -52 -50 -54 55 56 -44 -57 -42 60 -60 -61
right_child=2 -3 -4 17 5 9 11 -9 10 19 22 12 -14 -15 -16 16 -18 -19 -20 20 -22 -23 24 -25 25 28 32 31 37 30 -32 -33 33 35 -36 -37 -38 38 -40 40 58 43 54 44 45 -47 -48 48 50 -51 51 -53 53 -55 -56 57 -58 -59 59 61 -62 -63
leaf_value=-0.00033692027943867136 0.065435288306258999 -0.066086556443828132 -0.10891387523926846 -0.54889374038347838 0.2245107790188835 0.21477156479449311 -0.60166558108899915 -0.38457167230433592 -0.13346650289542772 -0.24628810133941159 -0.02502128637305678 -0.23790329085553397 0.18825680655119989 -0.039848451144420184 0.19218095810229185 -0.010449447189556793 -0.66026170564734421 -0.063925023563666861 0.045876993065359854 -0.54848093950213528 -0.15855838833590932 0.2221167284830482 0.0090067711013891143 -0.23913045468591931 0.66589472825177998 0.34629963763396848 -0.032864589866861318 -0.045932480464340793 0.46455142208758526 0.3827133968028994 -0.12810200063563953 -0.33724816695793525 -0.11546831992223822 -0.2422294867512855 0.10962202397089649 -0.71438892453231606 -0.077005580924105366 0.18139472955865765 0.0010512835560098359 -0.0050548971459768114 -0.43091160716799398 -0.39788015219844408 0.69880250780132869 0.081941525541555385 0.11616517336637114 -0.062487481824890667 -0.0030937783045127606 -0.64784822180671131 -0.02890406594826625 -0.028496137298032888 -0.33930475935750803 0.38117674636714005 -0.36259688227403936 -0.95276493613015534 0.61634090588830248 0.12127916712220937 0.15310631612298975 -0.33105399421838233 0.073997899884970422 -0.25914757962539159 -0.21093687121876462 -0.032607663038574611
leaf_weight=6809 2749 6503 977 64 450 96 114 65 924 166 1770 169 196 90 838 187 91 1659 17485 311 406 112 1821 577 98 175 1323 580 67 167 106 285 765 219 413 87 1397 466 5213 20180 119 110 117 8964 885 2147 17312 75 64 975 271 93 138 131 87 520 193 127 1824 691 348 897
leaf_count=6809 2749 6503 977 64 450 96 114 65 924 166 1770 169 196 90 838 187 91 1659 17485 311 406 112 1821 577 98 175 1323 580 67 167 106 285 765 219 413 87 1397 466 5213 20180 119 110 117 8964 885 2147 17312 75 64 975 271 93 138 131 87 520 193 127 1824 691 348 897
internal_value=-0.000663108 -0.0324586 0.00361488 0.00473818 -0.00174059 -0.106231 -0.000278423 0.14704 0.0013001 -0.211408 -0.00255614 -0.13364 -0.00917205 -0.355209 0.0720327 0.0387181 -0.224762 0.0284572 0.0363769 -0.252701 -0.328216 -0.0574585 -0.000825915 -0.0777385 0.00184394 0.0475518 -0.00284467 0.00124842 0.0308563 0.313206 0.184631 -0.142194 -0.103598 -0.190863 -0.0522391 -0.378361 -0.0980382 0.0211906 0.015879 0.00338682 0.0146586 0.0223317 0.00401404 0.0544429 0.0586234 -0.0103201 -0.0166997 -0.0826964 -0.178234 -0.0733099 -0.335967 -0.154686 -0.533068 -0.652466 0.179149 0.138803 0.360647 0.0321166 -0.0512608 -0.0391339 0.0282693 -0.131285
internal_weight=112258 13312 98946 97969 76951 2175 1084 515 74776 1091 70911 569 365 204 3865 3027 278 21018 19359 995 717 278 69987 2347 67640 6292 61348 58954 5921 371 273 865 2394 1071 1874 306 1461 5746 5679 58089 37209 33330 21224 12106 11996 3032 20880 3568 1747 1050 697 364 333 269 1044 957 310 647 3879 3760 2172 1588
internal_count=112258 13312 98946 97969 76951 2175 1084 515 74776 1091 70911 569 365 204 3865 3027 278 21018 19359 995 717 278 69987 2347 67640 6292 61348 58954 5921 371 273 865 2394 1071 1874 306 1461 5746 5679 58089 37209 33330 21224 12106 11996 3032 20880 3568 1747 1050 697 364 333 269 1044 957 310 647 3879 3760 2172 1588
is_linear=0
shrinkage=0.05


Tree=142
num_leaves=63
num_cat=0
split_feature=92 8 112 88 121 81 87 99 80 69 121 109 121 101 92 46 84 90 101 77 79 89 71 84 69 79 89 83 93 87 105 119 90 101 119 74 42 40 81 38 79 84 84 44 94 80 70 98 74 81 78 77 90 77 78 85 73 38 44 103 38 85
split_gain=5745.66 7251.27 5642.95 6595.97 5736.8 5884.8 5211.63 4858.63 7193.25 11812.2 8931.82 7334.34 6607.41 10494.6 7447.43 9522.71 14417.2 10189.2 7021.01 10525.3 6913.54 6329.96 6292.93 7392.56 6695.77 7982.57 12418 7710.7 9890.12 8531.24 8061.18 7405.72 7147.13 6546.25 6108.38 5789.59 13632 8083 8076.88 7038.74 6906.67 7375.29 13450.4 6577.82 6298.12 6151.57 8286.26 14510 6967.18 7004.67 5849.68 5793.81 8798.73 7946.5 7175.99 8672.79 7072.54 6415.48 7410.04 5703.92 5684.31 5680.8
threshold=1.6735774859547405 47.725000000000001 0.42262164697730709 -1.0936259434456495 -0.030198551020894044 0.16046188473057543 0.47529645418178751 0.61707091389124913 0.60298532841290131 0.78729160205686521 0.024510323240199354 -1.0000000180025095e-35 0.0076619151431047512 0.49278296693730966 0.68654194367633914 -0.29863440159358295 0.40712199641918784 -0.43211632855040333 0.4609312581653941 0.25815050758294916 0.03134505421136561 0.037241178587643309 0.91370054150238278 0.35846847990202696 0.68686587467877114 0.088805980264340362 0.15023743129658793 0.21215716355968137 0.62881370538769277 0.1872098050141178 0.025196580217842653 -0.011990146407670399 -1.2243681271590721 0.62712510720322745 0.019581423621542155 0.11655028024546847 -0.35540981953335304 0.0275024966584714 0.17385201252344312 0.56406092938591723 0.065572456197023857 0.009912532279955151 0.31306612746994916 -0.034592163391761493 -0.084459474936199139 -0.62292733362784947 0.14395218465423279 0.15471316652865957 0.016861698696452154 0.25302331881469814 -0.0044043704972381494 0.28312799215051337 0.22190051213452658 0.35830450676347231 0.017409543631689204 0.39129590881738091 0.49937742523837919 -0.21861693013859812 0.050603966815877206 -0.018088298434401694 0.53502318299674889 0.31007799646815615
decision_type=2 2 2 2 2 2 2 2 2 2 2 2 2 2 2 2 2 2 2 2 2 2 2 2 2 2 2 8 2 2 2 2 2 2 2 2 2 2 2 2 2 2 2 2 10 2 2 2 2 2 2 2 2 2 2 2 2 2 2 2 2 2
left_child=1 2 7 -4 -5 -6 -3 8 11 21 -11 12 14 20 -1 17 -17 -16 -18 -20 -14 -10 24 -24 25 35 27 28 -27 30 33 -26 34 -29 -28 37 43 38 -9 40 51 -42 -43 44 -37 -39 47 -47 50 60 -48 52 -38 54 -53 -56 57 -54 -59 -51 -50 -46
right_child=-2 6 3 4 5 -7 -8 22 9 10 -12 -13 13 -15 15 16 18 -19 19 -21 -22 -23 23 -25 31 26 32 29 -30 -31 -32 -33 -34 -35 -36 36 39 45 -40 -41 41 42 -44 -45 61 46 48 -49 49 59 -52 53 56 -55 55 -57 -58 58 -60 -61 -62 -63
leaf_value=0.015273386064861106 -0.10430405733183212 0.063774181465286989 0.08963075564065065 -0.26478521073298467 0.10193261131900913 -0.0788113521144371 -0.045318615606584164 0.13359454283828395 0.53889924361753994 0.19309616717856287 0.87992152261394496 0.029137437600637264 -0.68566246569106315 -0.0153833942768936 -0.033323177581817402 -0.6175796080549053 -0.26796917065525544 0.58593588738479241 0.28411220779083668 -0.27653664712043896 -0.18219337471476238 0.048659460630761306 0.15797222374767964 -0.083173384924360494 0.0448637895093765 0.19925119434706018 -0.42407273995497868 0.34730010456922983 0.83636168662990851 0.11448199476819639 -0.43414258724495547 -0.042120170991314751 0.0052576847677364312 -0.096398254529859395 -0.041330685755476743 0.14433335074782372 0.073395881964320342 0.14265497252741957 -0.017693821722796613 0.2447763794087664 0.039696771866104825 -0.66540788519769345 0.056241979340250187 -0.024644777124747635 -0.62636980777329743 -0.39878154756996192 0.043282926076350092 -0.089660213858317461 -0.39469092485110907 0.415904312595474 0.62061934403010788 0.15732157403569197 -0.034154519200498279 -0.31090354539720078 0.25956795963302126 0.99634697479861123 0.14087095774523914 -0.96854845825296187 -0.19723431094279212 -0.0088435363758202577 -0.086829637826984163 -0.20458769188381312
leaf_weight=9779 1348 6592 706 363 507 3975 1312 930 67 120 78 17793 73 1729 1030 176 353 70 199 143 899 2094 1119 443 2757 480 188 107 69 2939 133 21708 3417 360 233 99 2967 263 16835 527 377 129 128 1699 100 541 118 1270 210 88 69 540 85 69 112 62 99 64 61 706 521 391
leaf_count=9779 1348 6592 706 363 507 3975 1312 930 67 120 78 17793 73 1729 1030 176 353 70 199 143 899 2094 1119 443 2757 480 188 107 69 2939 133 21708 3417 360 233 99 2967 263 16835 527 377 129 128 1699 100 541 118 1270 210 88 69 540 85 69 112 62 99 64 61 706 521 391
internal_value=-0.00173593 -0.000490199 -0.00402651 -0.0530593 -0.0738659 -0.0583476 0.0456622 -0.00123772 0.0138151 0.0980785 0.466726 0.00764747 -0.0188125 -0.089314 -0.0026 -0.0912405 -0.214646 0.00658061 -0.111868 0.0495661 -0.220671 0.0641012 -0.00950392 0.0895713 -0.0120237 0.00139975 0.0458743 0.106504 0.2807 0.0794098 -0.0922903 -0.0323164 -0.0187159 0.0057877 -0.212846 -0.0107317 0.0270743 -0.023905 -0.00976678 0.0716822 0.0521966 -0.101169 -0.307162 -0.0746395 -0.218322 -0.0902257 -0.107646 -0.182173 -0.0287494 -0.0641165 0.258479 0.0761708 0.0469346 0.198276 0.247849 0.526292 -0.206562 -0.370244 -0.5967 0.0386957 -0.17569 -0.291589
internal_weight=112419 111071 103167 5551 4845 4482 7904 97616 34603 2359 198 32244 14451 2701 11750 1971 871 1100 695 342 972 2161 63013 1562 61451 36986 7926 4088 549 3539 600 24465 3838 467 421 29060 7509 21551 17765 5220 4693 634 257 2289 590 3786 3523 1811 1712 1525 187 4059 3276 783 714 174 309 210 125 794 731 491
internal_count=112419 111071 103167 5551 4845 4482 7904 97616 34603 2359 198 32244 14451 2701 11750 1971 871 1100 695 342 972 2161 63013 1562 61451 36986 7926 4088 549 3539 600 24465 3838 467 421 29060 7509 21551 17765 5220 4693 634 257 2289 590 3786 3523 1811 1712 1525 187 4059 3276 783 714 174 309 210 125 794 731 491
is_linear=0
shrinkage=0.05


Tree=143
num_leaves=63
num_cat=0
split_feature=111 135 124 113 19 36 125 107 58 97 115 80 80 113 38 42 71 81 76 99 41 36 95 38 113 88 117 91 77 73 76 72 92 16 91 95 90 100 96 88 51 64 125 72 95 82 66 71 77 77 76 97 111 135 69 69 80 91 49 96 100 75
split_gain=5344.21 7574.82 5820.97 6756.69 6170.38 9238.87 8309.48 7236.02 6728.54 5697.44 5648.54 6973.73 6546.69 7777.08 8294.02 10243.7 6493.77 6668.76 6260.72 5784.83 5384.05 5529.21 5272.66 9319.32 7321.73 6246.37 6687.84 5343.19 7007.85 6505.84 5107.91 7169.41 9391.98 8757 6409.77 5926.48 5583.16 7070.65 8450.65 12147.7 7903.38 7663.15 7005.3 9906.12 9849.1 8760.17 6865.89 7375.94 6524.97 6684.99 6385.59 6091.79 5930.32 5734.8 5686.99 5576.12 10019.5 9692.11 6455.31 10699.2 10666.3 7408.73
threshold=-0.0093033407681651983 0.021393252529724953 -1.0000000180025095e-35 -0.0083676967696433967 0.893814317610229 -0.58285374600495576 0.0011264843984539503 -0.015843615167069846 0.21841498369564807 0.80691269207905114 0.0025573182867686503 -0.99844698206526583 -0.38201746255589714 0.0024228482741439007 -0.48810448488716668 -0.22788320572369308 0.58765557847660277 0.25189786169389322 0.13327529927526319 0.84849099480530277 0.072386758871412257 -0.06308948559213598 0.21513283813860748 -0.23607118686736131 0.0018526542835303503 0.049696651539452158 -0.0043320157857985493 0.21061266982858298 0.26543655749367651 0.50339179052461358 -0.31248596988369609 0.65274573111300216 0.84081641050295397 14.669450000000001 0.21153262536764184 0.72302310456131635 -0.8758218124737478 -0.63479100585328141 0.41545651201642164 -0.077060707630496036 0.28155408208126725 -0.77417038323098841 1.0000000180025095e-35 0.29927040491679735 0.51751191816817865 -0.12730294054069166 -0.42225007636132211 0.66038367332571746 0.4878574660128529 0.35266406003066575 -0.41690830338222856 0.67378137902740531 0.020725872297644752 -0.035793604615357695 0.75227656792274766 0.5048830196701487 0.013173458680745652 0.20046908471735023 0.23012408103698437 -0.76340639070156058 -0.024692215745994544 0.10014442704844316
decision_type=2 2 2 2 2 2 2 2 2 2 2 2 2 2 2 2 2 2 2 2 2 2 10 2 2 2 10 2 2 2 2 2 2 2 2 10 2 2 2 2 2 2 2 2 10 8 2 2 2 2 2 2 2 2 2 2 2 2 8 2 2 2
left_child=1 2 3 -1 5 -5 7 -7 -8 30 11 -9 13 14 -13 -16 -14 -18 -12 -17 21 -15 23 -11 25 26 -25 29 -29 -28 31 32 35 -33 -34 36 42 40 41 -40 -38 46 44 -44 45 -2 47 50 49 55 -39 53 -51 -41 -45 56 -43 -58 -57 -60 61 -61
right_child=9 -3 -4 4 -6 6 8 10 -10 22 18 12 16 20 15 19 17 -19 -20 -21 -22 -23 -24 24 -26 -27 27 28 -30 -31 -32 33 34 -35 -36 -37 37 38 39 51 -42 48 43 54 -46 -47 -48 -49 -50 52 -52 -53 -54 -55 -56 58 57 -59 59 60 -62 -63
leaf_value=0.12476399562545995 0.005594915668216357 0.042894642003858702 -0.011074968183228484 0.0035062684685973041 -0.011456753114802737 0.064319510423742676 0.054662875400390477 0.097555198780325966 -0.15647182984551525 -0.011740226141957636 -0.17864160733877968 -0.063604950495972867 0.035416803467780991 -0.69164311078147611 -0.36098233182665879 -1.078118848659861 -0.36781715433153939 -0.0095400679544363626 0.12123082695169407 -0.46993724205454845 0.2103860110990585 -0.17780908063187728 0.032450621116084599 -0.60367179576737384 -0.050319949192167993 0.068731451689542006 -0.30206091556474568 -0.79459703813951754 -0.074487866314708204 0.27770013045283815 0.015619283040729869 -0.025611480719088555 -0.35621883239526031 0.084644292925819264 -0.034777380359807507 0.42234455534835924 0.015400996901832831 -0.34939066794373702 -0.48687409695605155 -0.18784776824759319 -0.30162919624734902 -0.076347558736038545 0.033077304248840887 0.22562986015768388 -0.64042415416744713 -0.43618266796770178 -0.030295884291592398 -0.10178594461509161 0.37384000720145805 -0.12458125206910342 -1.0439162651224743 -0.22420920547903389 -0.59953154271587417 0.31618120229055346 0.74381886001617192 0.034588710748231159 -0.86032415837926024 -0.044934401626770315 0.0042030012457615019 -0.23609571328137047 -0.61918023483659046 0.044550323040391901
leaf_weight=468 1545 4128 15447 1642 3047 271 847 128 679 1370 737 81 234 68 190 126 480 178 227 60 62 222 1130 207 435 90 124 77 60 78 57271 3677 366 3528 269 73 312 73 70 63 530 1241 1784 345 67 120 189 97 95 221 62 73 93 496 62 3449 84 64 2044 637 126 372
leaf_count=468 1545 4128 15447 1642 3047 271 847 128 679 1370 737 81 234 68 190 126 480 178 227 60 62 222 1130 207 435 90 124 77 60 78 57271 3677 366 3528 269 73 312 73 70 63 530 1241 1784 345 67 120 189 97 95 221 62 73 93 496 62 3449 84 64 2044 637 126 372
internal_value=-0.0015296 -0.0198806 -0.0301675 -0.0604211 -0.0697736 -0.09828 -0.134685 -0.182151 -0.0393233 0.00494817 -0.20608 -0.2577 -0.284475 -0.387495 -0.523473 -0.622108 -0.190711 -0.271059 -0.107976 -0.885493 -0.209973 -0.300257 -0.0568266 -0.0981516 -0.208573 -0.316563 -0.380083 -0.242181 -0.482046 -0.0779276 0.00772373 -0.0126201 -0.0322858 0.0283806 -0.220318 -0.0239719 -0.0262774 -0.0454633 -0.0332053 0.133656 -0.184276 -0.0464592 0.0245398 0.0839286 -0.0505927 -0.0264876 -0.254391 -0.436037 -0.036041 -0.0407593 -0.673688 0.203046 -0.266708 0.259143 0.306197 -0.0318775 -0.122929 -0.510391 -0.0127804 -0.0641675 -0.18719 -0.132685
internal_weight=112391 29322 25194 9747 9279 6232 4590 3064 1526 83069 2793 1829 1701 809 457 376 892 658 964 186 352 290 3571 2441 1071 636 546 339 137 202 79498 22227 15022 7205 635 14387 14314 10391 9549 702 842 8847 3923 2191 1732 1665 421 232 8426 8331 135 632 314 559 407 8017 1389 148 6628 3179 1135 1009
internal_count=112391 29322 25194 9747 9279 6232 4590 3064 1526 83069 2793 1829 1701 809 457 376 892 658 964 186 352 290 3571 2441 1071 636 546 339 137 202 79498 22227 15022 7205 635 14387 14314 10391 9549 702 842 8847 3923 2191 1732 1665 421 232 8426 8331 135 632 314 559 407 8017 1389 148 6628 3179 1135 1009
is_linear=0
shrinkage=0.05


Tree=144
num_leaves=63
num_cat=0
split_feature=114 8 112 96 121 81 72 121 116 46 87 125 99 101 116 72 79 51 95 131 96 129 125 114 111 62 75 125 127 117 70 50 95 121 91 122 99 131 99 74 99 93 54 55 82 40 74 40 112 126 70 50 43 69 87 114 32 80 103 93 59 59
split_gain=5775.88 5404.01 6635.06 7038.3 6304.2 6250.06 5160.88 5038.5 6040.63 4812.98 9204.83 10534.9 6019.01 12501.1 9662.17 6294.47 6039.59 8134.58 5913.31 5728.12 5424.49 5396.3 6799.35 8534.7 6942.62 6585.35 5908.22 6220.81 10710.2 6170.67 7038.21 11039.7 10088.1 9302.9 9103.64 8942.43 8057.35 7767.54 5876.5 5705.24 6573.36 5681.29 5614.65 8370.6 7139.44 5836.21 5806.22 8633 5984.25 5529.67 5397.6 6507.92 5972.94 5355.05 5249.46 5216.24 5139.35 5065.63 4934.51 6319.42 4927.89 4835.47
threshold=0.99736560643813921 47.725000000000001 0.42262164697730709 -0.92916108059987967 -0.030198551020894044 0.15729148269447893 -0.24395934954259516 -0.030198551020894044 2.923412418501051 0.43287901001596674 0.20149441209085778 -0.00046287770206574993 0.5652450052204735 0.69844241755328584 1.2811313832565669 -0.97777418082066248 0.022373672836856404 0.37102429257017649 0.19127701099356728 -0.0013462484760658998 0.27446271973421132 -0.0079805817579294992 0.0078099267522541505 0.075175963824853517 -0.0018526502386267498 0.13253488039377817 0.24523164999437616 -0.0017506676761955998 0.0040879205848359012 0.012993372496274752 -0.70876149916256115 0.65025809461840944 0.13606670104158317 -0.0066219409120011992 0.15762423859188454 -0.043544073153469746 0.94357267847520931 0.039698089965490707 0.68525312972279873 0.76777326922511568 0.48392696047055761 0.28175663903886122 0.023608177385911856 0.090043910224698057 -0.28981648751778244 0.19586139383592951 0.10407093270626762 0.022271656765571354 0.061949767114341407 0.47752776025870947 -0.14230514555221316 0.56083897391042004 0.51772653440296701 0.48282764854459054 0.23630204373599237 0.27178702184946885 0.68232789965420648 0.60298532841290131 0.020734016462049556 0.49948083640653124 0.89602976426117154 0.31813742181241239
decision_type=2 2 2 2 2 2 2 2 8 2 2 2 2 2 10 2 2 2 8 2 2 10 2 2 2 2 2 2 2 10 2 2 10 2 2 2 2 2 2 2 2 2 2 2 10 2 2 2 2 2 2 2 2 2 2 2 2 2 2 2 2 2
left_child=1 2 9 -4 6 -6 -5 -3 -9 19 11 18 13 -12 20 -14 17 -17 -11 -1 57 22 24 -24 39 -26 27 28 -23 30 -30 32 38 34 -34 36 -35 41 54 -21 61 -36 44 58 45 55 47 48 -46 -37 52 -52 -25 -13 -32 -29 -43 -15 59 -44 -18 -41
right_child=-2 7 3 4 5 -7 -8 8 -10 10 12 53 15 14 -16 16 60 -19 -20 21 -22 26 23 50 25 -27 -28 42 29 -31 31 -33 33 35 37 49 -38 -39 -40 40 -42 56 43 -45 46 -47 -48 -49 -50 -51 51 -53 -54 -55 -56 -57 -58 -59 -60 -61 -62 -63
leaf_value=0.014619170627747109 -0.051503597267282264 -0.042733023463411957 0.084977484933205505 -0.54035602485528222 0.11737437226176967 -0.08595036669555306 -0.13243164995033294 0.033366954217902756 0.14787053738765468 0.69705852934947377 0.0029890229445608228 0.32201709590936928 0.28203444857170029 0.19546536207199097 0.9033284499309957 0.73566857623333659 -0.01880825312871395 -0.070027367701192222 0.14316371257106464 0.009817964571158834 0.05526589615481723 0.0041900599918757815 0.022292962408721417 -0.016778013933633356 0.03592998300469382 0.15127801404575347 -0.47659578634322525 0.0018884821219080569 0.031206354981266712 0.024738171263780796 0.0093794414522274158 -0.037775810738359783 0.2040386065119697 -0.27541910681767673 -0.9146431745211413 -0.028624318375781194 -0.88713603088307014 -0.10516332479556334 -0.1406647753108001 -0.30796366538059838 0.26109047929578005 -0.36903968047028712 -0.095853204225697819 0.13600859535920823 0.042292042840220957 -0.25050548188802274 0.070114990351459766 -0.091158725424690501 -0.07613692713036864 -0.25783069819347781 -0.30926306682168281 -0.016745481419969687 -0.4141379432915484 0.061507888222513435 0.46605739974461147 -0.14473540103326357 -0.77571165951691112 0.76479362784556937 -0.19186511705954989 0.13056482239406927 0.31951690788526055 -0.049360818464841166
leaf_weight=32074 5177 1336 745 127 423 3488 199 4169 1591 116 849 219 188 89 63 62 8572 62 83 4973 193 5047 2418 1157 4970 1647 71 2246 775 992 251 2026 61 386 76 837 62 148 561 375 93 404 1595 444 6691 359 4142 2071 1268 383 571 285 102 1919 83 830 97 70 929 381 108 349
leaf_count=32074 5177 1336 745 127 423 3488 199 4169 1591 116 849 219 188 89 63 62 8572 62 83 4973 193 5047 2418 1157 4970 1647 71 2246 775 992 251 2026 61 386 76 837 62 148 561 375 93 404 1595 444 6691 359 4142 2071 1268 383 571 285 102 1919 83 830 97 70 929 381 108 349
internal_value=6.99194e-05 0.00256798 -0.000429773 -0.0566672 -0.0815871 -0.0639351 -0.292513 0.0447254 0.0650148 0.00252551 0.0313095 0.120839 0.0108991 0.113018 0.337565 -0.00346669 -0.0095946 0.335483 0.467908 -0.00188291 0.234033 -0.0124358 0.0105292 -0.0418717 0.0296761 0.0646591 -0.0241478 -0.0231643 -0.0515651 -0.0909604 -0.109624 -0.129931 -0.185654 -0.238044 -0.379831 -0.171043 -0.361864 -0.42917 -0.0418986 -0.010308 -0.132675 -0.511952 -0.00664333 -0.0659751 0.00464519 -0.0600156 0.0203208 -0.000247262 0.0234172 -0.100732 -0.115205 -0.212004 -0.0492739 0.0883305 0.123918 -0.0377094 -0.449165 0.449326 -0.0968825 -0.0521527 -0.0145624 -0.183546
internal_weight=112078 106901 99805 4982 4237 3911 326 7096 5760 94823 12593 2337 10256 1264 415 8992 8804 124 199 82230 352 50156 16940 4533 12407 6617 33216 33145 12189 7142 6150 5375 3349 2454 786 1668 448 725 895 5790 817 577 20956 3349 17607 3435 14172 10030 7959 1220 2115 856 1259 2138 334 3076 501 159 2905 1976 8680 724
internal_count=112078 106901 99805 4982 4237 3911 326 7096 5760 94823 12593 2337 10256 1264 415 8992 8804 124 199 82230 352 50156 16940 4533 12407 6617 33216 33145 12189 7142 6150 5375 3349 2454 786 1668 448 725 895 5790 817 577 20956 3349 17607 3435 14172 10030 7959 1220 2115 856 1259 2138 334 3076 501 159 2905 1976 8680 724
is_linear=0
shrinkage=0.05


Tree=145
num_leaves=63
num_cat=1
split_feature=121 136 127 54 110 25 92 50 34 129 127 69 83 39 93 69 65 134 50 41 77 96 131 8 113 76 69 74 100 6 70 75 79 82 74 55 79 56 97 65 97 70 88 74 79 88 101 93 50 85 121 90 71 92 90 64 90 50 42 101 95 100
split_gain=6459.75 7088.32 6259.76 7220.74 6181.44 7901.01 8960.94 6274.06 5975.96 5720.31 5540.37 6245.4 7553 5952.45 5110.78 9110.79 7219.84 5670.75 6274.4 5054.55 7412 5758.87 5507.4 6031.61 4949.28 4860.69 6847.2 5314.58 5372.89 4996.74 6785.92 4929.68 6187.74 10084.5 6409.68 6057.43 12657 10832.4 10793.5 13744.9 10429.2 9234.84 9553.14 13873.4 8036.43 7933.16 8510.63 10343.5 7763.01 7615.94 7481.29 7536.89 7398.75 7238.25 8645.4 8421.52 7665.31 9648.11 6611.16 6794.96 6590.37 6378.89
threshold=-0.0063676555888824487 0 0.0060477393721863502 -0.059758011776081039 -0.020341001781180295 0.55939164317357493 0.24208730496537953 0.53344348147577791 -0.86120953981778359 0.0082446608539919527 0.028759203872877805 0.69746917694916533 0.21598141841063848 0.82109532285527853 0.52396825775022082 0.83127229531379432 0.42509289757241969 -0.2570199521807221 -0.4389138824404985 0.10393509502156746 0.12421415951108421 -0.26804370301992603 0.041789440427650357 47.595000000000006 -0.00097439072254409986 -0.34864638352334798 0.4773626243936101 -1.4137451450191902 0.42833076236620243 9061.0550000000021 0.11229886877437882 0.061590218318292152 0.065572456197023857 0.253339879992516 -0.17705366130512287 0.083846585126045856 0.038749853546029556 -0.16160063322379811 0.73178682261580363 1.0114462326993539 0.60985007155859883 0.16933401657886757 -0.0135542297215314 0.18123641860680292 0.024512945538991405 0.0029175353268169005 0.90223646132269042 0.37396642528000246 -0.078649420515032639 0.41841527780186222 0.010021471610949103 -0.64537094255911709 0.69660566034469817 0.22552318194787471 -0.4906985391804411 -0.45226852514863963 -0.50361425229290158 -0.22009561626598653 -0.2721892317491425 0.61430789395608865 0.46874224082362509 0.16031498561430949
decision_type=2 1 2 2 2 2 2 2 2 10 2 2 10 2 2 2 2 2 2 2 2 2 2 2 2 2 2 2 2 2 2 2 2 10 2 2 2 2 2 2 2 2 2 2 2 2 2 2 2 2 2 2 2 2 2 2 2 2 2 2 10 2
left_child=1 2 3 -1 5 6 8 9 -3 -8 13 -12 -13 14 -10 16 -16 -18 -19 22 21 -21 23 25 -25 26 29 -27 31 -2 -31 32 33 34 -29 36 38 40 41 52 53 45 43 -43 -44 60 47 58 -42 -49 51 -50 -40 56 -55 -56 -38 -58 -47 -60 -33 -54
right_child=19 4 -4 -5 -6 -7 7 -9 10 -11 11 12 -14 -15 15 -17 17 18 -20 20 -22 -23 -24 24 -26 27 -28 28 -30 30 -32 35 -34 -35 -36 -37 37 -39 39 -41 48 42 44 -45 -46 46 -48 49 50 -51 -52 -53 61 54 55 -57 57 -59 59 -61 -62 -63
leaf_value=-0.0091743404087323097 -0.094692630552279444 0.045233214652093998 -0.019412014051400188 0.11669152119624925 -0.002316230940511753 -0.012873199229087829 -0.25817590673295188 -0.079558105407625271 -0.1209706881385899 -0.71622510680130558 -0.10424458974279956 -0.054449270520027793 -0.55979780942699553 0.29568943480650584 -0.18105337254870005 -0.44592558057712656 -0.034085948376478742 -0.0084944819898928638 0.29234999843135973 0.049587581105658252 -0.027731205100131492 0.33017280097809382 -0.02647005091469001 0.18294431646471712 0.050514981711449781 0.23198734841105956 -0.0027251341749437168 -0.44685402666529028 -0.0018754480006830995 -0.77996217249070909 -0.10656973286586649 0.052428669760194502 0.043015221176622209 0.37834102343957599 -0.050172067105510677 0.0035288689088401135 0.027780757507414752 0.030952006185268166 0.069764234731695421 -0.56818493858173302 0.13888786265103281 0.20993838923773575 0.0051449267000987613 -0.67840580957070484 0.49437957555714435 -0.4906251941599063 0.32691371801097091 -0.89748059535864744 0.046346170826319082 -0.23810194396972656 0.63985109851207767 0.35915680993598048 -0.44530111171770842 0.095057155690749323 0.087858981340871875 -0.46913911552507098 0.13182775590414347 0.56414921293440068 0.52152887063641706 -0.089102508765537047 -0.38657892900465551 0.019673787510165804
leaf_weight=2024 773 1050 4895 2606 10841 6648 629 521 2263 76 650 117 201 113 356 111 663 294 421 1196 13797 215 6931 873 3668 301 8050 104 15520 67 84 4953 4258 134 3403 5209 529 2217 483 153 969 150 115 61 310 66 78 79 260 99 167 745 171 462 110 175 345 206 61 171 86 129
leaf_count=2024 773 1050 4895 2606 10841 6648 629 521 2263 76 650 117 201 113 356 111 663 294 421 1196 13797 215 6931 873 3668 301 8050 104 15520 67 84 4953 4258 134 3403 5209 529 2217 483 153 969 150 115 61 310 66 78 79 260 99 167 745 171 462 110 175 345 206 61 171 86 129
internal_value=0.00132064 -0.0166991 0.0199869 0.0616793 -0.0306981 -0.05252 -0.0878212 -0.211352 -0.0635166 -0.308499 -0.0855267 -0.193362 -0.374621 -0.060757 -0.0706314 -0.00885534 0.0193641 0.0712348 0.168807 0.00929301 -0.0165666 0.0925451 0.015563 0.0207849 0.076009 0.0158907 -0.0175296 0.0229846 0.0214805 -0.146365 -0.408525 0.0351804 0.00209778 -0.0457522 -0.0620597 0.0492599 0.067102 0.119497 0.0218635 -0.136359 0.168948 0.0456569 0.226041 -0.0488701 0.362321 0.025108 -0.154316 -0.233693 0.243811 -0.534126 0.330369 0.278357 -0.0513626 0.0811326 -0.0385089 -0.254602 0.163844 0.294187 -0.0530526 0.0730007 0.044861 -0.245961
internal_weight=112412 34479 9525 4630 24954 14113 7465 1226 6239 705 5189 968 318 4221 4108 1845 1734 1378 715 77933 15208 1411 62725 55794 4541 51253 8974 42279 41978 924 151 26458 7899 3641 3507 18559 13350 6185 7165 936 3968 6229 636 211 425 5593 554 476 2141 178 1172 1005 783 1827 747 285 1080 551 298 232 5039 300
internal_count=112412 34479 9525 4630 24954 14113 7465 1226 6239 705 5189 968 318 4221 4108 1845 1734 1378 715 77933 15208 1411 62725 55794 4541 51253 8974 42279 41978 924 151 26458 7899 3641 3507 18559 13350 6185 7165 936 3968 6229 636 211 425 5593 554 476 2141 178 1172 1005 783 1827 747 285 1080 551 298 232 5039 300
cat_boundaries=0 1
cat_threshold=8
is_linear=0
shrinkage=0.05


Tree=146
num_leaves=63
num_cat=0
split_feature=89 81 72 87 71 44 71 74 50 42 85 87 80 110 47 87 51 46 9 125 95 99 125 123 87 36 76 97 64 125 124 107 123 95 121 122 73 36 95 85 95 99 34 72 71 76 91 95 52 59 72 92 95 129 97 72 125 93 80 86 87 131
split_gain=6421.86 6898.14 6700.19 8684.4 9386.06 6672.02 6515.65 6159.03 9118.06 9791 7502.31 9019.49 11438.2 7757.64 5909.99 5162.86 8513.37 5496.77 9346.19 7868.82 5991.02 8893.5 9830.63 7588.89 6401.54 5759.85 5758.9 5677.76 8060.02 5536.9 7839.18 5420.76 6520.88 5985.52 7974.75 5923.02 5308.28 8040.41 8063.26 5245.45 5043.17 5773.29 4991.22 6396.21 5845.5 4892.15 5099.77 4992.2 4851.72 4840.62 10757.7 8602.48 11408.2 10119.8 9564.68 8462.32 8400.8 8648.9 12042.7 8955.17 8043.14 10684.9
threshold=0.025700066226678055 0.16460760700381086 -0.19062092013612211 0.24355614529658229 0.56335623802333346 0.0081642715545733029 0.71519946153895642 0.16504892648972649 -0.11669642664993064 -0.34088108744788209 0.34855782458801937 0.12722911253283811 -0.33979402762350774 0.056092311854968206 0.2354970317821202 0.45597984939126995 0.75334163509030505 0.46960522194439563 526.40500000000009 0.051578151347766457 0.13687060250914018 0.56034283784881678 0.022848944510930506 0.0011451657842327502 0.19705424229572302 0.40292422716015702 1.239745099129874 0.60545388667669597 1.064732882350744 0.022290725617511806 0.32794668769975449 0.033229508425427705 0.00066798380315780006 0.56028680151436283 0.010021471610949103 -1.0000000180025095e-35 0.30990661740754549 0.32971496392504307 0.11674935476649435 0.30768632433886894 0.098619062823163059 0.78540536199305155 0.18764081745688727 -0.56337285667330794 0.68989633943579809 0.074362094769404072 0.26083000175989746 0.19654027455294587 -0.038571610609539446 0.41403069100393597 -0.1819177490907681 0.2849913028678584 0.19127701099356728 0.028665104000280352 0.78537065118225902 -0.0088788465512740482 -0.0060495372244530497 0.58108640764942698 -0.25539275094818986 0.24112798233045782 0.21137474340442752 0.020875360395437404
decision_type=2 2 2 2 2 2 2 2 2 2 2 2 2 2 2 2 2 2 2 2 8 2 2 2 2 2 2 2 2 2 2 2 2 8 2 2 2 2 10 2 10 2 2 2 2 2 2 10 2 2 2 2 10 10 2 2 2 2 2 2 2 2
left_child=2 7 45 5 -5 14 -6 8 -2 -10 11 -9 -13 -14 48 17 -17 18 29 20 21 22 -19 40 42 26 39 -27 -29 31 -31 36 33 34 35 -33 37 -3 -39 -25 41 -23 43 -22 -45 47 -47 -1 -4 -38 56 52 54 55 -52 -54 57 -51 59 -59 61 -57
right_child=1 15 3 4 6 -7 -8 10 9 -11 -12 12 13 -15 -16 16 -18 19 -20 -21 24 23 -24 25 -26 27 -28 28 -30 30 -32 32 -34 -35 -36 -37 49 38 -40 -41 -42 -43 -44 44 -46 46 -48 -49 -50 50 51 -53 53 -55 -56 60 -58 58 -60 -61 -62 -63
leaf_value=-0.020515098494356468 0.024046958014088887 -0.042329341618568661 0.13676453953132381 -0.10828320604050533 0.69164527418640998 -0.14989359829635399 0.16482729156511827 -0.034578841314412273 0.014828678398190182 0.2518059605483679 0.078816959654320951 0.013652132713684329 -0.34430109260624259 -1.0549737468955742 0.32536889738118163 -0.061707113852319452 0.50973086634820164 0.11340533113203098 -0.33454741141779931 -0.055739844021666124 -0.16467380670101747 0.17368136957503749 0.86784748176607907 0.38199181271826521 0.0039224756419577438 -0.033516588846982366 -0.53080007706303156 0.11888837587913009 0.61774197572465273 -0.013725069346567932 -0.19487864315262551 -0.24430304523090982 -0.0026154167326323547 -0.0068654859913790008 0.076077413535270463 -0.087214709490716719 -0.0096177400329673871 -0.13160575138005828 -0.70769728658876074 -0.082891232939767301 0.15200486192531906 0.81934518896871156 0.039843963575866594 0.14950744590791717 0.44598823205084248 0.083011487068012091 -0.22243925796973768 -0.30790720883504963 -0.22487402827896907 -0.035869655136981711 0.076450136488971199 0.014255535611101773 0.099843566566392219 -0.32639058696215645 -0.23961695228678903 0.30499005314312727 0.011091819276119351 -0.59615745584633262 -0.0072977794945660625 -0.074938948339089026 0.43565816048963701 -0.27185914251784032
leaf_weight=868 3893 1480 343 79 172 245 90 584 715 1116 673 107 90 68 293 5294 65 96 220 2764 114 68 78 67 9567 354 63 357 104 1600 952 1187 4810 1505 400 1216 40966 167 95 563 356 71 1614 587 232 1948 146 182 126 2224 2313 4680 712 84 266 297 11749 255 309 122 630 109
leaf_count=868 3893 1480 343 79 172 245 90 584 715 1116 673 107 90 68 293 5294 65 96 220 2764 114 68 78 67 9567 354 63 357 104 1600 952 1187 4810 1505 400 1216 40966 167 95 563 356 71 1614 587 232 1948 146 182 126 2224 2313 4680 712 84 266 297 11749 255 309 122 630 109
internal_value=-0.00110822 -0.00354467 0.0574627 0.150677 0.368395 0.0766594 0.511992 0.0435721 0.0673403 0.159326 -0.0458018 -0.144563 -0.385903 -0.654872 0.149602 -0.00693333 -0.0546823 -0.00425062 -0.00985022 0.0214721 0.0364084 0.112756 0.45463 0.0828457 0.0226799 0.0270246 -0.0788853 0.117067 0.232522 -0.00893164 -0.0813526 -0.00648513 -0.0426349 -0.0873067 -0.13048 -0.16488 -0.00152484 -0.0876296 -0.342391 -0.0329243 0.252505 0.506978 0.0931068 0.185105 0.233934 0.0174614 0.0616185 -0.0705753 0.0393362 0.000794211 0.0187533 0.0614811 0.111572 0.206944 0.0437705 0.232745 -0.00774742 -0.0837877 -0.238859 -0.428132 0.323899 0.149834
internal_weight=112500 108008 4492 1348 341 1007 262 7246 5724 1831 1522 849 265 158 762 100762 5359 95403 78348 17055 14291 2177 174 2003 12114 1508 693 815 461 78128 2552 75576 9118 4308 2803 2403 66458 1742 262 630 495 139 2547 933 819 3144 2094 1050 469 64716 23750 9091 4411 1832 2579 1748 14659 2910 686 377 1036 406
internal_count=112500 108008 4492 1348 341 1007 262 7246 5724 1831 1522 849 265 158 762 100762 5359 95403 78348 17055 14291 2177 174 2003 12114 1508 693 815 461 78128 2552 75576 9118 4308 2803 2403 66458 1742 262 630 495 139 2547 933 819 3144 2094 1050 469 64716 23750 9091 4411 1832 2579 1748 14659 2910 686 377 1036 406
is_linear=0
shrinkage=0.05


Tree=147
num_leaves=63
num_cat=0
split_feature=84 97 109 123 72 86 76 89 99 122 78 99 83 83 100 84 85 70 119 19 70 80 55 43 69 24 60 47 83 72 70 100 56 93 78 132 38 119 92 94 56 99 109 126 89 78 90 76 84 69 72 125 92 77 81 78 70 54 127 110 84 34
split_gain=5331.35 4822.83 6401.99 9090.82 11996.5 12215.4 8579.76 8932.29 5235.9 5162.15 5073.39 4830.14 5386.33 6900.63 6627.56 6968.13 8891.85 7813.79 5102.93 4424.79 5900.63 5500.75 6649.02 5184.53 6226.62 4998.4 4934.23 5843.59 6016.06 5059.2 10999.2 7183.18 7009.3 7092.88 7891.17 7326.97 6749.86 5503.84 5083.33 5072.71 12785.5 8026.37 8968.79 7459.45 6057.26 11330.1 5339.56 8071 4720.46 4693.52 6042.52 5496.46 4733.98 4594.39 4544.18 4476.36 8901.37 5160.78 4469.34 8047.71 5615.26 11693.4
threshold=1.9452356209253612 0.75821064373318003 0.0014403049476627502 0.0010431212943368001 -0.23530854565460907 -0.068819721531102981 -0.029173858056479846 0.064683106319421771 0.88264380473595627 0.55618191142362472 -1.2136516098951666 1.1291121593694504 1.0850704135746463 1.1614841438159178 0.45253690787830425 -0.048878590696320189 0.48408977904617284 -0.48151357844927195 0.0036332451985469005 0.80587956518047787 0.3947758103932642 -0.71747802618152967 0.085712633380396364 0.31094513572809263 0.80590045563568691 0.24987108535617839 0.17415968974478707 0.3468500366283444 0.94226465834051976 0.68647571808998986 0.45267088489070112 -0.63479100585328141 -0.87050495751143053 0.36245011149640116 0.31554102383408672 -0.12054743260318444 0.40835052970792513 -0.00084022111134949998 0.8888973872806929 0.028663172195555555 -1.1917719973358032 0.5427645376707485 0.0026315180066242005 0.17535961209420142 0.062865421767158161 -0.034873047562496644 -1.0435636029129207 -0.068791087224750594 0.20092794562409053 0.72250974747859631 0.65274573111300216 0.0053941035447187006 0.67469235386402759 0.25815050758294916 0.21364918176924899 -0.0092773397633568472 0.22997398292754923 0.019741219978034904 0.039049636389624207 -0.0087276716630759494 -0.25917624526138344 -0.70839961220824677
decision_type=2 2 2 2 2 2 2 2 2 2 2 2 10 10 2 2 2 2 2 2 2 2 2 2 2 10 10 2 10 2 2 2 2 2 2 2 2 2 2 10 2 2 2 2 2 2 2 2 2 2 2 2 2 2 2 2 2 2 2 2 2 2
left_child=1 9 8 4 -4 -6 -7 -8 -3 19 -11 12 14 -14 15 16 17 -10 -19 26 21 -21 23 24 25 -23 29 28 -28 31 37 32 38 34 35 36 -34 -31 -1 46 -41 -42 44 -44 45 -43 47 -33 -22 50 52 -51 -24 -25 -38 56 -47 -57 -48 60 61 -60
right_child=-2 2 3 -5 5 6 7 -9 11 10 -12 -13 13 -15 -16 -17 -18 18 -20 20 48 22 49 53 -26 -27 27 -29 -30 30 -32 39 33 -35 -36 -37 54 -39 -40 40 41 42 43 -45 -46 55 58 -49 -50 51 -52 -53 -54 -55 -56 57 -58 -59 59 -61 -62 -63
leaf_value=0.070685126330670298 -0.11979923114119102 0.020329801616900192 -0.041595372094542546 -0.010739838047204124 -0.1280520492438616 -0.82985240553106587 -0.60117801055600939 0.033566882735004237 -0.035453568984871932 0.12215220679788988 -0.053469315559545129 0.19943319038081339 -0.66576003958781571 -0.12906619900694261 0.12461028136043793 -0.0077028182049076969 0.174107745412518 -0.25028971918360438 -0.74236680786157483 0.20083680924721412 0.43511067333061304 0.09203699620707273 0.035196714545131333 -0.39709858508671037 0.54290204478161674 0.37833185176991052 -0.13399746540972532 0.17612054493489132 0.14754036905937071 0.045295095843184426 0.035507765869945689 0.03574243597967279 -0.62740007239407392 0.031712338169394387 -0.69587722080094483 -0.049907932821990908 -0.42736746145261306 0.53799869153749302 -0.37609616723443784 -0.69253157005633836 0.44293431119073801 0.55481199153832028 -0.099069089740014715 -0.63158922948944973 -0.11786315715788349 -0.68737410963062318 0.008749376950581542 0.25038722652628603 0.014354408208605417 -0.45884784220710517 0.31896601481097087 0.0072017181078045389 -0.24040406992508903 0.043409964778915018 0.0030398106539918893 0.48872500717639922 0.15452565547311681 -0.010923837889501228 0.091634811321590237 0.0035650187988678045 -0.047819659812760748 -0.43747586461172983
leaf_weight=703 893 5904 889 2032 430 139 128 97 102 445 5282 141 89 181 345 508 84 85 144 832 66 921 595 67 104 182 1624 211 214 82 1346 2417 137 347 83 451 110 184 69 80 78 111 148 118 669 61 64094 534 13180 126 139 126 210 456 137 64 63 252 146 2032 483 363
leaf_count=703 893 5904 889 2032 430 139 128 97 102 445 5282 141 89 181 345 508 84 85 144 832 66 921 595 67 104 182 1624 211 214 82 1346 2417 137 347 83 451 110 184 69 80 78 111 148 118 669 61 64094 534 13180 126 139 126 210 456 137 64 63 252 146 2032 483 363
internal_value=0.00181515 0.00279075 -0.0281754 -0.0819392 -0.167846 -0.308971 -0.521758 -0.328595 -0.00182855 0.00628459 -0.0398042 -0.0797114 -0.105416 -0.30778 -0.0621168 -0.131971 -0.283704 -0.40006 -0.5616 0.00908062 0.032175 0.0874643 0.0551696 0.117812 0.17475 0.139577 0.00400738 -0.0725303 -0.101155 0.00608928 0.0936877 0.00417335 -0.0883906 -0.160802 -0.233527 -0.186792 -0.347012 0.386851 0.0303177 0.00680381 -0.0799861 -0.0482314 -0.0742932 -0.336781 -0.0168334 0.105824 0.00884124 0.0746553 0.0164836 -0.0354652 0.0157748 -0.226716 -0.0369082 -0.0136724 -0.18959 -0.0084448 -0.26182 0.0914934 0.0059465 -0.0534439 -0.170106 -0.285825
internal_weight=112333 111440 11298 3715 1683 794 364 225 7583 100142 5727 1679 1538 270 1268 923 415 331 229 94415 17004 3758 2926 1730 1207 1103 77411 2049 1838 75362 1612 73750 2037 1265 918 835 384 266 772 71713 1644 1564 1486 266 1220 551 70069 2951 13246 1196 944 252 805 523 247 440 124 316 67118 3024 992 509
internal_count=112333 111440 11298 3715 1683 794 364 225 7583 100142 5727 1679 1538 270 1268 923 415 331 229 94415 17004 3758 2926 1730 1207 1103 77411 2049 1838 75362 1612 73750 2037 1265 918 835 384 266 772 71713 1644 1564 1486 266 1220 551 70069 2951 13246 1196 944 252 805 523 247 440 124 316 67118 3024 992 509
is_linear=0
shrinkage=0.05


Tree=148
num_leaves=63
num_cat=0
split_feature=89 72 85 83 99 73 76 99 76 79 74 45 97 99 85 62 34 86 11 74 87 125 86 74 125 71 99 70 86 52 84 82 86 90 105 85 121 82 96 98 86 83 62 61 85 135 74 74 38 89 97 79 74 50 82 74 83 114 86 47 80 66
split_gain=5176.86 7399.02 16908.8 12093 10224 9416.6 9873.5 8776.18 7221.47 6774.67 12773.8 8108.14 8549.26 7369.19 7363.53 7504.39 7179.63 6868.94 6716.68 6457.19 6223.86 5914.34 6419.7 8129.12 7128.56 5881.62 6514.51 9380.78 12700.3 5869.62 5679.31 7233.39 5426.54 5516.45 5405.83 5986.59 7291.57 5401.86 6574.56 8517.24 7725.68 5324.53 5157.24 4821.03 4737.31 4731.46 5781.75 4825.59 6539.89 7167.39 8700.09 4743.78 6249.52 5967.01 11436.9 7727.96 5794.71 4712.58 4655.02 4651.21 4638.76 4625.83
threshold=0.029155121472992953 -0.15703782474792469 0.47690914080228886 0.48706307682735234 0.86650233224002005 0.5104998711799601 0.030856122713444303 0.81602499055176747 -0.11592625867560023 0.029820344376027205 -0.051770173921207793 0.026169219853201402 0.58131387673467083 0.66977410166052664 0.37327281658984329 -0.19199115894362787 -0.40799126470319863 0.99116161051236851 8079.3350000000009 0.21284346459441197 0.24498086958172444 0.0023996873686175503 0.12614965008172604 0.0064083821609394005 -0.0046689318697289489 0.67104581752232362 0.92892411305477085 -0.60915335126067138 -0.055479043479991691 -0.066714836619030396 -0.23276330272827592 -0.25352782319626488 0.69827588122069184 0.23019861464983712 0.026569389093246954 0.42467016460996027 -0.01340985295353655 -0.040313468541681947 -0.012860683732034099 -0.34778649528110489 -0.19374939296451574 0.40869719022380036 0.39405604005994804 0.24380855475441898 0.38660797409008751 0.027438677757350354 -0.061219854344258688 0.025507008376059705 -0.21861693013859812 0.043691620346594608 0.54015077752581098 0.03567081266134086 0.15418380650247238 -0.34883017880662248 0.0045564311521263008 -0.013486142558100598 0.21598141841063848 -0.038974779249600043 0.73109574572598734 0.36833819420732333 -0.39161961340322587 0.15811447051272137
decision_type=2 2 2 10 2 2 2 2 2 2 2 2 2 2 2 2 2 2 2 2 2 2 2 2 2 2 2 2 2 2 2 10 2 2 2 2 2 8 2 2 2 10 2 10 2 2 2 2 2 2 2 2 2 2 10 2 10 2 2 2 2 2
left_child=1 -1 3 5 -5 7 -7 41 -9 10 14 17 19 16 15 -2 -14 25 -17 30 42 22 23 24 -15 -12 37 -28 -29 -18 -13 -32 33 -16 35 43 -37 38 -27 44 -41 -3 -4 -11 -40 51 -47 48 -48 -50 -51 52 53 -38 56 -56 -55 -36 -20 -45 -24 -23
right_child=9 2 20 4 -6 6 -8 8 -10 34 11 12 13 21 32 18 29 -19 58 -21 -22 61 60 -25 -26 26 27 28 -30 -31 31 -33 -34 -35 57 36 45 -39 39 40 -42 -43 -44 59 -46 46 47 -49 49 50 -52 -53 -54 54 55 -57 -58 -59 -60 -61 -62 -63
leaf_value=0.0078230526751611254 0.086594856229652295 0.032900440970520993 -0.59467071193133214 0.54292395495625756 -0.07547099999000513 0.16553039776346398 0.69414486783906959 0.03140245878332576 -0.60262300431728366 0.0035154572413877562 0.0083329511787201185 0.016614162479392319 -0.13466492566081245 -0.32000411526418071 -0.0063348505339471317 0.021355942034558074 -0.36578718921943998 0.39881582584852976 0.27410694766132271 0.4642572924855255 0.14136852956498447 -0.16490826384764853 -0.28345519368741529 -0.1987298572888761 -1.0328317409100598 0.14040456966245016 0.14155087054592291 0.055771034775627039 -0.81865226170122618 -0.84623338117026814 0.23574645884425169 -0.3729492034982938 -0.25346648733345017 0.38386001352546284 -0.054059908631261457 -0.033996209932056286 0.0013375030417757279 -0.16036373124035649 0.37918310326836946 -0.84674570747921551 -0.13732570023501961 0.3921507023298576 -0.042059831693768507 -0.062316641691490975 -0.14712113217734124 -0.016881110024025477 0.10695257311217815 0.042848177035289717 0.81613656308339988 -0.27987589083966757 0.3509846061472528 0.042478644186766688 0.24337546101528895 0.30785823153670538 -0.17742125268690709 -0.80986967965140255 -0.19099659599190535 -0.0062828351982772146 0.82074892958816226 0.14371419106865277 0.11482113237786842 0.119765688827933
leaf_weight=5999 537 821 128 308 85 472 108 85 94 43549 2477 689 177 70 751 72 177 89 67 61 68 303 140 216 72 473 72 62 124 101 61 232 191 102 6977 3541 571 841 79 61 102 117 63 4441 91 688 684 658 68 62 422 12443 145 87 88 108 171 19826 97 291 151 268
leaf_count=5999 537 821 128 308 85 472 108 85 94 43549 2477 689 177 70 751 72 177 89 67 61 68 303 140 216 72 473 72 62 124 101 61 232 191 102 6977 3541 571 841 79 61 102 117 63 4441 91 688 684 658 68 62 422 12443 145 87 88 108 171 19826 97 291 151 268
internal_value=-0.000593842 0.0372845 0.112489 0.159732 0.409322 0.101724 0.264987 0.0167883 -0.303048 -0.00363973 -0.0450797 -0.0750154 -0.143104 -0.213047 0.0733377 0.190206 -0.384641 -0.0336002 0.424606 -0.0306831 -0.267884 -0.148789 -0.251932 -0.39343 -0.686133 -0.0424717 -0.108501 -0.34164 -0.528438 -0.542745 -0.0618689 -0.245853 -0.0132936 0.0407187 0.000296663 0.00779102 0.0309914 -0.0717948 0.0207044 -0.149231 -0.406358 0.0780809 -0.413564 -0.00169313 0.0982427 0.045202 0.107246 0.15232 0.210518 0.338423 0.269761 0.0334271 -0.062791 -0.106297 -0.241376 -0.528255 -0.022239 -0.0187211 0.60044 -0.0496188 -0.077104 -0.0313202
internal_weight=112174 8348 2349 2090 393 1697 580 1117 179 103826 9006 7189 2718 1675 1817 773 455 4471 236 1043 259 1220 649 358 142 4382 1905 258 186 278 982 293 1044 853 94820 68017 19736 1647 806 333 163 938 191 48281 170 16195 2582 1894 1236 552 484 13613 1170 1025 454 196 258 26803 164 4732 291 571
internal_count=112174 8348 2349 2090 393 1697 580 1117 179 103826 9006 7189 2718 1675 1817 773 455 4471 236 1043 259 1220 649 358 142 4382 1905 258 186 278 982 293 1044 853 94820 68017 19736 1647 806 333 163 938 191 48281 170 16195 2582 1894 1236 552 484 13613 1170 1025 454 196 258 26803 164 4732 291 571
is_linear=0
shrinkage=0.05


Tree=149
num_leaves=63
num_cat=1
split_feature=133 70 25 83 134 114 43 38 75 46 117 62 60 95 109 82 89 25 131 81 92 96 76 111 136 58 109 20 113 75 129 84 76 96 83 81 24 62 129 76 105 111 58 76 95 75 109 81 53 108 47 113 37 97 78 82 80 115 37 108 105 97
split_gain=4674.88 5841.53 9736.79 9181.66 7011.38 6588.68 6251.72 6099.67 6099.27 5941.61 5832.14 5790.37 7832.53 5714.01 5712.56 6295.82 5564.55 7559.55 5372.13 6003 7108.59 5900.08 5384.57 5186.42 8085.61 8011.99 8008.89 8580.4 10868 7659.78 6514.02 5525.53 5435.41 5273.1 5102.13 5045.88 4925.63 4870.95 5517.65 4856.84 6223.35 7876.1 7056.88 5926.74 6990.73 6848.15 5821.12 5633.47 5291.79 5291.04 4812.9 4781.52 4742.39 4659.92 4635.98 12054.2 7924.24 8754.8 7921.99 4602.49 4586.64 4951.85
threshold=-0.010068178422308649 -0.23981433297103497 0.63171029355257569 0.4638739133802261 -0.3350447687811911 -0.59612889025779547 0.22760693071934981 0.3064487623489825 0.06611407099447196 0.49045975859439622 -0.025844509134900894 -0.14743262050201592 -0.10166915280850163 0.44973452925618712 0.0007150505749559501 0.23936573160926733 0.028816094445746652 -0.19818486374529262 0.03457490221526336 0.18324012510957599 -0.078661937860281486 -0.12793535718435897 -0.44651979255514646 0.010337959076307203 0 -0.28834173109920885 -0.0027097269548020495 -0.52835251595422605 0.0015888031841757003 0.16990147096568298 0.0062403134885943004 -0.84735155961388198 0.586129985927761 -0.81396534026647371 0.21215716355968137 0.23427591595989258 -1.0000000180025095e-35 0.54340543237423899 -0.00012527930583964997 0.0052435358987524003 0.026223586426105203 -0.0078090699198951992 -0.17772497390523342 -0.12855334356480472 0.16070483341601946 0.10684687938821781 0.0033261034145775003 0.28636272830851284 0.11687528346989472 0.13725053316903618 0.28463483573975851 0.0010969683646040501 0.72052664660283672 0.48856812416142553 -0.07564955677566064 1.0000000180025095e-35 -0.80221907072459586 0.004356500445945901 0.48682549494428068 0.065613779235283359 -0.035983699835689047 0.76372515090275128
decision_type=2 2 2 10 2 2 2 2 2 2 10 2 8 10 2 10 2 2 2 2 2 2 2 2 1 2 2 2 2 2 10 2 2 2 10 2 10 2 8 2 2 2 2 2 10 2 2 2 2 2 2 2 2 2 2 10 2 2 2 2 2 2
left_child=1 7 3 4 9 -6 10 54 14 18 36 23 16 -14 -8 -16 17 52 19 22 35 -22 -3 -2 -25 26 31 29 -29 -28 -30 33 -33 -26 -18 -21 -5 38 -23 43 41 42 -41 45 -45 48 47 49 -36 59 -10 -49 -13 -12 55 -1 -57 58 -58 -46 -7 -62
right_child=11 2 -4 6 5 60 8 -9 50 -11 53 12 13 -15 15 -17 34 -19 -20 20 21 37 -24 24 25 -27 27 28 30 -31 -32 32 -34 -35 39 -37 -38 -39 -40 40 -42 -43 -44 44 46 -47 -48 51 -50 -51 -52 -53 -54 -55 -56 56 57 -59 -60 -61 61 -63
leaf_value=0.0012112717201902706 0.0056375858744165033 -0.40262424018707316 0.0024062449073100826 0.073147455030394826 -0.43113239082423127 0.11137365707607681 -0.009879612528300722 -0.40522400207648224 -0.023679870600947214 0.013481340362825375 -0.09713089278278253 0.19326609883945986 0.028433821670183591 -0.023988199057929583 -0.41305718205593256 0.018374733437573718 0.27660433446091631 0.40842268258954095 -0.31960719384802794 -0.53669967200234536 0.052174085750174459 -0.068817507181831494 0.10283118816001163 0.025129523069115596 -0.22023022990734853 -0.0085573486683170538 0.313361236500042 -0.016288676539064514 -0.36202849659676617 -0.10401604636273254 0.0082378392829405549 -0.14256345576567628 -0.55568136846425842 -0.85395006593068445 -0.32606137355131315 -0.17353920084349614 -0.40237182414793704 0.058353223502635956 -0.2782041876573666 0.049146205340842096 -0.18433720177407964 0.11655409423943322 -0.4934315901086257 -0.14165523433806124 0.33866421586580947 0.28533795485455621 -0.052452606852551931 0.38621758370408937 0.011792425520071748 -0.056822146309746635 0.21556919786968765 -0.15172760786488654 -0.31844323100522165 0.21234992274616218 0.033495917587350092 0.0013812880811747165 -1.0025711997479634 -0.060471523625155288 -0.36674400000948082 0.73435587510466582 -0.037522546121181791 -0.19385541629831696
leaf_weight=7477 26656 60 14406 135 109 458 402 87 785 582 143 121 19751 7054 269 123 269 287 453 199 371 491 386 2863 60 2098 221 790 569 217 150 452 96 74 132 186 90 204 879 126 411 836 113 147 485 203 156 62 901 71 286 119 71 794 10786 239 68 149 177 87 5143 561
leaf_count=7477 26656 60 14406 135 109 458 402 87 785 582 143 121 19751 7054 269 123 269 287 453 199 371 491 386 2863 60 2098 221 790 569 217 150 452 96 74 132 186 90 204 879 126 411 836 113 147 485 203 156 62 901 71 286 119 71 794 10786 239 68 149 177 87 5143 561
internal_value=0.000882362 -0.0112474 -0.0259672 -0.0571457 -0.0800726 -0.0475553 0.0192177 0.0100886 -0.0374986 -0.133553 0.110201 0.00947382 0.0249808 0.0146381 -0.142426 -0.277982 0.0852731 0.246409 -0.160051 -0.133908 -0.166065 -0.127085 0.0340841 -0.00474573 -0.0412078 -0.0812643 -0.13957 -0.0878367 -0.144369 0.106813 -0.284878 -0.286915 -0.215815 -0.573928 0.0664747 -0.362155 -0.117999 -0.169343 -0.203266 0.0517211 -0.0190994 0.0441879 -0.208373 0.0962465 0.17912 0.0205979 0.227332 0.2803 -0.0316532 0.34957 0.0403507 0.0336505 0.00337073 0.165065 0.0120221 -0.0165379 -0.225863 -0.363363 -0.546577 0.400025 -0.0407013 -0.0529295
internal_weight=112146 46498 27515 13109 10082 6271 3027 18983 1865 3811 1162 65648 31402 26805 794 392 4597 479 3229 2776 2330 1945 446 34246 7590 4727 2629 1947 1509 438 719 682 548 134 4118 385 225 1574 1370 3849 1486 1075 239 2363 1127 1236 980 824 1033 643 1071 181 192 937 18896 8110 633 394 245 572 6162 5704
internal_count=112146 46498 27515 13109 10082 6271 3027 18983 1865 3811 1162 65648 31402 26805 794 392 4597 479 3229 2776 2330 1945 446 34246 7590 4727 2629 1947 1509 438 719 682 548 134 4118 385 225 1574 1370 3849 1486 1075 239 2363 1127 1236 980 824 1033 643 1071 181 192 937 18896 8110 633 394 245 572 6162 5704
cat_boundaries=0 1
cat_threshold=3
is_linear=0
shrinkage=0.05


Tree=150
num_leaves=63
num_cat=0
split_feature=118 59 102 12 50 70 72 71 135 58 71 31 93 120 54 70 105 90 80 107 118 120 60 50 123 81 42 121 69 70 105 38 55 127 81 62 71 97 25 135 43 64 121 108 71 114 131 41 99 121 107 82 127 110 134 36 124 91 122 6 79 77
split_gain=5097.87 5384.09 4714.73 4212.9 4160.18 10463.6 7758.02 10013.3 7095.71 6758.36 7819.33 5591.31 5201.56 4821.89 4678.1 4710.05 4663.16 6206.85 4698.94 4572.97 4187.09 4308.27 4135.27 4124.29 5028.38 4995.61 4845.43 4108.9 4024.59 3923.07 3823.78 4953.88 3723.65 3670.22 3640.81 4176.77 3610.45 3555.85 5517.29 6484.63 5978.04 4379.52 4951.3 4416.43 6129.72 5085.64 4330.82 4322.4 4168.52 4131.83 3937.74 5246.04 4106.5 5172.79 5464.2 3992.21 4113.33 5007.63 3941.93 3912.07 6983.23 5838.26
threshold=-0.51240093905679196 0.93735780332071672 0.82574643505173484 10.893650000000003 0.66738155224473916 0.37409606032573128 0.70345190625136977 0.66870820305809897 -0.0048164460124810989 0.90075302776974187 0.45868418719636794 1.3214670374500375 0.25902309167518028 -1.1660172796758519 -0.07241034462063313 1.357056273289825 -0.0033112800259717996 0.15881747412525182 -0.4778094357344374 0.0074155557015934508 1.1607187482239636 0.80832124084942081 -0.083418090706393735 1.3082775187714428 -0.0055409100198496987 0.295326230865955 -0.40656375868276012 0.0089838949769151018 0.56298217761409075 0.34298321796364767 -0.013633469093005697 0.50756476879549017 0.073990575896227567 0.05366797833832216 0.3053301314662652 -0.26513717900503031 0.66154450469416293 0.62004365173426512 0.2542945720523741 0.010276549023695751 0.33639594599769285 0.31110532971450916 0.011543376489465051 0.0039493768590686011 0.55923616354195016 -0.37585678038855036 0.046129162668996804 0.064190757265951665 0.57242762648900258 0.028535302301397253 0.032091114286280413 0.48486526048657386 -0.0020067482987207994 -1.0000000180025095e-35 0.6454150190946325 -0.7032130954807293 0.10929724251652262 0.17746850339499537 0.054616107303170104 9061.3650000000034 0.22254071868696804 0.42507465939408356
decision_type=2 2 2 2 2 2 2 2 2 2 2 2 2 2 2 2 2 2 2 2 2 2 10 2 2 2 2 2 2 2 2 2 2 2 2 2 2 2 2 2 2 2 2 2 2 2 2 2 2 2 2 10 2 2 2 2 2 2 2 2 2 2
left_child=1 3 4 33 9 6 8 -8 12 13 -11 19 -6 -2 23 -16 -12 18 -18 -10 37 22 -22 24 -7 26 -26 30 -28 34 -14 36 -33 -1 35 -24 -32 59 50 41 46 42 43 -40 -45 -46 -41 -44 -42 -43 51 -39 -52 54 55 -54 57 -57 -55 60 -15 -61
right_child=2 -3 -4 -5 5 14 7 -9 11 10 16 -13 27 20 15 -17 17 -19 -20 -21 21 -23 29 -25 25 -27 28 -29 -30 -31 31 32 -34 -35 -36 -37 -38 38 39 40 48 49 47 44 45 -47 -48 -49 -50 -51 52 -53 53 58 -56 56 -58 -59 -60 61 -62 -63
leaf_value=0.041019340168934826 -0.19225937154065267 0.46700734024946122 -0.023902238092107383 -0.10704053301581667 -0.44632450586459682 -0.34466044555107755 0.67084989968973863 -0.021955138821917845 0.45671173626218331 0.32008298555142195 -0.010631673700404335 -0.16888769604265691 0.29389291917500288 -0.010446770396125802 0.036352982581452323 -0.050851477093670029 -0.16521629165941612 -0.0060622152154612696 -0.52226010564843139 0.1636679539873751 -0.025856097826950666 0.27167452801625397 -0.11654423915226182 0.0057096367992432642 -0.28161001114024858 0.29986270028166473 0.3379581090166337 0.42028963017085241 -0.086104913432878336 0.1462178453556206 -0.48555298671126368 0.34776404884665513 -0.035563401667656251 -0.24691673555810537 0.12989618594155591 -0.37855163612743703 -0.060469445542089252 0.0081850634025775523 0.033294189981502985 0.25605249308839395 0.30631611995084818 0.22159245504776567 0.027884039690620022 0.17887291423976423 -0.58125454225774964 -0.12185122308886415 -0.058694032609462744 0.52656110236306253 -0.091206592399740494 -0.21956861777628056 0.020320262686793485 0.17380346711005684 0.02800201759044383 0.012475659358275985 0.12009881089958881 -0.1365701054696177 -0.18100031833044994 -0.68184192225541151 -0.27271064428280883 -0.020835955951744093 0.061138472036034078 -0.14258589003822905
leaf_weight=9461 330 70 23061 530 60 224 142 82 219 82 248 79 91 25891 10005 1831 155 156 231 342 1042 85 286 1060 260 79 71 62 250 82 89 85 240 111 67 327 113 16979 1643 900 82 416 94 159 65 706 124 80 320 60 1027 491 73 712 89 60 155 145 145 5107 3922 1219
leaf_count=9461 330 70 23061 530 60 224 142 82 219 82 248 79 91 25891 10005 1831 155 156 231 342 1042 85 286 1060 260 79 71 62 250 82 89 85 240 111 67 327 113 16979 1643 900 82 416 94 159 65 706 124 80 320 60 1027 491 73 712 89 60 155 145 145 5107 3922 1219
internal_value=-0.000648528 0.0331062 -0.00400844 0.0300536 0.00178882 0.0251254 0.145948 0.418263 0.101476 -0.00384257 -0.142005 0.223251 -0.00400237 -0.00192444 0.0110519 0.0228595 -0.190312 -0.272357 -0.379685 0.278674 -0.000917269 -0.0742053 -0.0906438 -0.060813 -0.140496 -0.0707875 -0.121614 0.0356241 0.00844923 -0.179088 -0.00358354 -0.0554098 0.0654507 0.0376549 -0.218473 -0.256699 -0.249228 0.00136601 0.0160603 0.0650899 0.153829 0.0257923 0.00150805 -0.0159892 -0.102999 -0.161284 0.217919 0.25886 -0.00956099 0.16564 0.00458961 0.0128495 -0.0553661 -0.111707 -0.23563 -0.308856 -0.377052 -0.523688 -0.036038 -0.00860615 -0.00102776 -0.0443156
internal_weight=112372 10172 102200 10102 79139 15384 1604 224 1380 63755 872 640 740 62883 13780 11836 790 542 386 561 62553 1889 1804 1944 884 660 581 680 321 762 618 527 325 9572 680 613 202 60664 24525 4649 1426 3223 2747 2573 930 771 1024 174 402 476 19876 17470 2406 1379 522 433 360 205 857 36139 29813 6326
internal_count=112372 10172 102200 10102 79139 15384 1604 224 1380 63755 872 640 740 62883 13780 11836 790 542 386 561 62553 1889 1804 1944 884 660 581 680 321 762 618 527 325 9572 680 613 202 60664 24525 4649 1426 3223 2747 2573 930 771 1024 174 402 476 19876 17470 2406 1379 522 433 360 205 857 36139 29813 6326
is_linear=0
shrinkage=0.05


Tree=151
num_leaves=63
num_cat=0
split_feature=89 76 83 75 83 22 101 69 99 121 83 86 58 80 115 111 50 72 36 85 96 76 80 37 79 96 50 89 50 125 43 98 79 72 84 50 115 124 84 38 125 41 89 121 72 74 98 85 69 75 75 79 89 111 81 89 74 69 84 123 121 99
split_gain=5103.32 5681.1 6372.37 6351.09 5922.24 4855.43 4719.36 5026.64 4633.35 4560.64 7676.45 10964.4 10343.7 7992.65 10809.2 9887.12 6345.78 9280.43 7271.58 5883.02 11022.3 5778.94 10937.3 11108.8 5444.93 5425.28 11294.5 5253.17 6131.61 10979.6 6953.41 5103.51 5061.12 5626.76 10749.4 4472.59 4347.22 5743.44 4493.38 7749.14 7879.26 4384.1 7061.47 8441.38 5858.97 5028.54 8326.88 5695.36 7627.54 5080.22 4496.16 7466.14 8730.47 9678.54 7529.02 11372.4 9902.11 17089.4 6681.18 6882.21 6728.52 7105.11
threshold=0.024664583702529403 0.73016121380810539 0.47452716840332099 0.070708898968775566 0.69173713799838865 -0.025551758161613893 0.69844241755328584 0.59692366446839595 0.85728488384021617 -0.015437225763074948 1.464721094646076 0.61152180156917879 -0.6151138652939051 -0.88588743015651839 0.012307782098286401 -0.039156078334430043 0.53344348147577791 0.17349689502423993 -0.086543502947256587 0.40081466167202662 0.18536324129742557 0.21690509687874543 -0.21426557522645304 0.59813708407087873 0.46922110735286388 0.20130140528114063 0.50602033541500246 0.44767007149958848 0.49203319958779351 1.0000000180025095e-35 0.44015376925398725 0.32727912729670222 0.43790149986636323 -0.043192890862515897 -0.17704589729790174 -0.16283322927467928 -0.013541211728602348 -1.0000000180025095e-35 -0.58567623608754915 1.0530695308045315 0.00044682019460170005 0.24686111409944067 0.069259845126271813 0.0073087943532243512 -0.13030032051697346 -1.4137451450191902 0.14861428079080732 0.3002192596934013 0.55066882830841346 0.16990147096568298 0.062098398667134257 0.023372678745453405 0.07569764158953142 0.0024451985782791507 0.23277849806904377 0.034410021424495861 -0.17705366130512287 0.61372587707569559 0.85076730225217922 0.0071522394485351009 -0.0024317393040765496 0.45036759361072437
decision_type=2 2 10 2 8 2 2 2 2 2 8 2 2 2 2 2 2 2 2 2 2 2 2 2 2 2 2 2 2 2 2 2 2 2 2 2 2 2 2 2 2 2 2 2 2 2 2 2 2 2 2 2 2 2 2 2 2 2 2 2 2 2
left_child=1 4 -3 -4 6 -6 -1 8 -8 27 36 13 -13 25 15 -15 17 18 21 24 -21 22 -17 -24 -19 -12 -27 -2 29 30 -29 -23 -20 34 -34 -33 37 38 -11 40 -40 45 -43 -44 -45 46 47 48 -38 -48 51 -47 54 58 55 -53 57 -57 59 -54 61 -61
right_child=9 2 3 -5 5 -7 7 -9 -10 10 11 12 -14 14 -16 16 -18 19 32 20 -22 31 23 -25 -26 26 -28 28 -30 -31 -32 35 33 -35 -36 -37 41 -39 39 -41 -42 42 43 44 -46 50 49 -49 -50 -51 -52 52 53 -55 -56 56 -58 -59 -60 60 -62 -63
leaf_value=6.5619395190261872e-05 -0.015756557218142321 -0.13203361356069174 0.86115818381790188 0.21757850261660328 0.011448616263860803 -0.48042956653904795 0.066072988774976693 0.18313163679669442 -0.31755532218952376 0.01980144059514817 -0.0025175258387856794 0.0039463083201920031 -0.22417319032366653 -0.16020914528406577 0.007201525452093337 0.12400191046392167 0.31750882809843106 0.16076776228879613 0.35847063802630291 -0.77545553168205372 0.13326812179819231 0.34868419107537751 0.046687774320619296 -0.66704073258728358 -0.37421984604147618 -0.84826127178356292 0.007127682960434061 -0.20276791500962443 -0.021935688872621581 -0.054933253377630054 -0.58554116421379143 0.14454798355754847 0.27747649777876704 0.33444118732298733 -0.44478740300586889 -0.28476293701391953 -0.71910819037566109 -0.0046672156302317146 -0.3231863792677343 -0.011558080397394374 0.021355228576982438 -0.30909109992151701 0.056748303434485614 -0.23604759286993776 -0.01015162628700602 0.11719789429609147 0.34051597411267637 0.042530424552651241 0.038717481047964436 0.062534931138689118 0.0048584845794063802 0.018814107056334392 -0.027543459628045993 0.074200853010489343 -0.030750735279918145 -1.2041327540762723 -0.17273817054593354 -0.038737456469486162 0.036269834062962858 -0.36132982985721274 -0.035564344269830898 -0.064638854143860558
leaf_weight=1738 10693 62 61 103 105 95 383 1030 98 460 1222 2700 608 256 2361 501 550 215 644 72 61 311 112 105 60 60 105 296 1384 759 199 926 113 177 93 64 62 2685 736 563 214 268 1162 634 524 899 380 584 70 290 56829 826 4055 2972 4012 63 1877 62 2524 518 689 331
leaf_count=1738 10693 62 61 103 105 95 383 1030 98 460 1222 2700 608 256 2361 501 550 215 644 72 61 311 112 105 60 60 105 296 1384 759 199 926 113 177 93 64 62 2685 736 563 214 268 1162 634 524 899 380 584 70 290 56829 826 4055 2972 4012 63 1877 62 2524 518 689 331
internal_value=-0.00199893 0.0559442 0.298246 0.460727 0.0399853 -0.223421 0.0562637 0.120862 -0.012585 -0.00395417 -0.00013382 0.038532 -0.0380364 0.0701623 0.0930228 0.140574 0.15984 0.134649 0.164641 -0.089113 -0.360788 0.109453 -0.00442509 -0.30014 0.0431102 -0.0389534 -0.307159 -0.0313502 -0.0945284 -0.174565 -0.357521 0.172255 0.272925 0.128523 -0.0491676 0.116535 -0.0053252 -0.0522695 -0.117015 -0.158597 -0.245633 -0.00257858 -0.0665767 -0.038441 -0.133926 -0.000427946 0.0939147 -0.0246507 -0.319961 0.220468 -0.00215748 -0.0233331 -0.0303857 -0.00298156 -0.0748064 -0.137274 -0.201651 -0.630992 -0.0312472 -0.0617172 -0.151741 -0.245871
internal_weight=112611 3675 226 164 3449 200 3249 1511 481 108936 95605 11316 3308 8008 6621 4260 4004 3454 3046 408 133 2019 718 217 275 1387 165 13331 2638 1254 495 1301 1027 383 206 990 84289 4658 1973 1513 950 79631 2588 2320 1158 77043 1386 716 132 670 75657 18828 17929 11089 6840 2828 2002 125 8117 5593 1538 849
internal_count=112611 3675 226 164 3449 200 3249 1511 481 108936 95605 11316 3308 8008 6621 4260 4004 3454 3046 408 133 2019 718 217 275 1387 165 13331 2638 1254 495 1301 1027 383 206 990 84289 4658 1973 1513 950 79631 2588 2320 1158 77043 1386 716 132 670 75657 18828 17929 11089 6840 2828 2002 125 8117 5593 1538 849
is_linear=0
shrinkage=0.05


Tree=152
num_leaves=63
num_cat=0
split_feature=74 74 83 84 121 78 83 90 78 90 90 84 99 57 87 49 77 87 85 93 23 74 80 125 135 49 90 80 55 74 93 84 80 80 94 34 108 125 113 93 84 133 70 92 107 91 135 19 127 119 113 17 116 101 129 119 119 90 56 96 85 82
split_gain=4560.72 5616.44 8914.41 8455.97 12454.2 9264.32 8038.62 5421.02 4615.35 7784.45 15505 8411.94 8382.9 5153.25 4965.41 4799.36 6875.96 7732.47 8300.87 6719.3 6734.87 9469.88 6366.93 8783.42 5156.77 5641.4 6004.72 7120.84 8592.92 4673.71 4644.61 5823.16 8518.25 5052.87 4521.62 4964.19 4453.6 4863.97 11237.1 6359.52 8596.38 7580.42 7517.14 9124.01 7087.8 7922.29 7811.67 6284.35 7029.75 6054.54 7248.6 6843.78 5988.62 5382.77 5942.96 5879.36 5362.95 4946.86 6362.34 4415.31 8389.48 4367.65
threshold=-0.79162173653538714 -0.42299440967969409 0.43187017363172658 -0.65487055270363814 0.0073087943532243512 -0.050577786349017197 0.25166394010101495 -0.48413487497692004 -0.58789306486234338 -0.16453659590090997 -0.012476659830867898 -1.1341561938217604 0.64290135312245367 0.16858813221116534 0.3678308576482463 0.76566853229151743 0.13153170022929581 0.21137474340442752 0.47057397387191008 0.37841889501978948 2.1210422224046388 0.075092103994185311 -0.17237782280178898 0.0022820321869153506 0.045520446537883258 1.5725171456956095 -0.76601767351224692 -0.53271311929346299 0.077456342188608154 -0.23961462190573804 0.52772011452444711 -1.0121055200816829 0.32679953731779365 0.026545462569127102 -0.061522183800010143 -0.25384004905962021 0.036739933655223905 -0.0010451850112882498 0.0038476345330545505 0.49033474734925619 -0.12232547792937389 0.040947865306822602 0.022810909147860856 -0.72604848459952098 0.017636537789921702 0.16903024717077511 -0.023757027296363347 1.0323573367493135 0.0066411169029164012 -0.0048998273052023988 0.00064261335516470005 0.29889959824421913 -4.8730577818516112 0.97086165854099227 0.0051040955176055508 0.0051616312884282508 0.022475646920972005 -0.65971811127617197 -0.45995405968140951 -0.79215239379638269 0.27668703023882574 -0.25352782319626488
decision_type=2 2 8 2 2 2 10 2 2 2 2 2 2 2 2 10 2 2 2 2 2 2 2 2 2 10 2 2 2 2 2 2 2 2 8 2 2 2 2 2 2 2 2 2 2 2 2 2 2 2 2 2 10 2 10 2 2 2 2 2 2 10
left_child=-1 2 3 4 5 -2 7 -6 9 -3 11 -11 13 -13 -12 36 -17 18 24 29 21 -21 -20 -24 25 26 -18 28 -28 -19 31 -16 33 -33 35 -31 -10 38 39 40 -38 42 43 -41 45 -45 -46 48 56 -50 -51 -52 -39 54 57 -56 61 -47 -59 -4 -61 -42
right_child=1 8 59 -5 6 -7 -8 -9 15 10 14 12 -14 -15 30 16 17 19 22 20 -22 -23 23 -25 -26 -27 27 -29 -30 34 -32 32 -34 -35 -36 -37 37 52 -40 41 47 -43 -44 44 46 53 -48 -49 49 50 51 -53 -54 -55 55 -57 -58 58 -60 60 -62 -63
leaf_value=0.045691630122927873 -0.02075089604887552 0.05046037143361997 0.026950633688286093 0.01821255984669971 -0.34050632948575915 -0.6440594591638622 -0.25604137716382142 -0.94151181468257195 0.013993383040617613 0.03975329561946319 0.078383346741157836 -0.76043739464311377 -0.0024160762459764051 -0.29929569989282595 0.052172296249097395 0.31150127714248121 0.031517603033997497 0.019771772950977387 0.25397591079364262 0.034294995765197386 -0.077715397260220892 0.50772359342900697 -0.5836888691676515 0.058788277395069602 0.15747483631371167 -0.017171466164538598 -0.23110720729590328 -0.23407269567582448 -1.0427267254330219 -0.0053212830785750636 -0.0029984715898724867 -0.19635276967002191 -0.083450348951042072 -0.73901634002404837 -0.066481417921367553 -0.32614909354055488 0.037012688347283627 -0.48136624003213546 0.1465328433854147 -0.025246597953396396 -0.25683505579283267 0.19598449266318119 -0.032479864569064584 -0.60133468562530146 -0.84837447317703729 -0.38830045372554939 -0.32917802964313692 0.030462757958061745 0.090581302978098396 -0.45501864181997465 -0.39632826470861249 0.1630511210884078 0.0072318298261903951 0.29170140687263374 -0.12226360071273078 -0.79547077687655454 -0.37345597190516339 0.41535857566877415 -0.12761415582080124 -0.55659714244132819 -0.050568909745634896 0.087973990898722973
leaf_weight=5457 484 1098 2611 443 60 67 197 107 65238 96 557 188 71 92 154 147 178 801 235 4825 1455 107 69 221 115 375 68 969 63 167 557 67 202 123 1104 433 2291 62 690 407 115 164 794 107 105 96 237 595 99 403 101 117 13808 65 62 68 104 75 185 85 1730 440
leaf_count=5457 484 1098 2611 443 60 67 197 107 65238 96 557 188 71 92 154 147 178 801 235 4825 1455 107 69 221 115 375 68 969 63 167 557 67 202 123 1104 433 2291 62 690 407 115 164 794 107 105 96 237 595 99 403 101 117 13808 65 62 68 104 75 185 85 1730 440
internal_value=0.00111142 -0.00116792 -0.0490806 -0.161092 -0.247828 -0.0975729 -0.474385 -0.728894 0.00157732 -0.0574542 -0.113688 -0.374721 -0.487873 -0.610524 -0.0432143 0.00351319 -0.0270807 -0.031558 -0.113404 -0.0104419 0.0167796 0.0446669 0.0610857 -0.0955575 -0.165223 -0.187755 -0.237756 -0.281318 -0.626371 -0.0798275 -0.104635 -0.208124 -0.310256 -0.549686 -0.12663 -0.237009 0.00752478 -0.01239 -0.0453618 -0.0653518 -0.0288737 -0.131096 -0.155545 -0.224921 -0.306082 -0.209584 -0.490589 -0.105321 -0.163887 -0.271782 -0.329603 -0.0967372 0.00501321 -0.132558 -0.189783 -0.477787 -0.0457715 -0.083569 0.0300039 -0.0146842 -0.0745606 0.0161936
internal_weight=112206 106749 5784 1358 915 551 364 167 100965 3205 2107 447 351 280 1660 97760 11332 11185 2293 8892 6387 4932 525 290 1768 1653 1278 1100 131 2505 1103 546 392 190 1704 600 86428 21190 7320 6630 4265 2365 2201 1407 1000 658 342 1974 1379 720 621 218 13870 551 486 130 659 356 260 4426 1815 555
internal_count=112206 106749 5784 1358 915 551 364 167 100965 3205 2107 447 351 280 1660 97760 11332 11185 2293 8892 6387 4932 525 290 1768 1653 1278 1100 131 2505 1103 546 392 190 1704 600 86428 21190 7320 6630 4265 2365 2201 1407 1000 658 342 1974 1379 720 621 218 13870 551 486 130 659 356 260 4426 1815 555
is_linear=0
shrinkage=0.05


Tree=153
num_leaves=63
num_cat=0
split_feature=104 115 105 73 72 97 90 28 53 82 46 29 22 1 119 90 92 50 80 55 127 76 95 68 118 103 100 109 44 35 41 113 119 71 91 130 53 135 95 95 90 105 121 97 77 97 119 72 98 90 48 96 65 66 121 109 88 91 87 49 107 85
split_gain=4657.05 4528.39 4854.9 4143.96 7547.45 4478.17 5401.92 4923.62 3912.18 9900.01 5580.08 5260.22 4637.52 3713.39 3577.55 3482.21 7801.5 3830.18 6698.23 6795.23 6571.4 6060.35 6969.3 8384.68 5941.5 6078.71 6179.39 5869.27 5806.48 5518.96 5422.84 4988.05 4907.87 4631.03 4963.61 4593.87 4431.27 4086.74 3987.88 4418.81 12377.8 5651.64 5408.9 5059.52 6238.78 5459.27 6958.18 5918.61 5523.6 8525.5 5456.97 6121.95 5198.08 4718.92 4697.1 5441.93 4682.44 6031.13 4443.3 4224.2 4174.58 4101.55
threshold=0.3082072118988623 -0.013541211728602348 0.06510937367938531 0.30990661740754549 -0.085864281353858943 0.48679947993516731 0.40955953810731305 -0.6868638167978619 0.21131721246988178 -0.15533929347749237 -0.55518060185014051 -0.075885211125004778 -0.0089702272744172987 1591.6350000000004 -0.020291506096749349 -0.99633192022708694 0.19995614655019914 0.65025809461840944 -0.50779077147344898 0.12749911064232033 0.032550310209916854 -0.33445214616890484 0.13647342613433336 -0.64554736981892658 1.1794565091159699 0.048517148770342806 1.033452518503011 0.00034349819647010003 -0.042115139657943897 0.6022035651537746 0.088220388857989065 0.020124840332054403 0.0071996545223179014 0.92746301676969856 0.19345285644126639 0.20810196946870338 0.36204475228309346 0.034558008889085411 0.53728556810536132 0.46874224082362509 -0.28985969176716042 0.017903476039386901 -0.00053075424984024987 0.81158876495196541 0.25569089098036751 0.60740786738166286 0.048058295200026156 0.35154734418965655 -0.43304125883475064 -0.26194621754127395 -0.085156545482954996 -0.14820329163856974 0.94152711905608688 0.12261390115306771 0.013656780752309352 -1.0000000180025095e-35 0.030001219781850753 0.15612528304334122 0.43537062930188286 0.33065761623277717 0.025615667656376052 0.44775290955634456
decision_type=2 2 2 2 2 2 2 2 2 10 2 2 2 2 2 2 2 2 2 2 2 2 8 2 2 2 2 2 2 2 2 2 2 2 2 2 2 2 10 10 2 2 2 2 2 2 2 2 2 2 10 2 2 2 2 2 2 2 2 8 2 2
left_child=13 8 3 4 -3 -6 7 -7 9 -2 11 -11 -12 -1 -5 16 -16 20 19 27 21 22 23 -17 25 31 35 -19 -20 -25 32 33 -21 38 -35 -27 -26 -22 39 43 41 -41 -42 45 53 47 56 50 -49 -50 54 -52 -53 -45 -23 59 -47 -58 60 -56 -59 -40
right_child=1 2 -4 14 5 6 -8 -9 -10 10 12 -13 -14 -15 15 17 -18 18 28 30 37 24 -24 29 36 26 -28 -29 -30 -31 -32 -33 -34 34 -36 -37 -38 -39 61 40 42 -43 -44 44 -46 46 -48 48 49 -51 51 52 -54 -55 55 -57 57 58 -60 -61 -62 -63
leaf_value=0.0044429893231393526 -0.02622951647450816 0.029719606160324475 -0.087688749874240579 0.076364913456868702 0.08176873761998571 -0.12265884497028311 -0.025309883408686697 -0.64914019160693703 -0.021949664563684353 -0.87172105820973711 0.058950661109001545 -0.33375404618191917 -0.4290604515247089 0.050534217916702463 0.25787063146259848 -0.079714498130055073 0.012968527078360102 0.54148453228129934 -0.13669689888546271 0.46988401178026662 -0.12969736605686955 0.044913424898637311 -0.041902621299356284 -0.71178031918485607 -0.18689075902938318 -0.043580791100914659 0.35980501022367251 0.10567561326632058 0.013931370041227541 -0.22597345438003541 -0.24821060546824047 -0.11083482645698034 0.049673359089324048 -0.06053766050896088 0.45515878601620596 -0.26723855630925936 0.13843038044869901 0.17945923196119176 -0.28134895126301146 0.2254599219039396 -0.39565087005823529 0.7707294439460024 0.21041176206161902 -0.55893316871335363 -0.026991509623906534 0.028596263571603466 -0.47362312057521194 0.095168212528318863 -0.84808919642007707 -0.14315902637764813 -0.0039721034119645374 -0.093369495991420359 -0.36461500673080394 -0.084912111084024938 -0.4696784936253437 0.010614488290792163 0.40937530571834807 0.15571641366838518 -0.29087879655704107 0.018354161670713715 -0.023347553103073931 0.15454894213212864
leaf_weight=61028 572 399 1901 1342 68 63 84 154 1141 74 107 121 88 4706 383 382 2124 162 689 83 1748 4807 3269 112 678 473 62 148 8792 124 123 847 404 76 119 446 123 113 217 118 90 80 61 116 551 6132 63 85 65 124 2507 1067 211 96 138 351 162 1216 72 65 444 71
leaf_count=61028 572 399 1901 1342 68 63 84 154 1141 74 107 121 88 4706 383 382 2124 162 689 83 1748 4807 3269 112 678 473 62 148 8792 124 123 847 404 76 119 446 123 113 217 118 90 80 61 116 551 6132 63 85 65 124 2507 1067 211 96 138 351 162 1216 72 65 444 71
internal_value=-0.000822996 -0.0129319 -0.00953525 -0.00603742 -0.121051 -0.283719 -0.366286 -0.497555 -0.0846068 -0.158823 -0.352728 -0.541312 -0.162345 0.00774345 -0.00391791 -0.00658728 0.0504707 -0.0103646 0.0154773 0.14421 -0.0201454 -0.0135535 -0.0710468 -0.224893 -0.00326784 0.00184924 -0.119598 0.33443 0.0029717 -0.458556 0.047152 0.00782655 0.122106 0.0130931 0.254886 -0.152297 -0.136825 -0.110839 0.0105862 0.013446 0.189429 0.448537 -0.151044 0.0100745 -0.115878 0.0155696 0.045696 -0.0103022 -0.238852 -0.388783 -0.00342986 -0.049387 -0.138403 -0.345689 0.0290202 -0.108716 0.0498308 0.118528 0.0911039 -0.314088 0.107837 -0.173725
internal_weight=112237 46503 44400 42499 768 369 301 217 2103 962 390 195 195 65734 41731 40389 2507 37882 10401 920 27481 25620 3887 618 21733 20932 981 310 9481 236 610 19951 487 19104 195 919 801 1861 18909 18621 349 198 151 18272 763 17509 8089 9420 274 189 9146 3785 1278 212 5361 554 8026 1894 1732 203 1660 288
internal_count=112237 46503 44400 42499 768 369 301 217 2103 962 390 195 195 65734 41731 40389 2507 37882 10401 920 27481 25620 3887 618 21733 20932 981 310 9481 236 610 19951 487 19104 195 919 801 1861 18909 18621 349 198 151 18272 763 17509 8089 9420 274 189 9146 3785 1278 212 5361 554 8026 1894 1732 203 1660 288
is_linear=0
shrinkage=0.05


Tree=154
num_leaves=63
num_cat=0
split_feature=87 126 81 35 104 103 25 132 98 82 21 79 46 25 93 50 43 91 29 103 55 48 67 56 59 46 81 82 92 42 55 72 75 131 79 74 73 90 85 69 69 72 90 94 44 94 48 123 9 113 50 80 82 72 44 48 93 99 40 62 85 73
split_gain=4782.48 4653.56 4640.45 5752.7 4602.11 4182.61 5017.53 4716.16 4126.45 4283.94 4432.18 4609.34 3860.12 4667.73 6100.16 4949.64 4239.84 3838.53 3886.9 3808.39 4060.74 3750.09 3749.82 3749.22 3709.63 5366.76 5352.02 6646.9 4946.15 6669.01 5021.01 4577.31 6502.08 4911.58 4405.39 5240.67 6071.57 5882.77 4324.21 4172.27 5374.12 5558.44 8745.62 8984.69 8323.69 7624.76 5445.95 4998.59 4372.68 4835.39 4283.04 4145.87 4041.68 4097.49 4036.6 6906.27 6951.72 5177.65 4022.97 3977.36 4987.61 4890.44
threshold=0.47529645418178751 1.5012440889498937 0.17287298201408169 1.1071942411096565 -0.96318518100619066 -0.0083786949499596985 0.21140846809190519 -0.82987034333153198 1.503671484559278 -0.024965481940720197 -0.27034792427958554 0.033640424730451653 -0.11412316246734454 -0.27101439943985922 0.33675674141171935 0.029998563753451005 0.29398593644718046 0.16238298684438404 0.36112926766654552 -0.00028911075556344994 0.068772297349243866 0.049298270945649057 0.97155355544059818 -0.24035221011205982 0.34328763614696028 0.55377126938539689 0.17478978608766457 -0.2275605124175695 -0.054062595992402047 -0.060130984754166894 0.11442330027489592 -0.0088788465512740482 0.053211291232981954 0.030682946416942802 0.047535157445921357 0.0064083821609394005 0.49238408965116803 -0.42009119419456725 0.35411225333541169 0.86703479687814655 0.69202622415459014 -0.19999322460247898 -1.0435636029129207 -0.028943116135459995 -0.097964211762036887 -0.040667661123417242 0.70341283972788804 0.013381820425263301 520.72500000000014 -0.005714018078500499 0.94741007836610447 -0.96204877318841853 0.0022704794882431006 0.34146734725722444 -0.074986835918691777 -0.04727820582153424 0.56740512807697951 0.79190125964143732 0.47797419735818603 -0.04658877013807259 0.36656639252186513 0.45305273087894743
decision_type=2 2 2 2 2 2 2 2 2 10 2 2 2 2 2 2 2 2 2 2 2 10 2 2 2 2 2 8 2 2 2 2 2 2 2 2 2 2 2 2 2 2 2 10 2 8 10 2 2 2 2 2 10 2 2 10 2 2 2 2 2 2
left_child=1 4 -2 -4 12 6 -6 -7 9 10 11 -8 13 15 -15 -1 23 18 -13 -16 -21 -12 -19 -14 25 39 27 -26 51 -30 31 33 -33 -31 52 36 -36 -37 -32 40 47 46 43 -43 45 -44 -42 -9 -49 -50 -45 -28 53 -34 55 -53 -57 -58 -56 60 61 -46
right_child=2 -3 3 -5 5 7 8 24 -10 -11 21 17 16 14 19 -17 -18 22 -20 20 -22 -23 -24 -25 26 -27 28 -29 29 30 38 32 34 -35 35 37 -38 -39 -40 -41 41 42 44 50 59 -47 -48 48 49 -51 -52 54 -54 -55 58 56 57 -59 -60 -61 -62 -63
leaf_value=0.03248587465279678 0.065767122124826979 -0.063980169830430686 -0.078433131130098574 0.28186292862356233 0.0059202503501493281 -0.030620460915853739 0.23730413849813031 -0.0027509608018397758 0.38576534628184472 -0.024446958548111616 0.11566043043138743 0.14648944889747337 -0.27676989168135657 0.0056102914567655272 0.073511270846316173 -0.33327726710783812 -0.066525406480206842 0.062893506719814585 -0.21960676391335096 0.36080395401162763 0.15512519164960231 0.3974015216863766 -0.13785896451284105 0.052297194031310848 -0.055466507371201713 0.039072977460391234 0.15804195910563326 0.11841970499789119 0.014332724227322442 0.13002927330398076 -0.22337188228683652 -0.14917359237813138 0.22424208264193302 -0.29772157561397411 0.35865185801799482 0.66561494360951823 -0.25968784327600519 0.048311912351184427 0.081706870861325567 0.11285928423825792 -0.012479255390642464 0.35882135336678456 -0.81931307966058908 -0.41848038527171449 0.2782604507983677 -0.22048963193876159 -0.4900343232284316 0.0442520733618538 0.13359559558864151 -0.19793847065389292 0.046028931332585309 -0.033501926570945355 0.76888102166456729 0.68645816202347099 0.0015284390723125897 -0.1124101468075865 -0.76191950930501928 -0.20816474935587714 -0.26765945060376789 -0.09379464539644175 -0.43591911813279538 -0.31409102525466531
leaf_weight=3511 764 2498 3977 113 18937 14071 263 15128 93 1424 1734 96 89 951 747 94 1554 2211 288 349 774 126 259 2273 720 4370 335 2314 10901 369 158 87 190 81 64 84 101 71 430 562 2803 172 87 78 62 137 60 371 125 878 133 2699 72 64 8877 419 86 84 140 1377 210 77
leaf_count=3511 764 2498 3977 113 18937 14071 263 15128 93 1424 1734 96 89 951 747 94 1554 2211 288 349 774 126 259 2273 720 4370 335 2314 10901 369 158 87 190 81 64 84 101 71 430 562 2803 172 87 78 62 137 60 371 125 878 133 2699 72 64 8877 419 86 84 140 1377 210 77
internal_value=0.00125563 0.00345149 -0.0472838 -0.0684123 0.00505907 0.00159262 0.018927 -0.00479206 0.056849 0.0520107 0.073887 0.0374177 0.0367231 0.0605663 0.108728 0.0228589 -0.00240809 0.0189213 -0.12794 0.161138 0.219309 0.134949 0.0417957 0.0397861 0.0018191 -0.0115808 0.0144078 0.07715 0.00688447 0.0289579 0.118921 0.178234 0.255219 0.0525447 0.309827 0.177196 -0.0191313 0.384973 -0.000510132 -0.0215263 -0.025012 -0.0693523 -0.126624 0.0916251 -0.169515 -0.455676 -0.022655 -0.0110472 -0.102322 -0.156529 -0.126849 -0.0152454 0.439077 0.342941 -0.0199755 -0.0673908 -0.222361 -0.491117 -0.00268025 -0.132135 -0.282708 -0.0497764
internal_weight=112172 107318 4854 4090 104820 94478 25431 69047 6494 6401 4977 3117 10342 6426 2821 3605 3916 2854 384 1870 1123 1860 2470 2362 54976 26630 28346 3034 25312 12672 1771 1183 733 450 646 320 165 155 588 22260 21698 5196 2333 383 1950 224 2863 16502 1374 1003 211 12640 326 254 12305 3288 589 170 9017 1726 349 139
internal_count=112172 107318 4854 4090 104820 94478 25431 69047 6494 6401 4977 3117 10342 6426 2821 3605 3916 2854 384 1870 1123 1860 2470 2362 54976 26630 28346 3034 25312 12672 1771 1183 733 450 646 320 165 155 588 22260 21698 5196 2333 383 1950 224 2863 16502 1374 1003 211 12640 326 254 12305 3288 589 170 9017 1726 349 139
is_linear=0
shrinkage=0.05


Tree=155
num_leaves=63
num_cat=0
split_feature=71 79 71 92 72 114 77 67 88 88 74 55 84 69 75 92 34 76 77 80 81 91 81 125 111 95 62 100 58 55 111 95 70 113 38 55 81 81 107 129 81 94 78 62 91 123 77 113 70 75 101 100 101 72 95 94 88 60 48 68 91 101
split_gain=5810.18 6688.97 7165.87 7909.6 7691.36 9025.58 7892.84 7208.59 6521.81 6361.38 6702.45 8177.03 12352.7 20710.6 11355.8 12381.2 10027.9 9205.07 9042.01 7855.81 7823.2 7318.47 7548.95 7248.3 7226.09 7233.69 7426.74 7091.43 10282.3 7469.33 8024.6 7008.59 7405.19 7000.22 6927.4 6716.5 8456.91 7265.69 6502.15 6345.13 6274.46 6229.51 6852.39 7008.92 7935.25 6217.87 6152.65 7534.1 6376.22 15208.3 13192.4 9911.39 8078.34 7909.49 9074.44 9350.56 10139.2 6261.23 5945.09 5933.29 5930.23 5906.45
threshold=0.71374886997924769 0.084473207355680063 0.79061249463261973 0.50333228437286082 -0.043192890862515897 0.84436670467248376 0.53160466162799913 0.5868345453762015 0.11997398081402871 0.012983088908706803 -0.17705366130512287 0.068772297349243866 0.075304228969922019 0.73737730068173124 0.059685741502568709 0.33170788306472548 0.21770061661593543 -0.18879471660779731 0.31018506963700776 -0.33448888263139315 0.26950605714789816 0.18455207617663602 0.23178608066525561 0.0035285928281393003 -0.013382452586905248 0.16070483341601938 0.27663501691476217 -0.35148725412336507 -0.26072089353016731 0.11831651704405356 0.006700503857225551 0.42821516213779748 -0.051633676571302543 0.0037575490649533502 0.56406092938591723 0.079262828241639813 0.22659118619437787 0.26802171726186796 0.0150189743045672 0.0047101711586019007 0.24246527914833288 -0.059439415340419639 0.39935434272369286 0.15425103768697099 0.17120532379224443 -3.4541866046689875e-05 0.21083745397537432 0.0012243982960714003 -0.12090053569566349 0.063663647027473111 0.83280847929609381 0.0064032533831453508 0.97827941109187122 -0.034494045857448342 0.16045801002205248 -0.07878520093167253 0.052604671493607251 -2.9618055901238402e-14 -0.070821145181012027 0.17837811309028814 0.24052873756648538 0.63121755839769422
decision_type=2 2 2 2 2 2 2 2 2 2 2 2 2 2 2 2 2 2 2 2 2 2 2 2 2 10 2 2 2 2 2 10 2 2 2 2 2 2 2 10 2 8 2 2 2 2 2 2 2 2 2 2 2 2 10 10 2 10 10 2 2 2
left_child=-1 9 -3 4 8 6 41 -8 -4 10 23 12 16 14 -14 18 31 34 20 -18 -16 -21 -23 -2 -19 -26 -27 -13 -29 30 33 58 -33 35 -15 38 39 -38 -30 -37 60 59 43 -43 -45 -25 47 57 49 50 -48 -51 -53 54 -50 -56 -57 -11 -12 -6 -17 -47
right_child=1 2 3 -5 5 -7 7 -9 -10 46 11 27 13 17 15 40 19 24 -20 21 -22 22 -24 45 25 26 -28 28 29 -31 -32 32 -34 -35 -36 36 37 -39 -40 -41 -42 42 -44 44 -46 61 48 -49 53 51 -52 52 -54 -55 55 56 -58 -59 -60 -61 -62 -63
leaf_value=0.005129437385995958 0.0075166587665369752 -0.023249759267623765 0.079503087181411941 -0.019022430173176702 0.35261020892814027 -0.084778841823937856 -0.40342119229403706 0.30708418661944464 -0.22324113856636837 0.19446583016627078 0.052220335033938782 0.042662377584844063 -0.28963745383875844 -0.29346425207987642 0.072965716808233591 0.0042773891320034242 0.036970521659105124 0.036579792153450752 0.87877071858383715 -0.044281771728425352 0.71157520596058144 -0.91324140280485155 -0.29398798814509064 -0.02560089305513634 0.23252428433902206 0.52461189054662272 1.119668233441679 -0.0073198925460576979 0.04022127855847131 -0.68394538316698306 0.053031242872757005 0.5184346719432299 -0.13931256947609094 0.19231144844456333 0.39795033518929745 -0.36275461482425747 -0.78493333764095363 -0.24449696239704888 -0.44857649386507792 0.24477063652969178 -0.16605372067471161 0.27634509983430572 0.065139623043537778 1.0937724323649156 0.49269499227961644 -0.039173359383130449 -0.22486219478901043 0.39695099256932737 -0.23151330493688582 -0.54406093654307452 -0.84798360664764771 0.0060753044855920268 -0.49232789668771959 -0.096294381348620076 -0.038068179706943796 0.13747695160539528 0.87963012948141006 -0.50123989862985308 -0.043269472461229468 -0.32610856507334018 0.46542843895523173 -0.43455879933921238
leaf_weight=82100 546 7087 1491 2045 66 206 73 68 201 68 2517 801 236 70 213 262 166 61 63 102 61 87 115 244 83 125 94 932 200 83 253 126 64 75 73 140 186 95 102 61 373 221 117 75 213 127 214 139 124 109 141 841 89 2603 140 94 90 60 4621 61 94 370
leaf_count=82100 546 7087 1491 2045 66 206 73 68 201 68 2517 801 236 70 213 262 166 61 63 102 61 87 115 244 83 125 94 932 200 83 253 126 64 75 73 140 186 95 102 61 373 221 117 75 213 127 214 139 124 109 141 841 89 2603 140 94 90 60 4621 61 94 370
internal_value=-0.0017897 -0.0204405 0.00877156 0.0556832 0.110388 0.213253 0.281944 -0.0610166 0.0434282 -0.0392348 -0.0221273 -0.0109651 0.0113332 0.129048 0.0234583 0.0929805 -0.0159725 0.400162 0.343117 -0.239607 0.217208 -0.390259 -0.563881 -0.130742 0.533708 0.633669 0.783953 -0.0840989 -0.131833 -0.228856 -0.194304 -0.00159842 0.297308 -0.267128 0.0598081 -0.311268 -0.426971 -0.603738 -0.125805 -0.178082 -0.0229636 0.34616 0.410843 0.490024 0.652469 -0.23249 -0.0893985 0.143342 -0.103408 -0.191971 -0.474042 -0.0952315 -0.0420989 -0.0628934 0.130957 0.269966 0.503279 -0.133004 -0.00959528 0.0266106 0.127005 -0.333806
internal_weight=112557 30457 11924 4837 2792 1100 894 141 1692 18533 13821 12534 9606 1808 1302 1066 7798 506 337 470 274 304 202 1287 363 302 219 2928 2127 1195 1112 7328 190 859 143 784 482 281 302 201 729 753 626 509 288 741 4712 267 4445 1394 355 1039 930 3051 448 324 184 128 7138 127 356 497
internal_count=112557 30457 11924 4837 2792 1100 894 141 1692 18533 13821 12534 9606 1808 1302 1066 7798 506 337 470 274 304 202 1287 363 302 219 2928 2127 1195 1112 7328 190 859 143 784 482 281 302 201 729 753 626 509 288 741 4712 267 4445 1394 355 1039 930 3051 448 324 184 128 7138 127 356 497
is_linear=0
shrinkage=0.05


Tree=156
num_leaves=63
num_cat=2
split_feature=130 102 106 136 87 113 57 50 15 5 64 136 88 94 95 114 38 27 11 51 86 121 58 113 125 76 73 125 90 106 90 126 135 85 40 16 22 112 121 41 116 78 45 110 11 91 73 19 21 133 77 126 71 101 80 64 23 58 21 84 55 92
split_gain=5207.54 4554.79 4052.14 4465.64 6448.32 6546.05 4115.86 4025.1 7315.29 11525.1 5791.6 8552.56 6055.85 6016.97 5308.49 5840.61 5497.73 5256.46 5085.61 5953.39 6686.73 4847.51 4742.64 4647.68 4521.14 5834.68 5746.88 4478.47 4225.19 4196.58 4130.03 4193.98 4065.43 3978.3 3985.21 3838.34 5116.47 5030.1 5278.43 4690.2 6476.05 5929.57 5293.12 4037.85 3852.01 3838.09 4534.74 4428.07 3795.17 5415.53 4667.67 3743.8 3699.16 6099.09 4460.42 3602.76 5302.26 3593.15 4820.17 3689.91 3587.59 3550.64
threshold=0.99686991392990298 -0.43973691775430829 -0.21561417282068399 0 0.21137474340442752 0.0022800797232750505 0.095637922061308459 0.53344348147577791 28.345000000000002 2318.9850000000001 -0.30499925920393128 1 0.69310844699306207 0.12119250881037827 0.49957570926690653 -0.10052458861289174 -0.16506690732489024 0.05331397458036851 8140.2350000000006 0.28309765440791373 -0.43974046671481687 -0.0059798090538969997 0.74311323326412193 5.8203453745604171e-05 -0.0018682310338531997 -0.019692104802186746 0.48099401518925283 -0.0084599487060272992 -0.3695055204098277 0.036835509180371755 -1.027908526873704 0.37861704403438173 0.048470930414289355 0.45133554475086129 0.032868012145822509 8.5806500000000021 -0.11056140742653613 -0.032460679124001988 0.0073087943532243512 0.070788948550133055 -0.023031186968511797 -0.095936377895602734 0.057953208691265155 -0.77389901453526322 8143.9850000000006 0.16545817713175498 0.61377703770854386 0.21314606717078813 0.068471330461988111 -0.021059447781076945 0.26134434947993063 -0.006228463789381849 0.91370054150238278 0.92832101163650915 0.39219342471807811 0.68419575797978516 0.29094689514145317 0.40785845563739848 -0.028803525619221195 -0.19633066940836383 0.08679509033232051 0.27642137238163872
decision_type=2 2 2 1 2 2 2 2 2 2 2 1 2 10 10 2 2 2 2 2 2 2 2 2 2 2 2 2 2 2 2 2 2 2 2 2 2 2 2 2 10 2 2 2 2 2 2 2 2 2 2 2 2 2 2 2 2 2 2 2 2 2
left_child=1 52 -2 4 5 6 -4 10 -9 23 11 18 13 14 15 16 -13 29 -3 21 -21 -20 30 -10 25 -18 -26 -24 -16 60 31 51 45 34 -8 36 37 38 39 40 -32 -41 -43 44 -37 -17 48 -48 57 50 -50 -12 -1 54 -54 56 -46 58 59 -47 -11 -33
right_child=2 7 3 -5 -6 -7 33 8 9 17 22 12 -14 -15 28 32 24 -19 19 20 -22 -23 27 -25 26 -27 -28 -29 -30 -31 35 61 -34 -35 -36 43 -38 -39 -40 41 -42 42 -44 -45 55 46 47 -49 49 -51 -52 -53 53 -55 -56 -57 -58 -59 -60 -61 -62 -63
leaf_value=0.021300071773900434 0.017494369444375914 0.0040408755734324432 -0.61088812258094549 -0.017236312048005253 -0.0443905480793923 0.016761159927118571 -0.22164598960498602 -0.01239621041940648 0.11011482689646074 0.44797969890017825 0.15739962228225024 0.056625009468925284 -0.57707664839167527 -0.49241884012396142 0.47814621227896875 0.0541289088252968 -0.30228384558359783 0.026188977955331389 -0.26084992993518574 -0.48509230050286567 -0.11503210771560693 0.12792059464380146 -0.5638920989803603 0.6489661666498121 -0.44670758431745788 -0.8568130602928955 0.009075863728399523 -0.10056957247898574 -0.083790022640725575 0.075538976387702614 0.17951634763932425 0.38811437819824846 0.22058899785881328 -0.071675973015963387 -0.55504977140466083 -0.044371886784949952 0.040455024521784302 0.021765444364067445 0.1609699951879906 -0.086769519001245507 -0.41431393946546158 -0.24525730829079484 -0.78603924559615557 -0.0068586504621610637 -0.58064035991252949 0.30247133182557789 -0.61065323547213923 -0.073103888258337982 0.17788713593701166 0.27925985257000957 -0.21785973945242088 -0.033385585381424138 0.18433833357029494 0.60627414912214861 -0.29784739696588675 0.010901625137543306 -0.10946091474965214 -0.29973101456598805 -0.37725282326988552 -0.073728350302655413 0.14670144745792044 0.0030565323328806296
leaf_weight=20759 4412 6192 71 10002 4065 319 376 8638 63 165 425 126 68 95 71 411 149 6302 106 164 473 319 60 111 117 70 167 365 62 905 120 182 117 302 118 881 8220 744 98 120 73 85 99 32001 120 75 86 69 111 145 222 648 224 68 60 99 119 274 114 457 248 89
leaf_count=20759 4412 6192 71 10002 4065 319 376 8638 63 165 425 126 68 95 71 411 149 6302 106 164 473 319 60 111 117 70 167 365 62 905 120 182 117 302 118 881 8220 744 98 120 73 85 99 32001 120 75 86 69 111 145 222 648 224 68 60 99 119 274 114 457 248 89
internal_value=-0.00134201 0.00363282 -0.0247039 -0.0369102 -0.0742002 -0.176874 -0.248057 -0.00241197 0.019293 0.0544108 -0.00891957 -0.0427855 -0.113525 -0.10299 -0.0898083 -0.104966 -0.238368 0.045191 -0.0132852 -0.114338 -0.210918 0.0305719 -0.00111901 0.455609 -0.312228 -0.48262 -0.179603 -0.16715 0.217521 0.13596 0.000483976 0.0867547 -0.0645489 -0.214968 -0.302245 -0.00222838 0.0256903 -0.0649117 -0.173149 -0.239223 -0.0460709 -0.361296 -0.538898 -0.0102625 -0.0995399 -0.0816388 -0.117581 -0.37336 -0.0889759 0.0252872 -0.0858065 0.0422579 0.0240304 0.184534 0.0817805 -0.242781 -0.34747 -0.148306 -0.0837154 -0.0202247 0.267858 0.262132
internal_weight=112016 92351 19665 15253 5251 1186 867 71240 16432 7794 54808 10260 3006 2938 2843 2710 629 7620 7254 1062 637 425 44548 174 503 219 284 425 133 1318 44123 1344 2081 796 494 42779 9559 1339 595 497 193 304 184 33220 1219 1964 1553 155 1398 478 333 1073 21111 352 284 338 239 920 646 532 413 271
internal_count=112016 92351 19665 15253 5251 1186 867 71240 16432 7794 54808 10260 3006 2938 2843 2710 629 7620 7254 1062 637 425 44548 174 503 219 284 425 133 1318 44123 1344 2081 796 494 42779 9559 1339 595 497 193 304 184 33220 1219 1964 1553 155 1398 478 333 1073 21111 352 284 338 239 920 646 532 413 271
cat_boundaries=0 1 2
cat_threshold=2 12
is_linear=0
shrinkage=0.05


Tree=157
num_leaves=63
num_cat=0
split_feature=130 125 10 106 115 119 70 91 76 50 81 81 74 124 38 118 94 54 63 60 100 73 48 70 119 46 44 46 91 94 131 94 125 41 123 97 83 100 57 94 130 85 135 76 133 124 84 36 91 54 94 114 74 41 51 96 74 89 74 92 77 121
split_gain=4594.39 5138.3 4058.88 4007.39 3722.5 3709.61 4232.74 3917.96 3565.23 4727.5 4965.3 3476.12 3804.25 3466.02 3450.17 6829.1 6465.46 11889.6 6965.17 5243.42 5466.98 6943.84 4962.79 4920.87 5386.16 5809.41 6796.85 6241.39 7805.45 5651.36 5577.93 5051.08 11947.8 7335.37 5735.1 5216.28 6334.23 4908.49 4678.01 4579.16 5285.3 4461.98 4427.01 5498.6 4408.38 4269.06 4875.63 4402.71 4320.22 4050.7 5097.37 3960.18 3949.43 3909.22 3894.99 3877.47 7773.8 5790.07 3826.73 3731.48 4573.52 3839.02
threshold=-0.4241864657664412 -0.014522223983232949 2388.0050000000006 -1.6882588728816976 0.012508931469733952 0.046955900730233709 1.0000000180025095e-35 0.15190969277455066 -0.43429528928429811 -0.51019948479766086 0.17576108451326131 0.23378283026496918 -1.0630208673314347 0.2801955413097198 0.52131109966543454 1.1607187482239636 -0.086542243395780385 0.038567887981788555 0.61268720402209209 0.17415968974478707 -0.47941413344188261 0.47463027829079329 -0.15983724260784524 1.3902109660753281 0.024383992121434654 -0.931545871336806 -0.11360213640384174 -0.6593857915675182 0.20263322652962218 0.074537754467914955 0.013593449450255151 -0.061522183800000893 0.0029702809887502501 0.068575686359750865 0.0014702473727398002 0.74037473268259812 0.52739627741126205 -0.46124485824902633 0.21521926630785479 0.20955630850604212 1.1026293653336521 0.38295816424556545 -0.022270711106294246 0.14357963638863969 0.0073407322815296503 -0.094648247391812726 0.23925527852539569 0.040647260705787606 0.21826428165811571 -0.1410011152934609 0.070009044671813014 -0.15966680605973929 0.021488609063550355 0.058732597660542153 0.25700702909402517 0.30464977796903975 0.028763536029183755 0.18801064818548138 -0.020328123943953547 0.82615258505878109 0.13153170022929581 -0.0053723379479397497
decision_type=2 2 2 2 2 2 2 2 2 2 2 2 2 2 2 2 8 2 2 10 2 2 10 2 2 2 2 2 2 10 2 8 2 2 2 2 8 2 2 10 2 2 2 2 2 2 2 2 2 2 8 2 2 2 2 2 2 2 2 2 2 2
left_child=1 2 -1 -3 5 7 -7 8 -5 -10 -11 13 -13 -6 15 19 17 18 22 59 21 -21 -16 24 25 26 29 28 49 -18 38 32 33 -29 35 39 -37 -35 -30 40 -33 -20 43 -17 -32 47 53 -22 -48 -27 -51 -44 -49 -47 -53 56 -36 -58 -55 -2 -61 -62
right_child=14 3 -4 4 11 6 -8 -9 9 10 -12 12 -14 -15 16 42 23 -19 41 20 45 -23 -24 -25 -26 27 -28 31 30 -31 44 34 -34 37 55 36 -38 -39 -40 -41 -42 -43 51 -45 -46 46 48 52 -50 50 -52 54 -54 58 -56 -57 57 -59 -60 60 61 -63
leaf_value=0.032662508946240829 -0.0062134936238231603 0.30600216533658248 -0.17875506269266195 -0.065855087473458293 -0.020524079967719499 -0.51738567967568672 -0.041347067249226946 0.026698017479369059 0.0361008680126099 0.43195416265132558 0.14524511597586204 0.25923818284708183 0.0021148596814117549 -0.16804249048665432 -0.11896794563845586 -0.34669913087569221 -0.60281177986046819 -0.081810092601517684 0.98114669224427598 0.53359681155645489 -0.68513951469212775 -0.2070876292517928 0.41020409918834116 -0.05694182398578377 0.040869942714818142 -0.2918703375553543 -0.026608812880345542 0.030871658006184539 0.60873524385193989 -0.13118034418120428 -0.050206700361079798 0.15914425982650254 0.01860937243094125 -0.83216724499412198 0.191607837928365 -0.27802028568542519 0.15670685612060356 -0.32548383003189452 0.16894307151854596 -0.095567948694128102 -0.041212039318593109 0.36650441809267298 -0.21909171914947884 0.011318893861055045 0.3995388895839076 -0.21006487230983897 -0.48491471850571516 0.054495172565047802 -0.083692082299743425 0.38168685585260392 -0.047559536743441808 -0.2794100070520053 -0.46674508347124277 -0.1596638754475862 0.015228755145885939 -0.023439372341947515 -0.56377295803530769 -0.10899842135608195 0.30820384786846189 0.047392540743264065 -0.06362742652087959 -0.55800412108703534
leaf_weight=373 60192 123 578 273 1127 61 190 16776 757 190 732 148 4167 615 75 337 121 239 61 65 71 60 106 2665 10074 109 401 70 143 134 175 1465 428 91 98 229 131 104 106 301 424 60 307 157 78 108 118 73 155 89 298 125 71 63 1021 4087 132 149 138 119 66 97
leaf_count=373 60192 123 578 273 1127 61 190 16776 757 190 732 148 4167 615 75 337 121 239 61 65 71 60 106 2665 10074 109 401 70 143 134 175 1465 428 91 98 229 131 104 106 301 424 60 307 157 78 108 118 73 155 89 298 125 71 63 1021 4087 132 149 138 119 66 97
internal_value=-0.000228836 0.0181403 -0.0958859 0.0224541 0.0210489 0.0319402 -0.158632 0.0345027 0.10153 0.128769 0.204732 -0.0130776 0.0109919 -0.0726709 -0.00580686 -0.011795 0.0109445 0.181557 0.389565 -0.00887052 -0.127144 0.179246 0.191485 0.00676032 0.015497 -0.0118042 -0.155174 -0.000985896 0.116604 -0.356455 0.255392 -0.0162222 -0.144899 -0.408058 -0.00349338 0.0563189 -0.119832 -0.564975 0.422939 0.0853167 0.114175 0.681868 -0.103962 -0.233123 0.0894771 -0.175362 -0.104693 -0.365292 -0.258251 -0.024093 0.0518853 -0.0599189 -0.203952 0.0313702 -0.0171246 -0.03765 -0.190427 -0.323871 0.161494 -0.00706522 -0.188199 -0.359436
internal_weight=112096 26110 951 25159 25036 18979 251 18728 1952 1679 922 6057 4315 1742 85986 63343 22643 541 302 61396 922 125 181 22102 19437 9363 656 8707 998 255 502 7709 693 265 7016 2550 360 195 249 2190 1889 121 1947 494 253 797 582 215 273 496 387 1453 144 309 1146 4466 379 281 201 60474 282 163
internal_count=112096 26110 951 25159 25036 18979 251 18728 1952 1679 922 6057 4315 1742 85986 63343 22643 541 302 61396 922 125 181 22102 19437 9363 656 8707 998 255 502 7709 693 265 7016 2550 360 195 249 2190 1889 121 1947 494 253 797 582 215 273 496 387 1453 144 309 1146 4466 379 281 201 60474 282 163
is_linear=0
shrinkage=0.05


Tree=158
num_leaves=63
num_cat=0
split_feature=135 50 54 98 101 70 135 72 82 90 133 23 118 48 55 135 99 79 101 83 23 113 73 75 80 50 84 80 97 86 72 70 75 93 100 90 77 97 77 72 94 90 69 94 77 115 86 94 70 94 93 95 72 83 118 89 75 101 113 90 92 70
split_gain=4901.04 4227.95 9441.52 9152.13 14044.3 7327 10344.4 9970.55 9675.91 12217.7 8758.35 8033.42 7750.18 7602.38 7860.34 7199.5 6767.68 6553.34 6233.64 5851.83 5305.89 5414.1 8803.66 6160.58 5204.71 9721.52 5601.2 6187.39 11678.9 9866.38 11249.5 11680.8 10238.4 8550.48 6243.44 5094.07 6276.82 4987.34 4954.17 4789.27 10465.8 7391.05 6202.46 7562.85 6481.85 6245.88 5776.46 6533.32 5273.62 7612.39 11582.2 6748.2 6324.3 6313.79 5647.74 5464.12 5700.79 5197.43 4990.9 5398.02 8110.06 15467.6
threshold=-0.043938900723525749 0.53344348147577791 0.65683626242772164 -0.075670116770000281 0.62067136098977094 0.3947758103932642 0.038806151369332458 0.70345190625136977 -0.2029740576307705 -0.98067443646878794 -0.0094894078048772482 -0.63324732600058597 0.57734474347623821 -0.15983724260784524 0.064300226839574662 0.0031224006949097508 0.6871094340493159 0.040922403855570312 0.61655135794717297 0.25166394010101495 0.13311167135139876 0.0058902059518325511 0.45483128706981818 0.080057621214793359 -0.83725107440051338 1.2513385004024238 1.8205420752850094 -0.5198968351809744 0.44644680103955731 -0.16231078675569502 0.57702354319351834 0.5574091005401246 0.073162641020396615 0.38652705771738471 -0.80577249561108943 -1.1806523461263974 0.19730911127461997 0.53621089431470192 0.24117863979156692 0.43233715706570403 -0.081335322246799444 -1.0125938323615427 0.57573258710908293 -0.060480799570223238 0.25647822150688288 0.00036195289743355007 -0.090197212424864878 0.028663172195555555 0.3139031281184041 -0.057886232270894449 0.6115624134918195 0.098619062823160061 0.034853226338814554 0.29052765955917642 1.340418153638204 0.093155860057497514 0.10281505040466461 0.67942521259977906 -0.005714018078500499 -0.63783703846632256 0.64024888736048202 -0.022364968241212795
decision_type=2 2 2 2 2 2 2 2 8 2 2 2 2 10 2 2 2 2 2 10 2 2 2 2 2 2 2 2 2 2 2 2 2 2 2 2 2 2 2 2 8 2 2 8 2 2 2 10 2 8 2 8 2 10 2 2 2 2 2 2 2 2
left_child=-1 2 39 4 -4 6 7 8 9 16 20 -9 -12 14 17 -16 -3 -10 -13 -8 21 22 -11 -24 25 37 27 28 -26 30 32 33 -30 34 -32 -15 -37 -7 -21 41 -41 46 45 44 -44 -42 47 -2 54 50 53 57 -53 -50 58 56 -55 -51 -43 60 61 -60
right_child=1 5 3 -5 -6 24 19 11 13 10 12 18 -14 35 15 -17 -18 -19 -20 38 -22 -23 23 -25 26 -27 -28 -29 29 -31 31 -33 -34 -35 -36 36 -38 -39 -40 40 42 48 43 -45 -46 -47 -48 -49 49 51 -52 52 -54 55 -56 -57 -58 -59 59 -61 -62 -63
leaf_value=-0.031824332677155683 0.047324752127616491 0.067907226168447063 -0.52404325694630027 -0.025579701323564387 0.19674561029572168 -0.48453476913273336 0.77716509673132828 0.031962307698559018 0.13404853386538371 -0.026971473705366646 0.10352976017566196 0.79256500803372443 -0.30186153321498721 -0.40741009322496557 0.050200635076216464 0.40019336660408966 0.65148490176007556 0.80165796607084894 0.24042706893677912 0.63017872672100539 -0.018966245233241353 -0.76798995044324314 -0.22003603207919264 -0.87542142761059305 0.68329304000910596 0.026296417348209644 -0.090033474380483702 0.012933201678780435 0.16334924430120737 0.62478453714400528 0.91885252535343176 0.025129797080773508 -0.64518051912971575 0.057295466862142763 0.33209513427181681 0.43581634184035167 0.017682536467491999 -0.15197931178161758 0.10366871297578602 0.1915410072689463 0.22223727081586189 0.044613704904746282 -0.84504086716394677 -0.13976642227736211 -0.19298943463901552 -0.11670509291467079 0.17487040861446354 -0.36562310190814917 0.55529358865829503 0.030105700502630141 0.85324364578531642 0.27955201224981374 -0.06867719809956481 0.064499299451224429 -0.12801177701080013 -0.23218186985362663 0.4433935368061066 0.68604580691603367 -0.018041904566407946 -0.00053281785029967864 0.22497870406940393 -0.18029848149581246
leaf_weight=11047 2952 152 284 496 88 145 66 149 62 151 412 101 164 64 563 198 73 91 105 60 127 76 68 77 84 909 1164 15177 63 79 79 1142 101 132 109 95 1381 503 169 310 217 5069 75 1019 78 360 954 98 81 60 61 146 1153 422 916 109 129 60 7830 51926 278 1807
leaf_count=11047 2952 152 284 496 88 145 66 149 62 151 412 101 164 64 563 198 73 91 105 60 127 76 68 77 84 909 1164 15177 63 79 79 1142 101 132 109 95 1381 503 169 310 217 5069 75 1019 78 360 954 98 81 60 61 146 1153 422 916 109 129 60 7830 51926 278 1807
internal_value=-0.000205508 0.00325076 -0.00247028 -0.166346 -0.353464 0.0215305 0.0798233 0.0592425 0.0352505 -0.075002 -0.145146 0.312138 -0.0122173 0.0936632 0.207813 0.141669 0.259291 0.533751 0.513657 0.36532 -0.298256 -0.393298 -0.294832 -0.571681 0.00848701 -0.0792105 0.0160224 0.0233035 0.111224 0.0826559 0.0559485 0.100056 -0.335479 0.366539 0.582215 0.0258235 0.0448718 -0.227026 0.243759 -0.000599181 -0.0757983 0.00149274 -0.123265 -0.189285 -0.516034 0.0109294 0.0675542 0.0339408 -0.00228435 0.0735128 0.196537 0.00389148 -0.0293533 0.1414 -0.00476742 0.0898402 0.153848 0.361035 -0.00307831 -0.0069882 -0.0407923 -0.0484816
internal_weight=112116 101069 76978 868 372 24091 4404 4109 3754 1300 1075 355 576 2454 914 761 225 153 206 295 499 372 296 145 19687 1557 18130 16966 1789 1705 1626 1462 164 320 188 1540 1476 648 229 76110 2059 74051 1749 1172 153 577 4004 3050 70047 2221 802 1419 1299 741 67826 660 551 120 66910 61841 9915 9637
internal_count=112116 101069 76978 868 372 24091 4404 4109 3754 1300 1075 355 576 2454 914 761 225 153 206 295 499 372 296 145 19687 1557 18130 16966 1789 1705 1626 1462 164 320 188 1540 1476 648 229 76110 2059 74051 1749 1172 153 577 4004 3050 70047 2221 802 1419 1299 741 67826 660 551 120 66910 61841 9915 9637
is_linear=0
shrinkage=0.05


Tree=159
num_leaves=63
num_cat=0
split_feature=105 62 129 93 35 76 120 8 113 66 86 121 40 125 113 46 23 8 109 115 88 90 90 82 114 61 86 112 32 134 57 82 97 97 80 79 113 106 46 90 45 73 73 64 6 96 82 93 125 68 77 62 8 124 121 64 50 107 34 50 76 93
split_gain=4874.61 5945.73 5063.09 4927.32 5312.67 7002.71 4752.63 5819.98 6579.58 5448.37 8587.14 5999.97 4766.11 5667.41 6745.76 4830.47 4705.9 5351.79 4697.96 4662.43 4585.01 6011.63 8389.53 5792.85 7037.95 4528.83 4437.63 4326.37 4266.67 4225.61 4122.97 4120.65 5659.77 5427.87 5244.04 4084.93 4058.51 4504.17 5340.48 4031.98 5058.89 4818.73 4707.42 4784.91 3953.68 3887.12 4556.28 5383.47 5134.78 4179.67 3838.1 3830.33 3804.67 5270.67 4428.52 4417.41 4311.37 4288.01 3916.25 3785.49 6268.14 5316.4
threshold=-0.012098663090211447 -0.26513717900503031 0.0014360217695407 0.27120715185280003 0.8229198053260135 -0.27622289365858949 -0.16607017642036367 47.425000000000004 0.032199744531324161 0.15811447051272137 -0.037609641667997039 0.0091807495104470008 -0.98482111778002157 0.0059727760265282015 -0.0016438599772955499 -0.49268564475924997 0.56134705769185678 47.785000000000004 0.0019652480478845502 0.00011466409219930002 -0.05238455256247234 -0.081241541972539785 -0.018736985635137746 -0.011835023863613998 0.064063505587025407 0.24760887461470138 0.17184415511256626 -0.0022777561195920495 -0.27616131922090531 0.14025513790480723 0.16639553947294664 0.044520593423977455 0.53857847051085417 0.55578176154675385 -0.080989286145363132 0.033302439053030812 0.0019353123066385501 0.59146917176241298 -0.42625513170015167 -0.18307091939528483 0.094505207550718104 0.61081010765612864 0.59082460443490459 0.17670283029086511 9063.3250000000025 -0.1519418420941869 -0.036926230855760592 0.45885569683229371 -0.0076286597217435489 -0.59557140201541381 0.28065364943684062 0.16663650306834363 47.57500000000001 -0.098159998997711537 -0.0030875454155939496 0.39960758685861231 -0.60688352714022076 -0.0043329607172583997 0.09588051760218616 -0.80497292429070166 0.047110450619056311 0.54918768944472374
decision_type=2 2 8 2 2 2 2 2 2 2 2 2 2 2 2 2 2 2 2 2 2 2 2 10 2 10 2 2 2 2 2 10 2 2 2 2 2 2 2 2 2 2 2 2 2 2 10 2 2 2 2 2 2 2 2 2 2 2 2 2 2 2
left_child=1 -1 3 4 -3 -6 9 -8 12 10 -2 18 -9 14 29 -15 17 19 31 50 21 23 -23 -11 59 -22 30 -16 -26 44 -27 32 34 -34 -12 -18 37 38 -20 40 41 -5 -41 -44 -14 46 47 -4 -48 -50 -17 -43 53 57 56 -56 -55 -35 -59 -25 -61 -62
right_child=6 2 45 39 5 -7 7 8 -10 20 11 -13 13 15 27 16 35 -19 36 -21 25 22 -24 24 28 26 -28 -29 -30 -31 -32 -33 33 52 -36 -37 -38 -39 -40 42 -42 51 43 -45 -46 -47 48 -49 49 -51 -52 -53 -54 54 55 -57 -58 58 -60 60 61 -63
leaf_value=-0.0013052211120526231 -0.021837743186034906 0.035251478662288047 0.07599031985229654 0.16589116934783582 -0.63268925388784791 0.043329619566121927 -0.0039542832879010921 0.1914405889218132 -0.069241571511916525 0.054932555791988961 0.27253706855516807 0.17168516929589772 0.059143046349011089 0.13728037117292052 0.14343577408002173 -0.078978819090802718 0.31102665351548547 0.16714243818708557 0.050945959417592918 -0.15934763818495645 0.070729280018386409 -0.48485945439544215 -0.071754376659153726 -0.059716959402310789 0.39482738910750914 -0.56613844644866496 0.031324545095364253 0.017892644136193132 -0.025199941153380468 0.3378811361383548 -0.090551299312762151 0.041154786521907558 -0.5763645395063437 -0.044322586865986099 -0.16605235476925123 0.011727132291807068 -0.093348523658832838 -0.59990292013180058 -0.39430567075547418 0.086511342793252205 0.025126861837159238 0.21666559541062452 -0.32200929674890738 0.099874990663545979 0.35342223557675712 -0.0026313042080730684 0.36010757370449203 0.33609967479243824 0.25875775713014276 -0.15379279188946199 0.31409670628753367 0.67066080657972238 0.042626986017135632 0.19182768930636704 0.16577841915993716 -0.30487322748610468 -0.24922583523650463 -0.57480302258837424 -0.11010279970904512 0.0073447961533485463 -0.3232352398624716 -0.89520738838148906
leaf_weight=13779 15566 650 641 1521 75 77 49652 560 1312 2062 152 172 539 574 906 158 119 187 104 1166 3471 144 810 193 76 75 284 2821 281 338 115 439 77 84 122 2283 266 121 189 1495 584 99 154 118 144 4959 73 288 72 387 101 89 221 62 203 65 473 182 61 85 128 60
leaf_count=13779 15566 650 641 1521 75 77 49652 560 1312 2062 152 172 539 574 906 158 119 187 104 1166 3471 144 810 193 76 75 284 2821 281 338 115 439 77 84 122 2283 266 121 189 1495 584 99 154 118 144 4959 73 288 72 387 101 89 221 62 203 65 473 182 61 85 128 60
internal_value=0.00129786 0.0207325 0.0476454 0.08613 -0.0270934 -0.292187 -0.00428757 0.00339207 0.0359342 -0.0220292 -0.036755 -0.114303 0.0498839 0.0413733 0.0796619 0.00174079 -0.0176707 -0.0837295 -0.131795 -0.116745 0.0130808 -0.0258163 -0.134552 0.0101742 -0.101897 0.0509298 -0.093901 0.0484413 0.0650707 0.193469 -0.280264 -0.0953524 -0.130565 -0.170488 0.077359 0.0266783 -0.246228 -0.343993 -0.236628 0.108497 0.152228 0.195621 0.0516938 -0.139291 0.121613 0.0184914 0.0901397 0.156902 -0.0265184 -0.0886571 0.074924 0.434 -0.146945 -0.184026 -0.114864 0.0509188 -0.197851 -0.352996 -0.459079 -0.229675 -0.349173 -0.50955
internal_weight=112264 25061 11282 4862 802 152 87203 60860 11208 26343 18559 2993 9896 9336 4748 4588 4014 1612 2821 1425 7784 3839 954 2885 823 3945 474 3727 357 1021 190 2141 1702 1428 274 2402 680 414 293 4060 2293 1709 1767 272 683 6420 1461 929 532 459 259 188 1351 1130 803 268 535 327 243 466 273 188
internal_count=112264 25061 11282 4862 802 152 87203 60860 11208 26343 18559 2993 9896 9336 4748 4588 4014 1612 2821 1425 7784 3839 954 2885 823 3945 474 3727 357 1021 190 2141 1702 1428 274 2402 680 414 293 4060 2293 1709 1767 272 683 6420 1461 929 532 459 259 188 1351 1130 803 268 535 327 243 466 273 188
is_linear=0
shrinkage=0.05


end of trees

feature_importances:
z_s14_sl20=424
z_s6_ma20=336
z_s15_sl20=301
z_s12_sl20=289
z_s11_sl20=260
z_s11_ma5=259
z_s7_sl20=254
z_s9_sl20=235
z_s8_sl20=230
z_s14_ma20=219
z_s9_ma20=207
z_s13_sl20=201
z_s4_sl20=200
z_s9_ma5=179
z_s17_ma20=155
z_s2_sl20=154
z_s11_ma20=141
z_s4_ma5=139
z_s2_ma20=130
z_s4_ma20=128
z_s12_sd20=128
z_s21_sl20=126
z_s14_dl20=124
z_s15_ma20=115
z_s16_ma20=114
z_s2_ma5=113
z_s13_sd20=113
z_s3_ma5=111
z_s15_sd20=110
z_s14_ma5=108
z_s7_sd20=105
z_s11_sd20=105
z_s17_ma5=103
z_s2_sd20=103
z_s3_ma20=103
z_s11_dl20=102
z_s15_dl20=102
z_s10_ma20=101
z_s6_sd20=100
z_s20_sl20=100
z_s8_sd20=99
z_s9_sd20=99
z_s8_ma20=98
z_s17_sl20=96
dataset_id=96
z_s16_sd20=94
z_s10_sd20=93
z_s4_dl20=89
z_s15_ma5=88
z_s3_sl20=88
z_s21_ma20=87
z_s7_ma20=83
z_s4_sd20=82
z_s12_dl20=80
z_s3_sd20=79
z_s12_ma20=78
z_s6_ma5=77
z_s20_sd20=74
z_s14_sd20=72
z_s21_sd20=70
z_s17_sd20=69
z_s13_ma20=63
z_s7_dl20=58
z_s9_dl20=57
z_s2_dl20=56
z_s20_ma20=55
z_s7_ma5=53
z_s8_dl20=53
z_s13_dl20=48
z_s6_sl20=47
z_s13_ma5=41
z_s16_sl20=40
z_s13_sd5=38
z_s9=36
z_s21_dl20=36
z_s11=35
z_s6_sd5=35
z_s8_ma5=35
z_s12_ma5=34
z_s21_ma5=33
z_s3_dl20=31
z_s17_dl20=30
z_s16_ma5=28
z_s20_ma5=28
z_s6=27
z_s10_ma5=26
z_s10_sl20=26
z_s8_sd5=25
z_s14=22
z_s20_dl20=22
z_s15_sd5=21
s9=18
s11=18
z_s10_sd5=17
s14=16
z_s20_sd5=15
z_s4_sd5=14
z_s11_sd5=14
z_s10_dl20=14
z_s2_sd5=13
z_s14_sd5=13
s12=12
z_s12_sd5=12
z_s16_sd5=12
z_s3_sd5=11
z_s7_sd5=11
s8=9
s15=9
z_s21_sd5=9
s4=8
s13=8
z_s4=8
z_s8=8
z_s13=8
z_s6_dl20=8
s7=7
z_s9_sd5=7
z_s7=6
z_s17=6
z_s20=6
z_s10=5
z_s15=5
s2=4
s21=4
z_s2=4
z_s17_sd5=4
s3=3
s6=3
s17=3
z_s3=3
s20=2
z_s12=2
z_s16_dl20=2
s10=1
condition_id=1

parameters:
[boosting: gbdt]
[objective: regression]
[metric: l2]
[tree_learner: serial]
[device_type: cpu]
[data_sample_strategy: bagging]
[data: ]
[valid: ]
[num_iterations: 160]
[learning_rate: 0.05]
[num_leaves: 63]
[num_threads: 14]
[seed: 46]
[deterministic: 0]
[force_col_wise: 0]
[force_row_wise: 0]
[histogram_pool_size: -1]
[max_depth: -1]
[min_data_in_leaf: 60]
[min_sum_hessian_in_leaf: 0.001]
[bagging_fraction: 0.7]
[pos_bagging_fraction: 1]
[neg_bagging_fraction: 1]
[bagging_freq: 1]
[bagging_seed: 10626]
[bagging_by_query: 0]
[feature_fraction: 0.7]
[feature_fraction_bynode: 1]
[feature_fraction_seed: 28005]
[extra_trees: 0]
[extra_seed: 28586]
[early_stopping_round: 0]
[early_stopping_min_delta: 0]
[first_metric_only: 0]
[max_delta_step: 0]
[lambda_l1: 0]
[lambda_l2: 1]
[linear_lambda: 0]
[min_gain_to_split: 0]
[drop_rate: 0.1]
[max_drop: 50]
[skip_drop: 0.5]
[xgboost_dart_mode: 0]
[uniform_drop: 0]
[drop_seed: 23790]
[top_rate: 0.2]
[other_rate: 0.1]
[min_data_per_group: 100]
[max_cat_threshold: 32]
[cat_l2: 10]
[cat_smooth: 10]
[max_cat_to_onehot: 4]
[top_k: 20]
[monotone_constraints: ]
[monotone_constraints_method: basic]
[monotone_penalty: 0]
[feature_contri: ]
[forcedsplits_filename: ]
[refit_decay_rate: 0.9]
[cegb_tradeoff: 1]
[cegb_penalty_split: 0]
[cegb_penalty_feature_lazy: ]
[cegb_penalty_feature_coupled: ]
[path_smooth: 0]
[interaction_constraints: ]
[verbosity: -1]
[saved_feature_importance_type: 0]
[use_quantized_grad: 0]
[num_grad_quant_bins: 4]
[quant_train_renew_leaf: 0]
[stochastic_rounding: 1]
[linear_tree: 0]
[max_bin: 255]
[max_bin_by_feature: ]
[min_data_in_bin: 3]
[bin_construct_sample_cnt: 200000]
[data_random_seed: 188]
[is_enable_sparse: 1]
[enable_bundle: 1]
[use_missing: 1]
[zero_as_missing: 0]
[feature_pre_filter: 1]
[pre_partition: 0]
[two_round: 0]
[header: 0]
[label_column: ]
[weight_column: ]
[group_column: ]
[ignore_column: ]
[categorical_feature: 136,137]
[forcedbins_filename: ]
[precise_float_parser: 0]
[parser_config_file: ]
[objective_seed: 24573]
[num_class: 1]
[is_unbalance: 0]
[scale_pos_weight: 1]
[sigmoid: 1]
[boost_from_average: 1]
[reg_sqrt: 0]
[alpha: 0.9]
[fair_c: 1]
[poisson_max_delta_step: 0.7]
[tweedie_variance_power: 1.5]
[lambdarank_truncation_level: 30]
[lambdarank_norm: 1]
[label_gain: ]
[lambdarank_position_bias_regularization: 0]
[eval_at: ]
[multi_error_top_k: 1]
[auc_mu_weights: ]
[num_machines: 1]
[local_listen_port: 12400]
[time_out: 120]
[machine_list_filename: ]
[machines: ]
[gpu_platform_id: -1]
[gpu_device_id: -1]
[gpu_use_dp: 0]
[num_gpu: 1]

end of parameters

pandas_categorical:[["FD001", "FD002", "FD003", "FD004"], ["0|0.00|100", "10|0.25|100", "20|0.70|100", "25|0.62|60", "35|0.84|100", "42|0.84|100"]]
